T,T1,regime,group,thscode,name,industry,score,factors,reason,catalyst,tech,watch,watch_range,risk,priority
2026-01-05,2026-01-06,aggressive,lu,002925.SZ,盈趣科技,消费电子,93.25,"{'theme': 1.0, 'ladder': 0.55, 'seal': 1.0, 'time': 1.0, 'liq': 1.0, 'struct': 1.0}",涨停组: 脑机接口方向 1板 封单比25.4% 涨停时间09:30 题材内涨停29家 成交4.3亿,脑机接口+机器人+智能制造+摩尔线程,1连板 换手承接量比1.81,"次日竞价与开盘承接: 高开幅度观察区间[-2%,+5%]; 开盘涨幅≤+3%且不破昨收-3%视为买点触发",昨收18.63,高位情绪兑现/次日低开大幅回撤/炸板断板,1
2026-01-05,2026-01-06,aggressive,lu,002555.SZ,三七互娱,游戏,93.25,"{'theme': 1.0, 'ladder': 0.55, 'seal': 1.0, 'time': 1.0, 'liq': 1.0, 'struct': 1.0}",涨停组: 脑机接口方向 1板 封单比17.7% 涨停时间09:36 题材内涨停29家 成交12.1亿,脑机接口+AI游戏+小游戏流水,1连板 换手承接量比0.86,"次日竞价与开盘承接: 高开幅度观察区间[-2%,+5%]; 开盘涨幅≤+3%且不破昨收-3%视为买点触发",昨收25.96,高位情绪兑现/次日低开大幅回撤/炸板断板,1
2026-01-05,2026-01-06,aggressive,nlu,002223.SZ,鱼跃医疗,医疗器械,98.46875,"{'sector': 0.96875, 'trend': 1.0, 'pos': 1.0, 'mom': 1.0, 'liq': 1.0, 'recog': 0.85}","非涨停组: 趋势结构多头(MA20>MA60且上行), 处于活跃板块[医疗器械](当日涨幅分位99%, 板块涨停13家) 距60日高点0.5% 20日涨幅8.0%",板块[医疗器械]轮动延续/资金承接,收盘37.66 MA20上方 量比1.47,"次日开盘[-2%,+3%]为观察区间; 收盘站上max(开盘,昨收)视为买点触发",昨收37.66,板块退潮补跌/资金承接不足/持续阴跌,1
2026-01-05,2026-01-06,aggressive,nlu,600877.SH,电科芯片,半导体,97.828125,"{'sector': 0.943125, 'trend': 1.0, 'pos': 1.0, 'mom': 1.0, 'liq': 1.0, 'recog': 0.85}","非涨停组: 趋势结构多头(MA20>MA60且上行), 处于活跃板块[半导体](当日涨幅分位96%, 板块涨停7家) 距60日高点4.2% 20日涨幅17.0%",板块[半导体]轮动延续/资金承接,收盘17.37 MA20上方 量比0.93,"次日开盘[-2%,+3%]为观察区间; 收盘站上max(开盘,昨收)视为买点触发",昨收17.37,板块退潮补跌/资金承接不足/持续阴跌,1
2026-01-06,2026-01-07,aggressive,lu,600266.SH,城建发展,房地产,100.0,"{'theme': 1.0, 'ladder': 1.0, 'seal': 1.0, 'time': 1.0, 'liq': 1.0, 'struct': 1.0}",涨停组: 商业航天方向 3板 封单比16.3% 涨停时间09:31 题材内涨停12家 成交7.6亿,商业航天+北京国资+房地产,3连板 换手承接量比1.11,"次日竞价与开盘承接: 高开幅度观察区间[-2%,+5%]; 开盘涨幅≤+3%且不破昨收-3%视为买点触发",昨收6.14,高位情绪兑现/次日低开大幅回撤/炸板断板,1
2026-01-06,2026-01-07,aggressive,lu,002925.SZ,盈趣科技,消费电子,98.5,"{'theme': 1.0, 'ladder': 0.9, 'seal': 1.0, 'time': 1.0, 'liq': 1.0, 'struct': 1.0}",涨停组: 脑机接口方向 2板 封单比42.8% 涨停时间09:25 题材内涨停17家 成交4.7亿,脑机接口+机器人+智能制造+摩尔线程,2连板 换手承接量比1.50,"次日竞价与开盘承接: 高开幅度观察区间[-2%,+5%]; 开盘涨幅≤+3%且不破昨收-3%视为买点触发",昨收20.49,高位情绪兑现/次日低开大幅回撤/炸板断板,1
2026-01-06,2026-01-07,aggressive,nlu,000792.SZ,盐湖股份,农化制品,97.234375,"{'sector': 0.889375, 'trend': 1.0, 'pos': 1.0, 'mom': 1.0, 'liq': 1.0, 'recog': 1.0}","非涨停组: 趋势结构多头(MA20>MA60且上行), 处于活跃板块[农化制品](当日涨幅分位88%, 板块涨停3家) 距60日高点1.2% 20日涨幅27.9%",板块[农化制品]轮动延续/资金承接,收盘32.37 MA20上方 量比1.66,"次日开盘[-2%,+3%]为观察区间; 收盘站上max(开盘,昨收)视为买点触发",昨收32.37,板块退潮补跌/资金承接不足/持续阴跌,1
2026-01-06,2026-01-07,aggressive,nlu,000657.SZ,中钨高新,小金属,97.1171875,"{'sector': 0.9646874999999999, 'trend': 1.0, 'pos': 1.0, 'mom': 1.0, 'liq': 1.0, 'recog': 0.6}","非涨停组: 趋势结构多头(MA20>MA60且上行), 处于活跃板块[小金属](当日涨幅分位97%, 板块涨停3家) 距60日高点7.6% 20日涨幅28.1%",板块[小金属]轮动延续/资金承接,收盘29.64 MA20上方 量比1.32,"次日开盘[-2%,+3%]为观察区间; 收盘站上max(开盘,昨收)视为买点触发",昨收29.64,板块退潮补跌/资金承接不足/持续阴跌,1
2026-01-07,2026-01-08,defensive,lu,603125.SH,常青科技,化学制品,84.25,"{'theme': 0.8, 'ladder': 0.55, 'seal': 1.0, 'time': 1.0, 'liq': 0.6, 'struct': 1.0}",涨停组: 光刻胶方向 1板 封单比41.5% 涨停时间09:39 题材内涨停5家 成交2.0亿,光刻胶+风电+特种单体,1连板 换手承接量比2.22,"次日竞价与开盘承接: 高开幅度观察区间[-2%,+5%]; 开盘涨幅≤+3%且不破昨收-3%视为买点触发",昨收18.74,高位情绪兑现/次日低开大幅回撤/炸板断板,1
2026-01-07,2026-01-08,defensive,nlu,002128.SZ,电投能源,煤炭开采加工,98.03125,"{'sector': 0.9512499999999999, 'trend': 1.0, 'pos': 1.0, 'mom': 1.0, 'liq': 1.0, 'recog': 0.85}","非涨停组: 趋势结构多头(MA20>MA60且上行), 处于活跃板块[煤炭开采加工](当日涨幅分位98%, 板块涨停3家) 距60日高点2.0% 20日涨幅6.4%",板块[煤炭开采加工]轮动延续/资金承接,收盘28.52 MA20上方 量比1.05,"次日开盘[-2%,+3%]为观察区间; 收盘站上max(开盘,昨收)视为买点触发",昨收28.52,板块退潮补跌/资金承接不足/持续阴跌,1
2026-01-07,2026-01-08,defensive,nlu,600877.SH,电科芯片,半导体,97.0390625,"{'sector': 0.9615625, 'trend': 1.0, 'pos': 1.0, 'mom': 1.0, 'liq': 1.0, 'recog': 0.6}","非涨停组: 趋势结构多头(MA20>MA60且上行), 处于活跃板块[半导体](当日涨幅分位94%, 板块涨停3家) 距60日高点4.6% 20日涨幅12.0%",板块[半导体]轮动延续/资金承接,收盘17.30 MA20上方 量比0.82,"次日开盘[-2%,+3%]为观察区间; 收盘站上max(开盘,昨收)视为买点触发",昨收17.30,板块退潮补跌/资金承接不足/持续阴跌,1
2026-01-08,2026-01-09,normal,lu,001400.SZ,江顺科技,专用设备,94.0,"{'theme': 1.0, 'ladder': 1.0, 'seal': 0.7, 'time': 1.0, 'liq': 1.0, 'struct': 1.0}",涨停组: 商业航天方向 3板 封单比10.9% 涨停时间09:35 题材内涨停18家 成交3.1亿,商业航天+液冷服务器+铝挤压模具,3连板 换手承接量比0.84,"次日竞价与开盘承接: 高开幅度观察区间[-2%,+5%]; 开盘涨幅≤+3%且不破昨收-3%视为买点触发",昨收103.26,高位情绪兑现/次日低开大幅回撤/炸板断板,1
2026-01-08,2026-01-09,normal,lu,601399.SH,国机重装,专用设备,92.5,"{'theme': 1.0, 'ladder': 0.9, 'seal': 0.7, 'time': 1.0, 'liq': 1.0, 'struct': 1.0}",涨停组: 可控核聚变方向 2板 封单比14.8% 涨停时间09:34 题材内涨停6家 成交15.5亿,可控核聚变+工业母机+央企,2连板 换手承接量比0.85,"次日竞价与开盘承接: 高开幅度观察区间[-2%,+5%]; 开盘涨幅≤+3%且不破昨收-3%视为买点触发",昨收6.06,高位情绪兑现/次日低开大幅回撤/炸板断板,1
2026-01-08,2026-01-09,normal,nlu,600589.SH,大位科技,IT服务,98.5078125,"{'sector': 0.9403125000000001, 'trend': 1.0, 'pos': 1.0, 'mom': 1.0, 'liq': 1.0, 'recog': 1.0}","非涨停组: 趋势结构多头(MA20>MA60且上行), 处于活跃板块[IT服务](当日涨幅分位92%, 板块涨停3家) 距60日高点4.7% 20日涨幅15.2%",板块[IT服务]轮动延续/资金承接,收盘8.81 MA20上方 量比1.72,"次日开盘[-2%,+3%]为观察区间; 收盘站上max(开盘,昨收)视为买点触发",昨收8.81,板块退潮补跌/资金承接不足/持续阴跌,1
2026-01-08,2026-01-09,normal,nlu,000733.SZ,振华科技,军工电子,97.7578125,"{'sector': 0.9903125, 'trend': 1.0, 'pos': 1.0, 'mom': 1.0, 'liq': 1.0, 'recog': 0.6}","非涨停组: 趋势结构多头(MA20>MA60且上行), 处于活跃板块[军工电子](当日涨幅分位98%, 板块涨停5家) 距60日高点1.5% 20日涨幅16.9%",板块[军工电子]轮动延续/资金承接,收盘56.23 MA20上方 量比1.19,"次日开盘[-2%,+3%]为观察区间; 收盘站上max(开盘,昨收)视为买点触发",昨收56.23,板块退潮补跌/资金承接不足/持续阴跌,1
2026-01-09,2026-01-12,aggressive,lu,002519.SZ,银河电子,军工电子,94.0,"{'theme': 1.0, 'ladder': 0.6, 'seal': 1.0, 'time': 1.0, 'liq': 1.0, 'struct': 1.0}",涨停组: 商业航天方向 5板 封单比37.9% 涨停时间09:31 题材内涨停16家 成交7.8亿,商业航天+军工电子+储能,5连板 换手承接量比0.83,"次日竞价与开盘承接: 高开幅度观察区间[-2%,+5%]; 开盘涨幅≤+3%且不破昨收-3%视为买点触发",昨收10.43,高位情绪兑现/次日低开大幅回撤/炸板断板,1
2026-01-09,2026-01-12,aggressive,lu,001400.SZ,江顺科技,专用设备,88.75,"{'theme': 1.0, 'ladder': 0.8, 'seal': 0.7, 'time': 0.85, 'liq': 1.0, 'struct': 1.0}",涨停组: 商业航天方向 4板 封单比10.3% 涨停时间09:49 题材内涨停16家 成交4.4亿,商业航天+液冷服务器+铝挤压模具,4连板 换手承接量比1.05,"次日竞价与开盘承接: 高开幅度观察区间[-2%,+5%]; 开盘涨幅≤+3%且不破昨收-3%视为买点触发",昨收113.59,高位情绪兑现/次日低开大幅回撤/炸板断板,1
2026-01-09,2026-01-12,aggressive,nlu,002405.SZ,四维图新,软件开发,97.671875,"{'sector': 0.9368749999999999, 'trend': 1.0, 'pos': 1.0, 'mom': 1.0, 'liq': 1.0, 'recog': 0.85}","非涨停组: 趋势结构多头(MA20>MA60且上行), 处于活跃板块[软件开发](当日涨幅分位92%, 板块涨停3家) 距60日高点5.7% 20日涨幅26.4%",板块[软件开发]轮动延续/资金承接,收盘10.45 MA20上方 量比0.77,"次日开盘[-2%,+3%]为观察区间; 收盘站上max(开盘,昨收)视为买点触发",昨收10.45,板块退潮补跌/资金承接不足/持续阴跌,1
2026-01-09,2026-01-12,aggressive,nlu,002182.SZ,宝武镁业,小金属,97.5234375,"{'sector': 0.9809375, 'trend': 1.0, 'pos': 1.0, 'mom': 1.0, 'liq': 1.0, 'recog': 0.6}","非涨停组: 趋势结构多头(MA20>MA60且上行), 处于活跃板块[小金属](当日涨幅分位98%, 板块涨停3家) 距60日高点2.4% 20日涨幅20.5%",板块[小金属]轮动延续/资金承接,收盘17.15 MA20上方 量比0.76,"次日开盘[-2%,+3%]为观察区间; 收盘站上max(开盘,昨收)视为买点触发",昨收17.15,板块退潮补跌/资金承接不足/持续阴跌,1
2026-01-12,2026-01-13,aggressive,lu,605398.SH,新炬网络,IT服务,91.0,"{'theme': 1.0, 'ladder': 0.55, 'seal': 1.0, 'time': 0.85, 'liq': 1.0, 'struct': 1.0}",涨停组: AI应用方向 1板 封单比18.3% 涨停时间10:05 题材内涨停8家 成交4.0亿,AI应用+智能运维+信创生态,1连板 换手承接量比1.62,"次日竞价与开盘承接: 高开幅度观察区间[-2%,+5%]; 开盘涨幅≤+3%且不破昨收-3%视为买点触发",昨收34.36,高位情绪兑现/次日低开大幅回撤/炸板断板,1
2026-01-12,2026-01-13,aggressive,lu,601106.SH,中国一重,专用设备,91.0,"{'theme': 1.0, 'ladder': 0.8, 'seal': 0.7, 'time': 1.0, 'liq': 1.0, 'struct': 1.0}",涨停组: 商业航天方向 4板 封单比12.0% 涨停时间09:37 题材内涨停34家 成交22.4亿,商业航天+可控核聚变+资产出售,4连板 换手承接量比1.45,"次日竞价与开盘承接: 高开幅度观察区间[-2%,+5%]; 开盘涨幅≤+3%且不破昨收-3%视为买点触发",昨收5.95,高位情绪兑现/次日低开大幅回撤/炸板断板,1
2026-01-12,2026-01-13,aggressive,nlu,605168.SH,三人行,文化传媒,98.9296875,"{'sector': 0.9871875000000001, 'trend': 1.0, 'pos': 1.0, 'mom': 1.0, 'liq': 1.0, 'recog': 0.85}","非涨停组: 趋势结构多头(MA20>MA60且上行), 处于活跃板块[文化传媒](当日涨幅分位98%, 板块涨停25家) 距60日高点2.1% 20日涨幅28.7%",板块[文化传媒]轮动延续/资金承接,收盘44.00 MA20上方 量比1.20,"次日开盘[-2%,+3%]为观察区间; 收盘站上max(开盘,昨收)视为买点触发",昨收44.00,板块退潮补跌/资金承接不足/持续阴跌,1
2026-01-12,2026-01-13,aggressive,nlu,000733.SZ,振华科技,军工电子,97.6171875,"{'sector': 0.9846874999999999, 'trend': 1.0, 'pos': 1.0, 'mom': 1.0, 'liq': 1.0, 'recog': 0.6}","非涨停组: 趋势结构多头(MA20>MA60且上行), 处于活跃板块[军工电子](当日涨幅分位97%, 板块涨停8家) 距60日高点0.8% 20日涨幅20.0%",板块[军工电子]轮动延续/资金承接,收盘58.42 MA20上方 量比1.16,"次日开盘[-2%,+3%]为观察区间; 收盘站上max(开盘,昨收)视为买点触发",昨收58.42,板块退潮补跌/资金承接不足/持续阴跌,1
2026-01-13,2026-01-14,defensive,lu,601992.SH,金隅集团,建筑材料,93.5,"{'theme': 0.8, 'ladder': 0.9, 'seal': 1.0, 'time': 1.0, 'liq': 1.0, 'struct': 1.0}",涨停组: 商业航天方向 2板 封单比86.1% 涨停时间09:30 题材内涨停5家 成交3.9亿,商业航天+可控核聚变+北京国资,2连板 换手承接量比1.10,"次日竞价与开盘承接: 高开幅度观察区间[-2%,+5%]; 开盘涨幅≤+3%且不破昨收-3%视为买点触发",昨收2.13,高位情绪兑现/次日低开大幅回撤/炸板断板,1
2026-01-13,2026-01-14,defensive,nlu,002821.SZ,凯莱英,医疗服务,97.8046875,"{'sector': 0.9921875, 'trend': 1.0, 'pos': 1.0, 'mom': 1.0, 'liq': 1.0, 'recog': 0.6}","非涨停组: 趋势结构多头(MA20>MA60且上行), 处于活跃板块[医疗服务](当日涨幅分位99%, 板块涨停11家) 距60日高点4.5% 20日涨幅12.5%",板块[医疗服务]轮动延续/资金承接,收盘104.96 MA20上方 量比1.20,"次日开盘[-2%,+3%]为观察区间; 收盘站上max(开盘,昨收)视为买点触发",昨收104.96,板块退潮补跌/资金承接不足/持续阴跌,1
2026-01-13,2026-01-14,defensive,nlu,605168.SH,三人行,文化传媒,97.1953125,"{'sector': 0.9178124999999999, 'trend': 1.0, 'pos': 1.0, 'mom': 1.0, 'liq': 1.0, 'recog': 0.85}","非涨停组: 趋势结构多头(MA20>MA60且上行), 处于活跃板块[文化传媒](当日涨幅分位84%, 板块涨停6家) 距60日高点2.7% 20日涨幅28.8%",板块[文化传媒]轮动延续/资金承接,收盘43.74 MA20上方 量比0.88,"次日开盘[-2%,+3%]为观察区间; 收盘站上max(开盘,昨收)视为买点触发",昨收43.74,板块退潮补跌/资金承接不足/持续阴跌,1
2026-01-14,2026-01-15,normal,lu,600662.SH,外服控股,其他社会服务,98.5,"{'theme': 1.0, 'ladder': 0.9, 'seal': 1.0, 'time': 1.0, 'liq': 1.0, 'struct': 1.0}",涨停组: AI应用方向 2板 封单比23.7% 涨停时间09:38 题材内涨停7家 成交4.6亿,AI应用+人力资源服务+上海国企改革,2连板 换手承接量比2.40,"次日竞价与开盘承接: 高开幅度观察区间[-2%,+5%]; 开盘涨幅≤+3%且不破昨收-3%视为买点触发",昨收6.25,高位情绪兑现/次日低开大幅回撤/炸板断板,1
2026-01-14,2026-01-15,normal,lu,002879.SZ,长缆科技,电网设备,93.25,"{'theme': 1.0, 'ladder': 0.55, 'seal': 1.0, 'time': 1.0, 'liq': 1.0, 'struct': 1.0}",涨停组: 商业航天方向 1板 封单比23.2% 涨停时间09:25 题材内涨停11家 成交3.0亿,商业航天+超高压电缆+液冷+股份支付费用冲回,1连板 换手承接量比1.15,"次日竞价与开盘承接: 高开幅度观察区间[-2%,+5%]; 开盘涨幅≤+3%且不破昨收-3%视为买点触发",昨收20.76,高位情绪兑现/次日低开大幅回撤/炸板断板,1
2026-01-14,2026-01-15,normal,nlu,002803.SZ,吉宏股份,互联网电商,99.1171875,"{'sector': 0.9946875, 'trend': 1.0, 'pos': 1.0, 'mom': 1.0, 'liq': 1.0, 'recog': 0.85}","非涨停组: 趋势结构多头(MA20>MA60且上行), 处于活跃板块[互联网电商](当日涨幅分位100%, 板块涨停3家) 距60日高点3.4% 20日涨幅22.3%",板块[互联网电商]轮动延续/资金承接,收盘19.55 MA20上方 量比1.49,"次日开盘[-2%,+3%]为观察区间; 收盘站上max(开盘,昨收)视为买点触发",昨收19.55,板块退潮补跌/资金承接不足/持续阴跌,1
2026-01-14,2026-01-15,normal,nlu,002373.SZ,千方科技,IT服务,98.7890625,"{'sector': 0.9815625, 'trend': 1.0, 'pos': 1.0, 'mom': 1.0, 'liq': 1.0, 'recog': 0.85}","非涨停组: 趋势结构多头(MA20>MA60且上行), 处于活跃板块[IT服务](当日涨幅分位97%, 板块涨停8家) 距60日高点2.9% 20日涨幅26.3%",板块[IT服务]轮动延续/资金承接,收盘13.37 MA20上方 量比1.24,"次日开盘[-2%,+3%]为观察区间; 收盘站上max(开盘,昨收)视为买点触发",昨收13.37,板块退潮补跌/资金承接不足/持续阴跌,1
2026-01-15,2026-01-16,defensive,lu,600662.SH,外服控股,其他社会服务,68.0,"{'theme': 0.2, 'ladder': 1.0, 'seal': 0.4, 'time': 1.0, 'liq': 1.0, 'struct': 1.0}",涨停组: AI应用方向 3板 封单比5.2% 涨停时间09:30 题材内涨停2家 成交9.9亿,AI应用+人力资源服务+上海国企改革,3连板 换手承接量比2.49,"次日竞价与开盘承接: 高开幅度观察区间[-2%,+5%]; 开盘涨幅≤+3%且不破昨收-3%视为买点触发",昨收6.88,高位情绪兑现/次日低开大幅回撤/炸板断板,1
2026-01-15,2026-01-16,defensive,nlu,600138.SH,中青旅,旅游及酒店,97.2421875,"{'sector': 0.9196875, 'trend': 1.0, 'pos': 1.0, 'mom': 1.0, 'liq': 1.0, 'recog': 0.85}","非涨停组: 趋势结构多头(MA20>MA60且上行), 处于活跃板块[旅游及酒店](当日涨幅分位91%, 板块涨停3家) 距60日高点2.6% 20日涨幅10.3%",板块[旅游及酒店]轮动延续/资金承接,收盘10.27 MA20上方 量比1.68,"次日开盘[-2%,+3%]为观察区间; 收盘站上max(开盘,昨收)视为买点触发",昨收10.27,板块退潮补跌/资金承接不足/持续阴跌,1
2026-01-15,2026-01-16,defensive,nlu,002371.SZ,北方华创,半导体,95.46875,"{'sector': 0.8987499999999999, 'trend': 1.0, 'pos': 1.0, 'mom': 1.0, 'liq': 1.0, 'recog': 0.6}","非涨停组: 趋势结构多头(MA20>MA60且上行), 处于活跃板块[半导体](当日涨幅分位91%, 板块涨停4家) 距60日高点3.3% 20日涨幅14.4%",板块[半导体]轮动延续/资金承接,收盘506.27 MA20上方 量比1.16,"次日开盘[-2%,+3%]为观察区间; 收盘站上max(开盘,昨收)视为买点触发",昨收506.27,板块退潮补跌/资金承接不足/持续阴跌,1
2026-01-16,2026-01-19,defensive,lu,002339.SZ,积成电子,电网设备,91.0,"{'theme': 1.0, 'ladder': 0.55, 'seal': 1.0, 'time': 0.85, 'liq': 1.0, 'struct': 1.0}",涨停组: 电网设备方向 1板 封单比26.6% 涨停时间10:24 题材内涨停6家 成交7.2亿,电网设备+中标+特高压,1连板 换手承接量比1.58,"次日竞价与开盘承接: 高开幅度观察区间[-2%,+5%]; 开盘涨幅≤+3%且不破昨收-3%视为买点触发",昨收10.36,高位情绪兑现/次日低开大幅回撤/炸板断板,1
2026-01-16,2026-01-19,defensive,nlu,002185.SZ,华天科技,半导体,97.65625,"{'sector': 0.98625, 'trend': 1.0, 'pos': 1.0, 'mom': 1.0, 'liq': 1.0, 'recog': 0.6}","非涨停组: 趋势结构多头(MA20>MA60且上行), 处于活跃板块[半导体](当日涨幅分位99%, 板块涨停8家) 距60日高点1.3% 20日涨幅18.4%",板块[半导体]轮动延续/资金承接,收盘12.68 MA20上方 量比1.94,"次日开盘[-2%,+3%]为观察区间; 收盘站上max(开盘,昨收)视为买点触发",昨收12.68,板块退潮补跌/资金承接不足/持续阴跌,1
2026-01-16,2026-01-19,defensive,nlu,000400.SZ,许继电气,电网设备,96.6484375,"{'sector': 0.9459375, 'trend': 1.0, 'pos': 1.0, 'mom': 1.0, 'liq': 1.0, 'recog': 0.6}","非涨停组: 趋势结构多头(MA20>MA60且上行), 处于活跃板块[电网设备](当日涨幅分位91%, 板块涨停8家) 距60日高点5.9% 20日涨幅13.7%",板块[电网设备]轮动延续/资金承接,收盘29.15 MA20上方 量比1.29,"次日开盘[-2%,+3%]为观察区间; 收盘站上max(开盘,昨收)视为买点触发",昨收29.15,板块退潮补跌/资金承接不足/持续阴跌,1
2026-01-19,2026-01-20,normal,lu,601616.SH,广电电气,电网设备,98.5,"{'theme': 1.0, 'ladder': 0.9, 'seal': 1.0, 'time': 1.0, 'liq': 1.0, 'struct': 1.0}",涨停组: 电网设备方向 2板 封单比17.9% 涨停时间09:31 题材内涨停6家 成交6.5亿,电网设备+数据中心+出口,2连板 换手承接量比1.62,"次日竞价与开盘承接: 高开幅度观察区间[-2%,+5%]; 开盘涨幅≤+3%且不破昨收-3%视为买点触发",昨收5.04,高位情绪兑现/次日低开大幅回撤/炸板断板,1
2026-01-19,2026-01-20,normal,lu,002339.SZ,积成电子,电网设备,98.5,"{'theme': 1.0, 'ladder': 0.9, 'seal': 1.0, 'time': 1.0, 'liq': 1.0, 'struct': 1.0}",涨停组: 电网设备方向 2板 封单比15.3% 涨停时间09:34 题材内涨停6家 成交7.5亿,电网设备+中标+特高压,2连板 换手承接量比1.35,"次日竞价与开盘承接: 高开幅度观察区间[-2%,+5%]; 开盘涨幅≤+3%且不破昨收-3%视为买点触发",昨收11.4,高位情绪兑现/次日低开大幅回撤/炸板断板,1
2026-01-19,2026-01-20,normal,nlu,000533.SZ,顺钠股份,电网设备,97.7265625,"{'sector': 0.9890625000000001, 'trend': 1.0, 'pos': 1.0, 'mom': 1.0, 'liq': 1.0, 'recog': 0.6}","非涨停组: 趋势结构多头(MA20>MA60且上行), 处于活跃板块[电网设备](当日涨幅分位98%, 板块涨停21家) 距60日高点7.9% 20日涨幅16.1%",板块[电网设备]轮动延续/资金承接,收盘9.71 MA20上方 量比0.99,"次日开盘[-2%,+3%]为观察区间; 收盘站上max(开盘,昨收)视为买点触发",昨收9.71,板块退潮补跌/资金承接不足/持续阴跌,1
2026-01-19,2026-01-20,normal,nlu,002707.SZ,众信旅游,旅游及酒店,96.140625,"{'sector': 0.8456250000000001, 'trend': 1.0, 'pos': 1.0, 'mom': 1.0, 'liq': 1.0, 'recog': 1.0}","非涨停组: 趋势结构多头(MA20>MA60且上行), 处于活跃板块[旅游及酒店](当日涨幅分位93%, 板块涨停2家) 距60日高点7.8% 20日涨幅19.4%",板块[旅游及酒店]轮动延续/资金承接,收盘8.38 MA20上方 量比1.08,"次日开盘[-2%,+3%]为观察区间; 收盘站上max(开盘,昨收)视为买点触发",昨收8.38,板块退潮补跌/资金承接不足/持续阴跌,1
2026-01-20,2026-01-21,normal,lu,601616.SH,广电电气,电网设备,85.0,"{'theme': 0.4, 'ladder': 1.0, 'seal': 1.0, 'time': 1.0, 'liq': 1.0, 'struct': 1.0}",涨停组: 电网设备方向 3板 封单比45.4% 涨停时间09:30 题材内涨停3家 成交4.0亿,电网设备+数据中心+出口,3连板 换手承接量比0.90,"次日竞价与开盘承接: 高开幅度观察区间[-2%,+5%]; 开盘涨幅≤+3%且不破昨收-3%视为买点触发",昨收5.54,高位情绪兑现/次日低开大幅回撤/炸板断板,1
2026-01-20,2026-01-21,normal,lu,002165.SZ,红宝丽,化学制品,76.0,"{'theme': 0.4, 'ladder': 0.55, 'seal': 1.0, 'time': 0.85, 'liq': 1.0, 'struct': 1.0}",涨停组: 环氧丙烷方向 1板 封单比25.5% 涨停时间10:08 题材内涨停3家 成交7.3亿,环氧丙烷+硬泡聚醚+异丙醇胺,1连板 换手承接量比2.13,"次日竞价与开盘承接: 高开幅度观察区间[-2%,+5%]; 开盘涨幅≤+3%且不破昨收-3%视为买点触发",昨收8.72,高位情绪兑现/次日低开大幅回撤/炸板断板,1
2026-01-20,2026-01-21,normal,nlu,601216.SH,君正集团,化学原料,98.71875,"{'sector': 0.94875, 'trend': 1.0, 'pos': 1.0, 'mom': 1.0, 'liq': 1.0, 'recog': 1.0}","非涨停组: 趋势结构多头(MA20>MA60且上行), 处于活跃板块[化学原料](当日涨幅分位95%, 板块涨停3家) 距60日高点2.2% 20日涨幅22.6%",板块[化学原料]轮动延续/资金承接,收盘5.44 MA20上方 量比0.92,"次日开盘[-2%,+3%]为观察区间; 收盘站上max(开盘,昨收)视为买点触发",昨收5.44,板块退潮补跌/资金承接不足/持续阴跌,1
2026-01-20,2026-01-21,normal,nlu,600176.SH,中国巨石,建筑材料,96.203125,"{'sector': 0.8781249999999999, 'trend': 1.0, 'pos': 1.0, 'mom': 1.0, 'liq': 1.0, 'recog': 0.85}","非涨停组: 趋势结构多头(MA20>MA60且上行), 处于活跃板块[建筑材料](当日涨幅分位86%, 板块涨停3家) 距60日高点2.1% 20日涨幅25.4%",板块[建筑材料]轮动延续/资金承接,收盘19.00 MA20上方 量比0.84,"次日开盘[-2%,+3%]为观察区间; 收盘站上max(开盘,昨收)视为买点触发",昨收19.00,板块退潮补跌/资金承接不足/持续阴跌,1
2026-01-21,2026-01-22,aggressive,lu,002809.SZ,红墙股份,化学制品,78.5,"{'theme': 0.2, 'ladder': 0.9, 'seal': 1.0, 'time': 1.0, 'liq': 1.0, 'struct': 1.0}",涨停组: 环氧丙烷方向 2板 封单比16.9% 涨停时间09:30 题材内涨停2家 成交3.6亿,环氧丙烷+化工+装配式建筑,2连板 换手承接量比2.45,"次日竞价与开盘承接: 高开幅度观察区间[-2%,+5%]; 开盘涨幅≤+3%且不破昨收-3%视为买点触发",昨收13.31,高位情绪兑现/次日低开大幅回撤/炸板断板,1
2026-01-21,2026-01-22,aggressive,lu,000688.SZ,国城矿业,小金属,75.0,"{'theme': 0.6, 'ladder': 0.55, 'seal': 0.7, 'time': 0.85, 'liq': 1.0, 'struct': 1.0}",涨停组: 黄金方向 1板 封单比10.3% 涨停时间10:30 题材内涨停4家 成交11.0亿,黄金+锂矿+钼矿+业绩高增,1连板 换手承接量比1.53,"次日竞价与开盘承接: 高开幅度观察区间[-2%,+5%]; 开盘涨幅≤+3%且不破昨收-3%视为买点触发",昨收27.92,高位情绪兑现/次日低开大幅回撤/炸板断板,1
2026-01-21,2026-01-22,aggressive,nlu,002130.SZ,沃尔核材,其他电子,98.3359375,"{'sector': 0.9334375, 'trend': 1.0, 'pos': 1.0, 'mom': 1.0, 'liq': 1.0, 'recog': 1.0}","非涨停组: 趋势结构多头(MA20>MA60且上行), 处于活跃板块[其他电子](当日涨幅分位92%, 板块涨停3家) 距60日高点3.1% 20日涨幅16.6%",板块[其他电子]轮动延续/资金承接,收盘30.65 MA20上方 量比0.85,"次日开盘[-2%,+3%]为观察区间; 收盘站上max(开盘,昨收)视为买点触发",昨收30.65,板块退潮补跌/资金承接不足/持续阴跌,1
2026-01-21,2026-01-22,aggressive,nlu,603988.SH,中电电机,电机,98.296875,"{'sector': 0.961875, 'trend': 1.0, 'pos': 1.0, 'mom': 1.0, 'liq': 1.0, 'recog': 0.85}","非涨停组: 趋势结构多头(MA20>MA60且上行), 处于活跃板块[电机](当日涨幅分位94%, 板块涨停3家) 距60日高点2.4% 20日涨幅27.6%",板块[电机]轮动延续/资金承接,收盘31.14 MA20上方 量比1.01,"次日开盘[-2%,+3%]为观察区间; 收盘站上max(开盘,昨收)视为买点触发",昨收31.14,板块退潮补跌/资金承接不足/持续阴跌,1
2026-01-22,2026-01-23,normal,lu,002342.SZ,巨力索具,通用设备,92.5,"{'theme': 1.0, 'ladder': 0.9, 'seal': 1.0, 'time': 1.0, 'liq': 1.0, 'struct': 0.6}",涨停组: 商业航天方向 2板 封单比17.3% 涨停时间09:31 题材内涨停8家 成交12.7亿,商业航天+深海系泊+索具龙头,2连板 换手承接量比0.71,"次日竞价与开盘承接: 高开幅度观察区间[-2%,+5%]; 开盘涨幅≤+3%且不破昨收-3%视为买点触发",昨收12.31,高位情绪兑现/次日低开大幅回撤/炸板断板,1
2026-01-22,2026-01-23,normal,lu,002297.SZ,博云新材,军工装备,88.75,"{'theme': 1.0, 'ladder': 0.55, 'seal': 1.0, 'time': 0.7, 'liq': 1.0, 'struct': 1.0}",涨停组: 商业航天方向 1板 封单比19.4% 涨停时间10:36 题材内涨停8家 成交8.1亿,商业航天+C919+湖南国资+硬质合金,1连板 换手承接量比1.21,"次日竞价与开盘承接: 高开幅度观察区间[-2%,+5%]; 开盘涨幅≤+3%且不破昨收-3%视为买点触发",昨收13.13,高位情绪兑现/次日低开大幅回撤/炸板断板,1
2026-01-22,2026-01-23,normal,nlu,603737.SH,三棵树,建筑材料,98.984375,"{'sector': 0.9593749999999999, 'trend': 1.0, 'pos': 1.0, 'mom': 1.0, 'liq': 1.0, 'recog': 1.0}","非涨停组: 趋势结构多头(MA20>MA60且上行), 处于活跃板块[建筑材料](当日涨幅分位95%, 板块涨停4家) 距60日高点1.3% 20日涨幅20.0%",板块[建筑材料]轮动延续/资金承接,收盘44.32 MA20上方 量比1.08,"次日开盘[-2%,+3%]为观察区间; 收盘站上max(开盘,昨收)视为买点触发",昨收44.32,板块退潮补跌/资金承接不足/持续阴跌,1
2026-01-22,2026-01-23,normal,nlu,000823.SZ,超声电子,元件,96.53125,"{'sector': 0.9412499999999999, 'trend': 1.0, 'pos': 1.0, 'mom': 1.0, 'liq': 1.0, 'recog': 0.6}","非涨停组: 趋势结构多头(MA20>MA60且上行), 处于活跃板块[元件](当日涨幅分位92%, 板块涨停5家) 距60日高点6.8% 20日涨幅11.2%",板块[元件]轮动延续/资金承接,收盘15.07 MA20上方 量比1.29,"次日开盘[-2%,+3%]为观察区间; 收盘站上max(开盘,昨收)视为买点触发",昨收15.07,板块退潮补跌/资金承接不足/持续阴跌,1
2026-01-23,2026-01-26,aggressive,lu,001316.SZ,润贝航科,石油加工贸易,96.25,"{'theme': 1.0, 'ladder': 0.9, 'seal': 1.0, 'time': 0.85, 'liq': 1.0, 'struct': 1.0}",涨停组: 商业航天方向 2板 封单比15.8% 涨停时间10:24 题材内涨停20家 成交3.7亿,商业航天+低空经济+航材分销,2连板 换手承接量比1.27,"次日竞价与开盘承接: 高开幅度观察区间[-2%,+5%]; 开盘涨幅≤+3%且不破昨收-3%视为买点触发",昨收53.0,高位情绪兑现/次日低开大幅回撤/炸板断板,1
2026-01-23,2026-01-26,aggressive,lu,002342.SZ,巨力索具,通用设备,94.0,"{'theme': 1.0, 'ladder': 1.0, 'seal': 1.0, 'time': 1.0, 'liq': 1.0, 'struct': 0.6}",涨停组: 商业航天方向 3板 封单比29.9% 涨停时间09:30 题材内涨停20家 成交9.2亿,商业航天+深海系泊+索具龙头,3连板 换手承接量比0.43,"次日竞价与开盘承接: 高开幅度观察区间[-2%,+5%]; 开盘涨幅≤+3%且不破昨收-3%视为买点触发",昨收13.54,高位情绪兑现/次日低开大幅回撤/炸板断板,1
2026-01-23,2026-01-26,aggressive,nlu,002079.SZ,苏州固锝,光伏设备,99.046875,"{'sector': 0.9918750000000001, 'trend': 1.0, 'pos': 1.0, 'mom': 1.0, 'liq': 1.0, 'recog': 0.85}","非涨停组: 趋势结构多头(MA20>MA60且上行), 处于活跃板块[光伏设备](当日涨幅分位99%, 板块涨停21家) 距60日高点0.4% 20日涨幅15.8%",板块[光伏设备]轮动延续/资金承接,收盘11.10 MA20上方 量比1.61,"次日开盘[-2%,+3%]为观察区间; 收盘站上max(开盘,昨收)视为买点触发",昨收11.10,板块退潮补跌/资金承接不足/持续阴跌,1
2026-01-23,2026-01-26,aggressive,nlu,002487.SZ,大金重工,风电设备,97.0078125,"{'sector': 0.9103125, 'trend': 1.0, 'pos': 1.0, 'mom': 1.0, 'liq': 1.0, 'recog': 0.85}","非涨停组: 趋势结构多头(MA20>MA60且上行), 处于活跃板块[风电设备](当日涨幅分位90%, 板块涨停3家) 距60日高点2.3% 20日涨幅12.7%",板块[风电设备]轮动延续/资金承接,收盘60.91 MA20上方 量比0.76,"次日开盘[-2%,+3%]为观察区间; 收盘站上max(开盘,昨收)视为买点触发",昨收60.91,板块退潮补跌/资金承接不足/持续阴跌,1
2026-01-26,2026-01-27,defensive,lu,600916.SH,中国黄金,服装家纺,88.5,"{'theme': 0.6, 'ladder': 0.9, 'seal': 1.0, 'time': 1.0, 'liq': 1.0, 'struct': 1.0}",涨停组: 金价新高方向 2板 封单比17.2% 涨停时间09:42 题材内涨停4家 成交15.7亿,金价新高+黄金销售+央企,2连板 换手承接量比1.57,"次日竞价与开盘承接: 高开幅度观察区间[-2%,+5%]; 开盘涨幅≤+3%且不破昨收-3%视为买点触发",昨收10.14,高位情绪兑现/次日低开大幅回撤/炸板断板,1
2026-01-26,2026-01-27,defensive,nlu,000831.SZ,中国稀土,小金属,97.4921875,"{'sector': 0.9796874999999999, 'trend': 1.0, 'pos': 1.0, 'mom': 1.0, 'liq': 1.0, 'recog': 0.6}","非涨停组: 趋势结构多头(MA20>MA60且上行), 处于活跃板块[小金属](当日涨幅分位97%, 板块涨停4家) 距60日高点0.7% 20日涨幅24.2%",板块[小金属]轮动延续/资金承接,收盘57.71 MA20上方 量比1.33,"次日开盘[-2%,+3%]为观察区间; 收盘站上max(开盘,昨收)视为买点触发",昨收57.71,板块退潮补跌/资金承接不足/持续阴跌,1
2026-01-26,2026-01-27,defensive,nlu,000807.SZ,云铝股份,工业金属,97.2421875,"{'sector': 0.9696875, 'trend': 1.0, 'pos': 1.0, 'mom': 1.0, 'liq': 1.0, 'recog': 0.6}","非涨停组: 趋势结构多头(MA20>MA60且上行), 处于活跃板块[工业金属](当日涨幅分位95%, 板块涨停7家) 距60日高点6.3% 20日涨幅13.4%",板块[工业金属]轮动延续/资金承接,收盘33.11 MA20上方 量比1.42,"次日开盘[-2%,+3%]为观察区间; 收盘站上max(开盘,昨收)视为买点触发",昨收33.11,板块退潮补跌/资金承接不足/持续阴跌,1
2026-01-27,2026-01-28,defensive,lu,002291.SZ,遥望科技,文化传媒,73.25,"{'theme': 0.2, 'ladder': 0.55, 'seal': 1.0, 'time': 1.0, 'liq': 1.0, 'struct': 1.0}",涨停组: AI应用方向 1板 封单比18.7% 涨停时间09:25 题材内涨停2家 成交12.6亿,AI应用+直播电商+剥离鞋业,1连板 换手承接量比1.02,"次日竞价与开盘承接: 高开幅度观察区间[-2%,+5%]; 开盘涨幅≤+3%且不破昨收-3%视为买点触发",昨收8.28,高位情绪兑现/次日低开大幅回撤/炸板断板,1
2026-01-27,2026-01-28,defensive,nlu,002623.SZ,亚玛顿,光伏设备,99.46875,"{'sector': 0.97875, 'trend': 1.0, 'pos': 1.0, 'mom': 1.0, 'liq': 1.0, 'recog': 1.0}","非涨停组: 趋势结构多头(MA20>MA60且上行), 处于活跃板块[光伏设备](当日涨幅分位96%, 板块涨停4家) 距60日高点6.0% 20日涨幅26.0%",板块[光伏设备]轮动延续/资金承接,收盘22.98 MA20上方 量比1.99,"次日开盘[-2%,+3%]为观察区间; 收盘站上max(开盘,昨收)视为买点触发",昨收22.98,板块退潮补跌/资金承接不足/持续阴跌,1
2026-01-27,2026-01-28,defensive,nlu,600316.SH,洪都航空,军工装备,97.3125,"{'sector': 0.9225000000000001, 'trend': 1.0, 'pos': 1.0, 'mom': 1.0, 'liq': 1.0, 'recog': 0.85}","非涨停组: 趋势结构多头(MA20>MA60且上行), 处于活跃板块[军工装备](当日涨幅分位94%, 板块涨停3家) 距60日高点5.4% 20日涨幅27.2%",板块[军工装备]轮动延续/资金承接,收盘41.00 MA20上方 量比0.96,"次日开盘[-2%,+3%]为观察区间; 收盘站上max(开盘,昨收)视为买点触发",昨收41.00,板块退潮补跌/资金承接不足/持续阴跌,1
2026-01-28,2026-01-29,defensive,lu,601388.SH,怡球资源,工业金属,93.25,"{'theme': 1.0, 'ladder': 0.55, 'seal': 1.0, 'time': 1.0, 'liq': 1.0, 'struct': 1.0}",涨停组: 2025年报预增方向 1板 封单比24.0% 涨停时间09:34 题材内涨停10家 成交4.5亿,2025年报预增+再生铝龙头+汽车拆解,1连板 换手承接量比0.98,"次日竞价与开盘承接: 高开幅度观察区间[-2%,+5%]; 开盘涨幅≤+3%且不破昨收-3%视为买点触发",昨收3.97,高位情绪兑现/次日低开大幅回撤/炸板断板,1
2026-01-28,2026-01-29,defensive,nlu,002554.SZ,惠博普,油气开采及服务,99.0,"{'sector': 0.99, 'trend': 1.0, 'pos': 1.0, 'mom': 1.0, 'liq': 1.0, 'recog': 0.85}","非涨停组: 趋势结构多头(MA20>MA60且上行), 处于活跃板块[油气开采及服务](当日涨幅分位99%, 板块涨停5家) 距60日高点3.0% 20日涨幅28.3%",板块[油气开采及服务]轮动延续/资金承接,收盘4.17 MA20上方 量比1.08,"次日开盘[-2%,+3%]为观察区间; 收盘站上max(开盘,昨收)视为买点触发",昨收4.17,板块退潮补跌/资金承接不足/持续阴跌,1
2026-01-28,2026-01-29,defensive,nlu,000816.SZ,智慧农业,工业金属,97.46875,"{'sector': 0.97875, 'trend': 1.0, 'pos': 1.0, 'mom': 1.0, 'liq': 1.0, 'recog': 0.6}","非涨停组: 趋势结构多头(MA20>MA60且上行), 处于活跃板块[工业金属](当日涨幅分位97%, 板块涨停19家) 距60日高点3.6% 20日涨幅9.5%",板块[工业金属]轮动延续/资金承接,收盘4.26 MA20上方 量比1.06,"次日开盘[-2%,+3%]为观察区间; 收盘站上max(开盘,昨收)视为买点触发",昨收4.26,板块退潮补跌/资金承接不足/持续阴跌,1
2026-01-29,2026-01-30,defensive,lu,000995.SZ,皇台酒业,白酒,85.75,"{'theme': 1.0, 'ladder': 0.55, 'seal': 1.0, 'time': 0.5, 'liq': 1.0, 'struct': 1.0}",涨停组: 白酒方向 1板 封单比34.1% 涨停时间13:26 题材内涨停16家 成交3.6亿,白酒+区域强牌+控股股东增持,1连板 换手承接量比2.33,"次日竞价与开盘承接: 高开幅度观察区间[-2%,+5%]; 开盘涨幅≤+3%且不破昨收-3%视为买点触发",昨收14.48,高位情绪兑现/次日低开大幅回撤/炸板断板,1
2026-01-29,2026-01-30,defensive,nlu,600583.SH,海油工程,油气开采及服务,97.875,"{'sector': 0.995, 'trend': 1.0, 'pos': 1.0, 'mom': 1.0, 'liq': 1.0, 'recog': 0.6}","非涨停组: 趋势结构多头(MA20>MA60且上行), 处于活跃板块[油气开采及服务](当日涨幅分位99%, 板块涨停6家) 距60日高点1.4% 20日涨幅24.5%",板块[油气开采及服务]轮动延续/资金承接,收盘6.62 MA20上方 量比1.47,"次日开盘[-2%,+3%]为观察区间; 收盘站上max(开盘,昨收)视为买点触发",昨收6.62,板块退潮补跌/资金承接不足/持续阴跌,1
2026-01-29,2026-01-30,defensive,nlu,000807.SZ,云铝股份,工业金属,95.90625,"{'sector': 0.91625, 'trend': 1.0, 'pos': 1.0, 'mom': 1.0, 'liq': 1.0, 'recog': 0.6}","非涨停组: 趋势结构多头(MA20>MA60且上行), 处于活跃板块[工业金属](当日涨幅分位84%, 板块涨停7家) 距60日高点3.2% 20日涨幅16.9%",板块[工业金属]轮动延续/资金承接,收盘36.47 MA20上方 量比1.38,"次日开盘[-2%,+3%]为观察区间; 收盘站上max(开盘,昨收)视为买点触发",昨收36.47,板块退潮补跌/资金承接不足/持续阴跌,1
2026-01-30,2026-02-02,defensive,lu,002137.SZ,实益达,光学光电子,77.75,"{'theme': 0.8, 'ladder': 0.55, 'seal': 1.0, 'time': 0.3, 'liq': 1.0, 'struct': 1.0}",涨停组: 业绩预增方向 1板 封单比35.7% 涨停时间14:12 题材内涨停5家 成交4.5亿,业绩预增+半导体设备+汽车电子,1连板 换手承接量比1.55,"次日竞价与开盘承接: 高开幅度观察区间[-2%,+5%]; 开盘涨幅≤+3%且不破昨收-3%视为买点触发",昨收10.14,高位情绪兑现/次日低开大幅回撤/炸板断板,1
2026-01-30,2026-02-02,defensive,nlu,600598.SH,北大荒,种植业与林业,97.7265625,"{'sector': 0.9890625, 'trend': 1.0, 'pos': 1.0, 'mom': 1.0, 'liq': 1.0, 'recog': 0.6}","非涨停组: 趋势结构多头(MA20>MA60且上行), 处于活跃板块[种植业与林业](当日涨幅分位99%, 板块涨停4家) 距60日高点3.3% 20日涨幅17.1%",板块[种植业与林业]轮动延续/资金承接,收盘16.86 MA20上方 量比1.76,"次日开盘[-2%,+3%]为观察区间; 收盘站上max(开盘,昨收)视为买点触发",昨收16.86,板块退潮补跌/资金承接不足/持续阴跌,1
2026-01-30,2026-02-02,defensive,nlu,600522.SH,中天科技,通信设备,95.8671875,"{'sector': 0.9146875, 'trend': 1.0, 'pos': 1.0, 'mom': 1.0, 'liq': 1.0, 'recog': 0.6}","非涨停组: 趋势结构多头(MA20>MA60且上行), 处于活跃板块[通信设备](当日涨幅分位95%, 板块涨停5家) 距60日高点1.7% 20日涨幅23.3%",板块[通信设备]轮动延续/资金承接,收盘22.20 MA20上方 量比1.15,"次日开盘[-2%,+3%]为观察区间; 收盘站上max(开盘,昨收)视为买点触发",昨收22.20,板块退潮补跌/资金承接不足/持续阴跌,1
2026-02-02,2026-02-03,defensive,lu,601616.SH,广电电气,电网设备,86.0,"{'theme': 0.8, 'ladder': 0.55, 'seal': 1.0, 'time': 0.85, 'liq': 1.0, 'struct': 1.0}",涨停组: 电网设备方向 1板 封单比19.1% 涨停时间09:57 题材内涨停5家 成交6.1亿,电网设备+数据中心+变压器,1连板 换手承接量比1.08,"次日竞价与开盘承接: 高开幅度观察区间[-2%,+5%]; 开盘涨幅≤+3%且不破昨收-3%视为买点触发",昨收5.39,高位情绪兑现/次日低开大幅回撤/炸板断板,1
2026-02-02,2026-02-03,defensive,nlu,002169.SZ,智光电气,电网设备,96.5,"{'sector': 0.94, 'trend': 1.0, 'pos': 1.0, 'mom': 1.0, 'liq': 1.0, 'recog': 0.6}","非涨停组: 趋势结构多头(MA20>MA60且上行), 处于活跃板块[电网设备](当日涨幅分位99%, 板块涨停12家) 距60日高点4.0% 20日涨幅14.5%",板块[电网设备]轮动延续/资金承接,收盘13.40 MA20上方 量比1.27,"次日开盘[-2%,+3%]为观察区间; 收盘站上max(开盘,昨收)视为买点触发",昨收13.40,板块退潮补跌/资金承接不足/持续阴跌,1
2026-02-02,2026-02-03,defensive,nlu,002094.SZ,青岛金王,家居用品,93.1875,"{'sector': 0.7575, 'trend': 1.0, 'pos': 1.0, 'mom': 1.0, 'liq': 1.0, 'recog': 0.85}","非涨停组: 趋势结构多头(MA20>MA60且上行), 处于活跃板块[家居用品](当日涨幅分位78%, 板块涨停2家) 距60日高点5.0% 20日涨幅8.1%",板块[家居用品]轮动延续/资金承接,收盘8.54 MA20上方 量比1.14,"次日开盘[-2%,+3%]为观察区间; 收盘站上max(开盘,昨收)视为买点触发",昨收8.54,板块退潮补跌/资金承接不足/持续阴跌,1
2026-02-03,2026-02-04,normal,lu,600266.SH,城建发展,房地产,87.25,"{'theme': 1.0, 'ladder': 0.55, 'seal': 1.0, 'time': 1.0, 'liq': 1.0, 'struct': 0.6}",涨停组: 商业航天方向 1板 封单比38.5% 涨停时间09:25 题材内涨停10家 成交3.3亿,商业航天+北京国资+房地产,1连板 换手承接量比0.61,"次日竞价与开盘承接: 高开幅度观察区间[-2%,+5%]; 开盘涨幅≤+3%且不破昨收-3%视为买点触发",昨收6.0,高位情绪兑现/次日低开大幅回撤/炸板断板,1
2026-02-03,2026-02-04,normal,lu,001316.SZ,润贝航科,石油加工贸易,87.0,"{'theme': 1.0, 'ladder': 0.55, 'seal': 1.0, 'time': 0.85, 'liq': 0.6, 'struct': 1.0}",涨停组: 商业航天方向 1板 封单比43.8% 涨停时间10:00 题材内涨停10家 成交2.9亿,商业航天+业绩预增+低空经济,1连板 换手承接量比0.84,"次日竞价与开盘承接: 高开幅度观察区间[-2%,+5%]; 开盘涨幅≤+3%且不破昨收-3%视为买点触发",昨收56.33,高位情绪兑现/次日低开大幅回撤/炸板断板,1
2026-02-03,2026-02-04,normal,nlu,603212.SH,赛伍技术,光伏设备,98.1484375,"{'sector': 0.9259375, 'trend': 1.0, 'pos': 1.0, 'mom': 1.0, 'liq': 1.0, 'recog': 1.0}","非涨停组: 趋势结构多头(MA20>MA60且上行), 处于活跃板块[光伏设备](当日涨幅分位99%, 板块涨停8家) 距60日高点7.8% 20日涨幅22.1%",板块[光伏设备]轮动延续/资金承接,收盘17.57 MA20上方 量比0.81,"次日开盘[-2%,+3%]为观察区间; 收盘站上max(开盘,昨收)视为买点触发",昨收17.57,板块退潮补跌/资金承接不足/持续阴跌,1
2026-02-03,2026-02-04,normal,nlu,002518.SZ,科士达,其他电源设备,94.515625,"{'sector': 0.8606250000000001, 'trend': 1.0, 'pos': 1.0, 'mom': 1.0, 'liq': 1.0, 'recog': 0.6}","非涨停组: 趋势结构多头(MA20>MA60且上行), 处于活跃板块[其他电源设备](当日涨幅分位91%, 板块涨停3家) 距60日高点5.1% 20日涨幅18.4%",板块[其他电源设备]轮动延续/资金承接,收盘56.70 MA20上方 量比1.16,"次日开盘[-2%,+3%]为观察区间; 收盘站上max(开盘,昨收)视为买点触发",昨收56.70,板块退潮补跌/资金承接不足/持续阴跌,1
2026-02-04,2026-02-05,normal,lu,000723.SZ,美锦能源,煤炭开采加工,91.0,"{'theme': 1.0, 'ladder': 0.55, 'seal': 1.0, 'time': 0.85, 'liq': 1.0, 'struct': 1.0}",涨停组: 煤炭方向 1板 封单比17.6% 涨停时间10:04 题材内涨停6家 成交10.9亿,煤炭+氢能,1连板 换手承接量比1.11,"次日竞价与开盘承接: 高开幅度观察区间[-2%,+5%]; 开盘涨幅≤+3%且不破昨收-3%视为买点触发",昨收5.17,高位情绪兑现/次日低开大幅回撤/炸板断板,1
2026-02-04,2026-02-05,normal,lu,600188.SH,兖矿能源,煤炭开采加工,87.25,"{'theme': 1.0, 'ladder': 0.55, 'seal': 0.7, 'time': 1.0, 'liq': 1.0, 'struct': 1.0}",涨停组: 煤炭方向 1板 封单比9.4% 涨停时间09:36 题材内涨停6家 成交17.2亿,煤炭+产能扩张+国企改革,1连板 换手承接量比1.43,"次日竞价与开盘承接: 高开幅度观察区间[-2%,+5%]; 开盘涨幅≤+3%且不破昨收-3%视为买点触发",昨收15.27,高位情绪兑现/次日低开大幅回撤/炸板断板,1
2026-02-04,2026-02-05,normal,nlu,600395.SH,盘江股份,煤炭开采加工,99.6484375,"{'sector': 0.9859374999999999, 'trend': 1.0, 'pos': 1.0, 'mom': 1.0, 'liq': 1.0, 'recog': 1.0}","非涨停组: 趋势结构多头(MA20>MA60且上行), 处于活跃板块[煤炭开采加工](当日涨幅分位100%, 板块涨停14家) 距60日高点0.5% 20日涨幅23.1%",板块[煤炭开采加工]轮动延续/资金承接,收盘5.90 MA20上方 量比1.36,"次日开盘[-2%,+3%]为观察区间; 收盘站上max(开盘,昨收)视为买点触发",昨收5.90,板块退潮补跌/资金承接不足/持续阴跌,1
2026-02-04,2026-02-05,normal,nlu,600649.SH,城投控股,房地产,97.890625,"{'sector': 0.945625, 'trend': 1.0, 'pos': 1.0, 'mom': 1.0, 'liq': 1.0, 'recog': 0.85}","非涨停组: 趋势结构多头(MA20>MA60且上行), 处于活跃板块[房地产](当日涨幅分位94%, 板块涨停5家) 距60日高点1.8% 20日涨幅21.4%",板块[房地产]轮动延续/资金承接,收盘5.49 MA20上方 量比1.15,"次日开盘[-2%,+3%]为观察区间; 收盘站上max(开盘,昨收)视为买点触发",昨收5.49,板块退潮补跌/资金承接不足/持续阴跌,1
2026-02-05,2026-02-06,defensive,lu,002905.SZ,金逸影视,影视院线,68.75,"{'theme': 0.2, 'ladder': 0.55, 'seal': 1.0, 'time': 0.7, 'liq': 1.0, 'struct': 1.0}",涨停组: 春节档方向 1板 封单比36.4% 涨停时间11:03 题材内涨停2家 成交3.6亿,春节档+票房增长+扭亏为盈,1连板 换手承接量比0.93,"次日竞价与开盘承接: 高开幅度观察区间[-2%,+5%]; 开盘涨幅≤+3%且不破昨收-3%视为买点触发",昨收13.33,高位情绪兑现/次日低开大幅回撤/炸板断板,1
2026-02-05,2026-02-06,defensive,nlu,002739.SZ,儒意电影,影视院线,95.2734375,"{'sector': 0.8909374999999999, 'trend': 1.0, 'pos': 1.0, 'mom': 1.0, 'liq': 1.0, 'recog': 0.6}","非涨停组: 趋势结构多头(MA20>MA60且上行), 处于活跃板块[影视院线](当日涨幅分位100%, 板块涨停2家) 距60日高点1.9% 20日涨幅6.0%",板块[影视院线]轮动延续/资金承接,收盘12.07 MA20上方 量比1.35,"次日开盘[-2%,+3%]为观察区间; 收盘站上max(开盘,昨收)视为买点触发",昨收12.07,板块退潮补跌/资金承接不足/持续阴跌,1
2026-02-05,2026-02-06,defensive,nlu,603345.SH,安井食品,食品加工制造,94.4609375,"{'sector': 0.8084375, 'trend': 1.0, 'pos': 1.0, 'mom': 1.0, 'liq': 1.0, 'recog': 0.85}","非涨停组: 趋势结构多头(MA20>MA60且上行), 处于活跃板块[食品加工制造](当日涨幅分位92%, 板块涨停2家) 距60日高点2.2% 20日涨幅6.6%",板块[食品加工制造]轮动延续/资金承接,收盘88.87 MA20上方 量比1.21,"次日开盘[-2%,+3%]为观察区间; 收盘站上max(开盘,昨收)视为买点触发",昨收88.87,板块退潮补跌/资金承接不足/持续阴跌,1
2026-02-06,2026-02-09,normal,lu,605488.SH,福莱新材,塑料制品,80.0,"{'theme': 0.8, 'ladder': 0.55, 'seal': 0.7, 'time': 0.85, 'liq': 1.0, 'struct': 1.0}",涨停组: 人形机器人方向 1板 封单比8.4% 涨停时间10:30 题材内涨停5家 成交8.0亿,人形机器人+10万套订单+柔性传感器,1连板 换手承接量比1.50,"次日竞价与开盘承接: 高开幅度观察区间[-2%,+5%]; 开盘涨幅≤+3%且不破昨收-3%视为买点触发",昨收43.05,高位情绪兑现/次日低开大幅回撤/炸板断板,1
2026-02-06,2026-02-09,normal,lu,002772.SZ,众兴菌业,种植业与林业,76.0,"{'theme': 0.4, 'ladder': 0.55, 'seal': 1.0, 'time': 0.85, 'liq': 1.0, 'struct': 1.0}",涨停组: 业绩预增方向 1板 封单比18.5% 涨停时间10:29 题材内涨停3家 成交4.2亿,业绩预增+冬虫夏草+金针菇龙头,1连板 换手承接量比1.11,"次日竞价与开盘承接: 高开幅度观察区间[-2%,+5%]; 开盘涨幅≤+3%且不破昨收-3%视为买点触发",昨收18.39,高位情绪兑现/次日低开大幅回撤/炸板断板,1
2026-02-06,2026-02-09,normal,nlu,000533.SZ,顺钠股份,电网设备,97.2109375,"{'sector': 0.8884375, 'trend': 1.0, 'pos': 1.0, 'mom': 1.0, 'liq': 1.0, 'recog': 1.0}","非涨停组: 趋势结构多头(MA20>MA60且上行), 处于活跃板块[电网设备](当日涨幅分位80%, 板块涨停3家) 距60日高点4.6% 20日涨幅22.5%",板块[电网设备]轮动延续/资金承接,收盘11.25 MA20上方 量比1.57,"次日开盘[-2%,+3%]为观察区间; 收盘站上max(开盘,昨收)视为买点触发",昨收11.25,板块退潮补跌/资金承接不足/持续阴跌,1
2026-02-06,2026-02-09,normal,nlu,002129.SZ,TCL中环,光伏设备,95.7421875,"{'sector': 0.8296875, 'trend': 1.0, 'pos': 1.0, 'mom': 1.0, 'liq': 1.0, 'recog': 1.0}","非涨停组: 趋势结构多头(MA20>MA60且上行), 处于活跃板块[光伏设备](当日涨幅分位87%, 板块涨停2家) 距60日高点7.8% 20日涨幅19.9%",板块[光伏设备]轮动延续/资金承接,收盘10.62 MA20上方 量比1.12,"次日开盘[-2%,+3%]为观察区间; 收盘站上max(开盘,昨收)视为买点触发",昨收10.62,板块退潮补跌/资金承接不足/持续阴跌,1
2026-02-09,2026-02-10,aggressive,lu,605598.SH,上海港湾,建筑装饰,80.0,"{'theme': 0.8, 'ladder': 0.55, 'seal': 1.0, 'time': 0.85, 'liq': 1.0, 'struct': 0.6}",涨停组: 商业航天方向 1板 封单比20.0% 涨停时间09:56 题材内涨停5家 成交3.4亿,商业航天+钙钛矿电池+一带一路,1连板 换手承接量比0.75,"次日竞价与开盘承接: 高开幅度观察区间[-2%,+5%]; 开盘涨幅≤+3%且不破昨收-3%视为买点触发",昨收63.89,高位情绪兑现/次日低开大幅回撤/炸板断板,1
2026-02-09,2026-02-10,aggressive,lu,603031.SH,安孚科技,电池,80.0,"{'theme': 0.8, 'ladder': 0.55, 'seal': 1.0, 'time': 0.85, 'liq': 1.0, 'struct': 0.6}",涨停组: 商业航天方向 1板 封单比16.1% 涨停时间10:14 题材内涨停5家 成交5.3亿,商业航天+CPO+南孚电池+业绩预增,1连板 换手承接量比0.65,"次日竞价与开盘承接: 高开幅度观察区间[-2%,+5%]; 开盘涨幅≤+3%且不破昨收-3%视为买点触发",昨收59.4,高位情绪兑现/次日低开大幅回撤/炸板断板,1
2026-02-09,2026-02-10,aggressive,nlu,002905.SZ,金逸影视,影视院线,98.90625,"{'sector': 0.98625, 'trend': 1.0, 'pos': 1.0, 'mom': 1.0, 'liq': 1.0, 'recog': 0.85}","非涨停组: 趋势结构多头(MA20>MA60且上行), 处于活跃板块[影视院线](当日涨幅分位99%, 板块涨停5家) 距60日高点1.6% 20日涨幅18.0%",板块[影视院线]轮动延续/资金承接,收盘13.67 MA20上方 量比1.27,"次日开盘[-2%,+3%]为观察区间; 收盘站上max(开盘,昨收)视为买点触发",昨收13.67,板块退潮补跌/资金承接不足/持续阴跌,1
2026-02-09,2026-02-10,aggressive,nlu,603212.SH,赛伍技术,光伏设备,97.375,"{'sector': 0.975, 'trend': 1.0, 'pos': 1.0, 'mom': 1.0, 'liq': 1.0, 'recog': 0.6}","非涨停组: 趋势结构多头(MA20>MA60且上行), 处于活跃板块[光伏设备](当日涨幅分位96%, 板块涨停5家) 距60日高点5.0% 20日涨幅18.9%",板块[光伏设备]轮动延续/资金承接,收盘18.09 MA20上方 量比1.32,"次日开盘[-2%,+3%]为观察区间; 收盘站上max(开盘,昨收)视为买点触发",昨收18.09,板块退潮补跌/资金承接不足/持续阴跌,1
2026-02-10,2026-02-11,normal,lu,600715.SH,文投控股,影视院线,78.25,"{'theme': 0.4, 'ladder': 0.55, 'seal': 1.0, 'time': 1.0, 'liq': 1.0, 'struct': 1.0}",涨停组: AI漫剧方向 1板 封单比15.9% 涨停时间09:35 题材内涨停3家 成交3.9亿,AI漫剧+小程序游戏+北京国资,1连板 换手承接量比1.93,"次日竞价与开盘承接: 高开幅度观察区间[-2%,+5%]; 开盘涨幅≤+3%且不破昨收-3%视为买点触发",昨收2.61,高位情绪兑现/次日低开大幅回撤/炸板断板,1
2026-02-10,2026-02-11,normal,lu,001330.SZ,博纳影业,影视院线,77.5,"{'theme': 0.4, 'ladder': 0.9, 'seal': 1.0, 'time': 1.0, 'liq': 1.0, 'struct': 0.6}",涨停组: AI短剧方向 2板 封单比43.9% 涨停时间09:32 题材内涨停3家 成交10.2亿,AI短剧+春节档IP+影视院线,2连板 换手承接量比0.52,"次日竞价与开盘承接: 高开幅度观察区间[-2%,+5%]; 开盘涨幅≤+3%且不破昨收-3%视为买点触发",昨收12.47,高位情绪兑现/次日低开大幅回撤/炸板断板,1
2026-02-10,2026-02-11,normal,nlu,600959.SH,江苏有线,文化传媒,98.78125,"{'sector': 0.98125, 'trend': 1.0, 'pos': 1.0, 'mom': 1.0, 'liq': 1.0, 'recog': 0.85}","非涨停组: 趋势结构多头(MA20>MA60且上行), 处于活跃板块[文化传媒](当日涨幅分位99%, 板块涨停13家) 距60日高点3.9% 20日涨幅21.5%",板块[文化传媒]轮动延续/资金承接,收盘4.62 MA20上方 量比1.60,"次日开盘[-2%,+3%]为观察区间; 收盘站上max(开盘,昨收)视为买点触发",昨收4.62,板块退潮补跌/资金承接不足/持续阴跌,1
2026-02-10,2026-02-11,normal,nlu,603881.SH,数据港,通信服务,94.859375,"{'sector': 0.8243750000000001, 'trend': 1.0, 'pos': 1.0, 'mom': 1.0, 'liq': 1.0, 'recog': 0.85}","非涨停组: 趋势结构多头(MA20>MA60且上行), 处于活跃板块[通信服务](当日涨幅分位96%, 板块涨停2家) 距60日高点3.7% 20日涨幅19.6%",板块[通信服务]轮动延续/资金承接,收盘34.88 MA20上方 量比1.47,"次日开盘[-2%,+3%]为观察区间; 收盘站上max(开盘,昨收)视为买点触发",昨收34.88,板块退潮补跌/资金承接不足/持续阴跌,1
2026-02-11,2026-02-12,defensive,lu,002842.SZ,翔鹭钨业,小金属,67.25,"{'theme': 0.2, 'ladder': 0.55, 'seal': 1.0, 'time': 1.0, 'liq': 1.0, 'struct': 0.6}",涨停组: 钨价上涨方向 1板 封单比22.9% 涨停时间09:39 题材内涨停2家 成交8.4亿,钨价上涨+光伏钨丝+年报预增,1连板 换手承接量比0.50,"次日竞价与开盘承接: 高开幅度观察区间[-2%,+5%]; 开盘涨幅≤+3%且不破昨收-3%视为买点触发",昨收35.01,高位情绪兑现/次日低开大幅回撤/炸板断板,1
2026-02-11,2026-02-12,defensive,nlu,600392.SH,盛和资源,小金属,98.5234375,"{'sector': 0.9709375, 'trend': 1.0, 'pos': 1.0, 'mom': 1.0, 'liq': 1.0, 'recog': 0.85}","非涨停组: 趋势结构多头(MA20>MA60且上行), 处于活跃板块[小金属](当日涨幅分位98%, 板块涨停4家) 距60日高点4.1% 20日涨幅23.0%",板块[小金属]轮动延续/资金承接,收盘28.41 MA20上方 量比1.08,"次日开盘[-2%,+3%]为观察区间; 收盘站上max(开盘,昨收)视为买点触发",昨收28.41,板块退潮补跌/资金承接不足/持续阴跌,1
2026-02-11,2026-02-12,defensive,nlu,000818.SZ,航锦科技,化学原料,96.078125,"{'sector': 0.923125, 'trend': 1.0, 'pos': 1.0, 'mom': 1.0, 'liq': 1.0, 'recog': 0.6}","非涨停组: 趋势结构多头(MA20>MA60且上行), 处于活跃板块[化学原料](当日涨幅分位89%, 板块涨停3家) 距60日高点1.2% 20日涨幅10.9%",板块[化学原料]轮动延续/资金承接,收盘23.76 MA20上方 量比2.02,"次日开盘[-2%,+3%]为观察区间; 收盘站上max(开盘,昨收)视为买点触发",昨收23.76,板块退潮补跌/资金承接不足/持续阴跌,1
2026-02-12,2026-02-13,defensive,lu,002975.SZ,博杰股份,自动化设备,91.0,"{'theme': 1.0, 'ladder': 0.55, 'seal': 1.0, 'time': 0.85, 'liq': 1.0, 'struct': 1.0}",涨停组: 液冷服务器方向 1板 封单比22.2% 涨停时间10:00 题材内涨停6家 成交6.9亿,液冷服务器+AI服务器测试+人形机器人+业绩预增,1连板 换手承接量比1.73,"次日竞价与开盘承接: 高开幅度观察区间[-2%,+5%]; 开盘涨幅≤+3%且不破昨收-3%视为买点触发",昨收83.03,高位情绪兑现/次日低开大幅回撤/炸板断板,1
2026-02-12,2026-02-13,defensive,nlu,600482.SH,中国动力,其他电源设备,98.96875,"{'sector': 0.98875, 'trend': 1.0, 'pos': 1.0, 'mom': 1.0, 'liq': 1.0, 'recog': 0.85}","非涨停组: 趋势结构多头(MA20>MA60且上行), 处于活跃板块[其他电源设备](当日涨幅分位99%, 板块涨停4家) 距60日高点3.0% 20日涨幅26.4%",板块[其他电源设备]轮动延续/资金承接,收盘31.58 MA20上方 量比1.18,"次日开盘[-2%,+3%]为观察区间; 收盘站上max(开盘,昨收)视为买点触发",昨收31.58,板块退潮补跌/资金承接不足/持续阴跌,1
2026-02-12,2026-02-13,defensive,nlu,000688.SZ,国城矿业,小金属,98.859375,"{'sector': 0.984375, 'trend': 1.0, 'pos': 1.0, 'mom': 1.0, 'liq': 1.0, 'recog': 0.85}","非涨停组: 趋势结构多头(MA20>MA60且上行), 处于活跃板块[小金属](当日涨幅分位98%, 板块涨停3家) 距60日高点3.5% 20日涨幅23.0%",板块[小金属]轮动延续/资金承接,收盘31.39 MA20上方 量比1.19,"次日开盘[-2%,+3%]为观察区间; 收盘站上max(开盘,昨收)视为买点触发",昨收31.39,板块退潮补跌/资金承接不足/持续阴跌,1
2026-02-13,2026-02-24,defensive,nlu,000768.SZ,中航西飞,军工装备,97.078125,"{'sector': 0.963125, 'trend': 1.0, 'pos': 1.0, 'mom': 1.0, 'liq': 1.0, 'recog': 0.6}","非涨停组: 趋势结构多头(MA20>MA60且上行), 处于活跃板块[军工装备](当日涨幅分位99%, 板块涨停3家) 距60日高点4.9% 20日涨幅7.8%",板块[军工装备]轮动延续/资金承接,收盘30.16 MA20上方 量比1.34,"次日开盘[-2%,+3%]为观察区间; 收盘站上max(开盘,昨收)视为买点触发",昨收30.16,板块退潮补跌/资金承接不足/持续阴跌,1
2026-02-13,2026-02-24,defensive,nlu,000559.SZ,万向钱潮,汽车零部件,97.046875,"{'sector': 0.881875, 'trend': 1.0, 'pos': 1.0, 'mom': 1.0, 'liq': 1.0, 'recog': 1.0}","非涨停组: 趋势结构多头(MA20>MA60且上行), 处于活跃板块[汽车零部件](当日涨幅分位89%, 板块涨停4家) 距60日高点6.8% 20日涨幅5.5%",板块[汽车零部件]轮动延续/资金承接,收盘20.09 MA20上方 量比1.03,"次日开盘[-2%,+3%]为观察区间; 收盘站上max(开盘,昨收)视为买点触发",昨收20.09,板块退潮补跌/资金承接不足/持续阴跌,1
2026-02-24,2026-02-25,aggressive,lu,002828.SZ,贝肯能源,油气开采及服务,88.25,"{'theme': 0.8, 'ladder': 0.55, 'seal': 1.0, 'time': 1.0, 'liq': 1.0, 'struct': 1.0}",涨停组: 油气开采方向 1板 封单比21.1% 涨停时间09:33 题材内涨停5家 成交3.5亿,油气开采+海外权益+地缘冲突,1连板 换手承接量比1.43,"次日竞价与开盘承接: 高开幅度观察区间[-2%,+5%]; 开盘涨幅≤+3%且不破昨收-3%视为买点触发",昨收13.89,高位情绪兑现/次日低开大幅回撤/炸板断板,1
2026-02-24,2026-02-25,aggressive,lu,002498.SZ,汉缆股份,电网设备,79.0,"{'theme': 0.4, 'ladder': 1.0, 'seal': 0.7, 'time': 1.0, 'liq': 1.0, 'struct': 1.0}",涨停组: 特高压方向 3板 封单比10.1% 涨停时间09:31 题材内涨停3家 成交17.7亿,特高压+海上风电+电网设备,3连板 换手承接量比1.22,"次日竞价与开盘承接: 高开幅度观察区间[-2%,+5%]; 开盘涨幅≤+3%且不破昨收-3%视为买点触发",昨收7.45,高位情绪兑现/次日低开大幅回撤/炸板断板,1
2026-02-24,2026-02-25,aggressive,nlu,002092.SZ,中泰化学,化学原料,97.53125,"{'sector': 0.93125, 'trend': 1.0, 'pos': 1.0, 'mom': 1.0, 'liq': 1.0, 'recog': 0.85}","非涨停组: 趋势结构多头(MA20>MA60且上行), 处于活跃板块[化学原料](当日涨幅分位94%, 板块涨停6家) 距60日高点2.9% 20日涨幅27.4%",板块[化学原料]轮动延续/资金承接,收盘7.44 MA20上方 量比0.95,"次日开盘[-2%,+3%]为观察区间; 收盘站上max(开盘,昨收)视为买点触发",昨收7.44,板块退潮补跌/资金承接不足/持续阴跌,1
2026-02-24,2026-02-25,aggressive,nlu,000792.SZ,盐湖股份,农化制品,97.1171875,"{'sector': 0.9646875, 'trend': 1.0, 'pos': 1.0, 'mom': 1.0, 'liq': 1.0, 'recog': 0.6}","非涨停组: 趋势结构多头(MA20>MA60且上行), 处于活跃板块[农化制品](当日涨幅分位96%, 板块涨停11家) 距60日高点4.6% 20日涨幅6.7%",板块[农化制品]轮动延续/资金承接,收盘35.66 MA20上方 量比1.61,"次日开盘[-2%,+3%]为观察区间; 收盘站上max(开盘,昨收)视为买点触发",昨收35.66,板块退潮补跌/资金承接不足/持续阴跌,1
2026-02-25,2026-02-26,aggressive,lu,600096.SH,云天化,农化制品,74.25,"{'theme': 0.8, 'ladder': 0.9, 'seal': 0.15, 'time': 0.85, 'liq': 1.0, 'struct': 1.0}",涨停组: 磷化工方向 2板 封单比0.2% 涨停时间10:06 题材内涨停5家 成交73.8亿,磷化工+聚甲醛+国企改革,2连板 换手承接量比2.38,"次日竞价与开盘承接: 高开幅度观察区间[-2%,+5%]; 开盘涨幅≤+3%且不破昨收-3%视为买点触发",昨收43.3,高位情绪兑现/次日低开大幅回撤/炸板断板,1
2026-02-25,2026-02-26,aggressive,lu,002428.SZ,云南锗业,小金属,73.25,"{'theme': 0.2, 'ladder': 0.55, 'seal': 1.0, 'time': 1.0, 'liq': 1.0, 'struct': 1.0}",涨停组: 商业航天方向 1板 封单比20.6% 涨停时间09:31 题材内涨停2家 成交14.7亿,商业航天+锗晶片+小金属,1连板 换手承接量比1.02,"次日竞价与开盘承接: 高开幅度观察区间[-2%,+5%]; 开盘涨幅≤+3%且不破昨收-3%视为买点触发",昨收40.35,高位情绪兑现/次日低开大幅回撤/炸板断板,1
2026-02-25,2026-02-26,aggressive,nlu,002478.SZ,常宝股份,钢铁,98.0703125,"{'sector': 0.9528125000000001, 'trend': 1.0, 'pos': 1.0, 'mom': 1.0, 'liq': 1.0, 'recog': 0.85}","非涨停组: 趋势结构多头(MA20>MA60且上行), 处于活跃板块[钢铁](当日涨幅分位95%, 板块涨停3家) 距60日高点2.5% 20日涨幅20.9%",板块[钢铁]轮动延续/资金承接,收盘11.20 MA20上方 量比0.95,"次日开盘[-2%,+3%]为观察区间; 收盘站上max(开盘,昨收)视为买点触发",昨收11.20,板块退潮补跌/资金承接不足/持续阴跌,1
2026-02-25,2026-02-26,aggressive,nlu,002539.SZ,云图控股,农化制品,97.6328125,"{'sector': 0.9353125, 'trend': 1.0, 'pos': 1.0, 'mom': 1.0, 'liq': 1.0, 'recog': 0.85}","非涨停组: 趋势结构多头(MA20>MA60且上行), 处于活跃板块[农化制品](当日涨幅分位90%, 板块涨停8家) 距60日高点3.9% 20日涨幅24.8%",板块[农化制品]轮动延续/资金承接,收盘16.33 MA20上方 量比2.12,"次日开盘[-2%,+3%]为观察区间; 收盘站上max(开盘,昨收)视为买点触发",昨收16.33,板块退潮补跌/资金承接不足/持续阴跌,1
2026-02-26,2026-02-27,normal,lu,001400.SZ,江顺科技,专用设备,66.75,"{'theme': 0.4, 'ladder': 0.55, 'seal': 1.0, 'time': 0.5, 'liq': 0.6, 'struct': 1.0}",涨停组: 商业航天方向 1板 封单比26.5% 涨停时间13:01 题材内涨停3家 成交2.8亿,商业航天+3D打印+液冷+铝挤压模具,1连板 换手承接量比1.33,"次日竞价与开盘承接: 高开幅度观察区间[-2%,+5%]; 开盘涨幅≤+3%且不破昨收-3%视为买点触发",昨收116.12,高位情绪兑现/次日低开大幅回撤/炸板断板,1
2026-02-26,2026-02-27,normal,lu,002272.SZ,川润股份,通用设备,65.0,"{'theme': 0.2, 'ladder': 0.55, 'seal': 0.7, 'time': 0.85, 'liq': 1.0, 'struct': 1.0}",涨停组: 液冷服务器方向 1板 封单比10.2% 涨停时间10:19 题材内涨停2家 成交15.4亿,液冷服务器+北美订单+绿色算力,1连板 换手承接量比1.17,"次日竞价与开盘承接: 高开幅度观察区间[-2%,+5%]; 开盘涨幅≤+3%且不破昨收-3%视为买点触发",昨收19.21,高位情绪兑现/次日低开大幅回撤/炸板断板,1
2026-02-26,2026-02-27,normal,nlu,002636.SZ,金安国纪,元件,99.0703125,"{'sector': 0.9928125, 'trend': 1.0, 'pos': 1.0, 'mom': 1.0, 'liq': 1.0, 'recog': 0.85}","非涨停组: 趋势结构多头(MA20>MA60且上行), 处于活跃板块[元件](当日涨幅分位99%, 板块涨停6家) 距60日高点3.1% 20日涨幅27.6%",板块[元件]轮动延续/资金承接,收盘26.95 MA20上方 量比1.22,"次日开盘[-2%,+3%]为观察区间; 收盘站上max(开盘,昨收)视为买点触发",昨收26.95,板块退潮补跌/资金承接不足/持续阴跌,1
2026-02-26,2026-02-27,normal,nlu,001267.SZ,汇绿生态,通信设备,98.109375,"{'sector': 0.924375, 'trend': 1.0, 'pos': 1.0, 'mom': 1.0, 'liq': 1.0, 'recog': 1.0}","非涨停组: 趋势结构多头(MA20>MA60且上行), 处于活跃板块[通信设备](当日涨幅分位94%, 板块涨停3家) 距60日高点2.3% 20日涨幅28.8%",板块[通信设备]轮动延续/资金承接,收盘30.69 MA20上方 量比0.77,"次日开盘[-2%,+3%]为观察区间; 收盘站上max(开盘,昨收)视为买点触发",昨收30.69,板块退潮补跌/资金承接不足/持续阴跌,1
2026-02-27,2026-03-02,aggressive,lu,002182.SZ,宝武镁业,小金属,73.25,"{'theme': 0.2, 'ladder': 0.55, 'seal': 1.0, 'time': 1.0, 'liq': 1.0, 'struct': 1.0}",涨停组: 小金属方向 1板 封单比16.8% 涨停时间09:42 题材内涨停2家 成交6.7亿,小金属+人形机器人+商业航天+央企,1连板 换手承接量比1.00,"次日竞价与开盘承接: 高开幅度观察区间[-2%,+5%]; 开盘涨幅≤+3%且不破昨收-3%视为买点触发",昨收21.79,高位情绪兑现/次日低开大幅回撤/炸板断板,1
2026-02-27,2026-03-02,aggressive,lu,600744.SH,华银电力,电力,72.5,"{'theme': 0.2, 'ladder': 0.9, 'seal': 0.7, 'time': 1.0, 'liq': 1.0, 'struct': 1.0}",涨停组: 电力方向 2板 封单比10.6% 涨停时间09:31 题材内涨停2家 成交17.6亿,电力+年报预增+央企,2连板 换手承接量比1.81,"次日竞价与开盘承接: 高开幅度观察区间[-2%,+5%]; 开盘涨幅≤+3%且不破昨收-3%视为买点触发",昨收7.94,高位情绪兑现/次日低开大幅回撤/炸板断板,1
2026-02-27,2026-03-02,aggressive,nlu,002978.SZ,安宁股份,小金属,97.8359375,"{'sector': 0.9934375, 'trend': 1.0, 'pos': 1.0, 'mom': 1.0, 'liq': 1.0, 'recog': 0.6}","非涨停组: 趋势结构多头(MA20>MA60且上行), 处于活跃板块[小金属](当日涨幅分位99%, 板块涨停12家) 距60日高点1.9% 20日涨幅9.3%",板块[小金属]轮动延续/资金承接,收盘42.07 MA20上方 量比1.39,"次日开盘[-2%,+3%]为观察区间; 收盘站上max(开盘,昨收)视为买点触发",昨收42.07,板块退潮补跌/资金承接不足/持续阴跌,1
2026-02-27,2026-03-02,aggressive,nlu,000155.SZ,川能动力,电力,96.765625,"{'sector': 0.9506249999999999, 'trend': 1.0, 'pos': 1.0, 'mom': 1.0, 'liq': 1.0, 'recog': 0.6}","非涨停组: 趋势结构多头(MA20>MA60且上行), 处于活跃板块[电力](当日涨幅分位95%, 板块涨停9家) 距60日高点0.5% 20日涨幅11.5%",板块[电力]轮动延续/资金承接,收盘14.45 MA20上方 量比1.40,"次日开盘[-2%,+3%]为观察区间; 收盘站上max(开盘,昨收)视为买点触发",昨收14.45,板块退潮补跌/资金承接不足/持续阴跌,1
2026-03-02,2026-03-03,defensive,lu,600227.SH,赤天化,农化制品,76.0,"{'theme': 0.4, 'ladder': 0.55, 'seal': 1.0, 'time': 0.85, 'liq': 1.0, 'struct': 1.0}",涨停组: 甲醇方向 1板 封单比15.4% 涨停时间09:47 题材内涨停3家 成交4.7亿,甲醇+化工+煤炭+化肥,1连板 换手承接量比1.04,"次日竞价与开盘承接: 高开幅度观察区间[-2%,+5%]; 开盘涨幅≤+3%且不破昨收-3%视为买点触发",昨收3.17,高位情绪兑现/次日低开大幅回撤/炸板断板,1
2026-03-02,2026-03-03,defensive,nlu,002493.SZ,荣盛石化,石油加工贸易,98.203125,"{'sector': 0.958125, 'trend': 1.0, 'pos': 1.0, 'mom': 1.0, 'liq': 1.0, 'recog': 0.85}","非涨停组: 趋势结构多头(MA20>MA60且上行), 处于活跃板块[石油加工贸易](当日涨幅分位96%, 板块涨停6家) 距60日高点1.6% 20日涨幅16.8%",板块[石油加工贸易]轮动延续/资金承接,收盘15.88 MA20上方 量比1.37,"次日开盘[-2%,+3%]为观察区间; 收盘站上max(开盘,昨收)视为买点触发",昨收15.88,板块退潮补跌/资金承接不足/持续阴跌,1
2026-03-02,2026-03-03,defensive,nlu,002149.SZ,西部材料,小金属,98.1640625,"{'sector': 0.9565625000000001, 'trend': 1.0, 'pos': 1.0, 'mom': 1.0, 'liq': 1.0, 'recog': 0.85}","非涨停组: 趋势结构多头(MA20>MA60且上行), 处于活跃板块[小金属](当日涨幅分位92%, 板块涨停4家) 距60日高点5.0% 20日涨幅26.4%",板块[小金属]轮动延续/资金承接,收盘54.95 MA20上方 量比1.41,"次日开盘[-2%,+3%]为观察区间; 收盘站上max(开盘,昨收)视为买点触发",昨收54.95,板块退潮补跌/资金承接不足/持续阴跌,1
2026-03-03,2026-03-04,defensive,lu,600681.SH,百川能源,燃气,93.25,"{'theme': 1.0, 'ladder': 0.55, 'seal': 1.0, 'time': 1.0, 'liq': 1.0, 'struct': 1.0}",涨停组: 天然气方向 1板 封单比16.3% 涨停时间09:38 题材内涨停18家 成交4.2亿,天然气+具身智能布局+高股息,1连板 换手承接量比1.94,"次日竞价与开盘承接: 高开幅度观察区间[-2%,+5%]; 开盘涨幅≤+3%且不破昨收-3%视为买点触发",昨收4.76,高位情绪兑现/次日低开大幅回撤/炸板断板,1
2026-03-03,2026-03-04,defensive,nlu,000059.SZ,华锦股份,石油加工贸易,98.7109375,"{'sector': 0.9784375, 'trend': 1.0, 'pos': 1.0, 'mom': 1.0, 'liq': 1.0, 'recog': 0.85}","非涨停组: 趋势结构多头(MA20>MA60且上行), 处于活跃板块[石油加工贸易](当日涨幅分位97%, 板块涨停8家) 距60日高点3.3% 20日涨幅9.5%",板块[石油加工贸易]轮动延续/资金承接,收盘6.67 MA20上方 量比2.19,"次日开盘[-2%,+3%]为观察区间; 收盘站上max(开盘,昨收)视为买点触发",昨收6.67,板块退潮补跌/资金承接不足/持续阴跌,1
2026-03-03,2026-03-04,defensive,nlu,601898.SH,中煤能源,煤炭开采加工,98.5390625,"{'sector': 0.9715624999999999, 'trend': 1.0, 'pos': 1.0, 'mom': 1.0, 'liq': 1.0, 'recog': 0.85}","非涨停组: 趋势结构多头(MA20>MA60且上行), 处于活跃板块[煤炭开采加工](当日涨幅分位97%, 板块涨停3家) 距60日高点3.8% 20日涨幅29.8%",板块[煤炭开采加工]轮动延续/资金承接,收盘17.25 MA20上方 量比2.06,"次日开盘[-2%,+3%]为观察区间; 收盘站上max(开盘,昨收)视为买点触发",昨收17.25,板块退潮补跌/资金承接不足/持续阴跌,1
2026-03-04,2026-03-05,defensive,lu,002339.SZ,积成电子,电网设备,72.25,"{'theme': 0.4, 'ladder': 0.55, 'seal': 1.0, 'time': 1.0, 'liq': 1.0, 'struct': 0.6}",涨停组: 电网设备方向 1板 封单比29.8% 涨停时间09:36 题材内涨停3家 成交3.5亿,电网设备+中标+特高压,1连板 换手承接量比0.77,"次日竞价与开盘承接: 高开幅度观察区间[-2%,+5%]; 开盘涨幅≤+3%且不破昨收-3%视为买点触发",昨收11.54,高位情绪兑现/次日低开大幅回撤/炸板断板,1
2026-03-04,2026-03-05,defensive,nlu,603897.SH,长城科技,电网设备,99.2578125,"{'sector': 0.9703125, 'trend': 1.0, 'pos': 1.0, 'mom': 1.0, 'liq': 1.0, 'recog': 1.0}","非涨停组: 趋势结构多头(MA20>MA60且上行), 处于活跃板块[电网设备](当日涨幅分位99%, 板块涨停11家) 距60日高点3.8% 20日涨幅24.7%",板块[电网设备]轮动延续/资金承接,收盘33.13 MA20上方 量比1.01,"次日开盘[-2%,+3%]为观察区间; 收盘站上max(开盘,昨收)视为买点触发",昨收33.13,板块退潮补跌/资金承接不足/持续阴跌,1
2026-03-04,2026-03-05,defensive,nlu,600452.SH,涪陵电力,电力,98.4453125,"{'sector': 0.9378124999999999, 'trend': 1.0, 'pos': 1.0, 'mom': 1.0, 'liq': 1.0, 'recog': 1.0}","非涨停组: 趋势结构多头(MA20>MA60且上行), 处于活跃板块[电力](当日涨幅分位90%, 板块涨停4家) 距60日高点6.8% 20日涨幅14.6%",板块[电力]轮动延续/资金承接,收盘13.53 MA20上方 量比1.02,"次日开盘[-2%,+3%]为观察区间; 收盘站上max(开盘,昨收)视为买点触发",昨收13.53,板块退潮补跌/资金承接不足/持续阴跌,1
2026-03-05,2026-03-06,normal,lu,002339.SZ,积成电子,电网设备,81.5,"{'theme': 0.8, 'ladder': 0.9, 'seal': 0.4, 'time': 1.0, 'liq': 1.0, 'struct': 1.0}",涨停组: 电网设备方向 2板 封单比5.3% 涨停时间09:32 题材内涨停5家 成交15.0亿,电网设备+中标+特高压,2连板 换手承接量比2.14,"次日竞价与开盘承接: 高开幅度观察区间[-2%,+5%]; 开盘涨幅≤+3%且不破昨收-3%视为买点触发",昨收12.69,高位情绪兑现/次日低开大幅回撤/炸板断板,1
2026-03-05,2026-03-06,normal,lu,600468.SH,百利电气,电网设备,77.75,"{'theme': 0.8, 'ladder': 0.55, 'seal': 0.7, 'time': 0.7, 'liq': 1.0, 'struct': 1.0}",涨停组: 电网设备方向 1板 封单比10.8% 涨停时间10:35 题材内涨停5家 成交10.7亿,电网设备+可控核聚变+天津国资,1连板 换手承接量比1.86,"次日竞价与开盘承接: 高开幅度观察区间[-2%,+5%]; 开盘涨幅≤+3%且不破昨收-3%视为买点触发",昨收8.55,高位情绪兑现/次日低开大幅回撤/炸板断板,1
2026-03-05,2026-03-06,normal,nlu,603897.SH,长城科技,电网设备,99.375,"{'sector': 0.9749999999999999, 'trend': 1.0, 'pos': 1.0, 'mom': 1.0, 'liq': 1.0, 'recog': 1.0}","非涨停组: 趋势结构多头(MA20>MA60且上行), 处于活跃板块[电网设备](当日涨幅分位98%, 板块涨停8家) 距60日高点3.6% 20日涨幅28.1%",板块[电网设备]轮动延续/资金承接,收盘33.43 MA20上方 量比0.76,"次日开盘[-2%,+3%]为观察区间; 收盘站上max(开盘,昨收)视为买点触发",昨收33.43,板块退潮补跌/资金承接不足/持续阴跌,1
2026-03-05,2026-03-06,normal,nlu,600482.SH,中国动力,其他电源设备,98.03125,"{'sector': 0.95125, 'trend': 1.0, 'pos': 1.0, 'mom': 1.0, 'liq': 1.0, 'recog': 0.85}","非涨停组: 趋势结构多头(MA20>MA60且上行), 处于活跃板块[其他电源设备](当日涨幅分位97%, 板块涨停3家) 距60日高点2.5% 20日涨幅29.8%",板块[其他电源设备]轮动延续/资金承接,收盘35.43 MA20上方 量比1.14,"次日开盘[-2%,+3%]为观察区间; 收盘站上max(开盘,昨收)视为买点触发",昨收35.43,板块退潮补跌/资金承接不足/持续阴跌,1
2026-03-06,2026-03-09,normal,lu,605286.SH,同力天启,专用设备,84.25,"{'theme': 0.8, 'ladder': 0.55, 'seal': 1.0, 'time': 1.0, 'liq': 0.6, 'struct': 1.0}",涨停组: 算电协同方向 1板 封单比18.9% 涨停时间09:32 题材内涨停5家 成交2.1亿,算电协同+储能中标+电梯部件,1连板 换手承接量比2.26,"次日竞价与开盘承接: 高开幅度观察区间[-2%,+5%]; 开盘涨幅≤+3%且不破昨收-3%视为买点触发",昨收42.49,高位情绪兑现/次日低开大幅回撤/炸板断板,1
2026-03-06,2026-03-09,normal,lu,600590.SH,泰豪科技,其他电源设备,82.5,"{'theme': 0.6, 'ladder': 0.9, 'seal': 1.0, 'time': 1.0, 'liq': 1.0, 'struct': 0.6}",涨停组: 氢能源方向 2板 封单比49.1% 涨停时间09:30 题材内涨停4家 成交5.0亿,氢能源+军工电源+扭亏为盈,2连板 换手承接量比0.44,"次日竞价与开盘承接: 高开幅度观察区间[-2%,+5%]; 开盘涨幅≤+3%且不破昨收-3%视为买点触发",昨收16.18,高位情绪兑现/次日低开大幅回撤/炸板断板,1
2026-03-06,2026-03-09,normal,nlu,000525.SZ,红太阳,农化制品,98.171875,"{'sector': 0.9568749999999999, 'trend': 1.0, 'pos': 1.0, 'mom': 1.0, 'liq': 1.0, 'recog': 0.85}","非涨停组: 趋势结构多头(MA20>MA60且上行), 处于活跃板块[农化制品](当日涨幅分位98%, 板块涨停3家) 距60日高点2.6% 20日涨幅24.1%",板块[农化制品]轮动延续/资金承接,收盘7.16 MA20上方 量比1.31,"次日开盘[-2%,+3%]为观察区间; 收盘站上max(开盘,昨收)视为买点触发",昨收7.16,板块退潮补跌/资金承接不足/持续阴跌,1
2026-03-06,2026-03-09,normal,nlu,000683.SZ,博源化工,化学原料,97.0703125,"{'sector': 0.9628125, 'trend': 1.0, 'pos': 1.0, 'mom': 1.0, 'liq': 1.0, 'recog': 0.6}","非涨停组: 趋势结构多头(MA20>MA60且上行), 处于活跃板块[化学原料](当日涨幅分位96%, 板块涨停5家) 距60日高点1.8% 20日涨幅10.7%",板块[化学原料]轮动延续/资金承接,收盘9.12 MA20上方 量比0.81,"次日开盘[-2%,+3%]为观察区间; 收盘站上max(开盘,昨收)视为买点触发",昨收9.12,板块退潮补跌/资金承接不足/持续阴跌,1
2026-03-09,2026-03-10,defensive,lu,002575.SZ,群兴玩具,综合,83.75,"{'theme': 0.8, 'ladder': 0.55, 'seal': 1.0, 'time': 0.7, 'liq': 1.0, 'struct': 1.0}",涨停组: 算力租赁方向 1板 封单比25.0% 涨停时间11:06 题材内涨停5家 成交7.6亿,算力租赁+腾讯合作+酒类销售,1连板 换手承接量比1.74,"次日竞价与开盘承接: 高开幅度观察区间[-2%,+5%]; 开盘涨幅≤+3%且不破昨收-3%视为买点触发",昨收8.02,高位情绪兑现/次日低开大幅回撤/炸板断板,1
2026-03-09,2026-03-10,defensive,nlu,002339.SZ,积成电子,电网设备,99.4296875,"{'sector': 0.9771875, 'trend': 1.0, 'pos': 1.0, 'mom': 1.0, 'liq': 1.0, 'recog': 1.0}","非涨停组: 趋势结构多头(MA20>MA60且上行), 处于活跃板块[电网设备](当日涨幅分位96%, 板块涨停7家) 距60日高点2.5% 20日涨幅21.2%",板块[电网设备]轮动延续/资金承接,收盘13.18 MA20上方 量比1.29,"次日开盘[-2%,+3%]为观察区间; 收盘站上max(开盘,昨收)视为买点触发",昨收13.18,板块退潮补跌/资金承接不足/持续阴跌,1
2026-03-09,2026-03-10,defensive,nlu,000155.SZ,川能动力,电力,96.96875,"{'sector': 0.95875, 'trend': 1.0, 'pos': 1.0, 'mom': 1.0, 'liq': 1.0, 'recog': 0.6}","非涨停组: 趋势结构多头(MA20>MA60且上行), 处于活跃板块[电力](当日涨幅分位93%, 板块涨停6家) 距60日高点1.9% 20日涨幅17.5%",板块[电力]轮动延续/资金承接,收盘14.61 MA20上方 量比1.20,"次日开盘[-2%,+3%]为观察区间; 收盘站上max(开盘,昨收)视为买点触发",昨收14.61,板块退潮补跌/资金承接不足/持续阴跌,1
2026-03-10,2026-03-11,normal,lu,603017.SH,中衡设计,建筑装饰,79.25,"{'theme': 0.6, 'ladder': 0.55, 'seal': 1.0, 'time': 1.0, 'liq': 0.6, 'struct': 1.0}",涨停组: 商业航天方向 1板 封单比37.2% 涨停时间09:44 题材内涨停4家 成交1.8亿,商业航天+低空经济+工程设计,1连板 换手承接量比1.25,"次日竞价与开盘承接: 高开幅度观察区间[-2%,+5%]; 开盘涨幅≤+3%且不破昨收-3%视为买点触发",昨收13.48,高位情绪兑现/次日低开大幅回撤/炸板断板,1
2026-03-10,2026-03-11,normal,lu,002025.SZ,航天电器,军工电子,77.25,"{'theme': 0.6, 'ladder': 0.55, 'seal': 0.7, 'time': 1.0, 'liq': 1.0, 'struct': 1.0}",涨停组: 商业航天方向 1板 封单比8.5% 涨停时间09:32 题材内涨停4家 成交15.6亿,商业航天+军工电子+光模块+央企,1连板 换手承接量比1.70,"次日竞价与开盘承接: 高开幅度观察区间[-2%,+5%]; 开盘涨幅≤+3%且不破昨收-3%视为买点触发",昨收56.03,高位情绪兑现/次日低开大幅回撤/炸板断板,1
2026-03-10,2026-03-11,normal,nlu,002815.SZ,崇达技术,元件,97.0703125,"{'sector': 0.9628125000000001, 'trend': 1.0, 'pos': 1.0, 'mom': 1.0, 'liq': 1.0, 'recog': 0.6}","非涨停组: 趋势结构多头(MA20>MA60且上行), 处于活跃板块[元件](当日涨幅分位98%, 板块涨停5家) 距60日高点5.1% 20日涨幅9.3%",板块[元件]轮动延续/资金承接,收盘15.57 MA20上方 量比1.40,"次日开盘[-2%,+3%]为观察区间; 收盘站上max(开盘,昨收)视为买点触发",昨收15.57,板块退潮补跌/资金承接不足/持续阴跌,1
2026-03-10,2026-03-11,normal,nlu,002046.SZ,国机精工,通用设备,95.1953125,"{'sector': 0.8878125, 'trend': 1.0, 'pos': 1.0, 'mom': 1.0, 'liq': 1.0, 'recog': 0.6}","非涨停组: 趋势结构多头(MA20>MA60且上行), 处于活跃板块[通用设备](当日涨幅分位88%, 板块涨停6家) 距60日高点5.3% 20日涨幅12.6%",板块[通用设备]轮动延续/资金承接,收盘52.44 MA20上方 量比0.84,"次日开盘[-2%,+3%]为观察区间; 收盘站上max(开盘,昨收)视为买点触发",昨收52.44,板块退潮补跌/资金承接不足/持续阴跌,1
2026-03-11,2026-03-12,defensive,lu,601868.SH,中国能建,建筑装饰,67.25,"{'theme': 0.2, 'ladder': 0.55, 'seal': 0.7, 'time': 1.0, 'liq': 1.0, 'struct': 1.0}",涨停组: 算电协同方向 1板 封单比12.1% 涨停时间09:42 题材内涨停2家 成交62.9亿,算电协同+氢能+央企,1连板 换手承接量比0.83,"次日竞价与开盘承接: 高开幅度观察区间[-2%,+5%]; 开盘涨幅≤+3%且不破昨收-3%视为买点触发",昨收3.45,高位情绪兑现/次日低开大幅回撤/炸板断板,1
2026-03-11,2026-03-12,defensive,nlu,000683.SZ,博源化工,化学原料,96.5546875,"{'sector': 0.9421875, 'trend': 1.0, 'pos': 1.0, 'mom': 1.0, 'liq': 1.0, 'recog': 0.6}","非涨停组: 趋势结构多头(MA20>MA60且上行), 处于活跃板块[化学原料](当日涨幅分位98%, 板块涨停8家) 距60日高点0.4% 20日涨幅22.2%",板块[化学原料]轮动延续/资金承接,收盘9.47 MA20上方 量比1.27,"次日开盘[-2%,+3%]为观察区间; 收盘站上max(开盘,昨收)视为买点触发",昨收9.47,板块退潮补跌/资金承接不足/持续阴跌,1
2026-03-11,2026-03-12,defensive,nlu,000027.SZ,深圳能源,电力,96.3828125,"{'sector': 0.9353125, 'trend': 1.0, 'pos': 1.0, 'mom': 1.0, 'liq': 1.0, 'recog': 0.6}","非涨停组: 趋势结构多头(MA20>MA60且上行), 处于活跃板块[电力](当日涨幅分位91%, 板块涨停3家) 距60日高点0.1% 20日涨幅9.1%",板块[电力]轮动延续/资金承接,收盘7.12 MA20上方 量比1.62,"次日开盘[-2%,+3%]为观察区间; 收盘站上max(开盘,昨收)视为买点触发",昨收7.12,板块退潮补跌/资金承接不足/持续阴跌,1
2026-03-12,2026-03-13,defensive,lu,000537.SZ,绿发电力,电力,85.0,"{'theme': 0.4, 'ladder': 1.0, 'seal': 1.0, 'time': 1.0, 'liq': 1.0, 'struct': 1.0}",涨停组: 算电协同方向 3板 封单比30.7% 涨停时间09:31 题材内涨停3家 成交9.1亿,算电协同+储能+绿电交易+央企,3连板 换手承接量比1.20,"次日竞价与开盘承接: 高开幅度观察区间[-2%,+5%]; 开盘涨幅≤+3%且不破昨收-3%视为买点触发",昨收12.51,高位情绪兑现/次日低开大幅回撤/炸板断板,1
2026-03-12,2026-03-13,defensive,nlu,002531.SZ,天顺风能,风电设备,98.828125,"{'sector': 0.983125, 'trend': 1.0, 'pos': 1.0, 'mom': 1.0, 'liq': 1.0, 'recog': 0.85}","非涨停组: 趋势结构多头(MA20>MA60且上行), 处于活跃板块[风电设备](当日涨幅分位98%, 板块涨停4家) 距60日高点2.5% 20日涨幅28.3%",板块[风电设备]轮动延续/资金承接,收盘11.29 MA20上方 量比1.36,"次日开盘[-2%,+3%]为观察区间; 收盘站上max(开盘,昨收)视为买点触发",昨收11.29,板块退潮补跌/资金承接不足/持续阴跌,1
2026-03-12,2026-03-13,defensive,nlu,002128.SZ,电投能源,煤炭开采加工,98.6484375,"{'sector': 0.9759375, 'trend': 1.0, 'pos': 1.0, 'mom': 1.0, 'liq': 1.0, 'recog': 0.85}","非涨停组: 趋势结构多头(MA20>MA60且上行), 处于活跃板块[煤炭开采加工](当日涨幅分位98%, 板块涨停4家) 距60日高点1.7% 20日涨幅18.9%",板块[煤炭开采加工]轮动延续/资金承接,收盘33.34 MA20上方 量比1.05,"次日开盘[-2%,+3%]为观察区间; 收盘站上max(开盘,昨收)视为买点触发",昨收33.34,板块退潮补跌/资金承接不足/持续阴跌,1
2026-03-13,2026-03-16,defensive,lu,603803.SH,瑞斯康达,通信设备,65.0,"{'theme': 0.2, 'ladder': 0.55, 'seal': 0.7, 'time': 0.85, 'liq': 1.0, 'struct': 1.0}",涨停组: CPO方向 1板 封单比9.1% 涨停时间09:53 题材内涨停2家 成交10.2亿,CPO+智算中心+高速光模块,1连板 换手承接量比1.44,"次日竞价与开盘承接: 高开幅度观察区间[-2%,+5%]; 开盘涨幅≤+3%且不破昨收-3%视为买点触发",昨收13.75,高位情绪兑现/次日低开大幅回撤/炸板断板,1
2026-03-13,2026-03-16,defensive,nlu,600072.SH,中船科技,风电设备,97.6875,"{'sector': 0.9874999999999999, 'trend': 1.0, 'pos': 1.0, 'mom': 1.0, 'liq': 1.0, 'recog': 0.6}","非涨停组: 趋势结构多头(MA20>MA60且上行), 处于活跃板块[风电设备](当日涨幅分位98%, 板块涨停5家) 距60日高点2.5% 20日涨幅5.1%",板块[风电设备]轮动延续/资金承接,收盘13.51 MA20上方 量比2.04,"次日开盘[-2%,+3%]为观察区间; 收盘站上max(开盘,昨收)视为买点触发",昨收13.51,板块退潮补跌/资金承接不足/持续阴跌,1
2026-03-13,2026-03-16,defensive,nlu,000422.SZ,湖北宜化,农化制品,97.0234375,"{'sector': 0.9609374999999999, 'trend': 1.0, 'pos': 1.0, 'mom': 1.0, 'liq': 1.0, 'recog': 0.6}","非涨停组: 趋势结构多头(MA20>MA60且上行), 处于活跃板块[农化制品](当日涨幅分位97%, 板块涨停3家) 距60日高点4.0% 20日涨幅28.0%",板块[农化制品]轮动延续/资金承接,收盘19.03 MA20上方 量比1.04,"次日开盘[-2%,+3%]为观察区间; 收盘站上max(开盘,昨收)视为买点触发",昨收19.03,板块退潮补跌/资金承接不足/持续阴跌,1
2026-03-16,2026-03-17,normal,lu,600667.SH,太极实业,建筑装饰,56.75,"{'theme': 0.2, 'ladder': 0.55, 'seal': 0.4, 'time': 0.7, 'liq': 1.0, 'struct': 1.0}",涨停组: 存储芯片方向 1板 封单比7.7% 涨停时间11:24 题材内涨停2家 成交23.9亿,存储芯片+先进封装+SK海力士+国企,1连板 换手承接量比1.28,"次日竞价与开盘承接: 高开幅度观察区间[-2%,+5%]; 开盘涨幅≤+3%且不破昨收-3%视为买点触发",昨收11.26,高位情绪兑现/次日低开大幅回撤/炸板断板,1
2026-03-16,2026-03-17,normal,nlu,000823.SZ,超声电子,元件,97.515625,"{'sector': 0.980625, 'trend': 1.0, 'pos': 1.0, 'mom': 1.0, 'liq': 1.0, 'recog': 0.6}","非涨停组: 趋势结构多头(MA20>MA60且上行), 处于活跃板块[元件](当日涨幅分位98%, 板块涨停3家) 距60日高点3.3% 20日涨幅16.7%",板块[元件]轮动延续/资金承接,收盘16.05 MA20上方 量比1.41,"次日开盘[-2%,+3%]为观察区间; 收盘站上max(开盘,昨收)视为买点触发",昨收16.05,板块退潮补跌/资金承接不足/持续阴跌,1
2026-03-16,2026-03-17,normal,nlu,600527.SH,江南高纤,化学纤维,94.515625,"{'sector': 0.8106249999999999, 'trend': 1.0, 'pos': 1.0, 'mom': 1.0, 'liq': 1.0, 'recog': 0.85}","非涨停组: 趋势结构多头(MA20>MA60且上行), 处于活跃板块[化学纤维](当日涨幅分位83%, 板块涨停2家) 距60日高点4.8% 20日涨幅14.0%",板块[化学纤维]轮动延续/资金承接,收盘2.57 MA20上方 量比1.12,"次日开盘[-2%,+3%]为观察区间; 收盘站上max(开盘,昨收)视为买点触发",昨收2.57,板块退潮补跌/资金承接不足/持续阴跌,1
2026-03-17,2026-03-18,defensive,lu,002150.SZ,正泰电源,光伏设备,68.75,"{'theme': 0.2, 'ladder': 0.55, 'seal': 1.0, 'time': 0.7, 'liq': 1.0, 'struct': 1.0}",涨停组: 光伏设备方向 1板 封单比16.2% 涨停时间10:55 题材内涨停2家 成交9.5亿,光伏设备+储能一体机+外销,1连板 换手承接量比0.89,"次日竞价与开盘承接: 高开幅度观察区间[-2%,+5%]; 开盘涨幅≤+3%且不破昨收-3%视为买点触发",昨收34.87,高位情绪兑现/次日低开大幅回撤/炸板断板,1
2026-03-17,2026-03-18,defensive,nlu,600527.SH,江南高纤,化学纤维,98.921875,"{'sector': 0.986875, 'trend': 1.0, 'pos': 1.0, 'mom': 1.0, 'liq': 1.0, 'recog': 0.85}","非涨停组: 趋势结构多头(MA20>MA60且上行), 处于活跃板块[化学纤维](当日涨幅分位98%, 板块涨停3家) 距60日高点1.8% 20日涨幅16.0%",板块[化学纤维]轮动延续/资金承接,收盘2.65 MA20上方 量比1.06,"次日开盘[-2%,+3%]为观察区间; 收盘站上max(开盘,昨收)视为买点触发",昨收2.65,板块退潮补跌/资金承接不足/持续阴跌,1
2026-03-17,2026-03-18,defensive,nlu,001258.SZ,立新能源,电力,93.8671875,"{'sector': 0.8346875, 'trend': 1.0, 'pos': 1.0, 'mom': 1.0, 'liq': 1.0, 'recog': 0.6}","非涨停组: 趋势结构多头(MA20>MA60且上行), 处于活跃板块[电力](当日涨幅分位79%, 板块涨停4家) 距60日高点7.3% 20日涨幅25.4%",板块[电力]轮动延续/资金承接,收盘9.58 MA20上方 量比0.97,"次日开盘[-2%,+3%]为观察区间; 收盘站上max(开盘,昨收)视为买点触发",昨收9.58,板块退潮补跌/资金承接不足/持续阴跌,1
2026-03-18,2026-03-19,normal,lu,600666.SH,奥瑞德,IT服务,77.25,"{'theme': 0.6, 'ladder': 0.55, 'seal': 0.7, 'time': 1.0, 'liq': 1.0, 'struct': 1.0}",涨停组: 算力租赁方向 1板 封单比11.6% 涨停时间09:33 题材内涨停4家 成交10.6亿,算力租赁+年报预增+蓝宝石,1连板 换手承接量比1.01,"次日竞价与开盘承接: 高开幅度观察区间[-2%,+5%]; 开盘涨幅≤+3%且不破昨收-3%视为买点触发",昨收4.44,高位情绪兑现/次日低开大幅回撤/炸板断板,1
2026-03-18,2026-03-19,normal,lu,603912.SH,佳力图,通用设备,76.0,"{'theme': 0.4, 'ladder': 0.55, 'seal': 1.0, 'time': 0.85, 'liq': 1.0, 'struct': 1.0}",涨停组: 液冷方向 1板 封单比18.6% 涨停时间09:51 题材内涨停3家 成交4.6亿,液冷+算力+东数西算,1连板 换手承接量比1.08,"次日竞价与开盘承接: 高开幅度观察区间[-2%,+5%]; 开盘涨幅≤+3%且不破昨收-3%视为买点触发",昨收10.24,高位情绪兑现/次日低开大幅回撤/炸板断板,1
2026-03-18,2026-03-19,normal,nlu,002929.SZ,润建股份,通信服务,96.8515625,"{'sector': 0.9540624999999999, 'trend': 1.0, 'pos': 1.0, 'mom': 1.0, 'liq': 1.0, 'recog': 0.6}","非涨停组: 趋势结构多头(MA20>MA60且上行), 处于活跃板块[通信服务](当日涨幅分位100%, 板块涨停5家) 距60日高点5.8% 20日涨幅6.3%",板块[通信服务]轮动延续/资金承接,收盘51.30 MA20上方 量比0.94,"次日开盘[-2%,+3%]为观察区间; 收盘站上max(开盘,昨收)视为买点触发",昨收51.30,板块退潮补跌/资金承接不足/持续阴跌,1
2026-03-18,2026-03-19,normal,nlu,000823.SZ,超声电子,元件,96.6328125,"{'sector': 0.9453125, 'trend': 1.0, 'pos': 1.0, 'mom': 1.0, 'liq': 1.0, 'recog': 0.6}","非涨停组: 趋势结构多头(MA20>MA60且上行), 处于活跃板块[元件](当日涨幅分位97%, 板块涨停3家) 距60日高点2.9% 20日涨幅10.2%",板块[元件]轮动延续/资金承接,收盘16.13 MA20上方 量比1.42,"次日开盘[-2%,+3%]为观察区间; 收盘站上max(开盘,昨收)视为买点触发",昨收16.13,板块退潮补跌/资金承接不足/持续阴跌,1
2026-03-19,2026-03-20,defensive,lu,600666.SH,奥瑞德,IT服务,88.5,"{'theme': 0.6, 'ladder': 0.9, 'seal': 1.0, 'time': 1.0, 'liq': 1.0, 'struct': 1.0}",涨停组: 算力租赁方向 2板 封单比15.5% 涨停时间09:33 题材内涨停4家 成交13.5亿,算力租赁+年报预增+蓝宝石,2连板 换手承接量比1.25,"次日竞价与开盘承接: 高开幅度观察区间[-2%,+5%]; 开盘涨幅≤+3%且不破昨收-3%视为买点触发",昨收4.88,高位情绪兑现/次日低开大幅回撤/炸板断板,1
2026-03-19,2026-03-20,defensive,nlu,600803.SH,新奥股份,燃气,98.890625,"{'sector': 0.985625, 'trend': 1.0, 'pos': 1.0, 'mom': 1.0, 'liq': 1.0, 'recog': 0.85}","非涨停组: 趋势结构多头(MA20>MA60且上行), 处于活跃板块[燃气](当日涨幅分位99%, 板块涨停3家) 距60日高点6.3% 20日涨幅17.6%",板块[燃气]轮动延续/资金承接,收盘21.69 MA20上方 量比1.39,"次日开盘[-2%,+3%]为观察区间; 收盘站上max(开盘,昨收)视为买点触发",昨收21.69,板块退潮补跌/资金承接不足/持续阴跌,1
2026-03-19,2026-03-20,defensive,nlu,001286.SZ,陕西能源,电力,94.84375,"{'sector': 0.87375, 'trend': 1.0, 'pos': 1.0, 'mom': 1.0, 'liq': 1.0, 'recog': 0.6}","非涨停组: 趋势结构多头(MA20>MA60且上行), 处于活跃板块[电力](当日涨幅分位96%, 板块涨停6家) 距60日高点2.0% 20日涨幅14.9%",板块[电力]轮动延续/资金承接,收盘11.09 MA20上方 量比1.55,"次日开盘[-2%,+3%]为观察区间; 收盘站上max(开盘,昨收)视为买点触发",昨收11.09,板块退潮补跌/资金承接不足/持续阴跌,1
2026-03-20,2026-03-23,defensive,lu,002150.SZ,正泰电源,光伏设备,73.25,"{'theme': 0.2, 'ladder': 0.55, 'seal': 1.0, 'time': 1.0, 'liq': 1.0, 'struct': 1.0}",涨停组: 光伏设备方向 1板 封单比16.4% 涨停时间09:37 题材内涨停2家 成交10.3亿,光伏设备+储能一体机+外销,1连板 换手承接量比0.87,"次日竞价与开盘承接: 高开幅度观察区间[-2%,+5%]; 开盘涨幅≤+3%且不破昨收-3%视为买点触发",昨收34.88,高位情绪兑现/次日低开大幅回撤/炸板断板,1
2026-03-20,2026-03-23,defensive,nlu,000037.SZ,深南电A,电力,97.0625,"{'sector': 0.9625, 'trend': 1.0, 'pos': 1.0, 'mom': 1.0, 'liq': 1.0, 'recog': 0.6}","非涨停组: 趋势结构多头(MA20>MA60且上行), 处于活跃板块[电力](当日涨幅分位94%, 板块涨停6家) 距60日高点7.1% 20日涨幅8.0%",板块[电力]轮动延续/资金承接,收盘10.37 MA20上方 量比1.65,"次日开盘[-2%,+3%]为观察区间; 收盘站上max(开盘,昨收)视为买点触发",昨收10.37,板块退潮补跌/资金承接不足/持续阴跌,1
2026-03-20,2026-03-23,defensive,nlu,002459.SZ,晶澳科技,光伏设备,93.3125,"{'sector': 0.9925, 'trend': 1.0, 'pos': 1.0, 'mom': 0.7, 'liq': 1.0, 'recog': 0.6}","非涨停组: 趋势结构多头(MA20>MA60且上行), 处于活跃板块[光伏设备](当日涨幅分位99%, 板块涨停5家) 距60日高点5.2% 20日涨幅4.4%",板块[光伏设备]轮动延续/资金承接,收盘12.70 MA20上方 量比1.35,"次日开盘[-2%,+3%]为观察区间; 收盘站上max(开盘,昨收)视为买点触发",昨收12.70,板块退潮补跌/资金承接不足/持续阴跌,1
2026-03-23,2026-03-24,defensive,lu,600396.SH,华电辽能,电力,66.5,"{'theme': 0.2, 'ladder': 0.6, 'seal': 1.0, 'time': 1.0, 'liq': 1.0, 'struct': 0.5}",涨停组: 绿电方向 6板 封单比15.9% 涨停时间09:30 题材内涨停2家 成交11.5亿,绿电+氢能+央企,6连板 换手承接量比0.85,"次日竞价与开盘承接: 高开幅度观察区间[-2%,+5%]; 开盘涨幅≤+3%且不破昨收-3%视为买点触发",昨收6.89,高位情绪兑现/次日低开大幅回撤/炸板断板,1
2026-03-23,2026-03-24,defensive,nlu,002256.SZ,兆新股份,电力,99.21875,"{'sector': 0.9687499999999999, 'trend': 1.0, 'pos': 1.0, 'mom': 1.0, 'liq': 1.0, 'recog': 1.0}","非涨停组: 趋势结构多头(MA20>MA60且上行), 处于活跃板块[电力](当日涨幅分位95%, 板块涨停7家) 距60日高点5.6% 20日涨幅28.3%",板块[电力]轮动延续/资金承接,收盘4.53 MA20上方 量比1.69,"次日开盘[-2%,+3%]为观察区间; 收盘站上max(开盘,昨收)视为买点触发",昨收4.53,板块退潮补跌/资金承接不足/持续阴跌,1
2026-03-23,2026-03-24,defensive,nlu,601015.SH,陕西黑猫,煤炭开采加工,97.234375,"{'sector': 0.889375, 'trend': 1.0, 'pos': 1.0, 'mom': 1.0, 'liq': 1.0, 'recog': 1.0}","非涨停组: 趋势结构多头(MA20>MA60且上行), 处于活跃板块[煤炭开采加工](当日涨幅分位99%, 板块涨停2家) 距60日高点6.5% 20日涨幅23.6%",板块[煤炭开采加工]轮动延续/资金承接,收盘5.50 MA20上方 量比1.39,"次日开盘[-2%,+3%]为观察区间; 收盘站上max(开盘,昨收)视为买点触发",昨收5.50,板块退潮补跌/资金承接不足/持续阴跌,1
2026-03-24,2026-03-25,aggressive,lu,600396.SH,华电辽能,电力,78.0,"{'theme': 0.6, 'ladder': 0.6, 'seal': 0.7, 'time': 1.0, 'liq': 1.0, 'struct': 1.0}",涨停组: 绿电方向 7板 封单比8.1% 涨停时间09:38 题材内涨停4家 成交17.4亿,绿电+氢能+央企,7连板 换手承接量比1.13,"次日竞价与开盘承接: 高开幅度观察区间[-2%,+5%]; 开盘涨幅≤+3%且不破昨收-3%视为买点触发",昨收7.58,高位情绪兑现/次日低开大幅回撤/炸板断板,1
2026-03-24,2026-03-25,aggressive,lu,601606.SH,长城军工,军工装备,71.0,"{'theme': 0.2, 'ladder': 0.55, 'seal': 1.0, 'time': 0.85, 'liq': 1.0, 'struct': 1.0}",涨停组: 兵装重组方向 1板 封单比31.0% 涨停时间09:53 题材内涨停2家 成交9.3亿,兵装重组+弹药装备+扭亏+央企,1连板 换手承接量比1.43,"次日竞价与开盘承接: 高开幅度观察区间[-2%,+5%]; 开盘涨幅≤+3%且不破昨收-3%视为买点触发",昨收39.34,高位情绪兑现/次日低开大幅回撤/炸板断板,1
2026-03-24,2026-03-25,aggressive,nlu,600468.SH,百利电气,电网设备,97.7578125,"{'sector': 0.9103125, 'trend': 1.0, 'pos': 1.0, 'mom': 1.0, 'liq': 1.0, 'recog': 1.0}","非涨停组: 趋势结构多头(MA20>MA60且上行), 处于活跃板块[电网设备](当日涨幅分位88%, 板块涨停6家) 距60日高点0.5% 20日涨幅24.6%",板块[电网设备]轮动延续/资金承接,收盘9.42 MA20上方 量比1.17,"次日开盘[-2%,+3%]为观察区间; 收盘站上max(开盘,昨收)视为买点触发",昨收9.42,板块退潮补跌/资金承接不足/持续阴跌,1
2026-03-24,2026-03-25,aggressive,nlu,000027.SZ,深圳能源,电力,97.625,"{'sector': 0.985, 'trend': 1.0, 'pos': 1.0, 'mom': 1.0, 'liq': 1.0, 'recog': 0.6}","非涨停组: 趋势结构多头(MA20>MA60且上行), 处于活跃板块[电力](当日涨幅分位98%, 板块涨停13家) 距60日高点1.9% 20日涨幅8.5%",板块[电力]轮动延续/资金承接,收盘7.14 MA20上方 量比1.40,"次日开盘[-2%,+3%]为观察区间; 收盘站上max(开盘,昨收)视为买点触发",昨收7.14,板块退潮补跌/资金承接不足/持续阴跌,1
2026-03-25,2026-03-26,aggressive,lu,600396.SH,华电辽能,电力,78.0,"{'theme': 0.6, 'ladder': 0.6, 'seal': 1.0, 'time': 1.0, 'liq': 1.0, 'struct': 0.6}",涨停组: 绿电方向 8板 封单比26.1% 涨停时间09:33 题材内涨停4家 成交8.2亿,绿电+氢能+央企,8连板 换手承接量比0.46,"次日竞价与开盘承接: 高开幅度观察区间[-2%,+5%]; 开盘涨幅≤+3%且不破昨收-3%视为买点触发",昨收8.34,高位情绪兑现/次日低开大幅回撤/炸板断板,1
2026-03-25,2026-03-26,aggressive,lu,000601.SZ,韶能股份,电力,77.5,"{'theme': 0.4, 'ladder': 0.9, 'seal': 0.7, 'time': 1.0, 'liq': 1.0, 'struct': 1.0}",涨停组: 算电协同方向 2板 封单比8.3% 涨停时间09:30 题材内涨停3家 成交20.4亿,算电协同+储能+生物质发电,2连板 换手承接量比1.18,"次日竞价与开盘承接: 高开幅度观察区间[-2%,+5%]; 开盘涨幅≤+3%且不破昨收-3%视为买点触发",昨收8.87,高位情绪兑现/次日低开大幅回撤/炸板断板,1
2026-03-25,2026-03-26,aggressive,nlu,002256.SZ,兆新股份,电力,99.328125,"{'sector': 0.9731249999999999, 'trend': 1.0, 'pos': 1.0, 'mom': 1.0, 'liq': 1.0, 'recog': 1.0}","非涨停组: 趋势结构多头(MA20>MA60且上行), 处于活跃板块[电力](当日涨幅分位95%, 板块涨停14家) 距60日高点5.6% 20日涨幅25.3%",板块[电力]轮动延续/资金承接,收盘4.76 MA20上方 量比1.09,"次日开盘[-2%,+3%]为观察区间; 收盘站上max(开盘,昨收)视为买点触发",昨收4.76,板块退潮补跌/资金承接不足/持续阴跌,1
2026-03-25,2026-03-26,aggressive,nlu,603421.SH,鼎信通讯,通信设备,97.9453125,"{'sector': 0.9478125000000001, 'trend': 1.0, 'pos': 1.0, 'mom': 1.0, 'liq': 1.0, 'recog': 0.85}","非涨停组: 趋势结构多头(MA20>MA60且上行), 处于活跃板块[通信设备](当日涨幅分位95%, 板块涨停8家) 距60日高点7.4% 20日涨幅29.9%",板块[通信设备]轮动延续/资金承接,收盘10.52 MA20上方 量比1.22,"次日开盘[-2%,+3%]为观察区间; 收盘站上max(开盘,昨收)视为买点触发",昨收10.52,板块退潮补跌/资金承接不足/持续阴跌,1
2026-03-26,2026-03-27,defensive,lu,000037.SZ,深南电A,电力,62.75,"{'theme': 0.2, 'ladder': 0.55, 'seal': 0.7, 'time': 0.7, 'liq': 1.0, 'struct': 1.0}",涨停组: 电力方向 1板 封单比11.0% 涨停时间11:15 题材内涨停2家 成交7.9亿,电力+储能+业绩预增,1连板 换手承接量比1.16,"次日竞价与开盘承接: 高开幅度观察区间[-2%,+5%]; 开盘涨幅≤+3%且不破昨收-3%视为买点触发",昨收11.99,高位情绪兑现/次日低开大幅回撤/炸板断板,1
2026-03-26,2026-03-27,defensive,nlu,000690.SZ,宝新能源,电力,97.2734375,"{'sector': 0.9209375, 'trend': 1.0, 'pos': 1.0, 'mom': 1.0, 'liq': 1.0, 'recog': 0.85}","非涨停组: 趋势结构多头(MA20>MA60且上行), 处于活跃板块[电力](当日涨幅分位85%, 板块涨停7家) 距60日高点6.5% 20日涨幅27.2%",板块[电力]轮动延续/资金承接,收盘5.55 MA20上方 量比1.93,"次日开盘[-2%,+3%]为观察区间; 收盘站上max(开盘,昨收)视为买点触发",昨收5.55,板块退潮补跌/资金承接不足/持续阴跌,1
2026-03-26,2026-03-27,defensive,nlu,600792.SH,云煤能源,煤炭开采加工,94.1015625,"{'sector': 0.7640625000000001, 'trend': 1.0, 'pos': 1.0, 'mom': 1.0, 'liq': 1.0, 'recog': 1.0}","非涨停组: 趋势结构多头(MA20>MA60且上行), 处于活跃板块[煤炭开采加工](当日涨幅分位95%, 板块涨停1家) 距60日高点2.8% 20日涨幅10.5%",板块[煤炭开采加工]轮动延续/资金承接,收盘5.28 MA20上方 量比1.28,"次日开盘[-2%,+3%]为观察区间; 收盘站上max(开盘,昨收)视为买点触发",昨收5.28,板块退潮补跌/资金承接不足/持续阴跌,1
2026-03-27,2026-03-30,aggressive,lu,600488.SH,津药药业,化学制药,81.0,"{'theme': 1.0, 'ladder': 0.55, 'seal': 0.7, 'time': 0.85, 'liq': 0.6, 'struct': 1.0}",涨停组: 创新药方向 1板 封单比14.9% 涨停时间10:19 题材内涨停7家 成交1.7亿,创新药+皮质激素+出口,1连板 换手承接量比2.43,"次日竞价与开盘承接: 高开幅度观察区间[-2%,+5%]; 开盘涨幅≤+3%且不破昨收-3%视为买点触发",昨收4.33,高位情绪兑现/次日低开大幅回撤/炸板断板,1
2026-03-27,2026-03-30,aggressive,lu,002755.SZ,奥赛康,化学制药,79.75,"{'theme': 1.0, 'ladder': 0.55, 'seal': 0.7, 'time': 0.5, 'liq': 1.0, 'struct': 1.0}",涨停组: 创新药方向 1板 封单比12.1% 涨停时间13:03 题材内涨停7家 成交4.0亿,创新药+AN9025+肿瘤管线,1连板 换手承接量比2.24,"次日竞价与开盘承接: 高开幅度观察区间[-2%,+5%]; 开盘涨幅≤+3%且不破昨收-3%视为买点触发",昨收15.39,高位情绪兑现/次日低开大幅回撤/炸板断板,1
2026-03-27,2026-03-30,aggressive,nlu,000990.SZ,诚志股份,化学原料,97.5625,"{'sector': 0.9325000000000001, 'trend': 1.0, 'pos': 1.0, 'mom': 1.0, 'liq': 1.0, 'recog': 0.85}","非涨停组: 趋势结构多头(MA20>MA60且上行), 处于活跃板块[化学原料](当日涨幅分位91%, 板块涨停4家) 距60日高点7.7% 20日涨幅17.0%",板块[化学原料]轮动延续/资金承接,收盘7.44 MA20上方 量比1.06,"次日开盘[-2%,+3%]为观察区间; 收盘站上max(开盘,昨收)视为买点触发",昨收7.44,板块退潮补跌/资金承接不足/持续阴跌,1
2026-03-27,2026-03-30,aggressive,nlu,002580.SZ,圣阳股份,电池,96.28125,"{'sector': 0.93125, 'trend': 1.0, 'pos': 1.0, 'mom': 1.0, 'liq': 1.0, 'recog': 0.6}","非涨停组: 趋势结构多头(MA20>MA60且上行), 处于活跃板块[电池](当日涨幅分位88%, 板块涨停4家) 距60日高点4.2% 20日涨幅19.9%",板块[电池]轮动延续/资金承接,收盘16.24 MA20上方 量比1.30,"次日开盘[-2%,+3%]为观察区间; 收盘站上max(开盘,昨收)视为买点触发",昨收16.24,板块退潮补跌/资金承接不足/持续阴跌,1
2026-03-30,2026-03-31,normal,lu,600488.SH,津药药业,化学制药,83.5,"{'theme': 0.4, 'ladder': 0.9, 'seal': 1.0, 'time': 1.0, 'liq': 1.0, 'struct': 1.0}",涨停组: 创新药方向 2板 封单比16.2% 涨停时间09:31 题材内涨停3家 成交3.3亿,创新药+原料药+出口,2连板 换手承接量比2.61,"次日竞价与开盘承接: 高开幅度观察区间[-2%,+5%]; 开盘涨幅≤+3%且不破昨收-3%视为买点触发",昨收4.76,高位情绪兑现/次日低开大幅回撤/炸板断板,1
2026-03-30,2026-03-31,normal,lu,002361.SZ,神剑股份,塑料制品,81.75,"{'theme': 0.6, 'ladder': 1.0, 'seal': 0.7, 'time': 0.85, 'liq': 1.0, 'struct': 1.0}",涨停组: 商业航天方向 3板 封单比8.6% 涨停时间10:29 题材内涨停4家 成交33.1亿,商业航天+无人机+聚酯树脂+地方国资,3连板 换手承接量比1.50,"次日竞价与开盘承接: 高开幅度观察区间[-2%,+5%]; 开盘涨幅≤+3%且不破昨收-3%视为买点触发",昨收15.0,高位情绪兑现/次日低开大幅回撤/炸板断板,1
2026-03-30,2026-03-31,normal,nlu,603876.SH,鼎胜新材,工业金属,98.78125,"{'sector': 0.98125, 'trend': 1.0, 'pos': 1.0, 'mom': 1.0, 'liq': 1.0, 'recog': 0.85}","非涨停组: 趋势结构多头(MA20>MA60且上行), 处于活跃板块[工业金属](当日涨幅分位98%, 板块涨停6家) 距60日高点2.8% 20日涨幅16.6%",板块[工业金属]轮动延续/资金承接,收盘23.17 MA20上方 量比1.29,"次日开盘[-2%,+3%]为观察区间; 收盘站上max(开盘,昨收)视为买点触发",昨收23.17,板块退潮补跌/资金承接不足/持续阴跌,1
2026-03-30,2026-03-31,normal,nlu,002294.SZ,信立泰,化学制药,96.1953125,"{'sector': 0.8778124999999999, 'trend': 1.0, 'pos': 1.0, 'mom': 1.0, 'liq': 1.0, 'recog': 0.85}","非涨停组: 趋势结构多头(MA20>MA60且上行), 处于活跃板块[化学制药](当日涨幅分位78%, 板块涨停6家) 距60日高点1.3% 20日涨幅29.3%",板块[化学制药]轮动延续/资金承接,收盘62.10 MA20上方 量比1.51,"次日开盘[-2%,+3%]为观察区间; 收盘站上max(开盘,昨收)视为买点触发",昨收62.10,板块退潮补跌/资金承接不足/持续阴跌,1
2026-03-31,2026-04-01,defensive,lu,600502.SH,安徽建工,建筑装饰,85.25,"{'theme': 0.8, 'ladder': 0.9, 'seal': 0.7, 'time': 0.85, 'liq': 1.0, 'struct': 1.0}",涨停组: 年报增长方向 2板 封单比8.7% 涨停时间10:09 题材内涨停5家 成交9.5亿,年报增长+基建龙头+低空经济+国企改革,2连板 换手承接量比2.77,"次日竞价与开盘承接: 高开幅度观察区间[-2%,+5%]; 开盘涨幅≤+3%且不破昨收-3%视为买点触发",昨收5.63,高位情绪兑现/次日低开大幅回撤/炸板断板,1
2026-03-31,2026-04-01,defensive,nlu,603787.SH,新日股份,汽车服务及其他,95.90625,"{'sector': 0.86625, 'trend': 1.0, 'pos': 1.0, 'mom': 1.0, 'liq': 1.0, 'recog': 0.85}","非涨停组: 趋势结构多头(MA20>MA60且上行), 处于活跃板块[汽车服务及其他](当日涨幅分位98%, 板块涨停2家) 距60日高点3.2% 20日涨幅25.8%",板块[汽车服务及其他]轮动延续/资金承接,收盘16.40 MA20上方 量比1.15,"次日开盘[-2%,+3%]为观察区间; 收盘站上max(开盘,昨收)视为买点触发",昨收16.40,板块退潮补跌/资金承接不足/持续阴跌,1
2026-03-31,2026-04-01,defensive,nlu,002594.SZ,比亚迪,汽车整车,92.5078125,"{'sector': 0.7303124999999999, 'trend': 1.0, 'pos': 1.0, 'mom': 1.0, 'liq': 1.0, 'recog': 0.85}","非涨停组: 趋势结构多头(MA20>MA60且上行), 处于活跃板块[汽车整车](当日涨幅分位97%, 板块涨停1家) 距60日高点5.9% 20日涨幅10.5%",板块[汽车整车]轮动延续/资金承接,收盘104.86 MA20上方 量比0.85,"次日开盘[-2%,+3%]为观察区间; 收盘站上max(开盘,昨收)视为买点触发",昨收104.86,板块退潮补跌/资金承接不足/持续阴跌,1
2026-04-01,2026-04-02,normal,lu,000788.SZ,北大医药,化学制药,83.75,"{'theme': 0.8, 'ladder': 0.55, 'seal': 1.0, 'time': 0.7, 'liq': 1.0, 'struct': 1.0}",涨停组: 创新药方向 1板 封单比24.5% 涨停时间10:36 题材内涨停5家 成交4.2亿,创新药+右酮洛芬+抗感染镇痛+原料药获上市批件,1连板 换手承接量比2.74,"次日竞价与开盘承接: 高开幅度观察区间[-2%,+5%]; 开盘涨幅≤+3%且不破昨收-3%视为买点触发",昨收6.56,高位情绪兑现/次日低开大幅回撤/炸板断板,1
2026-04-01,2026-04-02,normal,lu,600488.SH,津药药业,化学制药,82.0,"{'theme': 0.8, 'ladder': 0.8, 'seal': 1.0, 'time': 1.0, 'liq': 0.6, 'struct': 0.6}",涨停组: 创新药方向 4板 封单比87.0% 涨停时间09:30 题材内涨停5家 成交2.1亿,创新药+原料药+出口,4连板 换手承接量比0.76,"次日竞价与开盘承接: 高开幅度观察区间[-2%,+5%]; 开盘涨幅≤+3%且不破昨收-3%视为买点触发",昨收5.76,高位情绪兑现/次日低开大幅回撤/炸板断板,1
2026-04-01,2026-04-02,normal,nlu,002422.SZ,科伦药业,化学制药,98.953125,"{'sector': 0.9881249999999999, 'trend': 1.0, 'pos': 1.0, 'mom': 1.0, 'liq': 1.0, 'recog': 0.85}","非涨停组: 趋势结构多头(MA20>MA60且上行), 处于活跃板块[化学制药](当日涨幅分位98%, 板块涨停6家) 距60日高点0.7% 20日涨幅23.9%",板块[化学制药]轮动延续/资金承接,收盘35.69 MA20上方 量比1.38,"次日开盘[-2%,+3%]为观察区间; 收盘站上max(开盘,昨收)视为买点触发",昨收35.69,板块退潮补跌/资金承接不足/持续阴跌,1
2026-04-01,2026-04-02,normal,nlu,600867.SH,通化东宝,生物制品,96.4453125,"{'sector': 0.8878125, 'trend': 1.0, 'pos': 1.0, 'mom': 1.0, 'liq': 1.0, 'recog': 0.85}","非涨停组: 趋势结构多头(MA20>MA60且上行), 处于活跃板块[生物制品](当日涨幅分位98%, 板块涨停2家) 距60日高点1.8% 20日涨幅10.4%",板块[生物制品]轮动延续/资金承接,收盘9.24 MA20上方 量比1.26,"次日开盘[-2%,+3%]为观察区间; 收盘站上max(开盘,昨收)视为买点触发",昨收9.24,板块退潮补跌/资金承接不足/持续阴跌,1
2026-04-02,2026-04-03,defensive,lu,000788.SZ,北大医药,化学制药,71.5,"{'theme': 0.4, 'ladder': 0.9, 'seal': 0.4, 'time': 1.0, 'liq': 1.0, 'struct': 1.0}",涨停组: 创新药方向 2板 封单比7.8% 涨停时间09:30 题材内涨停3家 成交9.9亿,创新药+右酮洛芬+帕利哌酮获批,2连板 换手承接量比2.77,"次日竞价与开盘承接: 高开幅度观察区间[-2%,+5%]; 开盘涨幅≤+3%且不破昨收-3%视为买点触发",昨收7.22,高位情绪兑现/次日低开大幅回撤/炸板断板,1
2026-04-02,2026-04-03,defensive,nlu,002422.SZ,科伦药业,化学制药,97.1796875,"{'sector': 0.9671875, 'trend': 1.0, 'pos': 1.0, 'mom': 1.0, 'liq': 1.0, 'recog': 0.6}","非涨停组: 趋势结构多头(MA20>MA60且上行), 处于活跃板块[化学制药](当日涨幅分位94%, 板块涨停3家) 距60日高点1.5% 20日涨幅20.0%",板块[化学制药]轮动延续/资金承接,收盘35.84 MA20上方 量比0.90,"次日开盘[-2%,+3%]为观察区间; 收盘站上max(开盘,昨收)视为买点触发",昨收35.84,板块退潮补跌/资金承接不足/持续阴跌,1
2026-04-02,2026-04-03,defensive,nlu,002460.SZ,赣锋锂业,能源金属,93.140625,"{'sector': 0.725625, 'trend': 1.0, 'pos': 1.0, 'mom': 1.0, 'liq': 1.0, 'recog': 1.0}","非涨停组: 趋势结构多头(MA20>MA60且上行), 处于活跃板块[能源金属](当日涨幅分位92%, 板块涨停1家) 距60日高点2.3% 20日涨幅19.1%",板块[能源金属]轮动延续/资金承接,收盘79.70 MA20上方 量比0.93,"次日开盘[-2%,+3%]为观察区间; 收盘站上max(开盘,昨收)视为买点触发",昨收79.70,板块退潮补跌/资金承接不足/持续阴跌,1
2026-04-03,2026-04-07,defensive,lu,002792.SZ,通宇通讯,通信设备,66.25,"{'theme': 0.4, 'ladder': 0.55, 'seal': 0.4, 'time': 1.0, 'liq': 1.0, 'struct': 1.0}",涨停组: 光模块方向 1板 封单比6.1% 涨停时间09:31 题材内涨停3家 成交28.6亿,光模块+卫星通信+商业航天+基站天线,1连板 换手承接量比1.11,"次日竞价与开盘承接: 高开幅度观察区间[-2%,+5%]; 开盘涨幅≤+3%且不破昨收-3%视为买点触发",昨收45.34,高位情绪兑现/次日低开大幅回撤/炸板断板,1
2026-04-03,2026-04-07,defensive,nlu,002491.SZ,通鼎互联,通信设备,99.453125,"{'sector': 0.9781249999999999, 'trend': 1.0, 'pos': 1.0, 'mom': 1.0, 'liq': 1.0, 'recog': 1.0}","非涨停组: 趋势结构多头(MA20>MA60且上行), 处于活跃板块[通信设备](当日涨幅分位98%, 板块涨停5家) 距60日高点4.8% 20日涨幅9.6%",板块[通信设备]轮动延续/资金承接,收盘12.56 MA20上方 量比1.02,"次日开盘[-2%,+3%]为观察区间; 收盘站上max(开盘,昨收)视为买点触发",昨收12.56,板块退潮补跌/资金承接不足/持续阴跌,1
2026-04-03,2026-04-07,defensive,nlu,002957.SZ,科瑞技术,自动化设备,90.453125,"{'sector': 0.6481250000000001, 'trend': 1.0, 'pos': 1.0, 'mom': 1.0, 'liq': 1.0, 'recog': 0.85}","非涨停组: 趋势结构多头(MA20>MA60且上行), 处于活跃板块[自动化设备](当日涨幅分位96%, 板块涨停0家) 距60日高点4.2% 20日涨幅7.8%",板块[自动化设备]轮动延续/资金承接,收盘30.49 MA20上方 量比1.18,"次日开盘[-2%,+3%]为观察区间; 收盘站上max(开盘,昨收)视为买点触发",昨收30.49,板块退潮补跌/资金承接不足/持续阴跌,1
2026-04-07,2026-04-08,aggressive,lu,600691.SH,潞化科技,农化制品,72.0,"{'theme': 0.4, 'ladder': 0.55, 'seal': 1.0, 'time': 0.85, 'liq': 0.6, 'struct': 1.0}",涨停组: 煤化工方向 1板 封单比26.0% 涨停时间10:30 题材内涨停3家 成交2.4亿,煤化工+氢能装备+山西国资,1连板 换手承接量比0.89,"次日竞价与开盘承接: 高开幅度观察区间[-2%,+5%]; 开盘涨幅≤+3%且不破昨收-3%视为买点触发",昨收3.34,高位情绪兑现/次日低开大幅回撤/炸板断板,1
2026-04-07,2026-04-08,aggressive,lu,600596.SH,新安股份,农化制品,71.0,"{'theme': 0.2, 'ladder': 0.55, 'seal': 1.0, 'time': 0.85, 'liq': 1.0, 'struct': 1.0}",涨停组: 草甘膦方向 1板 封单比38.8% 涨停时间09:46 题材内涨停2家 成交3.0亿,草甘膦+有机硅+硅能源+人形机器人,1连板 换手承接量比1.45,"次日竞价与开盘承接: 高开幅度观察区间[-2%,+5%]; 开盘涨幅≤+3%且不破昨收-3%视为买点触发",昨收11.5,高位情绪兑现/次日低开大幅回撤/炸板断板,1
2026-04-07,2026-04-08,aggressive,nlu,603227.SH,雪峰科技,化学制品,96.8671875,"{'sector': 0.9046874999999999, 'trend': 1.0, 'pos': 1.0, 'mom': 1.0, 'liq': 1.0, 'recog': 0.85}","非涨停组: 趋势结构多头(MA20>MA60且上行), 处于活跃板块[化学制品](当日涨幅分位90%, 板块涨停8家) 距60日高点2.6% 20日涨幅13.6%",板块[化学制品]轮动延续/资金承接,收盘10.09 MA20上方 量比0.99,"次日开盘[-2%,+3%]为观察区间; 收盘站上max(开盘,昨收)视为买点触发",昨收10.09,板块退潮补跌/资金承接不足/持续阴跌,1
2026-04-07,2026-04-08,aggressive,nlu,603585.SH,苏利股份,农化制品,96.5234375,"{'sector': 0.8609374999999999, 'trend': 1.0, 'pos': 1.0, 'mom': 1.0, 'liq': 1.0, 'recog': 1.0}","非涨停组: 趋势结构多头(MA20>MA60且上行), 处于活跃板块[农化制品](当日涨幅分位97%, 板块涨停7家) 距60日高点5.0% 20日涨幅21.4%",板块[农化制品]轮动延续/资金承接,收盘17.81 MA20上方 量比1.77,"次日开盘[-2%,+3%]为观察区间; 收盘站上max(开盘,昨收)视为买点触发",昨收17.81,板块退潮补跌/资金承接不足/持续阴跌,1
2026-04-08,2026-04-09,normal,lu,002181.SZ,粤传媒,文化传媒,92.5,"{'theme': 1.0, 'ladder': 0.9, 'seal': 1.0, 'time': 1.0, 'liq': 1.0, 'struct': 0.6}",涨停组: AI营销方向 2板 封单比18.3% 涨停时间09:31 题材内涨停6家 成交6.3亿,AI营销+全运会IP+广州国资+年报增长,2连板 换手承接量比0.70,"次日竞价与开盘承接: 高开幅度观察区间[-2%,+5%]; 开盘涨幅≤+3%且不破昨收-3%视为买点触发",昨收12.99,高位情绪兑现/次日低开大幅回撤/炸板断板,1
2026-04-08,2026-04-09,normal,lu,002995.SZ,天地在线,文化传媒,91.0,"{'theme': 1.0, 'ladder': 0.55, 'seal': 1.0, 'time': 0.85, 'liq': 1.0, 'struct': 1.0}",涨停组: AI营销方向 1板 封单比19.9% 涨停时间10:23 题材内涨停6家 成交4.8亿,AI营销+抖音概念+持股中书艺莲+VR文旅,1连板 换手承接量比0.98,"次日竞价与开盘承接: 高开幅度观察区间[-2%,+5%]; 开盘涨幅≤+3%且不破昨收-3%视为买点触发",昨收24.76,高位情绪兑现/次日低开大幅回撤/炸板断板,1
2026-04-08,2026-04-09,normal,nlu,002636.SZ,金安国纪,元件,98.6171875,"{'sector': 0.9746874999999999, 'trend': 1.0, 'pos': 1.0, 'mom': 1.0, 'liq': 1.0, 'recog': 0.85}","非涨停组: 趋势结构多头(MA20>MA60且上行), 处于活跃板块[元件](当日涨幅分位97%, 板块涨停10家) 距60日高点3.4% 20日涨幅21.3%",板块[元件]轮动延续/资金承接,收盘33.72 MA20上方 量比1.04,"次日开盘[-2%,+3%]为观察区间; 收盘站上max(开盘,昨收)视为买点触发",昨收33.72,板块退潮补跌/资金承接不足/持续阴跌,1
2026-04-08,2026-04-09,normal,nlu,000070.SZ,特发信息,通信设备,98.1328125,"{'sector': 0.9253125, 'trend': 1.0, 'pos': 1.0, 'mom': 1.0, 'liq': 1.0, 'recog': 1.0}","非涨停组: 趋势结构多头(MA20>MA60且上行), 处于活跃板块[通信设备](当日涨幅分位87%, 板块涨停6家) 距60日高点6.5% 20日涨幅8.7%",板块[通信设备]轮动延续/资金承接,收盘18.98 MA20上方 量比0.88,"次日开盘[-2%,+3%]为观察区间; 收盘站上max(开盘,昨收)视为买点触发",昨收18.98,板块退潮补跌/资金承接不足/持续阴跌,1
2026-04-09,2026-04-10,defensive,lu,002975.SZ,博杰股份,自动化设备,77.5,"{'theme': 0.4, 'ladder': 0.9, 'seal': 0.7, 'time': 1.0, 'liq': 1.0, 'struct': 1.0}",涨停组: 液冷服务器方向 2板 封单比14.0% 涨停时间09:39 题材内涨停3家 成交9.8亿,液冷服务器+AI服务器测试+年报增长,2连板 换手承接量比1.88,"次日竞价与开盘承接: 高开幅度观察区间[-2%,+5%]; 开盘涨幅≤+3%且不破昨收-3%视为买点触发",昨收86.9,高位情绪兑现/次日低开大幅回撤/炸板断板,1
2026-04-09,2026-04-10,defensive,nlu,003031.SZ,中瓷电子,通信设备,99.3203125,"{'sector': 0.9728125000000001, 'trend': 1.0, 'pos': 1.0, 'mom': 1.0, 'liq': 1.0, 'recog': 1.0}","非涨停组: 趋势结构多头(MA20>MA60且上行), 处于活跃板块[通信设备](当日涨幅分位95%, 板块涨停5家) 距60日高点3.6% 20日涨幅18.9%",板块[通信设备]轮动延续/资金承接,收盘96.17 MA20上方 量比0.98,"次日开盘[-2%,+3%]为观察区间; 收盘站上max(开盘,昨收)视为买点触发",昨收96.17,板块退潮补跌/资金承接不足/持续阴跌,1
2026-04-09,2026-04-10,defensive,nlu,002655.SZ,共达电声,消费电子,95.6796875,"{'sector': 0.8571875, 'trend': 1.0, 'pos': 1.0, 'mom': 1.0, 'liq': 1.0, 'recog': 0.85}","非涨停组: 趋势结构多头(MA20>MA60且上行), 处于活跃板块[消费电子](当日涨幅分位94%, 板块涨停2家) 距60日高点3.8% 20日涨幅21.7%",板块[消费电子]轮动延续/资金承接,收盘21.15 MA20上方 量比1.48,"次日开盘[-2%,+3%]为观察区间; 收盘站上max(开盘,昨收)视为买点触发",昨收21.15,板块退潮补跌/资金承接不足/持续阴跌,1
2026-04-10,2026-04-13,normal,lu,600707.SH,彩虹股份,光学光电子,78.5,"{'theme': 0.2, 'ladder': 0.9, 'seal': 1.0, 'time': 1.0, 'liq': 1.0, 'struct': 1.0}",涨停组: 玻璃基板方向 2板 封单比18.0% 涨停时间09:30 题材内涨停2家 成交6.5亿,玻璃基板+ITC胜诉+国企改革,2连板 换手承接量比2.38,"次日竞价与开盘承接: 高开幅度观察区间[-2%,+5%]; 开盘涨幅≤+3%且不破昨收-3%视为买点触发",昨收7.02,高位情绪兑现/次日低开大幅回撤/炸板断板,1
2026-04-10,2026-04-13,normal,lu,603200.SH,上海洗霸,环境治理,76.0,"{'theme': 0.4, 'ladder': 0.55, 'seal': 1.0, 'time': 0.85, 'liq': 1.0, 'struct': 1.0}",涨停组: 固态电池方向 1板 封单比35.5% 涨停时间10:02 题材内涨停3家 成交5.1亿,固态电池+液冷服务器+业绩预增,1连板 换手承接量比1.53,"次日竞价与开盘承接: 高开幅度观察区间[-2%,+5%]; 开盘涨幅≤+3%且不破昨收-3%视为买点触发",昨收61.71,高位情绪兑现/次日低开大幅回撤/炸板断板,1
2026-04-10,2026-04-13,normal,nlu,600110.SH,诺德股份,电池,98.65625,"{'sector': 0.9762500000000001, 'trend': 1.0, 'pos': 1.0, 'mom': 1.0, 'liq': 1.0, 'recog': 0.85}","非涨停组: 趋势结构多头(MA20>MA60且上行), 处于活跃板块[电池](当日涨幅分位99%, 板块涨停4家) 距60日高点7.2% 20日涨幅20.2%",板块[电池]轮动延续/资金承接,收盘9.88 MA20上方 量比1.03,"次日开盘[-2%,+3%]为观察区间; 收盘站上max(开盘,昨收)视为买点触发",昨收9.88,板块退潮补跌/资金承接不足/持续阴跌,1
2026-04-10,2026-04-13,normal,nlu,000062.SZ,深圳华强,其他电子,96.640625,"{'sector': 0.865625, 'trend': 1.0, 'pos': 1.0, 'mom': 1.0, 'liq': 1.0, 'recog': 1.0}","非涨停组: 趋势结构多头(MA20>MA60且上行), 处于活跃板块[其他电子](当日涨幅分位94%, 板块涨停2家) 距60日高点1.9% 20日涨幅10.4%",板块[其他电子]轮动延续/资金承接,收盘28.50 MA20上方 量比1.01,"次日开盘[-2%,+3%]为观察区间; 收盘站上max(开盘,昨收)视为买点触发",昨收28.50,板块退潮补跌/资金承接不足/持续阴跌,1
2026-04-13,2026-04-14,normal,lu,002439.SZ,启明星辰,软件开发,73.25,"{'theme': 0.2, 'ladder': 0.55, 'seal': 1.0, 'time': 1.0, 'liq': 1.0, 'struct': 1.0}",涨停组: 一季报预增方向 1板 封单比30.2% 涨停时间09:25 题材内涨停2家 成交3.9亿,一季报预增+AI安全+央企,1连板 换手承接量比2.01,"次日竞价与开盘承接: 高开幅度观察区间[-2%,+5%]; 开盘涨幅≤+3%且不破昨收-3%视为买点触发",昨收14.26,高位情绪兑现/次日低开大幅回撤/炸板断板,1
2026-04-13,2026-04-14,normal,lu,002515.SZ,金字火腿,食品加工制造,70.0,"{'theme': 0.4, 'ladder': 0.55, 'seal': 0.7, 'time': 0.85, 'liq': 1.0, 'struct': 1.0}",涨停组: 光模块方向 1板 封单比9.2% 涨停时间09:57 题材内涨停3家 成交6.3亿,光模块+火腿,1连板 换手承接量比2.68,"次日竞价与开盘承接: 高开幅度观察区间[-2%,+5%]; 开盘涨幅≤+3%且不破昨收-3%视为买点触发",昨收6.24,高位情绪兑现/次日低开大幅回撤/炸板断板,1
2026-04-13,2026-04-14,normal,nlu,002636.SZ,金安国纪,元件,96.8125,"{'sector': 0.8724999999999999, 'trend': 1.0, 'pos': 1.0, 'mom': 1.0, 'liq': 1.0, 'recog': 1.0}","非涨停组: 趋势结构多头(MA20>MA60且上行), 处于活跃板块[元件](当日涨幅分位95%, 板块涨停2家) 距60日高点5.9% 20日涨幅26.0%",板块[元件]轮动延续/资金承接,收盘36.51 MA20上方 量比0.79,"次日开盘[-2%,+3%]为观察区间; 收盘站上max(开盘,昨收)视为买点触发",昨收36.51,板块退潮补跌/资金承接不足/持续阴跌,1
2026-04-13,2026-04-14,normal,nlu,603026.SH,石大胜华,电池,94.8125,"{'sector': 0.8225, 'trend': 1.0, 'pos': 1.0, 'mom': 1.0, 'liq': 1.0, 'recog': 0.85}","非涨停组: 趋势结构多头(MA20>MA60且上行), 处于活跃板块[电池](当日涨幅分位86%, 板块涨停2家) 距60日高点6.7% 20日涨幅22.7%",板块[电池]轮动延续/资金承接,收盘89.52 MA20上方 量比1.35,"次日开盘[-2%,+3%]为观察区间; 收盘站上max(开盘,昨收)视为买点触发",昨收89.52,板块退潮补跌/资金承接不足/持续阴跌,1
2026-04-14,2026-04-15,normal,lu,000620.SZ,盈新发展,房地产,78.25,"{'theme': 0.4, 'ladder': 0.55, 'seal': 1.0, 'time': 1.0, 'liq': 1.0, 'struct': 1.0}",涨停组: 存储芯片方向 1板 封单比15.7% 涨停时间09:45 题材内涨停3家 成交6.7亿,存储芯片+拟收购长兴半导体+文旅地产,1连板 换手承接量比1.51,"次日竞价与开盘承接: 高开幅度观察区间[-2%,+5%]; 开盘涨幅≤+3%且不破昨收-3%视为买点触发",昨收3.11,高位情绪兑现/次日低开大幅回撤/炸板断板,1
2026-04-14,2026-04-15,normal,lu,002213.SZ,大为股份,半导体,72.25,"{'theme': 0.4, 'ladder': 0.55, 'seal': 1.0, 'time': 1.0, 'liq': 1.0, 'struct': 0.6}",涨停组: 存储芯片方向 1板 封单比16.9% 涨停时间09:43 题材内涨停3家 成交6.6亿,存储芯片+锂矿资源+拟定增,1连板 换手承接量比0.42,"次日竞价与开盘承接: 高开幅度观察区间[-2%,+5%]; 开盘涨幅≤+3%且不破昨收-3%视为买点触发",昨收38.08,高位情绪兑现/次日低开大幅回撤/炸板断板,1
2026-04-14,2026-04-15,normal,nlu,603906.SH,龙蟠科技,电池,98.7109375,"{'sector': 0.9784375, 'trend': 1.0, 'pos': 1.0, 'mom': 1.0, 'liq': 1.0, 'recog': 0.85}","非涨停组: 趋势结构多头(MA20>MA60且上行), 处于活跃板块[电池](当日涨幅分位97%, 板块涨停4家) 距60日高点2.1% 20日涨幅24.9%",板块[电池]轮动延续/资金承接,收盘23.68 MA20上方 量比1.47,"次日开盘[-2%,+3%]为观察区间; 收盘站上max(开盘,昨收)视为买点触发",昨收23.68,板块退潮补跌/资金承接不足/持续阴跌,1
2026-04-14,2026-04-15,normal,nlu,600773.SH,西藏城投,房地产,96.40625,"{'sector': 0.88625, 'trend': 1.0, 'pos': 1.0, 'mom': 1.0, 'liq': 1.0, 'recog': 0.85}","非涨停组: 趋势结构多头(MA20>MA60且上行), 处于活跃板块[房地产](当日涨幅分位88%, 板块涨停3家) 距60日高点2.8% 20日涨幅19.2%",板块[房地产]轮动延续/资金承接,收盘20.65 MA20上方 量比1.77,"次日开盘[-2%,+3%]为观察区间; 收盘站上max(开盘,昨收)视为买点触发",昨收20.65,板块退潮补跌/资金承接不足/持续阴跌,1
2026-04-15,2026-04-16,defensive,lu,000788.SZ,北大医药,化学制药,75.75,"{'theme': 0.6, 'ladder': 0.55, 'seal': 1.0, 'time': 0.5, 'liq': 1.0, 'struct': 1.0}",涨停组: 创新药方向 1板 封单比21.0% 涨停时间13:21 题材内涨停4家 成交7.4亿,创新药+右酮洛芬+帕利哌酮获批,1连板 换手承接量比1.19,"次日竞价与开盘承接: 高开幅度观察区间[-2%,+5%]; 开盘涨幅≤+3%且不破昨收-3%视为买点触发",昨收6.77,高位情绪兑现/次日低开大幅回撤/炸板断板,1
2026-04-15,2026-04-16,defensive,nlu,002437.SZ,誉衡药业,化学制药,96.8125,"{'sector': 0.9024999999999999, 'trend': 1.0, 'pos': 1.0, 'mom': 1.0, 'liq': 1.0, 'recog': 0.85}","非涨停组: 趋势结构多头(MA20>MA60且上行), 处于活跃板块[化学制药](当日涨幅分位98%, 板块涨停7家) 距60日高点1.8% 20日涨幅16.7%",板块[化学制药]轮动延续/资金承接,收盘3.91 MA20上方 量比2.03,"次日开盘[-2%,+3%]为观察区间; 收盘站上max(开盘,昨收)视为买点触发",昨收3.91,板块退潮补跌/资金承接不足/持续阴跌,1
2026-04-15,2026-04-16,defensive,nlu,600869.SH,远东股份,电网设备,96.1796875,"{'sector': 0.9271875, 'trend': 1.0, 'pos': 1.0, 'mom': 1.0, 'liq': 1.0, 'recog': 0.6}","非涨停组: 趋势结构多头(MA20>MA60且上行), 处于活跃板块[电网设备](当日涨幅分位95%, 板块涨停3家) 距60日高点6.0% 20日涨幅22.4%",板块[电网设备]轮动延续/资金承接,收盘15.37 MA20上方 量比0.86,"次日开盘[-2%,+3%]为观察区间; 收盘站上max(开盘,昨收)视为买点触发",昨收15.37,板块退潮补跌/资金承接不足/持续阴跌,1
2026-04-16,2026-04-17,aggressive,lu,600156.SH,华升股份,纺织制造,84.75,"{'theme': 1.0, 'ladder': 0.55, 'seal': 1.0, 'time': 0.7, 'liq': 0.6, 'struct': 1.0}",涨停组: 算力租赁方向 1板 封单比36.8% 涨停时间10:32 题材内涨停6家 成交1.7亿,算力租赁+拟收购易信科技+湖南国资,1连板 换手承接量比1.21,"次日竞价与开盘承接: 高开幅度观察区间[-2%,+5%]; 开盘涨幅≤+3%且不破昨收-3%视为买点触发",昨收8.42,高位情绪兑现/次日低开大幅回撤/炸板断板,1
2026-04-16,2026-04-17,aggressive,lu,605060.SH,联德股份,通用设备,83.25,"{'theme': 0.6, 'ladder': 0.55, 'seal': 1.0, 'time': 1.0, 'liq': 1.0, 'struct': 1.0}",涨停组: 燃气轮机方向 1板 封单比19.2% 涨停时间09:45 题材内涨停4家 成交5.0亿,燃气轮机+液冷+年报增长,1连板 换手承接量比0.82,"次日竞价与开盘承接: 高开幅度观察区间[-2%,+5%]; 开盘涨幅≤+3%且不破昨收-3%视为买点触发",昨收58.95,高位情绪兑现/次日低开大幅回撤/炸板断板,1
2026-04-16,2026-04-17,aggressive,nlu,600152.SH,维科技术,电池,98.671875,"{'sector': 0.946875, 'trend': 1.0, 'pos': 1.0, 'mom': 1.0, 'liq': 1.0, 'recog': 1.0}","非涨停组: 趋势结构多头(MA20>MA60且上行), 处于活跃板块[电池](当日涨幅分位90%, 板块涨停5家) 距60日高点3.4% 20日涨幅26.3%",板块[电池]轮动延续/资金承接,收盘12.64 MA20上方 量比1.34,"次日开盘[-2%,+3%]为观察区间; 收盘站上max(开盘,昨收)视为买点触发",昨收12.64,板块退潮补跌/资金承接不足/持续阴跌,1
2026-04-16,2026-04-17,aggressive,nlu,603881.SH,数据港,通信服务,98.671875,"{'sector': 0.9768749999999999, 'trend': 1.0, 'pos': 1.0, 'mom': 1.0, 'liq': 1.0, 'recog': 0.85}","非涨停组: 趋势结构多头(MA20>MA60且上行), 处于活跃板块[通信服务](当日涨幅分位98%, 板块涨停3家) 距60日高点6.7% 20日涨幅8.6%",板块[通信服务]轮动延续/资金承接,收盘35.03 MA20上方 量比1.15,"次日开盘[-2%,+3%]为观察区间; 收盘站上max(开盘,昨收)视为买点触发",昨收35.03,板块退潮补跌/资金承接不足/持续阴跌,1
2026-04-17,2026-04-20,normal,lu,600156.SH,华升股份,纺织制造,82.5,"{'theme': 0.6, 'ladder': 0.9, 'seal': 0.7, 'time': 1.0, 'liq': 1.0, 'struct': 1.0}",涨停组: 算力租赁方向 2板 封单比8.8% 涨停时间09:30 题材内涨停4家 成交3.8亿,算力租赁+拟收购易信科技+湖南国资,2连板 换手承接量比1.89,"次日竞价与开盘承接: 高开幅度观察区间[-2%,+5%]; 开盘涨幅≤+3%且不破昨收-3%视为买点触发",昨收9.26,高位情绪兑现/次日低开大幅回撤/炸板断板,1
2026-04-17,2026-04-20,normal,lu,600520.SH,三佳科技,专用设备,76.0,"{'theme': 0.4, 'ladder': 0.55, 'seal': 1.0, 'time': 0.85, 'liq': 1.0, 'struct': 1.0}",涨停组: 先进封装方向 1板 封单比17.0% 涨停时间10:25 题材内涨停3家 成交3.3亿,先进封装+半导体设备+合肥国资,1连板 换手承接量比1.98,"次日竞价与开盘承接: 高开幅度观察区间[-2%,+5%]; 开盘涨幅≤+3%且不破昨收-3%视为买点触发",昨收27.81,高位情绪兑现/次日低开大幅回撤/炸板断板,1
2026-04-17,2026-04-20,normal,nlu,605589.SH,圣泉集团,塑料制品,97.40625,"{'sector': 0.92625, 'trend': 1.0, 'pos': 1.0, 'mom': 1.0, 'liq': 1.0, 'recog': 0.85}","非涨停组: 趋势结构多头(MA20>MA60且上行), 处于活跃板块[塑料制品](当日涨幅分位93%, 板块涨停3家) 距60日高点1.1% 20日涨幅23.5%",板块[塑料制品]轮动延续/资金承接,收盘38.21 MA20上方 量比1.21,"次日开盘[-2%,+3%]为观察区间; 收盘站上max(开盘,昨收)视为买点触发",昨收38.21,板块退潮补跌/资金承接不足/持续阴跌,1
2026-04-17,2026-04-20,normal,nlu,002902.SZ,铭普光磁,通信设备,96.796875,"{'sector': 0.951875, 'trend': 1.0, 'pos': 1.0, 'mom': 1.0, 'liq': 1.0, 'recog': 0.6}","非涨停组: 趋势结构多头(MA20>MA60且上行), 处于活跃板块[通信设备](当日涨幅分位94%, 板块涨停6家) 距60日高点4.9% 20日涨幅26.8%",板块[通信设备]轮动延续/资金承接,收盘30.38 MA20上方 量比0.95,"次日开盘[-2%,+3%]为观察区间; 收盘站上max(开盘,昨收)视为买点触发",昨收30.38,板块退潮补跌/资金承接不足/持续阴跌,1
2026-04-20,2026-04-21,aggressive,lu,603017.SH,中衡设计,建筑装饰,83.25,"{'theme': 1.0, 'ladder': 0.55, 'seal': 1.0, 'time': 1.0, 'liq': 0.6, 'struct': 0.6}",涨停组: 商业航天方向 1板 封单比26.1% 涨停时间09:33 题材内涨停8家 成交1.9亿,商业航天+低空经济+工程设计,1连板 换手承接量比0.74,"次日竞价与开盘承接: 高开幅度观察区间[-2%,+5%]; 开盘涨幅≤+3%且不破昨收-3%视为买点触发",昨收14.21,高位情绪兑现/次日低开大幅回撤/炸板断板,1
2026-04-20,2026-04-21,aggressive,lu,605222.SH,起帆电缆,电网设备,81.25,"{'theme': 1.0, 'ladder': 0.55, 'seal': 0.4, 'time': 1.0, 'liq': 1.0, 'struct': 1.0}",涨停组: 商业航天方向 1板 封单比7.8% 涨停时间09:41 题材内涨停8家 成交6.2亿,商业航天+电线电缆+海缆扩产+转债有望提前赎回,1连板 换手承接量比0.86,"次日竞价与开盘承接: 高开幅度观察区间[-2%,+5%]; 开盘涨幅≤+3%且不破昨收-3%视为买点触发",昨收31.24,高位情绪兑现/次日低开大幅回撤/炸板断板,1
2026-04-20,2026-04-21,aggressive,nlu,600869.SH,远东股份,电网设备,97.6484375,"{'sector': 0.9359375, 'trend': 1.0, 'pos': 1.0, 'mom': 1.0, 'liq': 1.0, 'recog': 0.85}","非涨停组: 趋势结构多头(MA20>MA60且上行), 处于活跃板块[电网设备](当日涨幅分位91%, 板块涨停5家) 距60日高点5.2% 20日涨幅22.9%",板块[电网设备]轮动延续/资金承接,收盘15.50 MA20上方 量比1.19,"次日开盘[-2%,+3%]为观察区间; 收盘站上max(开盘,昨收)视为买点触发",昨收15.50,板块退潮补跌/资金承接不足/持续阴跌,1
2026-04-20,2026-04-21,aggressive,nlu,000155.SZ,川能动力,电力,94.578125,"{'sector': 0.813125, 'trend': 1.0, 'pos': 1.0, 'mom': 1.0, 'liq': 1.0, 'recog': 0.85}","非涨停组: 趋势结构多头(MA20>MA60且上行), 处于活跃板块[电力](当日涨幅分位84%, 板块涨停4家) 距60日高点7.5% 20日涨幅22.4%",板块[电力]轮动延续/资金承接,收盘16.84 MA20上方 量比0.61,"次日开盘[-2%,+3%]为观察区间; 收盘站上max(开盘,昨收)视为买点触发",昨收16.84,板块退潮补跌/资金承接不足/持续阴跌,1
2026-04-21,2026-04-22,defensive,lu,603017.SH,中衡设计,建筑装饰,89.5,"{'theme': 0.8, 'ladder': 0.9, 'seal': 1.0, 'time': 1.0, 'liq': 0.6, 'struct': 1.0}",涨停组: 商业航天方向 2板 封单比40.5% 涨停时间09:30 题材内涨停5家 成交2.3亿,商业航天+低空经济+工程设计,2连板 换手承接量比0.87,"次日竞价与开盘承接: 高开幅度观察区间[-2%,+5%]; 开盘涨幅≤+3%且不破昨收-3%视为买点触发",昨收15.63,高位情绪兑现/次日低开大幅回撤/炸板断板,1
2026-04-21,2026-04-22,defensive,nlu,000155.SZ,川能动力,电力,96.453125,"{'sector': 0.9381249999999999, 'trend': 1.0, 'pos': 1.0, 'mom': 1.0, 'liq': 1.0, 'recog': 0.6}","非涨停组: 趋势结构多头(MA20>MA60且上行), 处于活跃板块[电力](当日涨幅分位95%, 板块涨停5家) 距60日高点6.8% 20日涨幅26.3%",板块[电力]轮动延续/资金承接,收盘16.97 MA20上方 量比0.87,"次日开盘[-2%,+3%]为观察区间; 收盘站上max(开盘,昨收)视为买点触发",昨收16.97,板块退潮补跌/资金承接不足/持续阴跌,1
2026-04-21,2026-04-22,defensive,nlu,002831.SZ,裕同科技,包装印刷,94.9921875,"{'sector': 0.8796875000000001, 'trend': 1.0, 'pos': 1.0, 'mom': 1.0, 'liq': 1.0, 'recog': 0.6}","非涨停组: 趋势结构多头(MA20>MA60且上行), 处于活跃板块[包装印刷](当日涨幅分位86%, 板块涨停4家) 距60日高点4.3% 20日涨幅18.2%",板块[包装印刷]轮动延续/资金承接,收盘26.71 MA20上方 量比1.28,"次日开盘[-2%,+3%]为观察区间; 收盘站上max(开盘,昨收)视为买点触发",昨收26.71,板块退潮补跌/资金承接不足/持续阴跌,1
2026-04-22,2026-04-23,normal,lu,603618.SH,杭电股份,电网设备,59.0,"{'theme': 0.2, 'ladder': 0.55, 'seal': 0.4, 'time': 0.85, 'liq': 1.0, 'struct': 1.0}",涨停组: 一季报增长方向 1板 封单比5.9% 涨停时间09:49 题材内涨停2家 成交20.3亿,一季报增长+光纤涨价+特高压+锂电铜箔,1连板 换手承接量比0.85,"次日竞价与开盘承接: 高开幅度观察区间[-2%,+5%]; 开盘涨幅≤+3%且不破昨收-3%视为买点触发",昨收28.55,高位情绪兑现/次日低开大幅回撤/炸板断板,1
2026-04-22,2026-04-23,normal,nlu,002463.SZ,沪电股份,元件,97.5234375,"{'sector': 0.9809375, 'trend': 1.0, 'pos': 1.0, 'mom': 1.0, 'liq': 1.0, 'recog': 0.6}","非涨停组: 趋势结构多头(MA20>MA60且上行), 处于活跃板块[元件](当日涨幅分位97%, 板块涨停3家) 距60日高点0.7% 20日涨幅25.5%",板块[元件]轮动延续/资金承接,收盘102.79 MA20上方 量比0.93,"次日开盘[-2%,+3%]为观察区间; 收盘站上max(开盘,昨收)视为买点触发",昨收102.79,板块退潮补跌/资金承接不足/持续阴跌,1
2026-04-22,2026-04-23,normal,nlu,001267.SZ,汇绿生态,通信设备,97.3828125,"{'sector': 0.9753124999999999, 'trend': 1.0, 'pos': 1.0, 'mom': 1.0, 'liq': 1.0, 'recog': 0.6}","非涨停组: 趋势结构多头(MA20>MA60且上行), 处于活跃板块[通信设备](当日涨幅分位97%, 板块涨停4家) 距60日高点7.3% 20日涨幅15.2%",板块[通信设备]轮动延续/资金承接,收盘46.25 MA20上方 量比0.99,"次日开盘[-2%,+3%]为观察区间; 收盘站上max(开盘,昨收)视为买点触发",昨收46.25,板块退潮补跌/资金承接不足/持续阴跌,1
2026-04-23,2026-04-24,defensive,lu,002793.SZ,罗欣药业,化学制药,82.0,"{'theme': 0.8, 'ladder': 0.55, 'seal': 1.0, 'time': 0.85, 'liq': 0.6, 'struct': 1.0}",涨停组: 一季报增长方向 1板 封单比28.5% 涨停时间09:50 题材内涨停5家 成交2.8亿,一季报增长+创新药+替戈拉生片+医保全覆盖,1连板 换手承接量比2.05,"次日竞价与开盘承接: 高开幅度观察区间[-2%,+5%]; 开盘涨幅≤+3%且不破昨收-3%视为买点触发",昨收5.63,高位情绪兑现/次日低开大幅回撤/炸板断板,1
2026-04-23,2026-04-24,defensive,nlu,001896.SZ,豫能控股,电力,99.2109375,"{'sector': 0.9684375000000001, 'trend': 1.0, 'pos': 1.0, 'mom': 1.0, 'liq': 1.0, 'recog': 1.0}","非涨停组: 趋势结构多头(MA20>MA60且上行), 处于活跃板块[电力](当日涨幅分位95%, 板块涨停6家) 距60日高点4.7% 20日涨幅11.8%",板块[电力]轮动延续/资金承接,收盘17.97 MA20上方 量比1.04,"次日开盘[-2%,+3%]为观察区间; 收盘站上max(开盘,昨收)视为买点触发",昨收17.97,板块退潮补跌/资金承接不足/持续阴跌,1
2026-04-23,2026-04-24,defensive,nlu,600546.SH,山煤国际,煤炭开采加工,94.875,"{'sector': 0.875, 'trend': 1.0, 'pos': 1.0, 'mom': 1.0, 'liq': 1.0, 'recog': 0.6}","非涨停组: 趋势结构多头(MA20>MA60且上行), 处于活跃板块[煤炭开采加工](当日涨幅分位98%, 板块涨停2家) 距60日高点1.3% 20日涨幅8.4%",板块[煤炭开采加工]轮动延续/资金承接,收盘12.36 MA20上方 量比1.42,"次日开盘[-2%,+3%]为观察区间; 收盘站上max(开盘,昨收)视为买点触发",昨收12.36,板块退潮补跌/资金承接不足/持续阴跌,1
2026-04-24,2026-04-27,defensive,lu,603967.SH,中创物流,物流,74.25,"{'theme': 0.4, 'ladder': 0.55, 'seal': 1.0, 'time': 1.0, 'liq': 0.6, 'struct': 1.0}",涨停组: 一季报增长方向 1板 封单比60.8% 涨停时间09:39 题材内涨停3家 成交1.6亿,一季报增长+工程物流+海外布局,1连板 换手承接量比2.45,"次日竞价与开盘承接: 高开幅度观察区间[-2%,+5%]; 开盘涨幅≤+3%且不破昨收-3%视为买点触发",昨收14.73,高位情绪兑现/次日低开大幅回撤/炸板断板,1
2026-04-24,2026-04-27,defensive,nlu,002497.SZ,雅化集团,化学制品,95.6640625,"{'sector': 0.8565624999999999, 'trend': 1.0, 'pos': 1.0, 'mom': 1.0, 'liq': 1.0, 'recog': 0.85}","非涨停组: 趋势结构多头(MA20>MA60且上行), 处于活跃板块[化学制品](当日涨幅分位81%, 板块涨停3家) 距60日高点0.8% 20日涨幅28.4%",板块[化学制品]轮动延续/资金承接,收盘29.52 MA20上方 量比1.44,"次日开盘[-2%,+3%]为观察区间; 收盘站上max(开盘,昨收)视为买点触发",昨收29.52,板块退潮补跌/资金承接不足/持续阴跌,1
2026-04-24,2026-04-27,defensive,nlu,000408.SZ,藏格矿业,农化制品,95.6484375,"{'sector': 0.8559375, 'trend': 1.0, 'pos': 1.0, 'mom': 1.0, 'liq': 1.0, 'recog': 0.85}","非涨停组: 趋势结构多头(MA20>MA60且上行), 处于活跃板块[农化制品](当日涨幅分位96%, 板块涨停2家) 距60日高点5.6% 20日涨幅18.0%",板块[农化制品]轮动延续/资金承接,收盘90.25 MA20上方 量比1.03,"次日开盘[-2%,+3%]为观察区间; 收盘站上max(开盘,昨收)视为买点触发",昨收90.25,板块退潮补跌/资金承接不足/持续阴跌,1
2026-04-27,2026-04-28,defensive,lu,002115.SZ,三维通信,通信服务,93.25,"{'theme': 1.0, 'ladder': 0.55, 'seal': 1.0, 'time': 1.0, 'liq': 1.0, 'struct': 1.0}",涨停组: 一季报增长方向 1板 封单比19.3% 涨停时间09:31 题材内涨停7家 成交8.6亿,一季报增长+商业航天+5G中标+AI营销,1连板 换手承接量比1.20,"次日竞价与开盘承接: 高开幅度观察区间[-2%,+5%]; 开盘涨幅≤+3%且不破昨收-3%视为买点触发",昨收13.33,高位情绪兑现/次日低开大幅回撤/炸板断板,1
2026-04-27,2026-04-28,defensive,nlu,002213.SZ,大为股份,半导体,97.6796875,"{'sector': 0.9871875, 'trend': 1.0, 'pos': 1.0, 'mom': 1.0, 'liq': 1.0, 'recog': 0.6}","非涨停组: 趋势结构多头(MA20>MA60且上行), 处于活跃板块[半导体](当日涨幅分位99%, 板块涨停3家) 距60日高点7.4% 20日涨幅19.1%",板块[半导体]轮动延续/资金承接,收盘36.52 MA20上方 量比1.22,"次日开盘[-2%,+3%]为观察区间; 收盘站上max(开盘,昨收)视为买点触发",昨收36.52,板块退潮补跌/资金承接不足/持续阴跌,1
2026-04-27,2026-04-28,defensive,nlu,603936.SH,博敏电子,元件,97.0859375,"{'sector': 0.9634375, 'trend': 1.0, 'pos': 1.0, 'mom': 1.0, 'liq': 1.0, 'recog': 0.6}","非涨停组: 趋势结构多头(MA20>MA60且上行), 处于活跃板块[元件](当日涨幅分位95%, 板块涨停3家) 距60日高点5.7% 20日涨幅19.4%",板块[元件]轮动延续/资金承接,收盘15.91 MA20上方 量比0.72,"次日开盘[-2%,+3%]为观察区间; 收盘站上max(开盘,昨收)视为买点触发",昨收15.91,板块退潮补跌/资金承接不足/持续阴跌,1
2026-04-28,2026-04-29,defensive,lu,002412.SZ,汉森制药,中药,89.25,"{'theme': 1.0, 'ladder': 0.55, 'seal': 1.0, 'time': 1.0, 'liq': 0.6, 'struct': 1.0}",涨停组: 一季报增长方向 1板 封单比42.2% 涨停时间09:36 题材内涨停6家 成交1.9亿,一季报增长+四磨汤中选集采+中药独家品种,1连板 换手承接量比2.35,"次日竞价与开盘承接: 高开幅度观察区间[-2%,+5%]; 开盘涨幅≤+3%且不破昨收-3%视为买点触发",昨收7.14,高位情绪兑现/次日低开大幅回撤/炸板断板,1
2026-04-28,2026-04-29,defensive,nlu,600546.SH,山煤国际,煤炭开采加工,96.4609375,"{'sector': 0.8884375, 'trend': 1.0, 'pos': 1.0, 'mom': 1.0, 'liq': 1.0, 'recog': 0.85}","非涨停组: 趋势结构多头(MA20>MA60且上行), 处于活跃板块[煤炭开采加工](当日涨幅分位98%, 板块涨停2家) 距60日高点0.7% 20日涨幅16.9%",板块[煤炭开采加工]轮动延续/资金承接,收盘13.17 MA20上方 量比1.34,"次日开盘[-2%,+3%]为观察区间; 收盘站上max(开盘,昨收)视为买点触发",昨收13.17,板块退潮补跌/资金承接不足/持续阴跌,1
2026-04-28,2026-04-29,defensive,nlu,603115.SH,海星股份,电子化学品,93.4765625,"{'sector': 0.7390625000000001, 'trend': 1.0, 'pos': 1.0, 'mom': 1.0, 'liq': 1.0, 'recog': 1.0}","非涨停组: 趋势结构多头(MA20>MA60且上行), 处于活跃板块[电子化学品](当日涨幅分位88%, 板块涨停1家) 距60日高点6.8% 20日涨幅27.6%",板块[电子化学品]轮动延续/资金承接,收盘57.37 MA20上方 量比0.70,"次日开盘[-2%,+3%]为观察区间; 收盘站上max(开盘,昨收)视为买点触发",昨收57.37,板块退潮补跌/资金承接不足/持续阴跌,1
2026-04-29,2026-04-30,normal,lu,000551.SZ,创元科技,环保设备,93.25,"{'theme': 1.0, 'ladder': 0.55, 'seal': 1.0, 'time': 1.0, 'liq': 1.0, 'struct': 1.0}",涨停组: 一季报增长方向 1板 封单比41.3% 涨停时间09:30 题材内涨停9家 成交3.4亿,一季报增长+商业航天+洁净环保+苏州国资,1连板 换手承接量比1.11,"次日竞价与开盘承接: 高开幅度观察区间[-2%,+5%]; 开盘涨幅≤+3%且不破昨收-3%视为买点触发",昨收15.76,高位情绪兑现/次日低开大幅回撤/炸板断板,1
2026-04-29,2026-04-30,normal,lu,002354.SZ,天娱数科,文化传媒,93.25,"{'theme': 1.0, 'ladder': 0.55, 'seal': 1.0, 'time': 1.0, 'liq': 1.0, 'struct': 1.0}",涨停组: 一季报大增方向 1板 封单比40.5% 涨停时间09:30 题材内涨停10家 成交3.1亿,一季报大增+算力租赁+AI应用,1连板 换手承接量比1.20,"次日竞价与开盘承接: 高开幅度观察区间[-2%,+5%]; 开盘涨幅≤+3%且不破昨收-3%视为买点触发",昨收5.95,高位情绪兑现/次日低开大幅回撤/炸板断板,1
2026-04-29,2026-04-30,normal,nlu,002245.SZ,蔚蓝锂芯,电池,98.5859375,"{'sector': 0.9734375, 'trend': 1.0, 'pos': 1.0, 'mom': 1.0, 'liq': 1.0, 'recog': 0.85}","非涨停组: 趋势结构多头(MA20>MA60且上行), 处于活跃板块[电池](当日涨幅分位97%, 板块涨停7家) 距60日高点1.6% 20日涨幅28.0%",板块[电池]轮动延续/资金承接,收盘14.32 MA20上方 量比0.86,"次日开盘[-2%,+3%]为观察区间; 收盘站上max(开盘,昨收)视为买点触发",昨收14.32,板块退潮补跌/资金承接不足/持续阴跌,1
2026-04-29,2026-04-30,normal,nlu,002460.SZ,赣锋锂业,能源金属,97.75,"{'sector': 0.9899999999999999, 'trend': 1.0, 'pos': 1.0, 'mom': 1.0, 'liq': 1.0, 'recog': 0.6}","非涨停组: 趋势结构多头(MA20>MA60且上行), 处于活跃板块[能源金属](当日涨幅分位98%, 板块涨停3家) 距60日高点1.8% 20日涨幅10.9%",板块[能源金属]轮动延续/资金承接,收盘86.65 MA20上方 量比1.18,"次日开盘[-2%,+3%]为观察区间; 收盘站上max(开盘,昨收)视为买点触发",昨收86.65,板块退潮补跌/资金承接不足/持续阴跌,1
2026-04-30,2026-05-06,normal,lu,601086.SH,国芳集团,零售,89.25,"{'theme': 1.0, 'ladder': 0.55, 'seal': 1.0, 'time': 1.0, 'liq': 0.6, 'struct': 1.0}",涨停组: 一季报增长方向 1板 封单比25.8% 涨停时间09:44 题材内涨停14家 成交2.2亿,一季报增长+百货零售+IP经济+参股券商,1连板 换手承接量比2.13,"次日竞价与开盘承接: 高开幅度观察区间[-2%,+5%]; 开盘涨幅≤+3%且不破昨收-3%视为买点触发",昨收8.93,高位情绪兑现/次日低开大幅回撤/炸板断板,1
2026-04-30,2026-05-06,normal,lu,002591.SZ,恒大高新,化学制品,89.25,"{'theme': 1.0, 'ladder': 0.55, 'seal': 1.0, 'time': 1.0, 'liq': 0.6, 'struct': 1.0}",涨停组: 一季报增长方向 1板 封单比17.5% 涨停时间09:25 题材内涨停14家 成交1.8亿,一季报增长+钠电材料+硅碳负极,1连板 换手承接量比1.51,"次日竞价与开盘承接: 高开幅度观察区间[-2%,+5%]; 开盘涨幅≤+3%且不破昨收-3%视为买点触发",昨收8.36,高位情绪兑现/次日低开大幅回撤/炸板断板,1
2026-04-30,2026-05-06,normal,nlu,002756.SZ,永兴材料,能源金属,97.8671875,"{'sector': 0.9946875, 'trend': 1.0, 'pos': 1.0, 'mom': 1.0, 'liq': 1.0, 'recog': 0.6}","非涨停组: 趋势结构多头(MA20>MA60且上行), 处于活跃板块[能源金属](当日涨幅分位99%, 板块涨停4家) 距60日高点2.9% 20日涨幅18.8%",板块[能源金属]轮动延续/资金承接,收盘86.69 MA20上方 量比1.24,"次日开盘[-2%,+3%]为观察区间; 收盘站上max(开盘,昨收)视为买点触发",昨收86.69,板块退潮补跌/资金承接不足/持续阴跌,1
2026-04-30,2026-05-06,normal,nlu,002213.SZ,大为股份,半导体,97.4609375,"{'sector': 0.9784375, 'trend': 1.0, 'pos': 1.0, 'mom': 1.0, 'liq': 1.0, 'recog': 0.6}","非涨停组: 趋势结构多头(MA20>MA60且上行), 处于活跃板块[半导体](当日涨幅分位97%, 板块涨停4家) 距60日高点5.4% 20日涨幅27.3%",板块[半导体]轮动延续/资金承接,收盘37.30 MA20上方 量比1.02,"次日开盘[-2%,+3%]为观察区间; 收盘站上max(开盘,昨收)视为买点触发",昨收37.30,板块退潮补跌/资金承接不足/持续阴跌,1
2026-05-06,2026-05-07,aggressive,lu,603316.SH,诚邦股份,半导体,93.25,"{'theme': 1.0, 'ladder': 0.55, 'seal': 1.0, 'time': 1.0, 'liq': 1.0, 'struct': 1.0}",涨停组: 存储芯片方向 1板 封单比16.5% 涨停时间09:40 题材内涨停7家 成交4.2亿,存储芯片+业绩暴增+定增扩产,1连板 换手承接量比1.13,"次日竞价与开盘承接: 高开幅度观察区间[-2%,+5%]; 开盘涨幅≤+3%且不破昨收-3%视为买点触发",昨收17.15,高位情绪兑现/次日低开大幅回撤/炸板断板,1
2026-05-06,2026-05-07,aggressive,lu,002355.SZ,兴民智通,汽车零部件,88.75,"{'theme': 1.0, 'ladder': 0.55, 'seal': 1.0, 'time': 0.7, 'liq': 1.0, 'struct': 1.0}",涨停组: 算力租赁方向 1板 封单比28.7% 涨停时间10:47 题材内涨停10家 成交3.3亿,算力租赁+低空经济+车联网,1连板 换手承接量比2.12,"次日竞价与开盘承接: 高开幅度观察区间[-2%,+5%]; 开盘涨幅≤+3%且不破昨收-3%视为买点触发",昨收6.6,高位情绪兑现/次日低开大幅回撤/炸板断板,1
2026-05-06,2026-05-07,aggressive,nlu,600110.SH,诺德股份,电池,98.8046875,"{'sector': 0.9521875, 'trend': 1.0, 'pos': 1.0, 'mom': 1.0, 'liq': 1.0, 'recog': 1.0}","非涨停组: 趋势结构多头(MA20>MA60且上行), 处于活跃板块[电池](当日涨幅分位93%, 板块涨停3家) 距60日高点0.3% 20日涨幅22.6%",板块[电池]轮动延续/资金承接,收盘11.45 MA20上方 量比0.98,"次日开盘[-2%,+3%]为观察区间; 收盘站上max(开盘,昨收)视为买点触发",昨收11.45,板块退潮补跌/资金承接不足/持续阴跌,1
2026-05-06,2026-05-07,aggressive,nlu,000688.SZ,国城矿业,小金属,98.359375,"{'sector': 0.9643750000000001, 'trend': 1.0, 'pos': 1.0, 'mom': 1.0, 'liq': 1.0, 'recog': 0.85}","非涨停组: 趋势结构多头(MA20>MA60且上行), 处于活跃板块[小金属](当日涨幅分位97%, 板块涨停3家) 距60日高点3.7% 20日涨幅28.4%",板块[小金属]轮动延续/资金承接,收盘50.79 MA20上方 量比0.82,"次日开盘[-2%,+3%]为观察区间; 收盘站上max(开盘,昨收)视为买点触发",昨收50.79,板块退潮补跌/资金承接不足/持续阴跌,1
2026-05-07,2026-05-08,aggressive,lu,002031.SZ,巨轮智能,专用设备,91.0,"{'theme': 1.0, 'ladder': 0.55, 'seal': 1.0, 'time': 0.85, 'liq': 1.0, 'struct': 1.0}",涨停组: 人形机器人方向 1板 封单比33.2% 涨停时间09:51 题材内涨停8家 成交4.9亿,人形机器人+RV减速器+XT减速器,1连板 换手承接量比1.34,"次日竞价与开盘承接: 高开幅度观察区间[-2%,+5%]; 开盘涨幅≤+3%且不破昨收-3%视为买点触发",昨收6.42,高位情绪兑现/次日低开大幅回撤/炸板断板,1
2026-05-07,2026-05-08,aggressive,lu,603278.SH,大业股份,通用设备,90.25,"{'theme': 1.0, 'ladder': 0.9, 'seal': 0.7, 'time': 0.85, 'liq': 1.0, 'struct': 1.0}",涨停组: 人形机器人方向 2板 封单比11.5% 涨停时间09:55 题材内涨停8家 成交5.3亿,人形机器人+腱绳+商业航天+胎圈钢丝,2连板 换手承接量比1.66,"次日竞价与开盘承接: 高开幅度观察区间[-2%,+5%]; 开盘涨幅≤+3%且不破昨收-3%视为买点触发",昨收13.55,高位情绪兑现/次日低开大幅回撤/炸板断板,1
2026-05-07,2026-05-08,aggressive,nlu,002902.SZ,铭普光磁,通信设备,98.328125,"{'sector': 0.933125, 'trend': 1.0, 'pos': 1.0, 'mom': 1.0, 'liq': 1.0, 'recog': 1.0}","非涨停组: 趋势结构多头(MA20>MA60且上行), 处于活跃板块[通信设备](当日涨幅分位96%, 板块涨停5家) 距60日高点0.9% 20日涨幅21.8%",板块[通信设备]轮动延续/资金承接,收盘32.89 MA20上方 量比0.96,"次日开盘[-2%,+3%]为观察区间; 收盘站上max(开盘,昨收)视为买点触发",昨收32.89,板块退潮补跌/资金承接不足/持续阴跌,1
2026-05-07,2026-05-08,aggressive,nlu,603078.SH,江化微,电子化学品,98.2890625,"{'sector': 0.9615625000000001, 'trend': 1.0, 'pos': 1.0, 'mom': 1.0, 'liq': 1.0, 'recog': 0.85}","非涨停组: 趋势结构多头(MA20>MA60且上行), 处于活跃板块[电子化学品](当日涨幅分位95%, 板块涨停3家) 距60日高点0.6% 20日涨幅27.6%",板块[电子化学品]轮动延续/资金承接,收盘27.31 MA20上方 量比1.38,"次日开盘[-2%,+3%]为观察区间; 收盘站上max(开盘,昨收)视为买点触发",昨收27.31,板块退潮补跌/资金承接不足/持续阴跌,1
2026-05-08,2026-05-11,aggressive,lu,603278.SH,大业股份,通用设备,91.75,"{'theme': 1.0, 'ladder': 1.0, 'seal': 0.7, 'time': 0.85, 'liq': 1.0, 'struct': 1.0}",涨停组: 人形机器人方向 3板 封单比11.1% 涨停时间10:15 题材内涨停11家 成交8.7亿,人形机器人+腱绳+商业航天+胎圈钢丝,3连板 换手承接量比1.88,"次日竞价与开盘承接: 高开幅度观察区间[-2%,+5%]; 开盘涨幅≤+3%且不破昨收-3%视为买点触发",昨收14.91,高位情绪兑现/次日低开大幅回撤/炸板断板,1
2026-05-08,2026-05-11,aggressive,lu,002009.SZ,天奇股份,专用设备,91.0,"{'theme': 1.0, 'ladder': 0.55, 'seal': 1.0, 'time': 0.85, 'liq': 1.0, 'struct': 1.0}",涨停组: 人形机器人方向 1板 封单比17.2% 涨停时间10:26 题材内涨停11家 成交13.3亿,人形机器人+锂电循环+智能装备,1连板 换手承接量比1.95,"次日竞价与开盘承接: 高开幅度观察区间[-2%,+5%]; 开盘涨幅≤+3%且不破昨收-3%视为买点触发",昨收26.96,高位情绪兑现/次日低开大幅回撤/炸板断板,1
2026-05-08,2026-05-11,aggressive,nlu,000063.SZ,中兴通讯,通信设备,95.859375,"{'sector': 0.9143749999999999, 'trend': 1.0, 'pos': 1.0, 'mom': 1.0, 'liq': 1.0, 'recog': 0.6}","非涨停组: 趋势结构多头(MA20>MA60且上行), 处于活跃板块[通信设备](当日涨幅分位88%, 板块涨停6家) 距60日高点1.2% 20日涨幅19.6%",板块[通信设备]轮动延续/资金承接,收盘38.21 MA20上方 量比0.99,"次日开盘[-2%,+3%]为观察区间; 收盘站上max(开盘,昨收)视为买点触发",昨收38.21,板块退潮补跌/资金承接不足/持续阴跌,1
2026-05-08,2026-05-11,aggressive,nlu,002406.SZ,远东传动,汽车零部件,95.71875,"{'sector': 0.90875, 'trend': 1.0, 'pos': 1.0, 'mom': 1.0, 'liq': 1.0, 'recog': 0.6}","非涨停组: 趋势结构多头(MA20>MA60且上行), 处于活跃板块[汽车零部件](当日涨幅分位92%, 板块涨停7家) 距60日高点4.1% 20日涨幅16.6%",板块[汽车零部件]轮动延续/资金承接,收盘7.92 MA20上方 量比1.33,"次日开盘[-2%,+3%]为观察区间; 收盘站上max(开盘,昨收)视为买点触发",昨收7.92,板块退潮补跌/资金承接不足/持续阴跌,1
2026-05-11,2026-05-12,aggressive,lu,000062.SZ,深圳华强,其他电子,79.0,"{'theme': 1.0, 'ladder': 0.55, 'seal': 0.4, 'time': 0.85, 'liq': 1.0, 'struct': 1.0}",涨停组: 存储芯片方向 1板 封单比7.2% 涨停时间10:16 题材内涨停6家 成交32.8亿,存储芯片+华为昇腾+分销龙头+一季报增长,1连板 换手承接量比0.82,"次日竞价与开盘承接: 高开幅度观察区间[-2%,+5%]; 开盘涨幅≤+3%且不破昨收-3%视为买点触发",昨收39.09,高位情绪兑现/次日低开大幅回撤/炸板断板,1
2026-05-11,2026-05-12,aggressive,lu,603499.SH,翔港科技,包装印刷,71.75,"{'theme': 1.0, 'ladder': 0.55, 'seal': 0.15, 'time': 0.7, 'liq': 1.0, 'struct': 1.0}",涨停组: 存储芯片方向 1板 封单比0.9% 涨停时间10:36 题材内涨停6家 成交4.7亿,存储芯片+烟包高增+包装印刷,1连板 换手承接量比2.56,"次日竞价与开盘承接: 高开幅度观察区间[-2%,+5%]; 开盘涨幅≤+3%且不破昨收-3%视为买点触发",昨收23.07,高位情绪兑现/次日低开大幅回撤/炸板断板,1
2026-05-11,2026-05-12,aggressive,nlu,002049.SZ,紫光国微,半导体,97.7421875,"{'sector': 0.9896875, 'trend': 1.0, 'pos': 1.0, 'mom': 1.0, 'liq': 1.0, 'recog': 0.6}","非涨停组: 趋势结构多头(MA20>MA60且上行), 处于活跃板块[半导体](当日涨幅分位98%, 板块涨停4家) 距60日高点1.0% 20日涨幅18.7%",板块[半导体]轮动延续/资金承接,收盘81.64 MA20上方 量比1.39,"次日开盘[-2%,+3%]为观察区间; 收盘站上max(开盘,昨收)视为买点触发",昨收81.64,板块退潮补跌/资金承接不足/持续阴跌,1
2026-05-11,2026-05-12,aggressive,nlu,002741.SZ,光华科技,电子化学品,97.4140625,"{'sector': 0.9765625, 'trend': 1.0, 'pos': 1.0, 'mom': 1.0, 'liq': 1.0, 'recog': 0.6}","非涨停组: 趋势结构多头(MA20>MA60且上行), 处于活跃板块[电子化学品](当日涨幅分位98%, 板块涨停4家) 距60日高点3.7% 20日涨幅29.9%",板块[电子化学品]轮动延续/资金承接,收盘22.76 MA20上方 量比1.17,"次日开盘[-2%,+3%]为观察区间; 收盘站上max(开盘,昨收)视为买点触发",昨收22.76,板块退潮补跌/资金承接不足/持续阴跌,1
2026-05-12,2026-05-13,defensive,lu,603331.SH,百达精工,通用设备,74.25,"{'theme': 0.4, 'ladder': 0.55, 'seal': 1.0, 'time': 1.0, 'liq': 0.6, 'struct': 1.0}",涨停组: 人形机器人方向 1板 封单比28.0% 涨停时间09:39 题材内涨停3家 成交2.2亿,人形机器人+银河通用合作+汽车零部件,1连板 换手承接量比0.98,"次日竞价与开盘承接: 高开幅度观察区间[-2%,+5%]; 开盘涨幅≤+3%且不破昨收-3%视为买点触发",昨收16.28,高位情绪兑现/次日低开大幅回撤/炸板断板,1
2026-05-12,2026-05-13,defensive,nlu,002706.SZ,良信股份,电网设备,98.203125,"{'sector': 0.9581250000000001, 'trend': 1.0, 'pos': 1.0, 'mom': 1.0, 'liq': 1.0, 'recog': 0.85}","非涨停组: 趋势结构多头(MA20>MA60且上行), 处于活跃板块[电网设备](当日涨幅分位97%, 板块涨停8家) 距60日高点8.0% 20日涨幅25.5%",板块[电网设备]轮动延续/资金承接,收盘12.04 MA20上方 量比1.69,"次日开盘[-2%,+3%]为观察区间; 收盘站上max(开盘,昨收)视为买点触发",昨收12.04,板块退潮补跌/资金承接不足/持续阴跌,1
2026-05-12,2026-05-13,defensive,nlu,002015.SZ,协鑫能科,电力,97.0703125,"{'sector': 0.9628125, 'trend': 1.0, 'pos': 1.0, 'mom': 1.0, 'liq': 1.0, 'recog': 0.6}","非涨停组: 趋势结构多头(MA20>MA60且上行), 处于活跃板块[电力](当日涨幅分位97%, 板块涨停6家) 距60日高点7.5% 20日涨幅22.1%",板块[电力]轮动延续/资金承接,收盘21.15 MA20上方 量比1.26,"次日开盘[-2%,+3%]为观察区间; 收盘站上max(开盘,昨收)视为买点触发",昨收21.15,板块退潮补跌/资金承接不足/持续阴跌,1
2026-05-13,2026-05-14,aggressive,lu,000889.SZ,中嘉博创,通信服务,88.75,"{'theme': 1.0, 'ladder': 0.55, 'seal': 1.0, 'time': 0.7, 'liq': 1.0, 'struct': 1.0}",涨停组: 算力租赁方向 1板 封单比16.7% 涨停时间10:43 题材内涨停9家 成交8.3亿,算力租赁+5G消息+通信运维+亏损收窄,1连板 换手承接量比0.95,"次日竞价与开盘承接: 高开幅度观察区间[-2%,+5%]; 开盘涨幅≤+3%且不破昨收-3%视为买点触发",昨收5.57,高位情绪兑现/次日低开大幅回撤/炸板断板,1
2026-05-13,2026-05-14,aggressive,lu,000601.SZ,韶能股份,电力,88.5,"{'theme': 0.6, 'ladder': 0.9, 'seal': 1.0, 'time': 1.0, 'liq': 1.0, 'struct': 1.0}",涨停组: 算电协同方向 2板 封单比40.9% 涨停时间09:30 题材内涨停4家 成交6.6亿,算电协同+储能+绿电直供,2连板 换手承接量比0.81,"次日竞价与开盘承接: 高开幅度观察区间[-2%,+5%]; 开盘涨幅≤+3%且不破昨收-3%视为买点触发",昨收8.9,高位情绪兑现/次日低开大幅回撤/炸板断板,1
2026-05-13,2026-05-14,aggressive,nlu,002335.SZ,科华数据,其他电源设备,98.6796875,"{'sector': 0.9771875, 'trend': 1.0, 'pos': 1.0, 'mom': 1.0, 'liq': 1.0, 'recog': 0.85}","非涨停组: 趋势结构多头(MA20>MA60且上行), 处于活跃板块[其他电源设备](当日涨幅分位99%, 板块涨停4家) 距60日高点2.2% 20日涨幅19.9%",板块[其他电源设备]轮动延续/资金承接,收盘48.72 MA20上方 量比1.17,"次日开盘[-2%,+3%]为观察区间; 收盘站上max(开盘,昨收)视为买点触发",昨收48.72,板块退潮补跌/资金承接不足/持续阴跌,1
2026-05-13,2026-05-14,aggressive,nlu,000815.SZ,美利云,通信服务,98.53125,"{'sector': 0.94125, 'trend': 1.0, 'pos': 1.0, 'mom': 1.0, 'liq': 1.0, 'recog': 1.0}","非涨停组: 趋势结构多头(MA20>MA60且上行), 处于活跃板块[通信服务](当日涨幅分位94%, 板块涨停4家) 距60日高点4.2% 20日涨幅17.2%",板块[通信服务]轮动延续/资金承接,收盘22.47 MA20上方 量比0.92,"次日开盘[-2%,+3%]为观察区间; 收盘站上max(开盘,昨收)视为买点触发",昨收22.47,板块退潮补跌/资金承接不足/持续阴跌,1
2026-05-14,2026-05-15,defensive,lu,002809.SZ,红墙股份,化学制品,67.0,"{'theme': 0.2, 'ladder': 0.55, 'seal': 1.0, 'time': 0.85, 'liq': 0.6, 'struct': 1.0}",涨停组: 环氧丙烷方向 1板 封单比20.1% 涨停时间10:22 题材内涨停2家 成交2.9亿,环氧丙烷+精细化工+产能爬坡,1连板 换手承接量比2.39,"次日竞价与开盘承接: 高开幅度观察区间[-2%,+5%]; 开盘涨幅≤+3%且不破昨收-3%视为买点触发",昨收11.46,高位情绪兑现/次日低开大幅回撤/炸板断板,1
2026-05-14,2026-05-15,defensive,nlu,002157.SZ,正邦科技,养殖业,96.3359375,"{'sector': 0.8834375, 'trend': 1.0, 'pos': 1.0, 'mom': 1.0, 'liq': 1.0, 'recog': 0.85}","非涨停组: 趋势结构多头(MA20>MA60且上行), 处于活跃板块[养殖业](当日涨幅分位97%, 板块涨停3家) 距60日高点6.0% 20日涨幅9.1%",板块[养殖业]轮动延续/资金承接,收盘3.46 MA20上方 量比1.54,"次日开盘[-2%,+3%]为观察区间; 收盘站上max(开盘,昨收)视为买点触发",昨收3.46,板块退潮补跌/资金承接不足/持续阴跌,1
2026-05-14,2026-05-15,defensive,nlu,000672.SZ,上峰材料,建筑材料,95.3515625,"{'sector': 0.8140624999999999, 'trend': 1.0, 'pos': 1.0, 'mom': 1.0, 'liq': 1.0, 'recog': 1.0}","非涨停组: 趋势结构多头(MA20>MA60且上行), 处于活跃板块[建筑材料](当日涨幅分位78%, 板块涨停3家) 距60日高点6.6% 20日涨幅28.0%",板块[建筑材料]轮动延续/资金承接,收盘16.34 MA20上方 量比0.86,"次日开盘[-2%,+3%]为观察区间; 收盘站上max(开盘,昨收)视为买点触发",昨收16.34,板块退潮补跌/资金承接不足/持续阴跌,1
2026-05-15,2026-05-18,defensive,lu,603386.SH,骏亚科技,元件,93.25,"{'theme': 1.0, 'ladder': 0.55, 'seal': 1.0, 'time': 1.0, 'liq': 1.0, 'struct': 1.0}",涨停组: 人形机器人方向 1板 封单比32.5% 涨停时间09:37 题材内涨停9家 成交3.7亿,人形机器人+PCB+光模块HDI,1连板 换手承接量比0.91,"次日竞价与开盘承接: 高开幅度观察区间[-2%,+5%]; 开盘涨幅≤+3%且不破昨收-3%视为买点触发",昨收16.92,高位情绪兑现/次日低开大幅回撤/炸板断板,1
2026-05-15,2026-05-18,defensive,nlu,603699.SH,纽威股份,通用设备,96.15625,"{'sector': 0.92625, 'trend': 1.0, 'pos': 1.0, 'mom': 1.0, 'liq': 1.0, 'recog': 0.6}","非涨停组: 趋势结构多头(MA20>MA60且上行), 处于活跃板块[通用设备](当日涨幅分位92%, 板块涨停4家) 距60日高点2.9% 20日涨幅27.6%",板块[通用设备]轮动延续/资金承接,收盘63.84 MA20上方 量比1.42,"次日开盘[-2%,+3%]为观察区间; 收盘站上max(开盘,昨收)视为买点触发",昨收63.84,板块退潮补跌/资金承接不足/持续阴跌,1
2026-05-15,2026-05-18,defensive,nlu,603283.SH,赛腾股份,自动化设备,96.1484375,"{'sector': 0.8759375, 'trend': 1.0, 'pos': 1.0, 'mom': 1.0, 'liq': 1.0, 'recog': 0.85}","非涨停组: 趋势结构多头(MA20>MA60且上行), 处于活跃板块[自动化设备](当日涨幅分位97%, 板块涨停2家) 距60日高点4.2% 20日涨幅19.9%",板块[自动化设备]轮动延续/资金承接,收盘46.67 MA20上方 量比1.22,"次日开盘[-2%,+3%]为观察区间; 收盘站上max(开盘,昨收)视为买点触发",昨收46.67,板块退潮补跌/资金承接不足/持续阴跌,1
2026-05-18,2026-05-19,normal,lu,600850.SH,电科数字,IT服务,88.25,"{'theme': 0.8, 'ladder': 0.55, 'seal': 1.0, 'time': 1.0, 'liq': 1.0, 'struct': 1.0}",涨停组: 商业航天方向 1板 封单比26.2% 涨停时间09:31 题材内涨停5家 成交3.3亿,商业航天+AI算力+央企+行政处罚将落地,1连板 换手承接量比1.15,"次日竞价与开盘承接: 高开幅度观察区间[-2%,+5%]; 开盘涨幅≤+3%且不破昨收-3%视为买点触发",昨收20.46,高位情绪兑现/次日低开大幅回撤/炸板断板,1
2026-05-18,2026-05-19,normal,lu,603938.SH,三孚股份,化学原料,87.25,"{'theme': 1.0, 'ladder': 0.55, 'seal': 1.0, 'time': 1.0, 'liq': 1.0, 'struct': 0.6}",涨停组: 存储芯片方向 1板 封单比16.7% 涨停时间09:32 题材内涨停7家 成交5.7亿,存储芯片+光纤材料+电子特气,1连板 换手承接量比0.43,"次日竞价与开盘承接: 高开幅度观察区间[-2%,+5%]; 开盘涨幅≤+3%且不破昨收-3%视为买点触发",昨收44.43,高位情绪兑现/次日低开大幅回撤/炸板断板,1
2026-05-18,2026-05-19,normal,nlu,002815.SZ,崇达技术,元件,96.84375,"{'sector': 0.9537499999999999, 'trend': 1.0, 'pos': 1.0, 'mom': 1.0, 'liq': 1.0, 'recog': 0.6}","非涨停组: 趋势结构多头(MA20>MA60且上行), 处于活跃板块[元件](当日涨幅分位95%, 板块涨停4家) 距60日高点7.6% 20日涨幅5.1%",板块[元件]轮动延续/资金承接,收盘15.64 MA20上方 量比0.77,"次日开盘[-2%,+3%]为观察区间; 收盘站上max(开盘,昨收)视为买点触发",昨收15.64,板块退潮补跌/资金承接不足/持续阴跌,1
2026-05-18,2026-05-19,normal,nlu,002241.SZ,歌尔股份,消费电子,95.671875,"{'sector': 0.906875, 'trend': 1.0, 'pos': 1.0, 'mom': 1.0, 'liq': 1.0, 'recog': 0.6}","非涨停组: 趋势结构多头(MA20>MA60且上行), 处于活跃板块[消费电子](当日涨幅分位86%, 板块涨停3家) 距60日高点5.1% 20日涨幅7.1%",板块[消费电子]轮动延续/资金承接,收盘25.63 MA20上方 量比1.05,"次日开盘[-2%,+3%]为观察区间; 收盘站上max(开盘,昨收)视为买点触发",昨收25.63,板块退潮补跌/资金承接不足/持续阴跌,1
2026-05-19,2026-05-20,aggressive,lu,605488.SH,福莱新材,塑料制品,79.25,"{'theme': 0.6, 'ladder': 0.55, 'seal': 1.0, 'time': 1.0, 'liq': 0.6, 'struct': 1.0}",涨停组: 人形机器人方向 1板 封单比71.1% 涨停时间09:31 题材内涨停4家 成交2.7亿,人形机器人+柔性传感器+定增扩产,1连板 换手承接量比0.86,"次日竞价与开盘承接: 高开幅度观察区间[-2%,+5%]; 开盘涨幅≤+3%且不破昨收-3%视为买点触发",昨收38.52,高位情绪兑现/次日低开大幅回撤/炸板断板,1
2026-05-19,2026-05-20,aggressive,lu,603206.SH,嘉环科技,通信服务,78.5,"{'theme': 0.2, 'ladder': 0.9, 'seal': 1.0, 'time': 1.0, 'liq': 1.0, 'struct': 1.0}",涨停组: AI算力方向 2板 封单比31.6% 涨停时间09:37 题材内涨停2家 成交3.4亿,AI算力+华为合作+训推一体机,2连板 换手承接量比1.75,"次日竞价与开盘承接: 高开幅度观察区间[-2%,+5%]; 开盘涨幅≤+3%且不破昨收-3%视为买点触发",昨收21.03,高位情绪兑现/次日低开大幅回撤/炸板断板,1
2026-05-19,2026-05-20,aggressive,nlu,603061.SH,金海通,半导体,99.265625,"{'sector': 0.970625, 'trend': 1.0, 'pos': 1.0, 'mom': 1.0, 'liq': 1.0, 'recog': 1.0}","非涨停组: 趋势结构多头(MA20>MA60且上行), 处于活跃板块[半导体](当日涨幅分位95%, 板块涨停3家) 距60日高点4.1% 20日涨幅28.8%",板块[半导体]轮动延续/资金承接,收盘316.90 MA20上方 量比1.00,"次日开盘[-2%,+3%]为观察区间; 收盘站上max(开盘,昨收)视为买点触发",昨收316.90,板块退潮补跌/资金承接不足/持续阴跌,1
2026-05-19,2026-05-20,aggressive,nlu,002617.SZ,露笑科技,电力,98.9765625,"{'sector': 0.9590624999999999, 'trend': 1.0, 'pos': 1.0, 'mom': 1.0, 'liq': 1.0, 'recog': 1.0}","非涨停组: 趋势结构多头(MA20>MA60且上行), 处于活跃板块[电力](当日涨幅分位97%, 板块涨停8家) 距60日高点7.7% 20日涨幅23.5%",板块[电力]轮动延续/资金承接,收盘9.45 MA20上方 量比1.03,"次日开盘[-2%,+3%]为观察区间; 收盘站上max(开盘,昨收)视为买点触发",昨收9.45,板块退潮补跌/资金承接不足/持续阴跌,1
2026-05-20,2026-05-21,defensive,lu,002272.SZ,川润股份,通用设备,79.0,"{'theme': 0.4, 'ladder': 1.0, 'seal': 0.7, 'time': 1.0, 'liq': 1.0, 'struct': 1.0}",涨停组: 液冷服务器方向 3板 封单比8.7% 涨停时间09:25 题材内涨停3家 成交15.1亿,液冷服务器+机器人+定增扩产,3连板 换手承接量比1.12,"次日竞价与开盘承接: 高开幅度观察区间[-2%,+5%]; 开盘涨幅≤+3%且不破昨收-3%视为买点触发",昨收24.94,高位情绪兑现/次日低开大幅回撤/炸板断板,1
2026-05-20,2026-05-21,defensive,nlu,002049.SZ,紫光国微,半导体,97.7109375,"{'sector': 0.9884375000000001, 'trend': 1.0, 'pos': 1.0, 'mom': 1.0, 'liq': 1.0, 'recog': 0.6}","非涨停组: 趋势结构多头(MA20>MA60且上行), 处于活跃板块[半导体](当日涨幅分位98%, 板块涨停7家) 距60日高点1.8% 20日涨幅11.5%",板块[半导体]轮动延续/资金承接,收盘81.00 MA20上方 量比1.07,"次日开盘[-2%,+3%]为观察区间; 收盘站上max(开盘,昨收)视为买点触发",昨收81.00,板块退潮补跌/资金承接不足/持续阴跌,1
2026-05-20,2026-05-21,defensive,nlu,605589.SH,圣泉集团,塑料制品,95.4765625,"{'sector': 0.8490625, 'trend': 1.0, 'pos': 1.0, 'mom': 1.0, 'liq': 1.0, 'recog': 0.85}","非涨停组: 趋势结构多头(MA20>MA60且上行), 处于活跃板块[塑料制品](当日涨幅分位77%, 板块涨停3家) 距60日高点1.3% 20日涨幅24.0%",板块[塑料制品]轮动延续/资金承接,收盘47.36 MA20上方 量比0.94,"次日开盘[-2%,+3%]为观察区间; 收盘站上max(开盘,昨收)视为买点触发",昨收47.36,板块退潮补跌/资金承接不足/持续阴跌,1
2026-05-21,2026-05-22,defensive,lu,002036.SZ,联创电子,光学光电子,78.25,"{'theme': 0.4, 'ladder': 0.55, 'seal': 1.0, 'time': 1.0, 'liq': 1.0, 'struct': 1.0}",涨停组: 无人驾驶方向 1板 封单比21.3% 涨停时间09:41 题材内涨停3家 成交6.5亿,无人驾驶+车载光学+机器视觉,1连板 换手承接量比1.66,"次日竞价与开盘承接: 高开幅度观察区间[-2%,+5%]; 开盘涨幅≤+3%且不破昨收-3%视为买点触发",昨收9.36,高位情绪兑现/次日低开大幅回撤/炸板断板,1
2026-05-21,2026-05-22,defensive,nlu,002126.SZ,银轮股份,汽车零部件,97.625,"{'sector': 0.905, 'trend': 1.0, 'pos': 1.0, 'mom': 1.0, 'liq': 1.0, 'recog': 1.0}","非涨停组: 趋势结构多头(MA20>MA60且上行), 处于活跃板块[汽车零部件](当日涨幅分位86%, 板块涨停4家) 距60日高点3.8% 20日涨幅20.9%",板块[汽车零部件]轮动延续/资金承接,收盘59.54 MA20上方 量比1.65,"次日开盘[-2%,+3%]为观察区间; 收盘站上max(开盘,昨收)视为买点触发",昨收59.54,板块退潮补跌/资金承接不足/持续阴跌,1
2026-05-21,2026-05-22,defensive,nlu,003019.SZ,宸展光电,光学光电子,96.09375,"{'sector': 0.92375, 'trend': 1.0, 'pos': 1.0, 'mom': 1.0, 'liq': 1.0, 'recog': 0.6}","非涨停组: 趋势结构多头(MA20>MA60且上行), 处于活跃板块[光学光电子](当日涨幅分位88%, 板块涨停5家) 距60日高点3.9% 20日涨幅5.2%",板块[光学光电子]轮动延续/资金承接,收盘36.83 MA20上方 量比1.23,"次日开盘[-2%,+3%]为观察区间; 收盘站上max(开盘,昨收)视为买点触发",昨收36.83,板块退潮补跌/资金承接不足/持续阴跌,1
2026-05-22,2026-05-25,normal,lu,603960.SH,克来机电,汽车零部件,67.75,"{'theme': 0.4, 'ladder': 0.55, 'seal': 0.7, 'time': 0.7, 'liq': 1.0, 'struct': 1.0}",涨停组: 机器人方向 1板 封单比14.1% 涨停时间11:16 题材内涨停3家 成交3.3亿,机器人+AI应用+汽车电子,1连板 换手承接量比1.44,"次日竞价与开盘承接: 高开幅度观察区间[-2%,+5%]; 开盘涨幅≤+3%且不破昨收-3%视为买点触发",昨收23.67,高位情绪兑现/次日低开大幅回撤/炸板断板,1
2026-05-22,2026-05-25,normal,lu,002585.SZ,双星新材,塑料制品,62.75,"{'theme': 0.2, 'ladder': 0.55, 'seal': 0.7, 'time': 0.7, 'liq': 1.0, 'struct': 1.0}",涨停组: MLCC离型膜方向 1板 封单比12.3% 涨停时间11:10 题材内涨停2家 成交7.7亿,MLCC离型膜+复合铜箔+扭亏为盈,1连板 换手承接量比1.01,"次日竞价与开盘承接: 高开幅度观察区间[-2%,+5%]; 开盘涨幅≤+3%且不破昨收-3%视为买点触发",昨收8.98,高位情绪兑现/次日低开大幅回撤/炸板断板,1
2026-05-22,2026-05-25,normal,nlu,002436.SZ,兴森科技,元件,97.90625,"{'sector': 0.99625, 'trend': 1.0, 'pos': 1.0, 'mom': 1.0, 'liq': 1.0, 'recog': 0.6}","非涨停组: 趋势结构多头(MA20>MA60且上行), 处于活跃板块[元件](当日涨幅分位99%, 板块涨停14家) 距60日高点2.7% 20日涨幅25.6%",板块[元件]轮动延续/资金承接,收盘35.39 MA20上方 量比1.16,"次日开盘[-2%,+3%]为观察区间; 收盘站上max(开盘,昨收)视为买点触发",昨收35.39,板块退潮补跌/资金承接不足/持续阴跌,1
2026-05-22,2026-05-25,normal,nlu,601609.SH,金田股份,工业金属,97.625,"{'sector': 0.9349999999999999, 'trend': 1.0, 'pos': 1.0, 'mom': 1.0, 'liq': 1.0, 'recog': 0.85}","非涨停组: 趋势结构多头(MA20>MA60且上行), 处于活跃板块[工业金属](当日涨幅分位95%, 板块涨停4家) 距60日高点4.6% 20日涨幅26.7%",板块[工业金属]轮动延续/资金承接,收盘13.72 MA20上方 量比0.82,"次日开盘[-2%,+3%]为观察区间; 收盘站上max(开盘,昨收)视为买点触发",昨收13.72,板块退潮补跌/资金承接不足/持续阴跌,1
2026-05-25,2026-05-26,defensive,lu,600520.SH,三佳科技,专用设备,86.0,"{'theme': 0.8, 'ladder': 0.55, 'seal': 1.0, 'time': 0.85, 'liq': 1.0, 'struct': 1.0}",涨停组: 先进封装方向 1板 封单比17.2% 涨停时间10:21 题材内涨停5家 成交4.5亿,先进封装+半导体设备+合肥国资,1连板 换手承接量比0.89,"次日竞价与开盘承接: 高开幅度观察区间[-2%,+5%]; 开盘涨幅≤+3%且不破昨收-3%视为买点触发",昨收33.47,高位情绪兑现/次日低开大幅回撤/炸板断板,1
2026-05-25,2026-05-26,defensive,nlu,002273.SZ,水晶光电,光学光电子,97.9296875,"{'sector': 0.9171875, 'trend': 1.0, 'pos': 1.0, 'mom': 1.0, 'liq': 1.0, 'recog': 1.0}","非涨停组: 趋势结构多头(MA20>MA60且上行), 处于活跃板块[光学光电子](当日涨幅分位86%, 板块涨停5家) 距60日高点4.3% 20日涨幅21.4%",板块[光学光电子]轮动延续/资金承接,收盘39.92 MA20上方 量比1.10,"次日开盘[-2%,+3%]为观察区间; 收盘站上max(开盘,昨收)视为买点触发",昨收39.92,板块退潮补跌/资金承接不足/持续阴跌,1
2026-05-25,2026-05-26,defensive,nlu,002049.SZ,紫光国微,半导体,97.6875,"{'sector': 0.9874999999999999, 'trend': 1.0, 'pos': 1.0, 'mom': 1.0, 'liq': 1.0, 'recog': 0.6}","非涨停组: 趋势结构多头(MA20>MA60且上行), 处于活跃板块[半导体](当日涨幅分位99%, 板块涨停9家) 距60日高点0.1% 20日涨幅17.4%",板块[半导体]轮动延续/资金承接,收盘84.71 MA20上方 量比1.50,"次日开盘[-2%,+3%]为观察区间; 收盘站上max(开盘,昨收)视为买点触发",昨收84.71,板块退潮补跌/资金承接不足/持续阴跌,1
2026-05-26,2026-05-27,defensive,lu,600520.SH,三佳科技,专用设备,68.5,"{'theme': 0.2, 'ladder': 0.9, 'seal': 1.0, 'time': 1.0, 'liq': 0.6, 'struct': 0.6}",涨停组: 先进封装方向 2板 封单比47.0% 涨停时间09:25 题材内涨停2家 成交3.0亿,先进封装+半导体设备+合肥国资+一季报扭亏,2连板 换手承接量比0.56,"次日竞价与开盘承接: 高开幅度观察区间[-2%,+5%]; 开盘涨幅≤+3%且不破昨收-3%视为买点触发",昨收36.82,高位情绪兑现/次日低开大幅回撤/炸板断板,1
2026-05-26,2026-05-27,defensive,nlu,002273.SZ,水晶光电,光学光电子,97.265625,"{'sector': 0.890625, 'trend': 1.0, 'pos': 1.0, 'mom': 1.0, 'liq': 1.0, 'recog': 1.0}","非涨停组: 趋势结构多头(MA20>MA60且上行), 处于活跃板块[光学光电子](当日涨幅分位81%, 板块涨停3家) 距60日高点6.3% 20日涨幅17.4%",板块[光学光电子]轮动延续/资金承接,收盘39.09 MA20上方 量比0.73,"次日开盘[-2%,+3%]为观察区间; 收盘站上max(开盘,昨收)视为买点触发",昨收39.09,板块退潮补跌/资金承接不足/持续阴跌,1
2026-05-26,2026-05-27,defensive,nlu,000823.SZ,超声电子,元件,97.15625,"{'sector': 0.96625, 'trend': 1.0, 'pos': 1.0, 'mom': 1.0, 'liq': 1.0, 'recog': 0.6}","非涨停组: 趋势结构多头(MA20>MA60且上行), 处于活跃板块[元件](当日涨幅分位94%, 板块涨停4家) 距60日高点5.0% 20日涨幅6.9%",板块[元件]轮动延续/资金承接,收盘16.87 MA20上方 量比1.51,"次日开盘[-2%,+3%]为观察区间; 收盘站上max(开盘,昨收)视为买点触发",昨收16.87,板块退潮补跌/资金承接不足/持续阴跌,1
2026-05-27,2026-05-28,defensive,lu,600758.SH,辽宁能源,煤炭开采加工,70.0,"{'theme': 0.4, 'ladder': 0.55, 'seal': 0.7, 'time': 0.85, 'liq': 1.0, 'struct': 1.0}",涨停组: 电力方向 1板 封单比8.7% 涨停时间10:23 题材内涨停3家 成交6.4亿,电力+煤炭+国企,1连板 换手承接量比0.88,"次日竞价与开盘承接: 高开幅度观察区间[-2%,+5%]; 开盘涨幅≤+3%且不破昨收-3%视为买点触发",昨收4.64,高位情绪兑现/次日低开大幅回撤/炸板断板,1
2026-05-27,2026-05-28,defensive,nlu,000543.SZ,皖能电力,电力,97.3828125,"{'sector': 0.9753125, 'trend': 1.0, 'pos': 1.0, 'mom': 1.0, 'liq': 1.0, 'recog': 0.6}","非涨停组: 趋势结构多头(MA20>MA60且上行), 处于活跃板块[电力](当日涨幅分位97%, 板块涨停5家) 距60日高点3.4% 20日涨幅11.6%",板块[电力]轮动延续/资金承接,收盘8.67 MA20上方 量比0.98,"次日开盘[-2%,+3%]为观察区间; 收盘站上max(开盘,昨收)视为买点触发",昨收8.67,板块退潮补跌/资金承接不足/持续阴跌,1
2026-05-27,2026-05-28,defensive,nlu,002277.SZ,友阿股份,零售,96.453125,"{'sector': 0.888125, 'trend': 1.0, 'pos': 1.0, 'mom': 1.0, 'liq': 1.0, 'recog': 0.85}","非涨停组: 趋势结构多头(MA20>MA60且上行), 处于活跃板块[零售](当日涨幅分位87%, 板块涨停3家) 距60日高点2.9% 20日涨幅29.9%",板块[零售]轮动延续/资金承接,收盘7.43 MA20上方 量比1.23,"次日开盘[-2%,+3%]为观察区间; 收盘站上max(开盘,昨收)视为买点触发",昨收7.43,板块退潮补跌/资金承接不足/持续阴跌,1
2026-05-28,2026-05-29,normal,lu,000539.SZ,粤电力A,电力,83.5,"{'theme': 0.4, 'ladder': 0.9, 'seal': 1.0, 'time': 1.0, 'liq': 1.0, 'struct': 1.0}",涨停组: 电力方向 2板 封单比15.6% 涨停时间09:30 题材内涨停3家 成交12.0亿,电力+业绩减亏+广东国资,2连板 换手承接量比1.31,"次日竞价与开盘承接: 高开幅度观察区间[-2%,+5%]; 开盘涨幅≤+3%且不破昨收-3%视为买点触发",昨收8.07,高位情绪兑现/次日低开大幅回撤/炸板断板,1
2026-05-28,2026-05-29,normal,lu,603861.SH,白云电器,电网设备,73.25,"{'theme': 0.2, 'ladder': 0.55, 'seal': 1.0, 'time': 1.0, 'liq': 1.0, 'struct': 1.0}",涨停组: HVDC方向 1板 封单比31.4% 涨停时间09:43 题材内涨停2家 成交3.9亿,HVDC+数据中心+变压器出海,1连板 换手承接量比1.48,"次日竞价与开盘承接: 高开幅度观察区间[-2%,+5%]; 开盘涨幅≤+3%且不破昨收-3%视为买点触发",昨收16.72,高位情绪兑现/次日低开大幅回撤/炸板断板,1
2026-05-28,2026-05-29,normal,nlu,000657.SZ,中钨高新,小金属,98.3828125,"{'sector': 0.9353125, 'trend': 1.0, 'pos': 1.0, 'mom': 1.0, 'liq': 1.0, 'recog': 1.0}","非涨停组: 趋势结构多头(MA20>MA60且上行), 处于活跃板块[小金属](当日涨幅分位92%, 板块涨停3家) 距60日高点3.5% 20日涨幅28.1%",板块[小金属]轮动延续/资金承接,收盘68.79 MA20上方 量比1.00,"次日开盘[-2%,+3%]为观察区间; 收盘站上max(开盘,昨收)视为买点触发",昨收68.79,板块退潮补跌/资金承接不足/持续阴跌,1
2026-05-28,2026-05-29,normal,nlu,000823.SZ,超声电子,元件,97.359375,"{'sector': 0.974375, 'trend': 1.0, 'pos': 1.0, 'mom': 1.0, 'liq': 1.0, 'recog': 0.6}","非涨停组: 趋势结构多头(MA20>MA60且上行), 处于活跃板块[元件](当日涨幅分位96%, 板块涨停8家) 距60日高点4.3% 20日涨幅9.5%",板块[元件]轮动延续/资金承接,收盘17.00 MA20上方 量比1.19,"次日开盘[-2%,+3%]为观察区间; 收盘站上max(开盘,昨收)视为买点触发",昨收17.00,板块退潮补跌/资金承接不足/持续阴跌,1
2026-05-29,2026-06-01,defensive,lu,000539.SZ,粤电力A,电力,95.0,"{'theme': 0.8, 'ladder': 1.0, 'seal': 1.0, 'time': 1.0, 'liq': 1.0, 'struct': 1.0}",涨停组: 电力方向 3板 封单比18.8% 涨停时间09:31 题材内涨停5家 成交10.2亿,电力+业绩减亏+广东国资,3连板 换手承接量比0.94,"次日竞价与开盘承接: 高开幅度观察区间[-2%,+5%]; 开盘涨幅≤+3%且不破昨收-3%视为买点触发",昨收8.88,高位情绪兑现/次日低开大幅回撤/炸板断板,1
2026-05-29,2026-06-01,defensive,nlu,000027.SZ,深圳能源,电力,97.4140625,"{'sector': 0.9765625, 'trend': 1.0, 'pos': 1.0, 'mom': 1.0, 'liq': 1.0, 'recog': 0.6}","非涨停组: 趋势结构多头(MA20>MA60且上行), 处于活跃板块[电力](当日涨幅分位96%, 板块涨停7家) 距60日高点4.7% 20日涨幅16.6%",板块[电力]轮动延续/资金承接,收盘7.90 MA20上方 量比1.68,"次日开盘[-2%,+3%]为观察区间; 收盘站上max(开盘,昨收)视为买点触发",昨收7.90,板块退潮补跌/资金承接不足/持续阴跌,1
2026-05-29,2026-06-01,defensive,nlu,603919.SH,金徽酒,白酒,93.7578125,"{'sector': 0.7803125, 'trend': 1.0, 'pos': 1.0, 'mom': 1.0, 'liq': 1.0, 'recog': 0.85}","非涨停组: 趋势结构多头(MA20>MA60且上行), 处于活跃板块[白酒](当日涨幅分位97%, 板块涨停1家) 距60日高点6.3% 20日涨幅20.0%",板块[白酒]轮动延续/资金承接,收盘21.16 MA20上方 量比1.09,"次日开盘[-2%,+3%]为观察区间; 收盘站上max(开盘,昨收)视为买点触发",昨收21.16,板块退潮补跌/资金承接不足/持续阴跌,1
2026-06-01,2026-06-02,defensive,lu,603341.SH,龙旗科技,消费电子,88.25,"{'theme': 0.8, 'ladder': 0.55, 'seal': 1.0, 'time': 1.0, 'liq': 1.0, 'struct': 1.0}",涨停组: AI PC方向 1板 封单比16.6% 涨停时间09:42 题材内涨停5家 成交5.1亿,AI PC+AI眼镜+机器人,1连板 换手承接量比1.34,"次日竞价与开盘承接: 高开幅度观察区间[-2%,+5%]; 开盘涨幅≤+3%且不破昨收-3%视为买点触发",昨收37.91,高位情绪兑现/次日低开大幅回撤/炸板断板,1
2026-06-01,2026-06-02,defensive,nlu,002354.SZ,天娱数科,文化传媒,97.7421875,"{'sector': 0.9396875, 'trend': 1.0, 'pos': 1.0, 'mom': 1.0, 'liq': 1.0, 'recog': 0.85}","非涨停组: 趋势结构多头(MA20>MA60且上行), 处于活跃板块[文化传媒](当日涨幅分位96%, 板块涨停5家) 距60日高点0.7% 20日涨幅25.0%",板块[文化传媒]轮动延续/资金承接,收盘7.44 MA20上方 量比1.15,"次日开盘[-2%,+3%]为观察区间; 收盘站上max(开盘,昨收)视为买点触发",昨收7.44,板块退潮补跌/资金承接不足/持续阴跌,1
2026-06-01,2026-06-02,defensive,nlu,601566.SH,九牧王,服装家纺,95.9296875,"{'sector': 0.8371875, 'trend': 1.0, 'pos': 1.0, 'mom': 1.0, 'liq': 1.0, 'recog': 1.0}","非涨停组: 趋势结构多头(MA20>MA60且上行), 处于活跃板块[服装家纺](当日涨幅分位83%, 板块涨停4家) 距60日高点4.4% 20日涨幅17.7%",板块[服装家纺]轮动延续/资金承接,收盘12.22 MA20上方 量比1.21,"次日开盘[-2%,+3%]为观察区间; 收盘站上max(开盘,昨收)视为买点触发",昨收12.22,板块退潮补跌/资金承接不足/持续阴跌,1
2026-06-02,2026-06-03,defensive,lu,600403.SH,大有能源,煤炭开采加工,74.5,"{'theme': 0.2, 'ladder': 0.9, 'seal': 1.0, 'time': 1.0, 'liq': 0.6, 'struct': 1.0}",涨停组: 煤炭方向 2板 封单比120.4% 涨停时间09:30 题材内涨停2家 成交1.5亿,煤炭+河南国资重组+国企改革,2连板 换手承接量比0.99,"次日竞价与开盘承接: 高开幅度观察区间[-2%,+5%]; 开盘涨幅≤+3%且不破昨收-3%视为买点触发",昨收6.12,高位情绪兑现/次日低开大幅回撤/炸板断板,1
2026-06-02,2026-06-03,defensive,nlu,002815.SZ,崇达技术,元件,97.25,"{'sector': 0.97, 'trend': 1.0, 'pos': 1.0, 'mom': 1.0, 'liq': 1.0, 'recog': 0.6}","非涨停组: 趋势结构多头(MA20>MA60且上行), 处于活跃板块[元件](当日涨幅分位99%, 板块涨停3家) 距60日高点6.1% 20日涨幅19.5%",板块[元件]轮动延续/资金承接,收盘16.49 MA20上方 量比1.03,"次日开盘[-2%,+3%]为观察区间; 收盘站上max(开盘,昨收)视为买点触发",昨收16.49,板块退潮补跌/资金承接不足/持续阴跌,1
2026-06-02,2026-06-03,defensive,nlu,000657.SZ,中钨高新,小金属,95.4375,"{'sector': 0.8975, 'trend': 1.0, 'pos': 1.0, 'mom': 1.0, 'liq': 1.0, 'recog': 0.6}","非涨停组: 趋势结构多头(MA20>MA60且上行), 处于活跃板块[小金属](当日涨幅分位96%, 板块涨停3家) 距60日高点6.3% 20日涨幅14.3%",板块[小金属]轮动延续/资金承接,收盘66.34 MA20上方 量比0.85,"次日开盘[-2%,+3%]为观察区间; 收盘站上max(开盘,昨收)视为买点触发",昨收66.34,板块退潮补跌/资金承接不足/持续阴跌,1
2026-06-03,2026-06-04,defensive,lu,002137.SZ,实益达,光学光电子,78.5,"{'theme': 0.2, 'ladder': 0.9, 'seal': 1.0, 'time': 1.0, 'liq': 1.0, 'struct': 1.0}",涨停组: 先进封装方向 2板 封单比53.1% 涨停时间09:30 题材内涨停2家 成交3.1亿,先进封装+间接投资宇树科技+智能硬件,2连板 换手承接量比0.97,"次日竞价与开盘承接: 高开幅度观察区间[-2%,+5%]; 开盘涨幅≤+3%且不破昨收-3%视为买点触发",昨收10.4,高位情绪兑现/次日低开大幅回撤/炸板断板,1
2026-06-03,2026-06-04,defensive,nlu,601918.SH,新集能源,煤炭开采加工,97.1171875,"{'sector': 0.8846875, 'trend': 1.0, 'pos': 1.0, 'mom': 1.0, 'liq': 1.0, 'recog': 1.0}","非涨停组: 趋势结构多头(MA20>MA60且上行), 处于活跃板块[煤炭开采加工](当日涨幅分位97%, 板块涨停2家) 距60日高点7.4% 20日涨幅28.0%",板块[煤炭开采加工]轮动延续/资金承接,收盘11.12 MA20上方 量比1.14,"次日开盘[-2%,+3%]为观察区间; 收盘站上max(开盘,昨收)视为买点触发",昨收11.12,板块退潮补跌/资金承接不足/持续阴跌,1
2026-06-03,2026-06-04,defensive,nlu,000027.SZ,深圳能源,电力,96.1796875,"{'sector': 0.9271874999999999, 'trend': 1.0, 'pos': 1.0, 'mom': 1.0, 'liq': 1.0, 'recog': 0.6}","非涨停组: 趋势结构多头(MA20>MA60且上行), 处于活跃板块[电力](当日涨幅分位87%, 板块涨停7家) 距60日高点6.1% 20日涨幅13.1%",板块[电力]轮动延续/资金承接,收盘7.78 MA20上方 量比0.78,"次日开盘[-2%,+3%]为观察区间; 收盘站上max(开盘,昨收)视为买点触发",昨收7.78,板块退潮补跌/资金承接不足/持续阴跌,1
2026-06-04,2026-06-05,defensive,lu,603135.SH,中重科技,专用设备,74.5,"{'theme': 0.2, 'ladder': 0.9, 'seal': 1.0, 'time': 1.0, 'liq': 0.6, 'struct': 1.0}",涨停组: 机器人方向 2板 封单比24.9% 涨停时间09:34 题材内涨停2家 成交1.9亿,机器人+出海+新增订单+到期赎回,2连板 换手承接量比1.85,"次日竞价与开盘承接: 高开幅度观察区间[-2%,+5%]; 开盘涨幅≤+3%且不破昨收-3%视为买点触发",昨收12.75,高位情绪兑现/次日低开大幅回撤/炸板断板,1
2026-06-04,2026-06-05,defensive,nlu,002636.SZ,金安国纪,元件,99.484375,"{'sector': 0.979375, 'trend': 1.0, 'pos': 1.0, 'mom': 1.0, 'liq': 1.0, 'recog': 1.0}","非涨停组: 趋势结构多头(MA20>MA60且上行), 处于活跃板块[元件](当日涨幅分位98%, 板块涨停4家) 距60日高点4.9% 20日涨幅9.3%",板块[元件]轮动延续/资金承接,收盘54.00 MA20上方 量比0.94,"次日开盘[-2%,+3%]为观察区间; 收盘站上max(开盘,昨收)视为买点触发",昨收54.00,板块退潮补跌/资金承接不足/持续阴跌,1
2026-06-04,2026-06-05,defensive,nlu,000983.SZ,山西焦煤,煤炭开采加工,97.5546875,"{'sector': 0.9821874999999999, 'trend': 1.0, 'pos': 1.0, 'mom': 1.0, 'liq': 1.0, 'recog': 0.6}","非涨停组: 趋势结构多头(MA20>MA60且上行), 处于活跃板块[煤炭开采加工](当日涨幅分位97%, 板块涨停3家) 距60日高点1.4% 20日涨幅11.6%",板块[煤炭开采加工]轮动延续/资金承接,收盘7.67 MA20上方 量比1.05,"次日开盘[-2%,+3%]为观察区间; 收盘站上max(开盘,昨收)视为买点触发",昨收7.67,板块退潮补跌/资金承接不足/持续阴跌,1
2026-06-05,2026-06-08,normal,lu,603135.SH,中重科技,专用设备,89.5,"{'theme': 1.0, 'ladder': 1.0, 'seal': 0.7, 'time': 0.7, 'liq': 1.0, 'struct': 1.0}",涨停组: 机器人方向 3板 封单比12.4% 涨停时间10:43 题材内涨停7家 成交4.6亿,机器人+出海+新增订单+到期赎回,3连板 换手承接量比2.51,"次日竞价与开盘承接: 高开幅度观察区间[-2%,+5%]; 开盘涨幅≤+3%且不破昨收-3%视为买点触发",昨收14.03,高位情绪兑现/次日低开大幅回撤/炸板断板,1
2026-06-05,2026-06-08,normal,lu,002194.SZ,武汉凡谷,通信设备,88.25,"{'theme': 0.8, 'ladder': 0.55, 'seal': 1.0, 'time': 1.0, 'liq': 1.0, 'struct': 1.0}",涨停组: 商业航天方向 1板 封单比36.4% 涨停时间09:39 题材内涨停5家 成交4.3亿,商业航天+6G预研+射频器件,1连板 换手承接量比0.94,"次日竞价与开盘承接: 高开幅度观察区间[-2%,+5%]; 开盘涨幅≤+3%且不破昨收-3%视为买点触发",昨收12.14,高位情绪兑现/次日低开大幅回撤/炸板断板,1
2026-06-05,2026-06-08,normal,nlu,600114.SH,东睦股份,通用设备,96.734375,"{'sector': 0.949375, 'trend': 1.0, 'pos': 1.0, 'mom': 1.0, 'liq': 1.0, 'recog': 0.6}","非涨停组: 趋势结构多头(MA20>MA60且上行), 处于活跃板块[通用设备](当日涨幅分位93%, 板块涨停6家) 距60日高点4.2% 20日涨幅16.6%",板块[通用设备]轮动延续/资金承接,收盘40.39 MA20上方 量比1.31,"次日开盘[-2%,+3%]为观察区间; 收盘站上max(开盘,昨收)视为买点触发",昨收40.39,板块退潮补跌/资金承接不足/持续阴跌,1
2026-06-05,2026-06-08,normal,nlu,002106.SZ,莱宝高科,光学光电子,94.8671875,"{'sector': 0.8746875, 'trend': 1.0, 'pos': 1.0, 'mom': 1.0, 'liq': 1.0, 'recog': 0.6}","非涨停组: 趋势结构多头(MA20>MA60且上行), 处于活跃板块[光学光电子](当日涨幅分位77%, 板块涨停4家) 距60日高点3.8% 20日涨幅22.5%",板块[光学光电子]轮动延续/资金承接,收盘13.42 MA20上方 量比1.67,"次日开盘[-2%,+3%]为观察区间; 收盘站上max(开盘,昨收)视为买点触发",昨收13.42,板块退潮补跌/资金承接不足/持续阴跌,1
2026-06-08,2026-06-09,defensive,lu,002354.SZ,天娱数科,文化传媒,82.5,"{'theme': 0.6, 'ladder': 0.9, 'seal': 1.0, 'time': 1.0, 'liq': 1.0, 'struct': 0.6}",涨停组: 物理AI方向 2板 封单比31.9% 涨停时间09:30 题材内涨停4家 成交8.0亿,物理AI+具身智能+算力租赁+AI应用,2连板 换手承接量比0.64,"次日竞价与开盘承接: 高开幅度观察区间[-2%,+5%]; 开盘涨幅≤+3%且不破昨收-3%视为买点触发",昨收7.33,高位情绪兑现/次日低开大幅回撤/炸板断板,1
2026-06-08,2026-06-09,defensive,nlu,600114.SH,东睦股份,通用设备,96.609375,"{'sector': 0.894375, 'trend': 1.0, 'pos': 1.0, 'mom': 1.0, 'liq': 1.0, 'recog': 0.85}","非涨停组: 趋势结构多头(MA20>MA60且上行), 处于活跃板块[通用设备](当日涨幅分位82%, 板块涨停5家) 距60日高点5.3% 20日涨幅15.7%",板块[通用设备]轮动延续/资金承接,收盘39.93 MA20上方 量比1.35,"次日开盘[-2%,+3%]为观察区间; 收盘站上max(开盘,昨收)视为买点触发",昨收39.93,板块退潮补跌/资金承接不足/持续阴跌,1
2026-06-08,2026-06-09,defensive,nlu,002527.SZ,新时达,自动化设备,95.8125,"{'sector': 0.8625, 'trend': 1.0, 'pos': 1.0, 'mom': 1.0, 'liq': 1.0, 'recog': 0.85}","非涨停组: 趋势结构多头(MA20>MA60且上行), 处于活跃板块[自动化设备](当日涨幅分位93%, 板块涨停2家) 距60日高点3.8% 20日涨幅18.8%",板块[自动化设备]轮动延续/资金承接,收盘16.29 MA20上方 量比1.36,"次日开盘[-2%,+3%]为观察区间; 收盘站上max(开盘,昨收)视为买点触发",昨收16.29,板块退潮补跌/资金承接不足/持续阴跌,1
2026-06-09,2026-06-10,normal,lu,603211.SH,晋拓股份,汽车零部件,83.25,"{'theme': 0.6, 'ladder': 0.55, 'seal': 1.0, 'time': 1.0, 'liq': 1.0, 'struct': 1.0}",涨停组: 人形机器人方向 1板 封单比15.5% 涨停时间09:30 题材内涨停4家 成交3.3亿,人形机器人+机器人零部件+定增扩产,1连板 换手承接量比1.40,"次日竞价与开盘承接: 高开幅度观察区间[-2%,+5%]; 开盘涨幅≤+3%且不破昨收-3%视为买点触发",昨收31.43,高位情绪兑现/次日低开大幅回撤/炸板断板,1
2026-06-09,2026-06-10,normal,lu,001696.SZ,宗申动力,通用设备,78.5,"{'theme': 0.2, 'ladder': 0.9, 'seal': 1.0, 'time': 1.0, 'liq': 1.0, 'struct': 1.0}",涨停组: 低空经济方向 2板 封单比16.2% 涨停时间09:37 题材内涨停2家 成交11.9亿,低空经济+航空发动机+资产置换+通用机械,2连板 换手承接量比2.05,"次日竞价与开盘承接: 高开幅度观察区间[-2%,+5%]; 开盘涨幅≤+3%且不破昨收-3%视为买点触发",昨收17.55,高位情绪兑现/次日低开大幅回撤/炸板断板,1
2026-06-09,2026-06-10,normal,nlu,002491.SZ,通鼎互联,通信设备,98.1015625,"{'sector': 0.9240625, 'trend': 1.0, 'pos': 1.0, 'mom': 1.0, 'liq': 1.0, 'recog': 1.0}","非涨停组: 趋势结构多头(MA20>MA60且上行), 处于活跃板块[通信设备](当日涨幅分位90%, 板块涨停4家) 距60日高点6.9% 20日涨幅6.4%",板块[通信设备]轮动延续/资金承接,收盘26.60 MA20上方 量比0.89,"次日开盘[-2%,+3%]为观察区间; 收盘站上max(开盘,昨收)视为买点触发",昨收26.60,板块退潮补跌/资金承接不足/持续阴跌,1
2026-06-09,2026-06-10,normal,nlu,000859.SZ,国风新材,塑料制品,97.640625,"{'sector': 0.9356249999999999, 'trend': 1.0, 'pos': 1.0, 'mom': 1.0, 'liq': 1.0, 'recog': 0.85}","非涨停组: 趋势结构多头(MA20>MA60且上行), 处于活跃板块[塑料制品](当日涨幅分位92%, 板块涨停7家) 距60日高点4.4% 20日涨幅20.4%",板块[塑料制品]轮动延续/资金承接,收盘11.17 MA20上方 量比1.24,"次日开盘[-2%,+3%]为观察区间; 收盘站上max(开盘,昨收)视为买点触发",昨收11.17,板块退潮补跌/资金承接不足/持续阴跌,1
2026-06-10,2026-06-11,defensive,lu,002165.SZ,红宝丽,化学制品,73.25,"{'theme': 0.2, 'ladder': 0.55, 'seal': 1.0, 'time': 1.0, 'liq': 1.0, 'struct': 1.0}",涨停组: 环氧丙烷方向 1板 封单比51.1% 涨停时间09:35 题材内涨停2家 成交3.1亿,环氧丙烷+技改临近+绿色建材+出海,1连板 换手承接量比0.95,"次日竞价与开盘承接: 高开幅度观察区间[-2%,+5%]; 开盘涨幅≤+3%且不破昨收-3%视为买点触发",昨收7.3,高位情绪兑现/次日低开大幅回撤/炸板断板,1
2026-06-10,2026-06-11,defensive,nlu,000859.SZ,国风新材,塑料制品,93.7421875,"{'sector': 0.8296875, 'trend': 1.0, 'pos': 1.0, 'mom': 1.0, 'liq': 1.0, 'recog': 0.6}","非涨停组: 趋势结构多头(MA20>MA60且上行), 处于活跃板块[塑料制品](当日涨幅分位88%, 板块涨停2家) 距60日高点6.7% 20日涨幅20.6%",板块[塑料制品]轮动延续/资金承接,收盘11.37 MA20上方 量比1.52,"次日开盘[-2%,+3%]为观察区间; 收盘站上max(开盘,昨收)视为买点触发",昨收11.37,板块退潮补跌/资金承接不足/持续阴跌,1
2026-06-10,2026-06-11,defensive,nlu,605566.SH,福莱蒽特,化学制品,93.359375,"{'sector': 0.924375, 'trend': 1.0, 'pos': 1.0, 'mom': 1.0, 'liq': 0.6, 'recog': 0.85}","非涨停组: 趋势结构多头(MA20>MA60且上行), 处于活跃板块[化学制品](当日涨幅分位91%, 板块涨停10家) 距60日高点2.6% 20日涨幅24.4%",板块[化学制品]轮动延续/资金承接,收盘44.12 MA20上方 量比1.18,"次日开盘[-2%,+3%]为观察区间; 收盘站上max(开盘,昨收)视为买点触发",昨收44.12,板块退潮补跌/资金承接不足/持续阴跌,1
2026-06-11,2026-06-12,defensive,lu,002971.SZ,和远气体,化学制品,79.0,"{'theme': 0.4, 'ladder': 1.0, 'seal': 0.7, 'time': 1.0, 'liq': 1.0, 'struct': 1.0}",涨停组: 六氟化钨方向 3板 封单比14.9% 涨停时间09:25 题材内涨停3家 成交12.5亿,六氟化钨+电子特气+硅基新材料,3连板 换手承接量比1.00,"次日竞价与开盘承接: 高开幅度观察区间[-2%,+5%]; 开盘涨幅≤+3%且不破昨收-3%视为买点触发",昨收52.75,高位情绪兑现/次日低开大幅回撤/炸板断板,1
2026-06-11,2026-06-12,defensive,nlu,603002.SH,宏昌电子,电子化学品,99.640625,"{'sector': 0.985625, 'trend': 1.0, 'pos': 1.0, 'mom': 1.0, 'liq': 1.0, 'recog': 1.0}","非涨停组: 趋势结构多头(MA20>MA60且上行), 处于活跃板块[电子化学品](当日涨幅分位98%, 板块涨停3家) 距60日高点4.5% 20日涨幅9.5%",板块[电子化学品]轮动延续/资金承接,收盘17.88 MA20上方 量比1.30,"次日开盘[-2%,+3%]为观察区间; 收盘站上max(开盘,昨收)视为买点触发",昨收17.88,板块退潮补跌/资金承接不足/持续阴跌,1
2026-06-11,2026-06-12,defensive,nlu,002167.SZ,东方锆业,小金属,96.984375,"{'sector': 0.959375, 'trend': 1.0, 'pos': 1.0, 'mom': 1.0, 'liq': 1.0, 'recog': 0.6}","非涨停组: 趋势结构多头(MA20>MA60且上行), 处于活跃板块[小金属](当日涨幅分位99%, 板块涨停7家) 距60日高点6.0% 20日涨幅9.6%",板块[小金属]轮动延续/资金承接,收盘13.85 MA20上方 量比0.86,"次日开盘[-2%,+3%]为观察区间; 收盘站上max(开盘,昨收)视为买点触发",昨收13.85,板块退潮补跌/资金承接不足/持续阴跌,1
2026-06-12,2026-06-15,normal,lu,002935.SZ,天奥电子,军工电子,79.25,"{'theme': 0.6, 'ladder': 0.55, 'seal': 1.0, 'time': 1.0, 'liq': 0.6, 'struct': 1.0}",涨停组: 商业航天方向 1板 封单比16.4% 涨停时间09:39 题材内涨停4家 成交2.5亿,商业航天+原子钟+央企,1连板 换手承接量比1.27,"次日竞价与开盘承接: 高开幅度观察区间[-2%,+5%]; 开盘涨幅≤+3%且不破昨收-3%视为买点触发",昨收22.2,高位情绪兑现/次日低开大幅回撤/炸板断板,1
2026-06-12,2026-06-15,normal,lu,003009.SZ,中天火箭,军工装备,77.25,"{'theme': 0.6, 'ladder': 0.55, 'seal': 1.0, 'time': 1.0, 'liq': 1.0, 'struct': 0.6}",涨停组: 商业航天方向 1板 封单比19.8% 涨停时间09:43 题材内涨停4家 成交3.4亿,商业航天+小型制导火箭+一季度扭亏+央企,1连板 换手承接量比0.59,"次日竞价与开盘承接: 高开幅度观察区间[-2%,+5%]; 开盘涨幅≤+3%且不破昨收-3%视为买点触发",昨收60.62,高位情绪兑现/次日低开大幅回撤/炸板断板,1
2026-06-12,2026-06-15,normal,nlu,002171.SZ,楚江新材,工业金属,96.84375,"{'sector': 0.9537499999999999, 'trend': 1.0, 'pos': 1.0, 'mom': 1.0, 'liq': 1.0, 'recog': 0.6}","非涨停组: 趋势结构多头(MA20>MA60且上行), 处于活跃板块[工业金属](当日涨幅分位98%, 板块涨停9家) 距60日高点0.9% 20日涨幅14.0%",板块[工业金属]轮动延续/资金承接,收盘13.59 MA20上方 量比1.25,"次日开盘[-2%,+3%]为观察区间; 收盘站上max(开盘,昨收)视为买点触发",昨收13.59,板块退潮补跌/资金承接不足/持续阴跌,1
2026-06-12,2026-06-15,normal,nlu,600999.SH,招商证券,证券,94.515625,"{'sector': 0.860625, 'trend': 1.0, 'pos': 1.0, 'mom': 1.0, 'liq': 1.0, 'recog': 0.6}","非涨停组: 趋势结构多头(MA20>MA60且上行), 处于活跃板块[证券](当日涨幅分位96%, 板块涨停2家) 距60日高点3.6% 20日涨幅12.0%",板块[证券]轮动延续/资金承接,收盘17.31 MA20上方 量比1.60,"次日开盘[-2%,+3%]为观察区间; 收盘站上max(开盘,昨收)视为买点触发",昨收17.31,板块退潮补跌/资金承接不足/持续阴跌,1
2026-06-15,2026-06-16,aggressive,lu,002824.SZ,和胜股份,工业金属,67.25,"{'theme': 0.2, 'ladder': 0.55, 'seal': 1.0, 'time': 1.0, 'liq': 1.0, 'struct': 0.6}",涨停组: 折叠屏方向 1板 封单比32.0% 涨停时间09:45 题材内涨停2家 成交4.5亿,折叠屏+电池结构件+一季报增长,1连板 换手承接量比0.57,"次日竞价与开盘承接: 高开幅度观察区间[-2%,+5%]; 开盘涨幅≤+3%且不破昨收-3%视为买点触发",昨收31.74,高位情绪兑现/次日低开大幅回撤/炸板断板,1
2026-06-15,2026-06-16,aggressive,lu,600237.SH,铜峰电子,元件,67.25,"{'theme': 0.2, 'ladder': 0.55, 'seal': 1.0, 'time': 1.0, 'liq': 1.0, 'struct': 0.6}",涨停组: 薄膜电容器方向 1板 封单比16.8% 涨停时间09:38 题材内涨停2家 成交4.9亿,薄膜电容器+PET铜箔+国企,1连板 换手承接量比0.62,"次日竞价与开盘承接: 高开幅度观察区间[-2%,+5%]; 开盘涨幅≤+3%且不破昨收-3%视为买点触发",昨收10.68,高位情绪兑现/次日低开大幅回撤/炸板断板,1
2026-06-15,2026-06-16,aggressive,nlu,002409.SZ,雅克科技,半导体,99.28125,"{'sector': 0.97125, 'trend': 1.0, 'pos': 1.0, 'mom': 1.0, 'liq': 1.0, 'recog': 1.0}","非涨停组: 趋势结构多头(MA20>MA60且上行), 处于活跃板块[半导体](当日涨幅分位96%, 板块涨停3家) 距60日高点3.9% 20日涨幅21.9%",板块[半导体]轮动延续/资金承接,收盘138.83 MA20上方 量比0.93,"次日开盘[-2%,+3%]为观察区间; 收盘站上max(开盘,昨收)视为买点触发",昨收138.83,板块退潮补跌/资金承接不足/持续阴跌,1
2026-06-15,2026-06-16,aggressive,nlu,600459.SH,贵研铂业,小金属,98.21875,"{'sector': 0.95875, 'trend': 1.0, 'pos': 1.0, 'mom': 1.0, 'liq': 1.0, 'recog': 0.85}","非涨停组: 趋势结构多头(MA20>MA60且上行), 处于活跃板块[小金属](当日涨幅分位92%, 板块涨停7家) 距60日高点3.3% 20日涨幅24.7%",板块[小金属]轮动延续/资金承接,收盘25.75 MA20上方 量比1.18,"次日开盘[-2%,+3%]为观察区间; 收盘站上max(开盘,昨收)视为买点触发",昨收25.75,板块退潮补跌/资金承接不足/持续阴跌,1
2026-06-16,2026-06-17,normal,lu,603186.SH,华正新材,元件,77.5,"{'theme': 0.4, 'ladder': 0.9, 'seal': 1.0, 'time': 1.0, 'liq': 1.0, 'struct': 0.6}",涨停组: 覆铜板方向 2板 封单比17.9% 涨停时间09:32 题材内涨停3家 成交11.8亿,覆铜板+AI算力+定增扩产,2连板 换手承接量比0.39,"次日竞价与开盘承接: 高开幅度观察区间[-2%,+5%]; 开盘涨幅≤+3%且不破昨收-3%视为买点触发",昨收206.06,高位情绪兑现/次日低开大幅回撤/炸板断板,1
2026-06-16,2026-06-17,normal,lu,002552.SZ,宝鼎科技,元件,73.5,"{'theme': 0.4, 'ladder': 0.9, 'seal': 1.0, 'time': 1.0, 'liq': 0.6, 'struct': 0.6}",涨停组: 覆铜板方向 2板 封单比16.1% 涨停时间09:34 题材内涨停3家 成交2.9亿,覆铜板+电子铜箔+黄金采选+Q1业绩大增,2连板 换手承接量比0.29,"次日竞价与开盘承接: 高开幅度观察区间[-2%,+5%]; 开盘涨幅≤+3%且不破昨收-3%视为买点触发",昨收70.93,高位情绪兑现/次日低开大幅回撤/炸板断板,1
2026-06-16,2026-06-17,normal,nlu,000823.SZ,超声电子,元件,99.0625,"{'sector': 0.9624999999999999, 'trend': 1.0, 'pos': 1.0, 'mom': 1.0, 'liq': 1.0, 'recog': 1.0}","非涨停组: 趋势结构多头(MA20>MA60且上行), 处于活跃板块[元件](当日涨幅分位96%, 板块涨停9家) 距60日高点2.8% 20日涨幅26.0%",板块[元件]轮动延续/资金承接,收盘20.10 MA20上方 量比1.04,"次日开盘[-2%,+3%]为观察区间; 收盘站上max(开盘,昨收)视为买点触发",昨收20.10,板块退潮补跌/资金承接不足/持续阴跌,1
2026-06-16,2026-06-17,normal,nlu,000831.SZ,中国稀土,小金属,96.5859375,"{'sector': 0.9434375, 'trend': 1.0, 'pos': 1.0, 'mom': 1.0, 'liq': 1.0, 'recog': 0.6}","非涨停组: 趋势结构多头(MA20>MA60且上行), 处于活跃板块[小金属](当日涨幅分位89%, 板块涨停4家) 距60日高点3.2% 20日涨幅18.1%",板块[小金属]轮动延续/资金承接,收盘60.94 MA20上方 量比1.47,"次日开盘[-2%,+3%]为观察区间; 收盘站上max(开盘,昨收)视为买点触发",昨收60.94,板块退潮补跌/资金承接不足/持续阴跌,1
2026-06-17,2026-06-18,defensive,lu,002106.SZ,莱宝高科,光学光电子,77.25,"{'theme': 0.6, 'ladder': 0.55, 'seal': 0.7, 'time': 1.0, 'liq': 1.0, 'struct': 1.0}",涨停组: 玻璃基板方向 1板 封单比14.6% 涨停时间09:43 题材内涨停4家 成交6.0亿,玻璃基板+MED+AI PC,1连板 换手承接量比0.96,"次日竞价与开盘承接: 高开幅度观察区间[-2%,+5%]; 开盘涨幅≤+3%且不破昨收-3%视为买点触发",昨收14.78,高位情绪兑现/次日低开大幅回撤/炸板断板,1
2026-06-17,2026-06-18,defensive,nlu,603738.SH,泰晶科技,元件,99.625,"{'sector': 0.985, 'trend': 1.0, 'pos': 1.0, 'mom': 1.0, 'liq': 1.0, 'recog': 1.0}","非涨停组: 趋势结构多头(MA20>MA60且上行), 处于活跃板块[元件](当日涨幅分位98%, 板块涨停10家) 距60日高点3.3% 20日涨幅16.0%",板块[元件]轮动延续/资金承接,收盘58.96 MA20上方 量比1.03,"次日开盘[-2%,+3%]为观察区间; 收盘站上max(开盘,昨收)视为买点触发",昨收58.96,板块退潮补跌/资金承接不足/持续阴跌,1
2026-06-17,2026-06-18,defensive,nlu,003026.SZ,中晶科技,半导体,99.359375,"{'sector': 0.974375, 'trend': 1.0, 'pos': 1.0, 'mom': 1.0, 'liq': 1.0, 'recog': 1.0}","非涨停组: 趋势结构多头(MA20>MA60且上行), 处于活跃板块[半导体](当日涨幅分位97%, 板块涨停3家) 距60日高点3.4% 20日涨幅5.0%",板块[半导体]轮动延续/资金承接,收盘36.52 MA20上方 量比0.85,"次日开盘[-2%,+3%]为观察区间; 收盘站上max(开盘,昨收)视为买点触发",昨收36.52,板块退潮补跌/资金承接不足/持续阴跌,1
2026-06-18,2026-06-22,defensive,lu,603211.SH,晋拓股份,汽车零部件,70.0,"{'theme': 0.4, 'ladder': 0.55, 'seal': 1.0, 'time': 0.85, 'liq': 1.0, 'struct': 0.6}",涨停组: 人形机器人方向 1板 封单比33.5% 涨停时间09:49 题材内涨停3家 成交3.3亿,人形机器人+机器人零部件+汽车零部件,1连板 换手承接量比0.74,"次日竞价与开盘承接: 高开幅度观察区间[-2%,+5%]; 开盘涨幅≤+3%且不破昨收-3%视为买点触发",昨收36.44,高位情绪兑现/次日低开大幅回撤/炸板断板,1
2026-06-18,2026-06-22,defensive,nlu,603688.SH,石英股份,非金属材料,99.4765625,"{'sector': 0.9790625, 'trend': 1.0, 'pos': 1.0, 'mom': 1.0, 'liq': 1.0, 'recog': 1.0}","非涨停组: 趋势结构多头(MA20>MA60且上行), 处于活跃板块[非金属材料](当日涨幅分位99%, 板块涨停4家) 距60日高点3.0% 20日涨幅11.1%",板块[非金属材料]轮动延续/资金承接,收盘80.55 MA20上方 量比0.77,"次日开盘[-2%,+3%]为观察区间; 收盘站上max(开盘,昨收)视为买点触发",昨收80.55,板块退潮补跌/资金承接不足/持续阴跌,1
2026-06-18,2026-06-22,defensive,nlu,002938.SZ,鹏鼎控股,元件,98.953125,"{'sector': 0.9581249999999999, 'trend': 1.0, 'pos': 1.0, 'mom': 1.0, 'liq': 1.0, 'recog': 1.0}","非涨停组: 趋势结构多头(MA20>MA60且上行), 处于活跃板块[元件](当日涨幅分位92%, 板块涨停4家) 距60日高点2.6% 20日涨幅28.1%",板块[元件]轮动延续/资金承接,收盘119.91 MA20上方 量比1.10,"次日开盘[-2%,+3%]为观察区间; 收盘站上max(开盘,昨收)视为买点触发",昨收119.91,板块退潮补跌/资金承接不足/持续阴跌,1
2026-06-22,2026-06-23,aggressive,lu,002312.SZ,川发龙蟒,农化制品,74.25,"{'theme': 0.4, 'ladder': 0.55, 'seal': 1.0, 'time': 1.0, 'liq': 0.6, 'struct': 1.0}",涨停组: 磷化工方向 1板 封单比32.3% 涨停时间09:34 题材内涨停3家 成交2.7亿,磷化工+锂矿,1连板 换手承接量比0.89,"次日竞价与开盘承接: 高开幅度观察区间[-2%,+5%]; 开盘涨幅≤+3%且不破昨收-3%视为买点触发",昨收9.26,高位情绪兑现/次日低开大幅回撤/炸板断板,1
2026-06-22,2026-06-23,aggressive,lu,002805.SZ,丰元股份,电池,74.25,"{'theme': 0.6, 'ladder': 0.9, 'seal': 0.4, 'time': 0.85, 'liq': 1.0, 'struct': 1.0}",涨停组: 磷酸铁锂方向 2板 封单比6.2% 涨停时间10:27 题材内涨停4家 成交10.5亿,磷酸铁锂+固态电池+定增扩产+一季报扭亏,2连板 换手承接量比1.11,"次日竞价与开盘承接: 高开幅度观察区间[-2%,+5%]; 开盘涨幅≤+3%且不破昨收-3%视为买点触发",昨收29.57,高位情绪兑现/次日低开大幅回撤/炸板断板,1
2026-06-22,2026-06-23,aggressive,nlu,603688.SH,石英股份,非金属材料,99.8515625,"{'sector': 0.9940625, 'trend': 1.0, 'pos': 1.0, 'mom': 1.0, 'liq': 1.0, 'recog': 1.0}","非涨停组: 趋势结构多头(MA20>MA60且上行), 处于活跃板块[非金属材料](当日涨幅分位99%, 板块涨停5家) 距60日高点0.0% 20日涨幅15.6%",板块[非金属材料]轮动延续/资金承接,收盘86.10 MA20上方 量比1.01,"次日开盘[-2%,+3%]为观察区间; 收盘站上max(开盘,昨收)视为买点触发",昨收86.10,板块退潮补跌/资金承接不足/持续阴跌,1
2026-06-22,2026-06-23,aggressive,nlu,000630.SZ,铜陵有色,工业金属,98.1953125,"{'sector': 0.9278124999999999, 'trend': 1.0, 'pos': 1.0, 'mom': 1.0, 'liq': 1.0, 'recog': 1.0}","非涨停组: 趋势结构多头(MA20>MA60且上行), 处于活跃板块[工业金属](当日涨幅分位93%, 板块涨停7家) 距60日高点1.1% 20日涨幅25.7%",板块[工业金属]轮动延续/资金承接,收盘7.93 MA20上方 量比0.96,"次日开盘[-2%,+3%]为观察区间; 收盘站上max(开盘,昨收)视为买点触发",昨收7.93,板块退潮补跌/资金承接不足/持续阴跌,1
2026-06-23,2026-06-24,defensive,lu,000813.SZ,德展健康,化学制药,82.0,"{'theme': 0.8, 'ladder': 0.55, 'seal': 1.0, 'time': 0.85, 'liq': 0.6, 'struct': 1.0}",涨停组: 创新药方向 1板 封单比15.9% 涨停时间09:49 题材内涨停5家 成交1.9亿,创新药+重组胶原蛋白+降血脂药,1连板 换手承接量比1.72,"次日竞价与开盘承接: 高开幅度观察区间[-2%,+5%]; 开盘涨幅≤+3%且不破昨收-3%视为买点触发",昨收3.19,高位情绪兑现/次日低开大幅回撤/炸板断板,1
2026-06-23,2026-06-24,defensive,nlu,002422.SZ,科伦药业,化学制药,98.0703125,"{'sector': 0.9528125, 'trend': 1.0, 'pos': 1.0, 'mom': 1.0, 'liq': 1.0, 'recog': 0.85}","非涨停组: 趋势结构多头(MA20>MA60且上行), 处于活跃板块[化学制药](当日涨幅分位99%, 板块涨停9家) 距60日高点2.5% 20日涨幅8.6%",板块[化学制药]轮动延续/资金承接,收盘37.31 MA20上方 量比1.33,"次日开盘[-2%,+3%]为观察区间; 收盘站上max(开盘,昨收)视为买点触发",昨收37.31,板块退潮补跌/资金承接不足/持续阴跌,1
2026-06-23,2026-06-24,defensive,nlu,002831.SZ,裕同科技,包装印刷,92.828125,"{'sector': 0.7431249999999999, 'trend': 1.0, 'pos': 1.0, 'mom': 1.0, 'liq': 1.0, 'recog': 0.85}","非涨停组: 趋势结构多头(MA20>MA60且上行), 处于活跃板块[包装印刷](当日涨幅分位61%, 板块涨停3家) 距60日高点1.8% 20日涨幅25.3%",板块[包装印刷]轮动延续/资金承接,收盘35.74 MA20上方 量比1.55,"次日开盘[-2%,+3%]为观察区间; 收盘站上max(开盘,昨收)视为买点触发",昨收35.74,板块退潮补跌/资金承接不足/持续阴跌,1
2026-06-24,2026-06-25,defensive,lu,000566.SZ,海南海药,化学制药,79.5,"{'theme': 0.4, 'ladder': 0.9, 'seal': 1.0, 'time': 1.0, 'liq': 0.6, 'struct': 1.0}",涨停组: 创新药方向 2板 封单比80.3% 涨停时间09:32 题材内涨停3家 成交2.2亿,创新药+脑机接口+海南自贸区+国企,2连板 换手承接量比1.58,"次日竞价与开盘承接: 高开幅度观察区间[-2%,+5%]; 开盘涨幅≤+3%且不破昨收-3%视为买点触发",昨收4.49,高位情绪兑现/次日低开大幅回撤/炸板断板,1
2026-06-24,2026-06-25,defensive,nlu,600237.SH,铜峰电子,元件,99.1953125,"{'sector': 0.9678125, 'trend': 1.0, 'pos': 1.0, 'mom': 1.0, 'liq': 1.0, 'recog': 1.0}","非涨停组: 趋势结构多头(MA20>MA60且上行), 处于活跃板块[元件](当日涨幅分位96%, 板块涨停7家) 距60日高点6.3% 20日涨幅18.4%",板块[元件]轮动延续/资金承接,收盘11.81 MA20上方 量比0.78,"次日开盘[-2%,+3%]为观察区间; 收盘站上max(开盘,昨收)视为买点触发",昨收11.81,板块退潮补跌/资金承接不足/持续阴跌,1
2026-06-24,2026-06-25,defensive,nlu,000100.SZ,TCL科技,光学光电子,97.7734375,"{'sector': 0.9109375, 'trend': 1.0, 'pos': 1.0, 'mom': 1.0, 'liq': 1.0, 'recog': 1.0}","非涨停组: 趋势结构多头(MA20>MA60且上行), 处于活跃板块[光学光电子](当日涨幅分位88%, 板块涨停3家) 距60日高点7.4% 20日涨幅6.4%",板块[光学光电子]轮动延续/资金承接,收盘4.85 MA20上方 量比0.76,"次日开盘[-2%,+3%]为观察区间; 收盘站上max(开盘,昨收)视为买点触发",昨收4.85,板块退潮补跌/资金承接不足/持续阴跌,1
2026-06-25,2026-06-26,defensive,lu,002654.SZ,万润科技,光学光电子,71.75,"{'theme': 0.8, 'ladder': 0.55, 'seal': 0.4, 'time': 0.7, 'liq': 1.0, 'struct': 1.0}",涨停组: 存储芯片方向 1板 封单比4.8% 涨停时间11:08 题材内涨停5家 成交20.9亿,存储芯片+LED+湖北国资,1连板 换手承接量比1.16,"次日竞价与开盘承接: 高开幅度观察区间[-2%,+5%]; 开盘涨幅≤+3%且不破昨收-3%视为买点触发",昨收20.72,高位情绪兑现/次日低开大幅回撤/炸板断板,1
2026-06-25,2026-06-26,defensive,nlu,002916.SZ,深南电路,元件,99.375,"{'sector': 0.9749999999999999, 'trend': 1.0, 'pos': 1.0, 'mom': 1.0, 'liq': 1.0, 'recog': 1.0}","非涨停组: 趋势结构多头(MA20>MA60且上行), 处于活跃板块[元件](当日涨幅分位98%, 板块涨停8家) 距60日高点3.1% 20日涨幅15.6%",板块[元件]轮动延续/资金承接,收盘455.00 MA20上方 量比0.86,"次日开盘[-2%,+3%]为观察区间; 收盘站上max(开盘,昨收)视为买点触发",昨收455.00,板块退潮补跌/资金承接不足/持续阴跌,1
2026-06-25,2026-06-26,defensive,nlu,003026.SZ,中晶科技,半导体,97.3515625,"{'sector': 0.9740625, 'trend': 1.0, 'pos': 1.0, 'mom': 1.0, 'liq': 1.0, 'recog': 0.6}","非涨停组: 趋势结构多头(MA20>MA60且上行), 处于活跃板块[半导体](当日涨幅分位96%, 板块涨停6家) 距60日高点2.3% 20日涨幅29.9%",板块[半导体]轮动延续/资金承接,收盘39.16 MA20上方 量比0.98,"次日开盘[-2%,+3%]为观察区间; 收盘站上max(开盘,昨收)视为买点触发",昨收39.16,板块退潮补跌/资金承接不足/持续阴跌,1
2026-06-26,2026-06-29,defensive,lu,001270.SZ,铖昌科技,军工电子,69.0,"{'theme': 0.6, 'ladder': 0.55, 'seal': 0.4, 'time': 0.85, 'liq': 1.0, 'struct': 1.0}",涨停组: 商业航天方向 1板 封单比5.9% 涨停时间10:21 题材内涨停4家 成交20.2亿,商业航天+相控阵T/R芯片+卫星通信+摘帽,1连板 换手承接量比1.42,"次日竞价与开盘承接: 高开幅度观察区间[-2%,+5%]; 开盘涨幅≤+3%且不破昨收-3%视为买点触发",昨收139.43,高位情绪兑现/次日低开大幅回撤/炸板断板,1
2026-06-26,2026-06-29,defensive,nlu,002137.SZ,实益达,光学光电子,96.78125,"{'sector': 0.9512499999999999, 'trend': 1.0, 'pos': 1.0, 'mom': 1.0, 'liq': 1.0, 'recog': 0.6}","非涨停组: 趋势结构多头(MA20>MA60且上行), 处于活跃板块[光学光电子](当日涨幅分位95%, 板块涨停4家) 距60日高点7.2% 20日涨幅22.9%",板块[光学光电子]轮动延续/资金承接,收盘11.02 MA20上方 量比1.24,"次日开盘[-2%,+3%]为观察区间; 收盘站上max(开盘,昨收)视为买点触发",昨收11.02,板块退潮补跌/资金承接不足/持续阴跌,1
2026-06-26,2026-06-29,defensive,nlu,003026.SZ,中晶科技,半导体,96.6171875,"{'sector': 0.9446875, 'trend': 1.0, 'pos': 1.0, 'mom': 1.0, 'liq': 1.0, 'recog': 0.6}","非涨停组: 趋势结构多头(MA20>MA60且上行), 处于活跃板块[半导体](当日涨幅分位90%, 板块涨停3家) 距60日高点2.6% 20日涨幅24.4%",板块[半导体]轮动延续/资金承接,收盘39.89 MA20上方 量比1.13,"次日开盘[-2%,+3%]为观察区间; 收盘站上max(开盘,昨收)视为买点触发",昨收39.89,板块退潮补跌/资金承接不足/持续阴跌,1
2026-06-29,2026-06-30,defensive,lu,002653.SZ,海思科,化学制药,91.0,"{'theme': 1.0, 'ladder': 0.55, 'seal': 1.0, 'time': 0.85, 'liq': 1.0, 'struct': 1.0}",涨停组: 创新药方向 1板 封单比21.3% 涨停时间10:00 题材内涨停10家 成交4.5亿,创新药+海外授权+BRAF抑制剂,1连板 换手承接量比0.84,"次日竞价与开盘承接: 高开幅度观察区间[-2%,+5%]; 开盘涨幅≤+3%且不破昨收-3%视为买点触发",昨收61.06,高位情绪兑现/次日低开大幅回撤/炸板断板,1
2026-06-29,2026-06-30,defensive,nlu,002049.SZ,紫光国微,半导体,96.8828125,"{'sector': 0.9553125, 'trend': 1.0, 'pos': 1.0, 'mom': 1.0, 'liq': 1.0, 'recog': 0.6}","非涨停组: 趋势结构多头(MA20>MA60且上行), 处于活跃板块[半导体](当日涨幅分位92%, 板块涨停7家) 距60日高点4.7% 20日涨幅7.6%",板块[半导体]轮动延续/资金承接,收盘85.04 MA20上方 量比0.98,"次日开盘[-2%,+3%]为观察区间; 收盘站上max(开盘,昨收)视为买点触发",昨收85.04,板块退潮补跌/资金承接不足/持续阴跌,1
2026-06-29,2026-06-30,defensive,nlu,603156.SH,养元饮品,饮料制造,95.1796875,"{'sector': 0.8371875, 'trend': 1.0, 'pos': 1.0, 'mom': 1.0, 'liq': 1.0, 'recog': 0.85}","非涨停组: 趋势结构多头(MA20>MA60且上行), 处于活跃板块[饮料制造](当日涨幅分位81%, 板块涨停3家) 距60日高点4.9% 20日涨幅17.9%",板块[饮料制造]轮动延续/资金承接,收盘49.18 MA20上方 量比1.21,"次日开盘[-2%,+3%]为观察区间; 收盘站上max(开盘,昨收)视为买点触发",昨收49.18,板块退潮补跌/资金承接不足/持续阴跌,1
2026-06-30,2026-07-01,aggressive,lu,002779.SZ,中坚科技,专用设备,87.25,"{'theme': 1.0, 'ladder': 0.55, 'seal': 0.7, 'time': 1.0, 'liq': 1.0, 'struct': 1.0}",涨停组: 机器人方向 1板 封单比11.9% 涨停时间09:43 题材内涨停8家 成交3.6亿,机器人+智能割草机+一季度营收增长,1连板 换手承接量比1.17,"次日竞价与开盘承接: 高开幅度观察区间[-2%,+5%]; 开盘涨幅≤+3%且不破昨收-3%视为买点触发",昨收78.56,高位情绪兑现/次日低开大幅回撤/炸板断板,1
2026-06-30,2026-07-01,aggressive,lu,002903.SZ,宇环数控,通用设备,85.0,"{'theme': 1.0, 'ladder': 0.55, 'seal': 0.7, 'time': 0.85, 'liq': 1.0, 'struct': 1.0}",涨停组: 机器人方向 1板 封单比13.1% 涨停时间09:56 题材内涨停8家 成交3.3亿,机器人+半导体+数控机床,1连板 换手承接量比0.82,"次日竞价与开盘承接: 高开幅度观察区间[-2%,+5%]; 开盘涨幅≤+3%且不破昨收-3%视为买点触发",昨收45.42,高位情绪兑现/次日低开大幅回撤/炸板断板,1
2026-06-30,2026-07-01,aggressive,nlu,002962.SZ,五方光电,光学光电子,99.4453125,"{'sector': 0.9778125, 'trend': 1.0, 'pos': 1.0, 'mom': 1.0, 'liq': 1.0, 'recog': 1.0}","非涨停组: 趋势结构多头(MA20>MA60且上行), 处于活跃板块[光学光电子](当日涨幅分位98%, 板块涨停14家) 距60日高点1.8% 20日涨幅16.3%",板块[光学光电子]轮动延续/资金承接,收盘21.98 MA20上方 量比1.24,"次日开盘[-2%,+3%]为观察区间; 收盘站上max(开盘,昨收)视为买点触发",昨收21.98,板块退潮补跌/资金承接不足/持续阴跌,1
2026-06-30,2026-07-01,aggressive,nlu,002049.SZ,紫光国微,半导体,97.7734375,"{'sector': 0.9909375, 'trend': 1.0, 'pos': 1.0, 'mom': 1.0, 'liq': 1.0, 'recog': 0.6}","非涨停组: 趋势结构多头(MA20>MA60且上行), 处于活跃板块[半导体](当日涨幅分位98%, 板块涨停15家) 距60日高点1.6% 20日涨幅16.4%",板块[半导体]轮动延续/资金承接,收盘88.75 MA20上方 量比1.12,"次日开盘[-2%,+3%]为观察区间; 收盘站上max(开盘,昨收)视为买点触发",昨收88.75,板块退潮补跌/资金承接不足/持续阴跌,1
2026-07-01,2026-07-02,aggressive,lu,600845.SH,宝信软件,IT服务,93.25,"{'theme': 1.0, 'ladder': 0.55, 'seal': 1.0, 'time': 1.0, 'liq': 1.0, 'struct': 1.0}",涨停组: 人形机器人方向 1板 封单比36.4% 涨停时间09:37 题材内涨停9家 成交3.6亿,人形机器人+算力租赁+工业软件,1连板 换手承接量比1.12,"次日竞价与开盘承接: 高开幅度观察区间[-2%,+5%]; 开盘涨幅≤+3%且不破昨收-3%视为买点触发",昨收18.29,高位情绪兑现/次日低开大幅回撤/炸板断板,1
2026-07-01,2026-07-02,aggressive,lu,000795.SZ,英洛华,金属新材料,93.25,"{'theme': 1.0, 'ladder': 0.55, 'seal': 1.0, 'time': 1.0, 'liq': 1.0, 'struct': 1.0}",涨停组: 机器人方向 1板 封单比23.1% 涨停时间09:36 题材内涨停9家 成交3.3亿,机器人+稀土永磁+回购注销,1连板 换手承接量比1.17,"次日竞价与开盘承接: 高开幅度观察区间[-2%,+5%]; 开盘涨幅≤+3%且不破昨收-3%视为买点触发",昨收9.52,高位情绪兑现/次日低开大幅回撤/炸板断板,1
2026-07-01,2026-07-02,aggressive,nlu,600906.SH,财达证券,证券,96.8515625,"{'sector': 0.9540624999999999, 'trend': 1.0, 'pos': 1.0, 'mom': 1.0, 'liq': 1.0, 'recog': 0.6}","非涨停组: 趋势结构多头(MA20>MA60且上行), 处于活跃板块[证券](当日涨幅分位94%, 板块涨停3家) 距60日高点2.9% 20日涨幅16.3%",板块[证券]轮动延续/资金承接,收盘7.83 MA20上方 量比1.21,"次日开盘[-2%,+3%]为观察区间; 收盘站上max(开盘,昨收)视为买点触发",昨收7.83,板块退潮补跌/资金承接不足/持续阴跌,1
2026-07-01,2026-07-02,aggressive,nlu,603010.SH,万盛股份,化学制品,95.3515625,"{'sector': 0.8140625, 'trend': 1.0, 'pos': 1.0, 'mom': 1.0, 'liq': 1.0, 'recog': 1.0}","非涨停组: 趋势结构多头(MA20>MA60且上行), 处于活跃板块[化学制品](当日涨幅分位77%, 板块涨停11家) 距60日高点1.2% 20日涨幅27.8%",板块[化学制品]轮动延续/资金承接,收盘18.50 MA20上方 量比0.78,"次日开盘[-2%,+3%]为观察区间; 收盘站上max(开盘,昨收)视为买点触发",昨收18.50,板块退潮补跌/资金承接不足/持续阴跌,1
2026-07-02,2026-07-03,defensive,lu,603416.SH,信捷电气,自动化设备,91.0,"{'theme': 1.0, 'ladder': 0.55, 'seal': 1.0, 'time': 0.85, 'liq': 1.0, 'struct': 1.0}",涨停组: 人形机器人方向 1板 封单比38.1% 涨停时间10:02 题材内涨停9家 成交3.1亿,人形机器人+PLC龙头+业绩增长,1连板 换手承接量比1.51,"次日竞价与开盘承接: 高开幅度观察区间[-2%,+5%]; 开盘涨幅≤+3%且不破昨收-3%视为买点触发",昨收59.87,高位情绪兑现/次日低开大幅回撤/炸板断板,1
2026-07-02,2026-07-03,defensive,nlu,603120.SH,肯特催化,化学制品,94.625,"{'sector': 0.785, 'trend': 1.0, 'pos': 1.0, 'mom': 1.0, 'liq': 1.0, 'recog': 1.0}","非涨停组: 趋势结构多头(MA20>MA60且上行), 处于活跃板块[化学制品](当日涨幅分位65%, 板块涨停4家) 距60日高点4.9% 20日涨幅15.6%",板块[化学制品]轮动延续/资金承接,收盘60.37 MA20上方 量比1.76,"次日开盘[-2%,+3%]为观察区间; 收盘站上max(开盘,昨收)视为买点触发",昨收60.37,板块退潮补跌/资金承接不足/持续阴跌,1
2026-07-02,2026-07-03,defensive,nlu,002472.SZ,双环传动,汽车零部件,92.4375,"{'sector': 0.7775, 'trend': 1.0, 'pos': 1.0, 'mom': 1.0, 'liq': 1.0, 'recog': 0.6}","非涨停组: 趋势结构多头(MA20>MA60且上行), 处于活跃板块[汽车零部件](当日涨幅分位74%, 板块涨停7家) 距60日高点7.3% 20日涨幅6.2%",板块[汽车零部件]轮动延续/资金承接,收盘42.49 MA20上方 量比1.08,"次日开盘[-2%,+3%]为观察区间; 收盘站上max(开盘,昨收)视为买点触发",昨收42.49,板块退潮补跌/资金承接不足/持续阴跌,1
2026-07-03,2026-07-06,normal,lu,603286.SH,日盈电子,汽车零部件,96.25,"{'theme': 1.0, 'ladder': 0.9, 'seal': 1.0, 'time': 0.85, 'liq': 1.0, 'struct': 1.0}",涨停组: 人形机器人方向 2板 封单比16.3% 涨停时间10:17 题材内涨停18家 成交4.0亿,人形机器人+电子皮肤+北美工厂+传感器,2连板 换手承接量比1.55,"次日竞价与开盘承接: 高开幅度观察区间[-2%,+5%]; 开盘涨幅≤+3%且不破昨收-3%视为买点触发",昨收56.96,高位情绪兑现/次日低开大幅回撤/炸板断板,1
2026-07-03,2026-07-06,normal,lu,601177.SH,杭齿前进,通用设备,89.25,"{'theme': 1.0, 'ladder': 0.55, 'seal': 1.0, 'time': 1.0, 'liq': 0.6, 'struct': 1.0}",涨停组: 人形机器人方向 1板 封单比39.1% 涨停时间09:43 题材内涨停18家 成交1.6亿,人形机器人+齿轮箱龙头+杭州国资,1连板 换手承接量比1.41,"次日竞价与开盘承接: 高开幅度观察区间[-2%,+5%]; 开盘涨幅≤+3%且不破昨收-3%视为买点触发",昨收14.31,高位情绪兑现/次日低开大幅回撤/炸板断板,1
2026-07-03,2026-07-06,normal,nlu,603040.SH,新坐标,汽车零部件,96.984375,"{'sector': 0.9593750000000001, 'trend': 1.0, 'pos': 1.0, 'mom': 1.0, 'liq': 1.0, 'recog': 0.6}","非涨停组: 趋势结构多头(MA20>MA60且上行), 处于活跃板块[汽车零部件](当日涨幅分位97%, 板块涨停20家) 距60日高点2.1% 20日涨幅17.4%",板块[汽车零部件]轮动延续/资金承接,收盘71.71 MA20上方 量比1.23,"次日开盘[-2%,+3%]为观察区间; 收盘站上max(开盘,昨收)视为买点触发",昨收71.71,板块退潮补跌/资金承接不足/持续阴跌,1
2026-07-03,2026-07-06,normal,nlu,002046.SZ,国机精工,通用设备,95.3828125,"{'sector': 0.8953125, 'trend': 1.0, 'pos': 1.0, 'mom': 1.0, 'liq': 1.0, 'recog': 0.6}","非涨停组: 趋势结构多头(MA20>MA60且上行), 处于活跃板块[通用设备](当日涨幅分位87%, 板块涨停11家) 距60日高点6.4% 20日涨幅28.5%",板块[通用设备]轮动延续/资金承接,收盘71.99 MA20上方 量比0.73,"次日开盘[-2%,+3%]为观察区间; 收盘站上max(开盘,昨收)视为买点触发",昨收71.99,板块退潮补跌/资金承接不足/持续阴跌,1
2026-07-06,2026-07-07,defensive,lu,603090.SH,宏盛股份,通用设备,65.0,"{'theme': 0.2, 'ladder': 0.55, 'seal': 0.7, 'time': 0.85, 'liq': 1.0, 'struct': 1.0}",涨停组: 液冷服务器方向 1板 封单比8.6% 涨停时间09:52 题材内涨停2家 成交3.8亿,液冷服务器+氢能源+铝制板翅式换热器+海外扩张,1连板 换手承接量比1.88,"次日竞价与开盘承接: 高开幅度观察区间[-2%,+5%]; 开盘涨幅≤+3%且不破昨收-3%视为买点触发",昨收54.8,高位情绪兑现/次日低开大幅回撤/炸板断板,1
2026-07-06,2026-07-07,defensive,nlu,002458.SZ,益生股份,养殖业,93.4140625,"{'sector': 0.7665625, 'trend': 1.0, 'pos': 1.0, 'mom': 1.0, 'liq': 1.0, 'recog': 0.85}","非涨停组: 趋势结构多头(MA20>MA60且上行), 处于活跃板块[养殖业](当日涨幅分位95%, 板块涨停1家) 距60日高点4.0% 20日涨幅21.0%",板块[养殖业]轮动延续/资金承接,收盘9.30 MA20上方 量比1.38,"次日开盘[-2%,+3%]为观察区间; 收盘站上max(开盘,昨收)视为买点触发",昨收9.30,板块退潮补跌/资金承接不足/持续阴跌,1
2026-07-06,2026-07-07,defensive,nlu,601628.SH,中国人寿,保险,89.46875,"{'sector': 0.60875, 'trend': 1.0, 'pos': 1.0, 'mom': 1.0, 'liq': 1.0, 'recog': 0.85}","非涨停组: 趋势结构多头(MA20>MA60且上行), 处于活跃板块[保险](当日涨幅分位90%, 板块涨停0家) 距60日高点3.3% 20日涨幅18.2%",板块[保险]轮动延续/资金承接,收盘38.14 MA20上方 量比0.80,"次日开盘[-2%,+3%]为观察区间; 收盘站上max(开盘,昨收)视为买点触发",昨收38.14,板块退潮补跌/资金承接不足/持续阴跌,1
2026-07-07,2026-07-08,defensive,nlu,603358.SH,华达科技,汽车零部件,90.3828125,"{'sector': 0.6953125, 'trend': 1.0, 'pos': 1.0, 'mom': 1.0, 'liq': 1.0, 'recog': 0.6}","非涨停组: 趋势结构多头(MA20>MA60且上行), 处于活跃板块[汽车零部件](当日涨幅分位52%, 板块涨停3家) 距60日高点4.1% 20日涨幅17.0%",板块[汽车零部件]轮动延续/资金承接,收盘43.98 MA20上方 量比1.18,"次日开盘[-2%,+3%]为观察区间; 收盘站上max(开盘,昨收)视为买点触发",昨收43.98,板块退潮补跌/资金承接不足/持续阴跌,1
2026-07-07,2026-07-08,defensive,nlu,001339.SZ,智微智能,计算机设备,90.3359375,"{'sector': 0.6434374999999999, 'trend': 1.0, 'pos': 1.0, 'mom': 1.0, 'liq': 1.0, 'recog': 0.85}","非涨停组: 趋势结构多头(MA20>MA60且上行), 处于活跃板块[计算机设备](当日涨幅分位59%, 板块涨停3家) 距60日高点7.6% 20日涨幅29.3%",板块[计算机设备]轮动延续/资金承接,收盘101.31 MA20上方 量比1.09,"次日开盘[-2%,+3%]为观察区间; 收盘站上max(开盘,昨收)视为买点触发",昨收101.31,板块退潮补跌/资金承接不足/持续阴跌,1
2026-07-08,2026-07-09,defensive,lu,603496.SH,恒为科技,计算机设备,83.25,"{'theme': 0.6, 'ladder': 0.55, 'seal': 1.0, 'time': 1.0, 'liq': 1.0, 'struct': 1.0}",涨停组: 算力租赁方向 1板 封单比39.1% 涨停时间09:37 题材内涨停4家 成交3.2亿,算力租赁+华为昇腾+拟收购数珩科技,1连板 换手承接量比0.89,"次日竞价与开盘承接: 高开幅度观察区间[-2%,+5%]; 开盘涨幅≤+3%且不破昨收-3%视为买点触发",昨收24.54,高位情绪兑现/次日低开大幅回撤/炸板断板,1
2026-07-08,2026-07-09,defensive,nlu,002415.SZ,海康威视,计算机设备,94.609375,"{'sector': 0.864375, 'trend': 1.0, 'pos': 1.0, 'mom': 1.0, 'liq': 1.0, 'recog': 0.6}","非涨停组: 趋势结构多头(MA20>MA60且上行), 处于活跃板块[计算机设备](当日涨幅分位93%, 板块涨停4家) 距60日高点5.3% 20日涨幅12.7%",板块[计算机设备]轮动延续/资金承接,收盘33.81 MA20上方 量比1.11,"次日开盘[-2%,+3%]为观察区间; 收盘站上max(开盘,昨收)视为买点触发",昨收33.81,板块退潮补跌/资金承接不足/持续阴跌,1
2026-07-08,2026-07-09,defensive,nlu,600246.SH,万通发展,房地产,84.890625,"{'sector': 0.635625, 'trend': 1.0, 'pos': 0.7, 'mom': 1.0, 'liq': 1.0, 'recog': 1.0}","非涨停组: 趋势结构多头(MA20>MA60且上行), 处于活跃板块[房地产](当日涨幅分位82%, 板块涨停1家) 距60日高点8.5% 20日涨幅16.4%",板块[房地产]轮动延续/资金承接,收盘19.50 MA20上方 量比1.37,"次日开盘[-2%,+3%]为观察区间; 收盘站上max(开盘,昨收)视为买点触发",昨收19.50,板块退潮补跌/资金承接不足/持续阴跌,1
2026-07-09,2026-07-10,normal,lu,002274.SZ,华昌化工,化学原料,84.25,"{'theme': 0.8, 'ladder': 0.55, 'seal': 1.0, 'time': 1.0, 'liq': 0.6, 'struct': 1.0}",涨停组: 中报预增方向 1板 封单比16.1% 涨停时间09:30 题材内涨停5家 成交2.1亿,中报预增+多元醇+煤化工,1连板 换手承接量比2.24,"次日竞价与开盘承接: 高开幅度观察区间[-2%,+5%]; 开盘涨幅≤+3%且不破昨收-3%视为买点触发",昨收5.43,高位情绪兑现/次日低开大幅回撤/炸板断板,1
2026-07-09,2026-07-10,normal,lu,002552.SZ,宝鼎科技,元件,82.25,"{'theme': 0.8, 'ladder': 0.55, 'seal': 0.7, 'time': 1.0, 'liq': 1.0, 'struct': 1.0}",涨停组: 中报预增方向 1板 封单比9.8% 涨停时间09:31 题材内涨停5家 成交7.9亿,中报预增+覆铜板+黄金+国企,1连板 换手承接量比0.90,"次日竞价与开盘承接: 高开幅度观察区间[-2%,+5%]; 开盘涨幅≤+3%且不破昨收-3%视为买点触发",昨收64.54,高位情绪兑现/次日低开大幅回撤/炸板断板,1
2026-07-09,2026-07-10,normal,nlu,002049.SZ,紫光国微,半导体,97.78125,"{'sector': 0.99125, 'trend': 1.0, 'pos': 1.0, 'mom': 1.0, 'liq': 1.0, 'recog': 0.6}","非涨停组: 趋势结构多头(MA20>MA60且上行), 处于活跃板块[半导体](当日涨幅分位99%, 板块涨停13家) 距60日高点5.1% 20日涨幅19.7%",板块[半导体]轮动延续/资金承接,收盘87.09 MA20上方 量比1.36,"次日开盘[-2%,+3%]为观察区间; 收盘站上max(开盘,昨收)视为买点触发",昨收87.09,板块退潮补跌/资金承接不足/持续阴跌,1
2026-07-09,2026-07-10,normal,nlu,002137.SZ,实益达,光学光电子,94.8671875,"{'sector': 0.7946875, 'trend': 1.0, 'pos': 1.0, 'mom': 1.0, 'liq': 1.0, 'recog': 1.0}","非涨停组: 趋势结构多头(MA20>MA60且上行), 处于活跃板块[光学光电子](当日涨幅分位93%, 板块涨停3家) 距60日高点2.5% 20日涨幅14.5%",板块[光学光电子]轮动延续/资金承接,收盘12.25 MA20上方 量比1.27,"次日开盘[-2%,+3%]为观察区间; 收盘站上max(开盘,昨收)视为买点触发",昨收12.25,板块退潮补跌/资金承接不足/持续阴跌,1
2026-07-10,2026-07-13,normal,lu,600428.SH,中远海特,港口航运,93.25,"{'theme': 1.0, 'ladder': 0.55, 'seal': 1.0, 'time': 1.0, 'liq': 1.0, 'struct': 1.0}",涨停组: 中报预增方向 1板 封单比29.6% 涨停时间09:30 题材内涨停7家 成交3.6亿,中报预增+特种船运输+央企,1连板 换手承接量比1.34,"次日竞价与开盘承接: 高开幅度观察区间[-2%,+5%]; 开盘涨幅≤+3%且不破昨收-3%视为买点触发",昨收8.99,高位情绪兑现/次日低开大幅回撤/炸板断板,1
2026-07-10,2026-07-13,normal,lu,600664.SH,哈药股份,化学制药,93.25,"{'theme': 1.0, 'ladder': 0.55, 'seal': 1.0, 'time': 1.0, 'liq': 1.0, 'struct': 1.0}",涨停组: 中报预增方向 1板 封单比21.6% 涨停时间09:30 题材内涨停7家 成交3.4亿,中报预增+创新药+医药工业,1连板 换手承接量比1.77,"次日竞价与开盘承接: 高开幅度观察区间[-2%,+5%]; 开盘涨幅≤+3%且不破昨收-3%视为买点触发",昨收3.37,高位情绪兑现/次日低开大幅回撤/炸板断板,1
2026-07-10,2026-07-13,normal,nlu,603268.SH,松发股份,军工装备,96.484375,"{'sector': 0.889375, 'trend': 1.0, 'pos': 1.0, 'mom': 1.0, 'liq': 1.0, 'recog': 0.85}","非涨停组: 趋势结构多头(MA20>MA60且上行), 处于活跃板块[军工装备](当日涨幅分位97%, 板块涨停8家) 距60日高点7.7% 20日涨幅10.2%",板块[军工装备]轮动延续/资金承接,收盘159.68 MA20上方 量比0.86,"次日开盘[-2%,+3%]为观察区间; 收盘站上max(开盘,昨收)视为买点触发",昨收159.68,板块退潮补跌/资金承接不足/持续阴跌,1
2026-07-10,2026-07-13,normal,nlu,603259.SH,药明康德,医疗服务,94.71875,"{'sector': 0.97875, 'trend': 1.0, 'pos': 1.0, 'mom': 1.0, 'liq': 0.6, 'recog': 0.85}","非涨停组: 趋势结构多头(MA20>MA60且上行), 处于活跃板块[医疗服务](当日涨幅分位99%, 板块涨停3家) 距60日高点4.5% 20日涨幅27.0%",板块[医疗服务]轮动延续/资金承接,收盘123.30 MA20上方 量比1.02,"次日开盘[-2%,+3%]为观察区间; 收盘站上max(开盘,昨收)视为买点触发",昨收123.30,板块退潮补跌/资金承接不足/持续阴跌,1
2026-07-13,2026-07-14,defensive,lu,600664.SH,哈药股份,化学制药,87.5,"{'theme': 0.8, 'ladder': 0.9, 'seal': 0.7, 'time': 1.0, 'liq': 1.0, 'struct': 1.0}",涨停组: 中报预增方向 2板 封单比10.9% 涨停时间09:34 题材内涨停5家 成交7.4亿,中报预增+化学制药+创新药,2连板 换手承接量比2.37,"次日竞价与开盘承接: 高开幅度观察区间[-2%,+5%]; 开盘涨幅≤+3%且不破昨收-3%视为买点触发",昨收3.71,高位情绪兑现/次日低开大幅回撤/炸板断板,1
2026-07-13,2026-07-14,defensive,nlu,600276.SH,恒瑞医药,化学制药,96.8828125,"{'sector': 0.9053125, 'trend': 1.0, 'pos': 1.0, 'mom': 1.0, 'liq': 1.0, 'recog': 0.85}","非涨停组: 趋势结构多头(MA20>MA60且上行), 处于活跃板块[化学制药](当日涨幅分位90%, 板块涨停4家) 距60日高点4.9% 20日涨幅15.0%",板块[化学制药]轮动延续/资金承接,收盘55.75 MA20上方 量比0.86,"次日开盘[-2%,+3%]为观察区间; 收盘站上max(开盘,昨收)视为买点触发",昨收55.75,板块退潮补跌/资金承接不足/持续阴跌,1
2026-07-13,2026-07-14,defensive,nlu,601628.SH,中国人寿,保险,90.2265625,"{'sector': 0.6390625, 'trend': 1.0, 'pos': 1.0, 'mom': 1.0, 'liq': 1.0, 'recog': 0.85}","非涨停组: 趋势结构多头(MA20>MA60且上行), 处于活跃板块[保险](当日涨幅分位93%, 板块涨停0家) 距60日高点4.3% 20日涨幅7.1%",板块[保险]轮动延续/资金承接,收盘37.73 MA20上方 量比1.31,"次日开盘[-2%,+3%]为观察区间; 收盘站上max(开盘,昨收)视为买点触发",昨收37.73,板块退潮补跌/资金承接不足/持续阴跌,1
2026-07-14,2026-07-15,normal,lu,605189.SH,富春染织,纺织制造,91.0,"{'theme': 1.0, 'ladder': 0.55, 'seal': 1.0, 'time': 0.85, 'liq': 1.0, 'struct': 1.0}",涨停组: 半年报预增方向 1板 封单比43.0% 涨停时间10:26 题材内涨停7家 成交3.1亿,半年报预增+PEEK材料+人形机器人+筒子纱龙头,1连板 换手承接量比1.14,"次日竞价与开盘承接: 高开幅度观察区间[-2%,+5%]; 开盘涨幅≤+3%且不破昨收-3%视为买点触发",昨收14.22,高位情绪兑现/次日低开大幅回撤/炸板断板,1
2026-07-14,2026-07-15,normal,lu,600664.SH,哈药股份,化学制药,88.0,"{'theme': 1.0, 'ladder': 1.0, 'seal': 0.4, 'time': 1.0, 'liq': 1.0, 'struct': 1.0}",涨停组: 中报预增方向 3板 封单比6.5% 涨停时间09:42 题材内涨停13家 成交17.4亿,中报预增+基药目录+化学制药+创新药,3连板 换手承接量比2.69,"次日竞价与开盘承接: 高开幅度观察区间[-2%,+5%]; 开盘涨幅≤+3%且不破昨收-3%视为买点触发",昨收4.08,高位情绪兑现/次日低开大幅回撤/炸板断板,1
2026-07-14,2026-07-15,normal,nlu,605208.SH,永茂泰,工业金属,96.171875,"{'sector': 0.876875, 'trend': 1.0, 'pos': 1.0, 'mom': 1.0, 'liq': 1.0, 'recog': 0.85}","非涨停组: 趋势结构多头(MA20>MA60且上行), 处于活跃板块[工业金属](当日涨幅分位95%, 板块涨停4家) 距60日高点3.0% 20日涨幅21.1%",板块[工业金属]轮动延续/资金承接,收盘19.31 MA20上方 量比0.92,"次日开盘[-2%,+3%]为观察区间; 收盘站上max(开盘,昨收)视为买点触发",昨收19.31,板块退潮补跌/资金承接不足/持续阴跌,1
2026-07-14,2026-07-15,normal,nlu,600276.SH,恒瑞医药,化学制药,91.6640625,"{'sector': 0.8965624999999999, 'trend': 0.8, 'pos': 1.0, 'mom': 1.0, 'liq': 1.0, 'recog': 0.85}","非涨停组: 趋势结构多头(MA20>MA60且上行), 处于活跃板块[化学制药](当日涨幅分位82%, 板块涨停3家) 距60日高点6.5% 20日涨幅14.5%",板块[化学制药]轮动延续/资金承接,收盘54.82 MA20上方 量比0.91,"次日开盘[-2%,+3%]为观察区间; 收盘站上max(开盘,昨收)视为买点触发",昨收54.82,板块退潮补跌/资金承接不足/持续阴跌,1
2026-07-15,2026-07-16,defensive,lu,603127.SH,昭衍新药,医疗服务,93.25,"{'theme': 1.0, 'ladder': 0.55, 'seal': 1.0, 'time': 1.0, 'liq': 1.0, 'struct': 1.0}",涨停组: 中报预增方向 1板 封单比17.0% 涨停时间09:25 题材内涨停7家 成交21.9亿,中报预增+实验猴涨价+CRO,1连板 换手承接量比0.83,"次日竞价与开盘承接: 高开幅度观察区间[-2%,+5%]; 开盘涨幅≤+3%且不破昨收-3%视为买点触发",昨收50.62,高位情绪兑现/次日低开大幅回撤/炸板断板,1
2026-07-15,2026-07-16,defensive,nlu,603456.SH,九洲药业,医疗服务,97.8671875,"{'sector': 0.9946875, 'trend': 1.0, 'pos': 1.0, 'mom': 1.0, 'liq': 1.0, 'recog': 0.6}","非涨停组: 趋势结构多头(MA20>MA60且上行), 处于活跃板块[医疗服务](当日涨幅分位99%, 板块涨停7家) 距60日高点7.8% 20日涨幅26.0%",板块[医疗服务]轮动延续/资金承接,收盘15.89 MA20上方 量比1.48,"次日开盘[-2%,+3%]为观察区间; 收盘站上max(开盘,昨收)视为买点触发",昨收15.89,板块退潮补跌/资金承接不足/持续阴跌,1
2026-07-15,2026-07-16,defensive,nlu,600267.SH,海正药业,化学制药,97.5859375,"{'sector': 0.9834375, 'trend': 1.0, 'pos': 1.0, 'mom': 1.0, 'liq': 1.0, 'recog': 0.6}","非涨停组: 趋势结构多头(MA20>MA60且上行), 处于活跃板块[化学制药](当日涨幅分位97%, 板块涨停9家) 距60日高点2.4% 20日涨幅22.7%",板块[化学制药]轮动延续/资金承接,收盘11.98 MA20上方 量比1.40,"次日开盘[-2%,+3%]为观察区间; 收盘站上max(开盘,昨收)视为买点触发",昨收11.98,板块退潮补跌/资金承接不足/持续阴跌,1
2026-07-16,2026-07-17,defensive,lu,000676.SZ,智度股份,文化传媒,76.25,"{'theme': 0.2, 'ladder': 0.9, 'seal': 1.0, 'time': 0.85, 'liq': 1.0, 'struct': 1.0}",涨停组: 中报预增方向 2板 封单比21.0% 涨停时间09:46 题材内涨停2家 成交4.9亿,中报预增+华为鲸鸿+互联网媒体+广告,2连板 换手承接量比1.72,"次日竞价与开盘承接: 高开幅度观察区间[-2%,+5%]; 开盘涨幅≤+3%且不破昨收-3%视为买点触发",昨收6.22,高位情绪兑现/次日低开大幅回撤/炸板断板,1
2026-07-16,2026-07-17,defensive,nlu,603456.SH,九洲药业,医疗服务,95.7578125,"{'sector': 0.8603124999999999, 'trend': 1.0, 'pos': 1.0, 'mom': 1.0, 'liq': 1.0, 'recog': 0.85}","非涨停组: 趋势结构多头(MA20>MA60且上行), 处于活跃板块[医疗服务](当日涨幅分位92%, 板块涨停2家) 距60日高点5.9% 20日涨幅23.6%",板块[医疗服务]轮动延续/资金承接,收盘16.03 MA20上方 量比1.20,"次日开盘[-2%,+3%]为观察区间; 收盘站上max(开盘,昨收)视为买点触发",昨收16.03,板块退潮补跌/资金承接不足/持续阴跌,1
2026-07-16,2026-07-17,defensive,nlu,000739.SZ,普洛药业,化学制药,95.6953125,"{'sector': 0.9078125, 'trend': 1.0, 'pos': 1.0, 'mom': 1.0, 'liq': 1.0, 'recog': 0.6}","非涨停组: 趋势结构多头(MA20>MA60且上行), 处于活跃板块[化学制药](当日涨幅分位82%, 板块涨停3家) 距60日高点2.3% 20日涨幅28.9%",板块[化学制药]轮动延续/资金承接,收盘21.00 MA20上方 量比1.65,"次日开盘[-2%,+3%]为观察区间; 收盘站上max(开盘,昨收)视为买点触发",昨收21.00,板块退潮补跌/资金承接不足/持续阴跌,1
2026-07-17,2026-07-20,defensive,lu,600644.SH,乐山电力,电力,73.25,"{'theme': 0.2, 'ladder': 0.55, 'seal': 1.0, 'time': 1.0, 'liq': 1.0, 'struct': 1.0}",涨停组: 电力方向 1板 封单比16.4% 涨停时间09:45 题材内涨停2家 成交3.9亿,电力+天然气+新型储能,1连板 换手承接量比2.13,"次日竞价与开盘承接: 高开幅度观察区间[-2%,+5%]; 开盘涨幅≤+3%且不破昨收-3%视为买点触发",昨收9.01,高位情绪兑现/次日低开大幅回撤/炸板断板,1
2026-07-17,2026-07-20,defensive,nlu,600886.SH,国投电力,电力,98.1796875,"{'sector': 0.9571875000000001, 'trend': 1.0, 'pos': 1.0, 'mom': 1.0, 'liq': 1.0, 'recog': 0.85}","非涨停组: 趋势结构多头(MA20>MA60且上行), 处于活跃板块[电力](当日涨幅分位98%, 板块涨停9家) 距60日高点0.8% 20日涨幅12.9%",板块[电力]轮动延续/资金承接,收盘14.26 MA20上方 量比1.41,"次日开盘[-2%,+3%]为观察区间; 收盘站上max(开盘,昨收)视为买点触发",昨收14.26,板块退潮补跌/资金承接不足/持续阴跌,1
2026-07-17,2026-07-20,defensive,nlu,601162.SH,天风证券,证券,91.9921875,"{'sector': 0.7096875, 'trend': 1.0, 'pos': 1.0, 'mom': 1.0, 'liq': 1.0, 'recog': 0.85}","非涨停组: 趋势结构多头(MA20>MA60且上行), 处于活跃板块[证券](当日涨幅分位90%, 板块涨停1家) 距60日高点6.7% 20日涨幅19.2%",板块[证券]轮动延续/资金承接,收盘3.78 MA20上方 量比1.26,"次日开盘[-2%,+3%]为观察区间; 收盘站上max(开盘,昨收)视为买点触发",昨收3.78,板块退潮补跌/资金承接不足/持续阴跌,1
2026-07-20,2026-07-21,defensive,lu,600744.SH,华银电力,电力,83.5,"{'theme': 0.4, 'ladder': 0.9, 'seal': 1.0, 'time': 1.0, 'liq': 1.0, 'struct': 1.0}",涨停组: 火电方向 2板 封单比16.9% 涨停时间09:35 题材内涨停3家 成交11.3亿,火电+新能源+定增获批+央企,2连板 换手承接量比2.19,"次日竞价与开盘承接: 高开幅度观察区间[-2%,+5%]; 开盘涨幅≤+3%且不破昨收-3%视为买点触发",昨收6.56,高位情绪兑现/次日低开大幅回撤/炸板断板,1
2026-07-20,2026-07-21,defensive,nlu,600886.SH,国投电力,电力,98.75,"{'sector': 0.9800000000000001, 'trend': 1.0, 'pos': 1.0, 'mom': 1.0, 'liq': 1.0, 'recog': 0.85}","非涨停组: 趋势结构多头(MA20>MA60且上行), 处于活跃板块[电力](当日涨幅分位97%, 板块涨停16家) 距60日高点0.2% 20日涨幅13.4%",板块[电力]轮动延续/资金承接,收盘14.44 MA20上方 量比1.20,"次日开盘[-2%,+3%]为观察区间; 收盘站上max(开盘,昨收)视为买点触发",昨收14.44,板块退潮补跌/资金承接不足/持续阴跌,1
2026-07-20,2026-07-21,defensive,nlu,601628.SH,中国人寿,保险,91.1953125,"{'sector': 0.6778124999999999, 'trend': 1.0, 'pos': 1.0, 'mom': 1.0, 'liq': 1.0, 'recog': 0.85}","非涨停组: 趋势结构多头(MA20>MA60且上行), 处于活跃板块[保险](当日涨幅分位97%, 板块涨停0家) 距60日高点1.0% 20日涨幅13.3%",板块[保险]轮动延续/资金承接,收盘40.60 MA20上方 量比0.87,"次日开盘[-2%,+3%]为观察区间; 收盘站上max(开盘,昨收)视为买点触发",昨收40.60,板块退潮补跌/资金承接不足/持续阴跌,1
2026-07-21,2026-07-22,normal,lu,002371.SZ,北方华创,半导体,78.75,"{'theme': 1.0, 'ladder': 0.55, 'seal': 0.7, 'time': 0.7, 'liq': 0.6, 'struct': 1.0}",涨停组: 半导体设备方向 1板 封单比10.3% 涨停时间10:36 题材内涨停6家 成交105.9亿,半导体设备+平台型龙头+北京国资,1连板 换手承接量比0.99,"次日竞价与开盘承接: 高开幅度观察区间[-2%,+5%]; 开盘涨幅≤+3%且不破昨收-3%视为买点触发",昨收744.6,高位情绪兑现/次日低开大幅回撤/炸板断板,1
2026-07-21,2026-07-22,normal,lu,002197.SZ,证通电子,IT服务,72.25,"{'theme': 0.4, 'ladder': 0.55, 'seal': 0.7, 'time': 1.0, 'liq': 1.0, 'struct': 1.0}",涨停组: 算力租赁方向 1板 封单比8.8% 涨停时间09:37 题材内涨停3家 成交4.1亿,算力租赁+数据中心REITs+金融科技+中报扭亏,1连板 换手承接量比1.73,"次日竞价与开盘承接: 高开幅度观察区间[-2%,+5%]; 开盘涨幅≤+3%且不破昨收-3%视为买点触发",昨收6.34,高位情绪兑现/次日低开大幅回撤/炸板断板,1
2026-07-21,2026-07-22,normal,nlu,002440.SZ,闰土股份,化学制品,91.765625,"{'sector': 0.6706249999999999, 'trend': 1.0, 'pos': 1.0, 'mom': 1.0, 'liq': 1.0, 'recog': 1.0}","非涨停组: 趋势结构多头(MA20>MA60且上行), 处于活跃板块[化学制品](当日涨幅分位64%, 板块涨停3家) 距60日高点5.1% 20日涨幅11.7%",板块[化学制品]轮动延续/资金承接,收盘12.29 MA20上方 量比1.57,"次日开盘[-2%,+3%]为观察区间; 收盘站上max(开盘,昨收)视为买点触发",昨收12.29,板块退潮补跌/资金承接不足/持续阴跌,1
2026-07-21,2026-07-22,normal,nlu,002415.SZ,海康威视,计算机设备,91.3046875,"{'sector': 0.6821875, 'trend': 1.0, 'pos': 1.0, 'mom': 1.0, 'liq': 1.0, 'recog': 0.85}","非涨停组: 趋势结构多头(MA20>MA60且上行), 处于活跃板块[计算机设备](当日涨幅分位78%, 板块涨停2家) 距60日高点3.2% 20日涨幅11.8%",板块[计算机设备]轮动延续/资金承接,收盘34.56 MA20上方 量比1.41,"次日开盘[-2%,+3%]为观察区间; 收盘站上max(开盘,昨收)视为买点触发",昨收34.56,板块退潮补跌/资金承接不足/持续阴跌,1
2026-07-22,2026-07-23,defensive,lu,000815.SZ,美利云,通信服务,89.0,"{'theme': 0.8, 'ladder': 1.0, 'seal': 0.7, 'time': 1.0, 'liq': 1.0, 'struct': 1.0}",涨停组: 算力租赁方向 3板 封单比14.3% 涨停时间09:25 题材内涨停5家 成交14.5亿,算力租赁+东数西算+中国诚通旗下,3连板 换手承接量比2.31,"次日竞价与开盘承接: 高开幅度观察区间[-2%,+5%]; 开盘涨幅≤+3%且不破昨收-3%视为买点触发",昨收16.13,高位情绪兑现/次日低开大幅回撤/炸板断板,1
2026-07-22,2026-07-23,defensive,nlu,600886.SH,国投电力,电力,98.5078125,"{'sector': 0.9703125, 'trend': 1.0, 'pos': 1.0, 'mom': 1.0, 'liq': 1.0, 'recog': 0.85}","非涨停组: 趋势结构多头(MA20>MA60且上行), 处于活跃板块[电力](当日涨幅分位95%, 板块涨停7家) 距60日高点1.0% 20日涨幅16.2%",板块[电力]轮动延续/资金承接,收盘14.78 MA20上方 量比0.86,"次日开盘[-2%,+3%]为观察区间; 收盘站上max(开盘,昨收)视为买点触发",昨收14.78,板块退潮补跌/资金承接不足/持续阴跌,1
2026-07-22,2026-07-23,defensive,nlu,000739.SZ,普洛药业,化学制药,91.296875,"{'sector': 0.7318749999999999, 'trend': 1.0, 'pos': 1.0, 'mom': 1.0, 'liq': 1.0, 'recog': 0.6}","非涨停组: 趋势结构多头(MA20>MA60且上行), 处于活跃板块[化学制药](当日涨幅分位73%, 板块涨停3家) 距60日高点3.1% 20日涨幅23.9%",板块[化学制药]轮动延续/资金承接,收盘20.84 MA20上方 量比0.82,"次日开盘[-2%,+3%]为观察区间; 收盘站上max(开盘,昨收)视为买点触发",昨收20.84,板块退潮补跌/资金承接不足/持续阴跌,1
2026-07-23,2026-07-24,aggressive,lu,002560.SZ,通达股份,电网设备,85.75,"{'theme': 1.0, 'ladder': 0.55, 'seal': 1.0, 'time': 0.5, 'liq': 1.0, 'struct': 1.0}",涨停组: 电网设备方向 1板 封单比20.0% 涨停时间13:07 题材内涨停6家 成交3.2亿,电网设备+机器人线束+航空零部件,1连板 换手承接量比1.41,"次日竞价与开盘承接: 高开幅度观察区间[-2%,+5%]; 开盘涨幅≤+3%且不破昨收-3%视为买点触发",昨收5.96,高位情绪兑现/次日低开大幅回撤/炸板断板,1
2026-07-23,2026-07-24,aggressive,lu,600550.SH,保变电气,电网设备,85.0,"{'theme': 1.0, 'ladder': 0.55, 'seal': 0.7, 'time': 0.85, 'liq': 1.0, 'struct': 1.0}",涨停组: 电网设备方向 1板 封单比13.2% 涨停时间10:19 题材内涨停6家 成交7.0亿,电网设备+中报预增+央企,1连板 换手承接量比1.34,"次日竞价与开盘承接: 高开幅度观察区间[-2%,+5%]; 开盘涨幅≤+3%且不破昨收-3%视为买点触发",昨收11.65,高位情绪兑现/次日低开大幅回撤/炸板断板,1
2026-07-23,2026-07-24,aggressive,nlu,002440.SZ,闰土股份,化学制品,92.734375,"{'sector': 0.709375, 'trend': 1.0, 'pos': 1.0, 'mom': 1.0, 'liq': 1.0, 'recog': 1.0}","非涨停组: 趋势结构多头(MA20>MA60且上行), 处于活跃板块[化学制品](当日涨幅分位66%, 板块涨停3家) 距60日高点0.5% 20日涨幅13.3%",板块[化学制品]轮动延续/资金承接,收盘13.17 MA20上方 量比1.00,"次日开盘[-2%,+3%]为观察区间; 收盘站上max(开盘,昨收)视为买点触发",昨收13.17,板块退潮补跌/资金承接不足/持续阴跌,1
2026-07-23,2026-07-24,aggressive,nlu,600674.SH,川投能源,电力,92.140625,"{'sector': 0.715625, 'trend': 1.0, 'pos': 1.0, 'mom': 1.0, 'liq': 1.0, 'recog': 0.85}","非涨停组: 趋势结构多头(MA20>MA60且上行), 处于活跃板块[电力](当日涨幅分位44%, 板块涨停8家) 距60日高点0.8% 20日涨幅17.9%",板块[电力]轮动延续/资金承接,收盘15.86 MA20上方 量比0.65,"次日开盘[-2%,+3%]为观察区间; 收盘站上max(开盘,昨收)视为买点触发",昨收15.86,板块退潮补跌/资金承接不足/持续阴跌,1
2026-07-24,2026-07-27,defensive,lu,002265.SZ,建设工业,军工装备,83.25,"{'theme': 0.6, 'ladder': 0.55, 'seal': 1.0, 'time': 1.0, 'liq': 1.0, 'struct': 1.0}",涨停组: 兵装重组方向 1板 封单比16.3% 涨停时间09:41 题材内涨停4家 成交4.0亿,兵装重组+军工装备+机器人概念+国企,1连板 换手承接量比1.57,"次日竞价与开盘承接: 高开幅度观察区间[-2%,+5%]; 开盘涨幅≤+3%且不破昨收-3%视为买点触发",昨收19.34,高位情绪兑现/次日低开大幅回撤/炸板断板,1
2026-07-24,2026-07-27,defensive,nlu,603893.SH,瑞芯微,半导体,97.2734375,"{'sector': 0.9209375, 'trend': 1.0, 'pos': 1.0, 'mom': 1.0, 'liq': 1.0, 'recog': 0.85}","非涨停组: 趋势结构多头(MA20>MA60且上行), 处于活跃板块[半导体](当日涨幅分位98%, 板块涨停3家) 距60日高点5.2% 20日涨幅21.9%",板块[半导体]轮动延续/资金承接,收盘220.52 MA20上方 量比0.93,"次日开盘[-2%,+3%]为观察区间; 收盘站上max(开盘,昨收)视为买点触发",昨收220.52,板块退潮补跌/资金承接不足/持续阴跌,1
2026-07-24,2026-07-27,defensive,nlu,600036.SH,招商银行,银行,90.6953125,"{'sector': 0.6578125, 'trend': 1.0, 'pos': 1.0, 'mom': 1.0, 'liq': 1.0, 'recog': 0.85}","非涨停组: 趋势结构多头(MA20>MA60且上行), 处于活跃板块[银行](当日涨幅分位97%, 板块涨停0家) 距60日高点0.5% 20日涨幅11.9%",板块[银行]轮动延续/资金承接,收盘39.20 MA20上方 量比0.84,"次日开盘[-2%,+3%]为观察区间; 收盘站上max(开盘,昨收)视为买点触发",昨收39.20,板块退潮补跌/资金承接不足/持续阴跌,1
2026-07-27,2026-07-28,aggressive,lu,603630.SH,拉芳家化,美容护理,82.0,"{'theme': 0.8, 'ladder': 0.55, 'seal': 1.0, 'time': 0.85, 'liq': 0.6, 'struct': 1.0}",涨停组: 中报预增方向 1板 封单比19.1% 涨停时间10:01 题材内涨停5家 成交1.8亿,中报预增+洗护用品+降本增效,1连板 换手承接量比1.23,"次日竞价与开盘承接: 高开幅度观察区间[-2%,+5%]; 开盘涨幅≤+3%且不破昨收-3%视为买点触发",昨收14.43,高位情绪兑现/次日低开大幅回撤/炸板断板,1
2026-07-27,2026-07-28,aggressive,lu,002925.SZ,盈趣科技,消费电子,80.0,"{'theme': 0.8, 'ladder': 0.55, 'seal': 0.7, 'time': 0.85, 'liq': 1.0, 'struct': 1.0}",涨停组: 中报预增方向 1板 封单比10.8% 涨停时间10:29 题材内涨停5家 成交3.9亿,中报预增+脑机接口+电子烟+UDM智能制造,1连板 换手承接量比1.29,"次日竞价与开盘承接: 高开幅度观察区间[-2%,+5%]; 开盘涨幅≤+3%且不破昨收-3%视为买点触发",昨收22.83,高位情绪兑现/次日低开大幅回撤/炸板断板,1
2026-07-27,2026-07-28,aggressive,nlu,603296.SH,华勤技术,消费电子,91.4453125,"{'sector': 0.6878124999999999, 'trend': 1.0, 'pos': 1.0, 'mom': 1.0, 'liq': 1.0, 'recog': 0.85}","非涨停组: 趋势结构多头(MA20>MA60且上行), 处于活跃板块[消费电子](当日涨幅分位84%, 板块涨停1家) 距60日高点5.4% 20日涨幅27.0%",板块[消费电子]轮动延续/资金承接,收盘86.93 MA20上方 量比0.99,"次日开盘[-2%,+3%]为观察区间; 收盘站上max(开盘,昨收)视为买点触发",昨收86.93,板块退潮补跌/资金承接不足/持续阴跌,1
2026-07-27,2026-07-28,aggressive,nlu,002546.SZ,新联电子,电网设备,91.4296875,"{'sector': 0.8471875, 'trend': 1.0, 'pos': 1.0, 'mom': 1.0, 'liq': 0.6, 'recog': 0.85}","非涨停组: 趋势结构多头(MA20>MA60且上行), 处于活跃板块[电网设备](当日涨幅分位72%, 板块涨停5家) 距60日高点5.1% 20日涨幅13.3%",板块[电网设备]轮动延续/资金承接,收盘8.45 MA20上方 量比1.12,"次日开盘[-2%,+3%]为观察区间; 收盘站上max(开盘,昨收)视为买点触发",昨收8.45,板块退潮补跌/资金承接不足/持续阴跌,1
2026-07-28,2026-07-29,defensive,lu,603716.SH,塞力医疗,医药商业,88.5,"{'theme': 0.6, 'ladder': 0.9, 'seal': 1.0, 'time': 1.0, 'liq': 1.0, 'struct': 1.0}",涨停组: 脑机接口方向 2板 封单比22.4% 涨停时间09:35 题材内涨停4家 成交3.9亿,脑机接口+AI医疗+高血压疫苗+SPD,2连板 换手承接量比1.17,"次日竞价与开盘承接: 高开幅度观察区间[-2%,+5%]; 开盘涨幅≤+3%且不破昨收-3%视为买点触发",昨收16.43,高位情绪兑现/次日低开大幅回撤/炸板断板,1
2026-07-28,2026-07-29,defensive,nlu,002832.SZ,比音勒芬,服装家纺,91.8515625,"{'sector': 0.7040625, 'trend': 1.0, 'pos': 1.0, 'mom': 1.0, 'liq': 1.0, 'recog': 0.85}","非涨停组: 趋势结构多头(MA20>MA60且上行), 处于活跃板块[服装家纺](当日涨幅分位88%, 板块涨停1家) 距60日高点2.5% 20日涨幅22.8%",板块[服装家纺]轮动延续/资金承接,收盘25.35 MA20上方 量比1.47,"次日开盘[-2%,+3%]为观察区间; 收盘站上max(开盘,昨收)视为买点触发",昨收25.35,板块退潮补跌/资金承接不足/持续阴跌,1
2026-07-28,2026-07-29,defensive,nlu,603288.SH,海天味业,食品加工制造,90.8984375,"{'sector': 0.6659375, 'trend': 1.0, 'pos': 1.0, 'mom': 1.0, 'liq': 1.0, 'recog': 0.85}","非涨停组: 趋势结构多头(MA20>MA60且上行), 处于活跃板块[食品加工制造](当日涨幅分位93%, 板块涨停1家) 距60日高点3.3% 20日涨幅11.6%",板块[食品加工制造]轮动延续/资金承接,收盘37.01 MA20上方 量比1.04,"次日开盘[-2%,+3%]为观察区间; 收盘站上max(开盘,昨收)视为买点触发",昨收37.01,板块退潮补跌/资金承接不足/持续阴跌,1
2026-07-29,2026-07-30,aggressive,lu,600429.SH,三元股份,饮料制造,81.75,"{'theme': 1.0, 'ladder': 0.55, 'seal': 1.0, 'time': 0.5, 'liq': 0.6, 'struct': 1.0}",涨停组: 乳业方向 1板 封单比18.9% 涨停时间13:16 题材内涨停6家 成交1.6亿,乳业+供应链优化+北京国资,1连板 换手承接量比1.94,"次日竞价与开盘承接: 高开幅度观察区间[-2%,+5%]; 开盘涨幅≤+3%且不破昨收-3%视为买点触发",昨收4.69,高位情绪兑现/次日低开大幅回撤/炸板断板,1
2026-07-29,2026-07-30,aggressive,lu,603178.SH,圣龙股份,汽车零部件,79.25,"{'theme': 0.6, 'ladder': 0.55, 'seal': 1.0, 'time': 1.0, 'liq': 0.6, 'struct': 1.0}",涨停组: 机器人方向 1板 封单比40.7% 涨停时间09:40 题材内涨停4家 成交1.9亿,机器人+飞行汽车+业绩扭亏+泵类龙头,1连板 换手承接量比1.03,"次日竞价与开盘承接: 高开幅度观察区间[-2%,+5%]; 开盘涨幅≤+3%且不破昨收-3%视为买点触发",昨收16.63,高位情绪兑现/次日低开大幅回撤/炸板断板,1
2026-07-29,2026-07-30,aggressive,nlu,000729.SZ,燕京啤酒,饮料制造,98.8203125,"{'sector': 0.9828125, 'trend': 1.0, 'pos': 1.0, 'mom': 1.0, 'liq': 1.0, 'recog': 0.85}","非涨停组: 趋势结构多头(MA20>MA60且上行), 处于活跃板块[饮料制造](当日涨幅分位99%, 板块涨停8家) 距60日高点3.4% 20日涨幅23.3%",板块[饮料制造]轮动延续/资金承接,收盘12.77 MA20上方 量比1.60,"次日开盘[-2%,+3%]为观察区间; 收盘站上max(开盘,昨收)视为买点触发",昨收12.77,板块退潮补跌/资金承接不足/持续阴跌,1
2026-07-29,2026-07-30,aggressive,nlu,603288.SH,海天味业,食品加工制造,97.7578125,"{'sector': 0.9403125000000001, 'trend': 1.0, 'pos': 1.0, 'mom': 1.0, 'liq': 1.0, 'recog': 0.85}","非涨停组: 趋势结构多头(MA20>MA60且上行), 处于活跃板块[食品加工制造](当日涨幅分位95%, 板块涨停5家) 距60日高点1.4% 20日涨幅12.4%",板块[食品加工制造]轮动延续/资金承接,收盘37.64 MA20上方 量比1.50,"次日开盘[-2%,+3%]为观察区间; 收盘站上max(开盘,昨收)视为买点触发",昨收37.64,板块退潮补跌/资金承接不足/持续阴跌,1
2026-07-30,2026-07-31,defensive,lu,603171.SH,税友股份,IT服务,78.25,"{'theme': 0.4, 'ladder': 0.55, 'seal': 1.0, 'time': 1.0, 'liq': 1.0, 'struct': 1.0}",涨停组: AI应用方向 1板 封单比18.7% 涨停时间09:44 题材内涨停3家 成交3.6亿,AI应用+财税SaaS+实控人增持,1连板 换手承接量比1.67,"次日竞价与开盘承接: 高开幅度观察区间[-2%,+5%]; 开盘涨幅≤+3%且不破昨收-3%视为买点触发",昨收41.47,高位情绪兑现/次日低开大幅回撤/炸板断板,1
2026-07-30,2026-07-31,defensive,nlu,603198.SH,迎驾贡酒,白酒,96.5625,"{'sector': 0.8925, 'trend': 1.0, 'pos': 1.0, 'mom': 1.0, 'liq': 1.0, 'recog': 0.85}","非涨停组: 趋势结构多头(MA20>MA60且上行), 处于活跃板块[白酒](当日涨幅分位100%, 板块涨停2家) 距60日高点2.9% 20日涨幅25.4%",板块[白酒]轮动延续/资金承接,收盘38.12 MA20上方 量比1.66,"次日开盘[-2%,+3%]为观察区间; 收盘站上max(开盘,昨收)视为买点触发",昨收38.12,板块退潮补跌/资金承接不足/持续阴跌,1
2026-07-30,2026-07-31,defensive,nlu,600066.SH,宇通客车,汽车整车,93.890625,"{'sector': 0.785625, 'trend': 1.0, 'pos': 1.0, 'mom': 1.0, 'liq': 1.0, 'recog': 0.85}","非涨停组: 趋势结构多头(MA20>MA60且上行), 处于活跃板块[汽车整车](当日涨幅分位98%, 板块涨停1家) 距60日高点2.4% 20日涨幅22.9%",板块[汽车整车]轮动延续/资金承接,收盘33.80 MA20上方 量比1.35,"次日开盘[-2%,+3%]为观察区间; 收盘站上max(开盘,昨收)视为买点触发",昨收33.80,板块退潮补跌/资金承接不足/持续阴跌,1
2026-07-31,2026-08-03,aggressive,lu,603039.SH,泛微网络,软件开发,90.25,"{'theme': 1.0, 'ladder': 0.9, 'seal': 0.7, 'time': 0.85, 'liq': 1.0, 'struct': 1.0}",涨停组: AI应用方向 2板 封单比12.5% 涨停时间10:09 题材内涨停15家 成交8.6亿,AI应用+半年报预增+协同办公,2连板 换手承接量比1.63,"次日竞价与开盘承接: 高开幅度观察区间[-2%,+5%]; 开盘涨幅≤+3%且不破昨收-3%视为买点触发",昨收37.42,高位情绪兑现/次日低开大幅回撤/炸板断板,1
2026-07-31,2026-08-03,aggressive,lu,002896.SZ,中大力德,通用设备,88.25,"{'theme': 0.8, 'ladder': 0.55, 'seal': 1.0, 'time': 1.0, 'liq': 1.0, 'struct': 1.0}",涨停组: 人形机器人方向 1板 封单比15.2% 涨停时间09:42 题材内涨停5家 成交5.2亿,人形机器人+精密减速器+海外布局,1连板 换手承接量比1.25,"次日竞价与开盘承接: 高开幅度观察区间[-2%,+5%]; 开盘涨幅≤+3%且不破昨收-3%视为买点触发",昨收65.24,高位情绪兑现/次日低开大幅回撤/炸板断板,1
2026-07-31,2026-08-03,aggressive,nlu,002415.SZ,海康威视,计算机设备,96.9375,"{'sector': 0.9075, 'trend': 1.0, 'pos': 1.0, 'mom': 1.0, 'liq': 1.0, 'recog': 0.85}","非涨停组: 趋势结构多头(MA20>MA60且上行), 处于活跃板块[计算机设备](当日涨幅分位94%, 板块涨停3家) 距60日高点1.2% 20日涨幅10.7%",板块[计算机设备]轮动延续/资金承接,收盘37.06 MA20上方 量比1.06,"次日开盘[-2%,+3%]为观察区间; 收盘站上max(开盘,昨收)视为买点触发",昨收37.06,板块退潮补跌/资金承接不足/持续阴跌,1
2026-07-31,2026-08-03,aggressive,nlu,002292.SZ,奥飞娱乐,影视院线,95.9609375,"{'sector': 0.8684375, 'trend': 1.0, 'pos': 1.0, 'mom': 1.0, 'liq': 1.0, 'recog': 0.85}","非涨停组: 趋势结构多头(MA20>MA60且上行), 处于活跃板块[影视院线](当日涨幅分位96%, 板块涨停2家) 距60日高点1.2% 20日涨幅6.7%",板块[影视院线]轮动延续/资金承接,收盘8.25 MA20上方 量比0.97,"次日开盘[-2%,+3%]为观察区间; 收盘站上max(开盘,昨收)视为买点触发",昨收8.25,板块退潮补跌/资金承接不足/持续阴跌,1
2026-08-03,2026-08-04,normal,lu,002896.SZ,中大力德,通用设备,88.5,"{'theme': 0.6, 'ladder': 0.9, 'seal': 1.0, 'time': 1.0, 'liq': 1.0, 'struct': 1.0}",涨停组: 人形机器人方向 2板 封单比39.6% 涨停时间09:31 题材内涨停4家 成交5.4亿,人形机器人+精密减速器+海外布局,2连板 换手承接量比1.13,"次日竞价与开盘承接: 高开幅度观察区间[-2%,+5%]; 开盘涨幅≤+3%且不破昨收-3%视为买点触发",昨收71.76,高位情绪兑现/次日低开大幅回撤/炸板断板,1
2026-08-03,2026-08-04,normal,lu,002438.SZ,江苏神通,通用设备,84.25,"{'theme': 0.8, 'ladder': 0.55, 'seal': 1.0, 'time': 1.0, 'liq': 0.6, 'struct': 1.0}",涨停组: 核电方向 1板 封单比63.5% 涨停时间09:39 题材内涨停5家 成交1.8亿,核电+半导体+AI应用+氢能,1连板 换手承接量比1.73,"次日竞价与开盘承接: 高开幅度观察区间[-2%,+5%]; 开盘涨幅≤+3%且不破昨收-3%视为买点触发",昨收13.97,高位情绪兑现/次日低开大幅回撤/炸板断板,1
2026-08-03,2026-08-04,normal,nlu,002546.SZ,新联电子,电网设备,96.2578125,"{'sector': 0.8803125, 'trend': 1.0, 'pos': 1.0, 'mom': 1.0, 'liq': 1.0, 'recog': 0.85}","非涨停组: 趋势结构多头(MA20>MA60且上行), 处于活跃板块[电网设备](当日涨幅分位96%, 板块涨停8家) 距60日高点1.1% 20日涨幅27.4%",板块[电网设备]轮动延续/资金承接,收盘8.80 MA20上方 量比1.42,"次日开盘[-2%,+3%]为观察区间; 收盘站上max(开盘,昨收)视为买点触发",昨收8.80,板块退潮补跌/资金承接不足/持续阴跌,1
2026-08-03,2026-08-04,normal,nlu,601668.SH,中国建筑,建筑装饰,94.4765625,"{'sector': 0.8090625, 'trend': 1.0, 'pos': 1.0, 'mom': 1.0, 'liq': 1.0, 'recog': 0.85}","非涨停组: 趋势结构多头(MA20>MA60且上行), 处于活跃板块[建筑装饰](当日涨幅分位78%, 板块涨停4家) 距60日高点0.0% 20日涨幅11.5%",板块[建筑装饰]轮动延续/资金承接,收盘4.76 MA20上方 量比0.99,"次日开盘[-2%,+3%]为观察区间; 收盘站上max(开盘,昨收)视为买点触发",昨收4.76,板块退潮补跌/资金承接不足/持续阴跌,1
2026-08-04,2026-08-05,aggressive,lu,000815.SZ,美利云,通信服务,94.0,"{'theme': 1.0, 'ladder': 1.0, 'seal': 1.0, 'time': 1.0, 'liq': 1.0, 'struct': 0.6}",涨停组: 算力租赁方向 3板 封单比44.5% 涨停时间09:30 题材内涨停8家 成交6.7亿,算力租赁+东数西算+央企,3连板 换手承接量比0.48,"次日竞价与开盘承接: 高开幅度观察区间[-2%,+5%]; 开盘涨幅≤+3%且不破昨收-3%视为买点触发",昨收18.37,高位情绪兑现/次日低开大幅回撤/炸板断板,1
2026-08-04,2026-08-05,aggressive,lu,600666.SH,奥瑞德,IT服务,93.25,"{'theme': 1.0, 'ladder': 0.55, 'seal': 1.0, 'time': 1.0, 'liq': 1.0, 'struct': 1.0}",涨停组: 算力租赁方向 1板 封单比26.1% 涨停时间09:37 题材内涨停8家 成交4.0亿,算力租赁+AI应用+蓝宝石,1连板 换手承接量比0.92,"次日竞价与开盘承接: 高开幅度观察区间[-2%,+5%]; 开盘涨幅≤+3%且不破昨收-3%视为买点触发",昨收3.78,高位情绪兑现/次日低开大幅回撤/炸板断板,1
2026-08-04,2026-08-05,aggressive,nlu,002517.SZ,恺英网络,游戏,98.8515625,"{'sector': 0.9540624999999999, 'trend': 1.0, 'pos': 1.0, 'mom': 1.0, 'liq': 1.0, 'recog': 1.0}","非涨停组: 趋势结构多头(MA20>MA60且上行), 处于活跃板块[游戏](当日涨幅分位91%, 板块涨停3家) 距60日高点2.3% 20日涨幅9.9%",板块[游戏]轮动延续/资金承接,收盘18.58 MA20上方 量比1.10,"次日开盘[-2%,+3%]为观察区间; 收盘站上max(开盘,昨收)视为买点触发",昨收18.58,板块退潮补跌/资金承接不足/持续阴跌,1
2026-08-04,2026-08-05,aggressive,nlu,002415.SZ,海康威视,计算机设备,96.46875,"{'sector': 0.8887499999999999, 'trend': 1.0, 'pos': 1.0, 'mom': 1.0, 'liq': 1.0, 'recog': 0.85}","非涨停组: 趋势结构多头(MA20>MA60且上行), 处于活跃板块[计算机设备](当日涨幅分位82%, 板块涨停6家) 距60日高点1.4% 20日涨幅14.1%",板块[计算机设备]轮动延续/资金承接,收盘38.03 MA20上方 量比0.86,"次日开盘[-2%,+3%]为观察区间; 收盘站上max(开盘,昨收)视为买点触发",昨收38.03,板块退潮补跌/资金承接不足/持续阴跌,1
2026-08-05,2026-08-06,aggressive,lu,603186.SH,华正新材,元件,75.25,"{'theme': 0.4, 'ladder': 0.9, 'seal': 0.7, 'time': 0.85, 'liq': 1.0, 'struct': 1.0}",涨停组: 覆铜板方向 2板 封单比9.8% 涨停时间10:04 题材内涨停3家 成交16.5亿,覆铜板+AI算力+半年报预增,2连板 换手承接量比0.99,"次日竞价与开盘承接: 高开幅度观察区间[-2%,+5%]; 开盘涨幅≤+3%且不破昨收-3%视为买点触发",昨收119.31,高位情绪兑现/次日低开大幅回撤/炸板断板,1
2026-08-05,2026-08-06,aggressive,lu,600556.SH,天下秀,文化传媒,75.0,"{'theme': 0.6, 'ladder': 0.55, 'seal': 0.7, 'time': 0.85, 'liq': 1.0, 'struct': 1.0}",涨停组: AI应用方向 1板 封单比14.6% 涨停时间10:20 题材内涨停4家 成交7.3亿,AI应用+AI营销+红人经济+出海布局,1连板 换手承接量比1.66,"次日竞价与开盘承接: 高开幅度观察区间[-2%,+5%]; 开盘涨幅≤+3%且不破昨收-3%视为买点触发",昨收5.54,高位情绪兑现/次日低开大幅回撤/炸板断板,1
2026-08-05,2026-08-06,aggressive,nlu,600756.SH,浪潮软件,IT服务,96.578125,"{'sector': 0.893125, 'trend': 1.0, 'pos': 1.0, 'mom': 1.0, 'liq': 1.0, 'recog': 0.85}","非涨停组: 趋势结构多头(MA20>MA60且上行), 处于活跃板块[IT服务](当日涨幅分位79%, 板块涨停4家) 距60日高点2.9% 20日涨幅26.0%",板块[IT服务]轮动延续/资金承接,收盘16.67 MA20上方 量比1.01,"次日开盘[-2%,+3%]为观察区间; 收盘站上max(开盘,昨收)视为买点触发",昨收16.67,板块退潮补跌/资金承接不足/持续阴跌,1
2026-08-05,2026-08-06,aggressive,nlu,603993.SH,洛阳钼业,工业金属,96.09375,"{'sector': 0.87375, 'trend': 1.0, 'pos': 1.0, 'mom': 1.0, 'liq': 1.0, 'recog': 0.85}","非涨停组: 趋势结构多头(MA20>MA60且上行), 处于活跃板块[工业金属](当日涨幅分位85%, 板块涨停3家) 距60日高点5.8% 20日涨幅16.8%",板块[工业金属]轮动延续/资金承接,收盘20.47 MA20上方 量比1.70,"次日开盘[-2%,+3%]为观察区间; 收盘站上max(开盘,昨收)视为买点触发",昨收20.47,板块退潮补跌/资金承接不足/持续阴跌,1
2026-08-06,2026-08-07,normal,lu,601101.SH,昊华能源,煤炭开采加工,88.25,"{'theme': 0.8, 'ladder': 0.55, 'seal': 1.0, 'time': 1.0, 'liq': 1.0, 'struct': 1.0}",涨停组: 煤炭方向 1板 封单比19.4% 涨停时间09:44 题材内涨停5家 成交3.9亿,煤炭+甲醇+中报预增+北京国资,1连板 换手承接量比1.08,"次日竞价与开盘承接: 高开幅度观察区间[-2%,+5%]; 开盘涨幅≤+3%且不破昨收-3%视为买点触发",昨收12.72,高位情绪兑现/次日低开大幅回撤/炸板断板,1
2026-08-06,2026-08-07,normal,lu,600403.SH,大有能源,煤炭开采加工,83.75,"{'theme': 0.8, 'ladder': 0.55, 'seal': 1.0, 'time': 0.7, 'liq': 1.0, 'struct': 1.0}",涨停组: 煤炭方向 1板 封单比17.3% 涨停时间11:27 题材内涨停5家 成交6.3亿,煤炭+中报减亏+河南国资,1连板 换手承接量比1.25,"次日竞价与开盘承接: 高开幅度观察区间[-2%,+5%]; 开盘涨幅≤+3%且不破昨收-3%视为买点触发",昨收6.41,高位情绪兑现/次日低开大幅回撤/炸板断板,1
2026-08-06,2026-08-07,normal,nlu,002415.SZ,海康威视,计算机设备,96.7734375,"{'sector': 0.9009375, 'trend': 1.0, 'pos': 1.0, 'mom': 1.0, 'liq': 1.0, 'recog': 0.85}","非涨停组: 趋势结构多头(MA20>MA60且上行), 处于活跃板块[计算机设备](当日涨幅分位85%, 板块涨停4家) 距60日高点4.4% 20日涨幅5.8%",板块[计算机设备]轮动延续/资金承接,收盘36.86 MA20上方 量比0.79,"次日开盘[-2%,+3%]为观察区间; 收盘站上max(开盘,昨收)视为买点触发",昨收36.86,板块退潮补跌/资金承接不足/持续阴跌,1
2026-08-06,2026-08-07,normal,nlu,601225.SH,陕西煤业,煤炭开采加工,96.5546875,"{'sector': 0.8921875, 'trend': 1.0, 'pos': 1.0, 'mom': 1.0, 'liq': 1.0, 'recog': 0.85}","非涨停组: 趋势结构多头(MA20>MA60且上行), 处于活跃板块[煤炭开采加工](当日涨幅分位99%, 板块涨停7家) 距60日高点7.9% 20日涨幅9.1%",板块[煤炭开采加工]轮动延续/资金承接,收盘24.88 MA20上方 量比1.21,"次日开盘[-2%,+3%]为观察区间; 收盘站上max(开盘,昨收)视为买点触发",昨收24.88,板块退潮补跌/资金承接不足/持续阴跌,1
2026-08-07,2026-08-10,normal,lu,002900.SZ,哈三联,化学制药,91.0,"{'theme': 1.0, 'ladder': 0.55, 'seal': 1.0, 'time': 0.85, 'liq': 1.0, 'struct': 1.0}",涨停组: 创新药方向 1板 封单比18.8% 涨停时间09:48 题材内涨停8家 成交4.1亿,创新药+化学制药+中报预计减亏,1连板 换手承接量比1.22,"次日竞价与开盘承接: 高开幅度观察区间[-2%,+5%]; 开盘涨幅≤+3%且不破昨收-3%视为买点触发",昨收13.48,高位情绪兑现/次日低开大幅回撤/炸板断板,1
2026-08-07,2026-08-10,normal,lu,600664.SH,哈药股份,化学制药,87.25,"{'theme': 1.0, 'ladder': 0.55, 'seal': 1.0, 'time': 1.0, 'liq': 1.0, 'struct': 0.6}",涨停组: 创新药方向 1板 封单比19.8% 涨停时间09:33 题材内涨停8家 成交18.1亿,创新药+拟中标集采+业绩预增,1连板 换手承接量比0.62,"次日竞价与开盘承接: 高开幅度观察区间[-2%,+5%]; 开盘涨幅≤+3%且不破昨收-3%视为买点触发",昨收6.84,高位情绪兑现/次日低开大幅回撤/炸板断板,1
2026-08-07,2026-08-10,normal,nlu,002141.SZ,贤丰控股,元件,98.96875,"{'sector': 0.9887499999999999, 'trend': 1.0, 'pos': 1.0, 'mom': 1.0, 'liq': 1.0, 'recog': 0.85}","非涨停组: 趋势结构多头(MA20>MA60且上行), 处于活跃板块[元件](当日涨幅分位98%, 板块涨停10家) 距60日高点6.0% 20日涨幅18.6%",板块[元件]轮动延续/资金承接,收盘6.11 MA20上方 量比1.44,"次日开盘[-2%,+3%]为观察区间; 收盘站上max(开盘,昨收)视为买点触发",昨收6.11,板块退潮补跌/资金承接不足/持续阴跌,1
2026-08-07,2026-08-10,normal,nlu,002001.SZ,新和成,化学制药,96.2734375,"{'sector': 0.9309375, 'trend': 1.0, 'pos': 1.0, 'mom': 1.0, 'liq': 1.0, 'recog': 0.6}","非涨停组: 趋势结构多头(MA20>MA60且上行), 处于活跃板块[化学制药](当日涨幅分位97%, 板块涨停6家) 距60日高点6.7% 20日涨幅6.6%",板块[化学制药]轮动延续/资金承接,收盘30.59 MA20上方 量比0.89,"次日开盘[-2%,+3%]为观察区间; 收盘站上max(开盘,昨收)视为买点触发",昨收30.59,板块退潮补跌/资金承接不足/持续阴跌,1
2026-08-10,2026-08-11,aggressive,lu,002589.SZ,瑞康医药,医药商业,98.5,"{'theme': 1.0, 'ladder': 0.9, 'seal': 1.0, 'time': 1.0, 'liq': 1.0, 'struct': 1.0}",涨停组: 创新药方向 2板 封单比18.7% 涨停时间09:41 题材内涨停7家 成交5.6亿,创新药+AI应用+医药流通,2连板 换手承接量比2.11,"次日竞价与开盘承接: 高开幅度观察区间[-2%,+5%]; 开盘涨幅≤+3%且不破昨收-3%视为买点触发",昨收3.34,高位情绪兑现/次日低开大幅回撤/炸板断板,1
2026-08-10,2026-08-11,aggressive,lu,600664.SH,哈药股份,化学制药,92.5,"{'theme': 1.0, 'ladder': 0.9, 'seal': 1.0, 'time': 1.0, 'liq': 1.0, 'struct': 0.6}",涨停组: 创新药方向 2板 封单比32.0% 涨停时间09:25 题材内涨停7家 成交9.9亿,创新药+集采拟中标+半年报预增,2连板 换手承接量比0.35,"次日竞价与开盘承接: 高开幅度观察区间[-2%,+5%]; 开盘涨幅≤+3%且不破昨收-3%视为买点触发",昨收7.52,高位情绪兑现/次日低开大幅回撤/炸板断板,1
2026-08-10,2026-08-11,aggressive,nlu,600763.SH,通策医疗,医疗服务,97.5859375,"{'sector': 0.9834375, 'trend': 1.0, 'pos': 1.0, 'mom': 1.0, 'liq': 1.0, 'recog': 0.6}","非涨停组: 趋势结构多头(MA20>MA60且上行), 处于活跃板块[医疗服务](当日涨幅分位98%, 板块涨停6家) 距60日高点6.9% 20日涨幅9.4%",板块[医疗服务]轮动延续/资金承接,收盘37.02 MA20上方 量比1.49,"次日开盘[-2%,+3%]为观察区间; 收盘站上max(开盘,昨收)视为买点触发",昨收37.02,板块退潮补跌/资金承接不足/持续阴跌,1
2026-08-10,2026-08-11,aggressive,nlu,600829.SH,人民同泰,医药商业,95.2578125,"{'sector': 0.8403125, 'trend': 1.0, 'pos': 1.0, 'mom': 1.0, 'liq': 1.0, 'recog': 0.85}","非涨停组: 趋势结构多头(MA20>MA60且上行), 处于活跃板块[医药商业](当日涨幅分位85%, 板块涨停3家) 距60日高点7.1% 20日涨幅29.0%",板块[医药商业]轮动延续/资金承接,收盘10.54 MA20上方 量比1.28,"次日开盘[-2%,+3%]为观察区间; 收盘站上max(开盘,昨收)视为买点触发",昨收10.54,板块退潮补跌/资金承接不足/持续阴跌,1
2026-08-11,2026-08-12,defensive,lu,605288.SH,凯迪股份,自动化设备,74.75,"{'theme': 0.6, 'ladder': 0.55, 'seal': 1.0, 'time': 0.7, 'liq': 0.6, 'struct': 1.0}",涨停组: 机器人方向 1板 封单比24.2% 涨停时间11:16 题材内涨停4家 成交2.2亿,机器人+智能线性驱动+新能源汽车,1连板 换手承接量比1.22,"次日竞价与开盘承接: 高开幅度观察区间[-2%,+5%]; 开盘涨幅≤+3%且不破昨收-3%视为买点触发",昨收63.39,高位情绪兑现/次日低开大幅回撤/炸板断板,1
2026-08-11,2026-08-12,defensive,nlu,600829.SH,人民同泰,医药商业,98.046875,"{'sector': 0.951875, 'trend': 1.0, 'pos': 1.0, 'mom': 1.0, 'liq': 1.0, 'recog': 0.85}","非涨停组: 趋势结构多头(MA20>MA60且上行), 处于活跃板块[医药商业](当日涨幅分位96%, 板块涨停3家) 距60日高点5.4% 20日涨幅19.5%",板块[医药商业]轮动延续/资金承接,收盘10.74 MA20上方 量比1.11,"次日开盘[-2%,+3%]为观察区间; 收盘站上max(开盘,昨收)视为买点触发",昨收10.74,板块退潮补跌/资金承接不足/持续阴跌,1
2026-08-11,2026-08-12,defensive,nlu,603456.SH,九洲药业,医疗服务,94.5390625,"{'sector': 0.8615625, 'trend': 1.0, 'pos': 1.0, 'mom': 1.0, 'liq': 1.0, 'recog': 0.6}","非涨停组: 趋势结构多头(MA20>MA60且上行), 处于活跃板块[医疗服务](当日涨幅分位93%, 板块涨停2家) 距60日高点2.6% 20日涨幅11.4%",板块[医疗服务]轮动延续/资金承接,收盘16.80 MA20上方 量比1.29,"次日开盘[-2%,+3%]为观察区间; 收盘站上max(开盘,昨收)视为买点触发",昨收16.80,板块退潮补跌/资金承接不足/持续阴跌,1
2026-08-12,2026-08-13,aggressive,lu,002031.SZ,巨轮智能,专用设备,88.5,"{'theme': 0.6, 'ladder': 0.9, 'seal': 1.0, 'time': 1.0, 'liq': 1.0, 'struct': 1.0}",涨停组: 人形机器人方向 2板 封单比22.7% 涨停时间09:30 题材内涨停4家 成交13.5亿,人形机器人+RV减速器+轮胎模具,2连板 换手承接量比1.77,"次日竞价与开盘承接: 高开幅度观察区间[-2%,+5%]; 开盘涨幅≤+3%且不破昨收-3%视为买点触发",昨收6.42,高位情绪兑现/次日低开大幅回撤/炸板断板,1
2026-08-12,2026-08-13,aggressive,lu,000887.SZ,中鼎股份,汽车零部件,83.25,"{'theme': 0.6, 'ladder': 0.55, 'seal': 1.0, 'time': 1.0, 'liq': 1.0, 'struct': 1.0}",涨停组: 人形机器人方向 1板 封单比16.5% 涨停时间09:34 题材内涨停4家 成交11.8亿,人形机器人+液冷服务器+汽车零部件,1连板 换手承接量比1.54,"次日竞价与开盘承接: 高开幅度观察区间[-2%,+5%]; 开盘涨幅≤+3%且不破昨收-3%视为买点触发",昨收21.54,高位情绪兑现/次日低开大幅回撤/炸板断板,1
2026-08-12,2026-08-13,aggressive,nlu,002141.SZ,贤丰控股,元件,96.4296875,"{'sector': 0.8571875, 'trend': 1.0, 'pos': 1.0, 'mom': 1.0, 'liq': 1.0, 'recog': 1.0}","非涨停组: 趋势结构多头(MA20>MA60且上行), 处于活跃板块[元件](当日涨幅分位92%, 板块涨停2家) 距60日高点5.5% 20日涨幅24.4%",板块[元件]轮动延续/资金承接,收盘6.98 MA20上方 量比0.90,"次日开盘[-2%,+3%]为观察区间; 收盘站上max(开盘,昨收)视为买点触发",昨收6.98,板块退潮补跌/资金承接不足/持续阴跌,1
2026-08-12,2026-08-13,aggressive,nlu,603068.SH,博通集成,半导体,93.3125,"{'sector': 0.9225000000000001, 'trend': 1.0, 'pos': 1.0, 'mom': 1.0, 'liq': 0.6, 'recog': 0.85}","非涨停组: 趋势结构多头(MA20>MA60且上行), 处于活跃板块[半导体](当日涨幅分位88%, 板块涨停3家) 距60日高点2.7% 20日涨幅6.4%",板块[半导体]轮动延续/资金承接,收盘40.85 MA20上方 量比0.66,"次日开盘[-2%,+3%]为观察区间; 收盘站上max(开盘,昨收)视为买点触发",昨收40.85,板块退潮补跌/资金承接不足/持续阴跌,1
2026-08-13,2026-08-14,defensive,lu,600881.SH,亚泰集团,综合,90.0,"{'theme': 0.6, 'ladder': 1.0, 'seal': 1.0, 'time': 1.0, 'liq': 1.0, 'struct': 1.0}",涨停组: 创新药方向 3板 封单比15.7% 涨停时间09:36 题材内涨停4家 成交6.4亿,创新药+预重整+重整投资人招募+长春国资,3连板 换手承接量比1.47,"次日竞价与开盘承接: 高开幅度观察区间[-2%,+5%]; 开盘涨幅≤+3%且不破昨收-3%视为买点触发",昨收2.27,高位情绪兑现/次日低开大幅回撤/炸板断板,1
2026-08-13,2026-08-14,defensive,nlu,600572.SH,康恩贝,中药,97.2421875,"{'sector': 0.9696875, 'trend': 1.0, 'pos': 1.0, 'mom': 1.0, 'liq': 1.0, 'recog': 0.6}","非涨停组: 趋势结构多头(MA20>MA60且上行), 处于活跃板块[中药](当日涨幅分位98%, 板块涨停3家) 距60日高点5.8% 20日涨幅6.1%",板块[中药]轮动延续/资金承接,收盘4.68 MA20上方 量比2.14,"次日开盘[-2%,+3%]为观察区间; 收盘站上max(开盘,昨收)视为买点触发",昨收4.68,板块退潮补跌/资金承接不足/持续阴跌,1
2026-08-13,2026-08-14,defensive,nlu,600795.SH,国电电力,电力,95.8515625,"{'sector': 0.8640625000000001, 'trend': 1.0, 'pos': 1.0, 'mom': 1.0, 'liq': 1.0, 'recog': 0.85}","非涨停组: 趋势结构多头(MA20>MA60且上行), 处于活跃板块[电力](当日涨幅分位89%, 板块涨停3家) 距60日高点2.7% 20日涨幅8.6%",板块[电力]轮动延续/资金承接,收盘5.07 MA20上方 量比1.06,"次日开盘[-2%,+3%]为观察区间; 收盘站上max(开盘,昨收)视为买点触发",昨收5.07,板块退潮补跌/资金承接不足/持续阴跌,1
2026-08-14,2026-08-17,normal,lu,603330.SH,天洋新材,塑料制品,81.0,"{'theme': 0.4, 'ladder': 1.0, 'seal': 1.0, 'time': 1.0, 'liq': 0.6, 'struct': 1.0}",涨停组: CPO方向 3板 封单比34.9% 涨停时间09:30 题材内涨停3家 成交2.7亿,CPO+电子胶+半年报预盈,3连板 换手承接量比0.82,"次日竞价与开盘承接: 高开幅度观察区间[-2%,+5%]; 开盘涨幅≤+3%且不破昨收-3%视为买点触发",昨收10.68,高位情绪兑现/次日低开大幅回撤/炸板断板,1
2026-08-14,2026-08-17,normal,lu,603025.SH,大豪科技,自动化设备,67.25,"{'theme': 0.2, 'ladder': 0.55, 'seal': 0.7, 'time': 1.0, 'liq': 1.0, 'struct': 1.0}",涨停组: 半年报增长方向 1板 封单比13.1% 涨停时间09:30 题材内涨停2家 成交3.2亿,半年报增长+缝制电控龙头+机器人+算力,1连板 换手承接量比1.87,"次日竞价与开盘承接: 高开幅度观察区间[-2%,+5%]; 开盘涨幅≤+3%且不破昨收-3%视为买点触发",昨收15.18,高位情绪兑现/次日低开大幅回撤/炸板断板,1
2026-08-14,2026-08-17,normal,nlu,002396.SZ,星网锐捷,通信设备,93.1171875,"{'sector': 0.9646874999999999, 'trend': 1.0, 'pos': 0.7, 'mom': 1.0, 'liq': 1.0, 'recog': 1.0}","非涨停组: 趋势结构多头(MA20>MA60且上行), 处于活跃板块[通信设备](当日涨幅分位97%, 板块涨停5家) 距60日高点11.7% 20日涨幅9.1%",板块[通信设备]轮动延续/资金承接,收盘32.67 MA20上方 量比1.45,"次日开盘[-2%,+3%]为观察区间; 收盘站上max(开盘,昨收)视为买点触发",昨收32.67,板块退潮补跌/资金承接不足/持续阴跌,1
2026-08-14,2026-08-17,normal,nlu,603883.SH,老百姓,医药商业,93.0078125,"{'sector': 0.9103125000000001, 'trend': 1.0, 'pos': 1.0, 'mom': 1.0, 'liq': 0.6, 'recog': 0.85}","非涨停组: 趋势结构多头(MA20>MA60且上行), 处于活跃板块[医药商业](当日涨幅分位83%, 板块涨停3家) 距60日高点4.3% 20日涨幅10.7%",板块[医药商业]轮动延续/资金承接,收盘13.58 MA20上方 量比1.14,"次日开盘[-2%,+3%]为观察区间; 收盘站上max(开盘,昨收)视为买点触发",昨收13.58,板块退潮补跌/资金承接不足/持续阴跌,1
2026-08-17,2026-08-18,aggressive,lu,002448.SZ,中原内配,汽车零部件,71.0,"{'theme': 0.2, 'ladder': 0.55, 'seal': 1.0, 'time': 0.85, 'liq': 1.0, 'struct': 1.0}",涨停组: 人形机器人方向 1板 封单比17.1% 涨停时间09:58 题材内涨停2家 成交5.2亿,人形机器人+AIDC+气缸套龙头+中报预增,1连板 换手承接量比1.65,"次日竞价与开盘承接: 高开幅度观察区间[-2%,+5%]; 开盘涨幅≤+3%且不破昨收-3%视为买点触发",昨收13.63,高位情绪兑现/次日低开大幅回撤/炸板断板,1
2026-08-17,2026-08-18,aggressive,lu,600127.SH,金健米业,农产品加工,69.25,"{'theme': 0.2, 'ladder': 0.55, 'seal': 1.0, 'time': 1.0, 'liq': 0.6, 'struct': 1.0}",涨停组: 粮食概念方向 1板 封单比62.9% 涨停时间09:30 题材内涨停2家 成交2.5亿,粮食概念+大健康食品+湖南国资,1连板 换手承接量比1.21,"次日竞价与开盘承接: 高开幅度观察区间[-2%,+5%]; 开盘涨幅≤+3%且不破昨收-3%视为买点触发",昨收6.46,高位情绪兑现/次日低开大幅回撤/炸板断板,1
2026-08-17,2026-08-18,aggressive,nlu,002141.SZ,贤丰控股,元件,97.03125,"{'sector': 0.96125, 'trend': 1.0, 'pos': 1.0, 'mom': 1.0, 'liq': 1.0, 'recog': 0.6}","非涨停组: 趋势结构多头(MA20>MA60且上行), 处于活跃板块[元件](当日涨幅分位94%, 板块涨停4家) 距60日高点7.8% 20日涨幅25.2%",板块[元件]轮动延续/资金承接,收盘6.81 MA20上方 量比0.76,"次日开盘[-2%,+3%]为观察区间; 收盘站上max(开盘,昨收)视为买点触发",昨收6.81,板块退潮补跌/资金承接不足/持续阴跌,1
2026-08-17,2026-08-18,aggressive,nlu,603296.SH,华勤技术,消费电子,94.359375,"{'sector': 0.804375, 'trend': 1.0, 'pos': 1.0, 'mom': 1.0, 'liq': 1.0, 'recog': 0.85}","非涨停组: 趋势结构多头(MA20>MA60且上行), 处于活跃板块[消费电子](当日涨幅分位86%, 板块涨停2家) 距60日高点5.4% 20日涨幅18.6%",板块[消费电子]轮动延续/资金承接,收盘86.90 MA20上方 量比0.87,"次日开盘[-2%,+3%]为观察区间; 收盘站上max(开盘,昨收)视为买点触发",昨收86.90,板块退潮补跌/资金承接不足/持续阴跌,1
2026-08-18,2026-08-19,defensive,lu,600313.SH,农发种业,种植业与林业,88.5,"{'theme': 0.6, 'ladder': 0.9, 'seal': 1.0, 'time': 1.0, 'liq': 1.0, 'struct': 1.0}",涨停组: 种业方向 2板 封单比15.9% 涨停时间09:38 题材内涨停4家 成交6.3亿,种业+粮食概念+央企,2连板 换手承接量比2.26,"次日竞价与开盘承接: 高开幅度观察区间[-2%,+5%]; 开盘涨幅≤+3%且不破昨收-3%视为买点触发",昨收6.78,高位情绪兑现/次日低开大幅回撤/炸板断板,1
2026-08-18,2026-08-19,defensive,nlu,600298.SH,安琪酵母,食品加工制造,95.578125,"{'sector': 0.903125, 'trend': 1.0, 'pos': 1.0, 'mom': 1.0, 'liq': 1.0, 'recog': 0.6}","非涨停组: 趋势结构多头(MA20>MA60且上行), 处于活跃板块[食品加工制造](当日涨幅分位88%, 板块涨停3家) 距60日高点4.0% 20日涨幅8.1%",板块[食品加工制造]轮动延续/资金承接,收盘42.73 MA20上方 量比0.90,"次日开盘[-2%,+3%]为观察区间; 收盘站上max(开盘,昨收)视为买点触发",昨收42.73,板块退潮补跌/资金承接不足/持续阴跌,1
2026-08-18,2026-08-19,defensive,nlu,600415.SH,小商品城,零售,92.3515625,"{'sector': 0.7740624999999999, 'trend': 1.0, 'pos': 1.0, 'mom': 1.0, 'liq': 1.0, 'recog': 0.6}","非涨停组: 趋势结构多头(MA20>MA60且上行), 处于活跃板块[零售](当日涨幅分位78%, 板块涨停4家) 距60日高点5.4% 20日涨幅6.1%",板块[零售]轮动延续/资金承接,收盘12.30 MA20上方 量比1.26,"次日开盘[-2%,+3%]为观察区间; 收盘站上max(开盘,昨收)视为买点触发",昨收12.30,板块退潮补跌/资金承接不足/持续阴跌,1
2026-08-19,2026-08-20,defensive,lu,002412.SZ,汉森制药,中药,79.25,"{'theme': 0.6, 'ladder': 0.55, 'seal': 1.0, 'time': 1.0, 'liq': 0.6, 'struct': 1.0}",涨停组: 创新药方向 1板 封单比32.8% 涨停时间09:33 题材内涨停4家 成交2.6亿,创新药+中药+中报预增,1连板 换手承接量比1.06,"次日竞价与开盘承接: 高开幅度观察区间[-2%,+5%]; 开盘涨幅≤+3%且不破昨收-3%视为买点触发",昨收8.42,高位情绪兑现/次日低开大幅回撤/炸板断板,1
2026-08-19,2026-08-20,defensive,nlu,601666.SH,平煤股份,煤炭开采加工,98.765625,"{'sector': 0.9806249999999999, 'trend': 1.0, 'pos': 1.0, 'mom': 1.0, 'liq': 1.0, 'recog': 0.85}","非涨停组: 趋势结构多头(MA20>MA60且上行), 处于活跃板块[煤炭开采加工](当日涨幅分位98%, 板块涨停4家) 距60日高点6.4% 20日涨幅17.2%",板块[煤炭开采加工]轮动延续/资金承接,收盘9.42 MA20上方 量比1.35,"次日开盘[-2%,+3%]为观察区间; 收盘站上max(开盘,昨收)视为买点触发",昨收9.42,板块退潮补跌/资金承接不足/持续阴跌,1
2026-08-19,2026-08-20,defensive,nlu,600737.SH,中粮糖业,农产品加工,95.8828125,"{'sector': 0.8653124999999999, 'trend': 1.0, 'pos': 1.0, 'mom': 1.0, 'liq': 1.0, 'recog': 0.85}","非涨停组: 趋势结构多头(MA20>MA60且上行), 处于活跃板块[农产品加工](当日涨幅分位75%, 板块涨停3家) 距60日高点5.6% 20日涨幅24.4%",板块[农产品加工]轮动延续/资金承接,收盘14.93 MA20上方 量比1.77,"次日开盘[-2%,+3%]为观察区间; 收盘站上max(开盘,昨收)视为买点触发",昨收14.93,板块退潮补跌/资金承接不足/持续阴跌,1
2026-08-20,2026-08-21,aggressive,lu,600613.SH,神奇制药,化学制药,93.25,"{'theme': 1.0, 'ladder': 0.55, 'seal': 1.0, 'time': 1.0, 'liq': 1.0, 'struct': 1.0}",涨停组: 创新药方向 1板 封单比65.9% 涨停时间09:30 题材内涨停12家 成交5.1亿,创新药+抗肿瘤+品牌OTC,1连板 换手承接量比0.87,"次日竞价与开盘承接: 高开幅度观察区间[-2%,+5%]; 开盘涨幅≤+3%且不破昨收-3%视为买点触发",昨收8.56,高位情绪兑现/次日低开大幅回撤/炸板断板,1
2026-08-20,2026-08-21,aggressive,lu,002940.SZ,昂利康,化学制药,93.25,"{'theme': 1.0, 'ladder': 0.55, 'seal': 1.0, 'time': 1.0, 'liq': 1.0, 'struct': 1.0}",涨停组: 创新药方向 1板 封单比21.2% 涨停时间09:30 题材内涨停12家 成交5.2亿,创新药+仿制药获批+定增过会,1连板 换手承接量比1.90,"次日竞价与开盘承接: 高开幅度观察区间[-2%,+5%]; 开盘涨幅≤+3%且不破昨收-3%视为买点触发",昨收28.41,高位情绪兑现/次日低开大幅回撤/炸板断板,1
2026-08-20,2026-08-21,aggressive,nlu,000661.SZ,长春高新,生物制品,97.7734375,"{'sector': 0.9909374999999999, 'trend': 1.0, 'pos': 1.0, 'mom': 1.0, 'liq': 1.0, 'recog': 0.6}","非涨停组: 趋势结构多头(MA20>MA60且上行), 处于活跃板块[生物制品](当日涨幅分位100%, 板块涨停13家) 距60日高点7.4% 20日涨幅7.6%",板块[生物制品]轮动延续/资金承接,收盘84.30 MA20上方 量比1.69,"次日开盘[-2%,+3%]为观察区间; 收盘站上max(开盘,昨收)视为买点触发",昨收84.30,板块退潮补跌/资金承接不足/持续阴跌,1
2026-08-20,2026-08-21,aggressive,nlu,603236.SH,移远通信,通信设备,97.4921875,"{'sector': 0.8996875, 'trend': 1.0, 'pos': 1.0, 'mom': 1.0, 'liq': 1.0, 'recog': 1.0}","非涨停组: 趋势结构多头(MA20>MA60且上行), 处于活跃板块[通信设备](当日涨幅分位94%, 板块涨停3家) 距60日高点5.7% 20日涨幅21.2%",板块[通信设备]轮动延续/资金承接,收盘59.37 MA20上方 量比0.56,"次日开盘[-2%,+3%]为观察区间; 收盘站上max(开盘,昨收)视为买点触发",昨收59.37,板块退潮补跌/资金承接不足/持续阴跌,1
2026-08-21,2026-08-24,normal,lu,003018.SZ,金富科技,包装印刷,73.25,"{'theme': 0.2, 'ladder': 0.55, 'seal': 1.0, 'time': 1.0, 'liq': 1.0, 'struct': 1.0}",涨停组: 液冷服务器方向 1板 封单比15.5% 涨停时间09:45 题材内涨停2家 成交3.8亿,液冷服务器+定增扩产+中报预增,1连板 换手承接量比0.81,"次日竞价与开盘承接: 高开幅度观察区间[-2%,+5%]; 开盘涨幅≤+3%且不破昨收-3%视为买点触发",昨收43.02,高位情绪兑现/次日低开大幅回撤/炸板断板,1
2026-08-21,2026-08-24,normal,lu,002209.SZ,达意隆,专用设备,73.25,"{'theme': 0.6, 'ladder': 0.55, 'seal': 0.7, 'time': 1.0, 'liq': 0.6, 'struct': 1.0}",涨停组: 半年报增长方向 1板 封单比11.6% 涨停时间09:25 题材内涨停4家 成交2.1亿,半年报增长+机器人+液态包装装备,1连板 换手承接量比1.99,"次日竞价与开盘承接: 高开幅度观察区间[-2%,+5%]; 开盘涨幅≤+3%且不破昨收-3%视为买点触发",昨收13.16,高位情绪兑现/次日低开大幅回撤/炸板断板,1
2026-08-21,2026-08-24,normal,nlu,000737.SZ,北方铜业,工业金属,97.2109375,"{'sector': 0.9684375000000001, 'trend': 1.0, 'pos': 1.0, 'mom': 1.0, 'liq': 1.0, 'recog': 0.6}","非涨停组: 趋势结构多头(MA20>MA60且上行), 处于活跃板块[工业金属](当日涨幅分位98%, 板块涨停3家) 距60日高点5.4% 20日涨幅15.5%",板块[工业金属]轮动延续/资金承接,收盘14.70 MA20上方 量比1.04,"次日开盘[-2%,+3%]为观察区间; 收盘站上max(开盘,昨收)视为买点触发",昨收14.70,板块退潮补跌/资金承接不足/持续阴跌,1
2026-08-21,2026-08-24,normal,nlu,002493.SZ,荣盛石化,石油加工贸易,92.8203125,"{'sector': 0.7428125, 'trend': 1.0, 'pos': 1.0, 'mom': 1.0, 'liq': 1.0, 'recog': 0.85}","非涨停组: 趋势结构多头(MA20>MA60且上行), 处于活跃板块[石油加工贸易](当日涨幅分位91%, 板块涨停1家) 距60日高点1.6% 20日涨幅18.7%",板块[石油加工贸易]轮动延续/资金承接,收盘13.76 MA20上方 量比0.81,"次日开盘[-2%,+3%]为观察区间; 收盘站上max(开盘,昨收)视为买点触发",昨收13.76,板块退潮补跌/资金承接不足/持续阴跌,1
2026-08-24,2026-08-25,defensive,lu,600508.SH,上海能源,煤炭开采加工,81.0,"{'theme': 0.6, 'ladder': 0.55, 'seal': 1.0, 'time': 0.85, 'liq': 1.0, 'struct': 1.0}",涨停组: 中报增长方向 1板 封单比21.4% 涨停时间09:52 题材内涨停4家 成交3.5亿,中报增长+煤炭+新能源,1连板 换手承接量比2.24,"次日竞价与开盘承接: 高开幅度观察区间[-2%,+5%]; 开盘涨幅≤+3%且不破昨收-3%视为买点触发",昨收9.88,高位情绪兑现/次日低开大幅回撤/炸板断板,1
2026-08-24,2026-08-25,defensive,nlu,000983.SZ,山西焦煤,煤炭开采加工,97.671875,"{'sector': 0.986875, 'trend': 1.0, 'pos': 1.0, 'mom': 1.0, 'liq': 1.0, 'recog': 0.6}","非涨停组: 趋势结构多头(MA20>MA60且上行), 处于活跃板块[煤炭开采加工](当日涨幅分位98%, 板块涨停3家) 距60日高点6.5% 20日涨幅17.0%",板块[煤炭开采加工]轮动延续/资金承接,收盘7.44 MA20上方 量比1.39,"次日开盘[-2%,+3%]为观察区间; 收盘站上max(开盘,昨收)视为买点触发",昨收7.44,板块退潮补跌/资金承接不足/持续阴跌,1
2026-08-24,2026-08-25,defensive,nlu,600795.SH,国电电力,电力,94.890625,"{'sector': 0.825625, 'trend': 1.0, 'pos': 1.0, 'mom': 1.0, 'liq': 1.0, 'recog': 0.85}","非涨停组: 趋势结构多头(MA20>MA60且上行), 处于活跃板块[电力](当日涨幅分位84%, 板块涨停3家) 距60日高点2.6% 20日涨幅5.5%",板块[电力]轮动延续/资金承接,收盘5.16 MA20上方 量比0.67,"次日开盘[-2%,+3%]为观察区间; 收盘站上max(开盘,昨收)视为买点触发",昨收5.16,板块退潮补跌/资金承接不足/持续阴跌,1
2026-08-25,2026-08-26,normal,lu,000566.SZ,海南海药,化学制药,71.0,"{'theme': 0.2, 'ladder': 0.55, 'seal': 1.0, 'time': 0.85, 'liq': 1.0, 'struct': 1.0}",涨停组: 创新药方向 1板 封单比26.3% 涨停时间09:54 题材内涨停2家 成交4.9亿,创新药+集采药品+医药产业链+脑机接口,1连板 换手承接量比0.91,"次日竞价与开盘承接: 高开幅度观察区间[-2%,+5%]; 开盘涨幅≤+3%且不破昨收-3%视为买点触发",昨收4.97,高位情绪兑现/次日低开大幅回撤/炸板断板,1
2026-08-25,2026-08-26,normal,lu,600371.SH,万向德农,种植业与林业,67.25,"{'theme': 0.2, 'ladder': 0.55, 'seal': 0.7, 'time': 1.0, 'liq': 1.0, 'struct': 1.0}",涨停组: 粮食概念方向 1板 封单比11.5% 涨停时间09:33 题材内涨停2家 成交4.1亿,粮食概念+转基因玉米+玉米种业,1连板 换手承接量比1.08,"次日竞价与开盘承接: 高开幅度观察区间[-2%,+5%]; 开盘涨幅≤+3%且不破昨收-3%视为买点触发",昨收8.67,高位情绪兑现/次日低开大幅回撤/炸板断板,1
2026-08-25,2026-08-26,normal,nlu,600313.SH,农发种业,种植业与林业,94.4140625,"{'sector': 0.7765624999999999, 'trend': 1.0, 'pos': 1.0, 'mom': 1.0, 'liq': 1.0, 'recog': 1.0}","非涨停组: 趋势结构多头(MA20>MA60且上行), 处于活跃板块[种植业与林业](当日涨幅分位95%, 板块涨停2家) 距60日高点7.2% 20日涨幅27.7%",板块[种植业与林业]轮动延续/资金承接,收盘7.01 MA20上方 量比0.92,"次日开盘[-2%,+3%]为观察区间; 收盘站上max(开盘,昨收)视为买点触发",昨收7.01,板块退潮补跌/资金承接不足/持续阴跌,1
2026-08-25,2026-08-26,normal,nlu,600250.SH,南京商旅,旅游及酒店,91.34375,"{'sector': 0.84375, 'trend': 1.0, 'pos': 1.0, 'mom': 1.0, 'liq': 0.6, 'recog': 0.85}","非涨停组: 趋势结构多头(MA20>MA60且上行), 处于活跃板块[旅游及酒店](当日涨幅分位91%, 板块涨停2家) 距60日高点6.4% 20日涨幅19.3%",板块[旅游及酒店]轮动延续/资金承接,收盘9.51 MA20上方 量比1.23,"次日开盘[-2%,+3%]为观察区间; 收盘站上max(开盘,昨收)视为买点触发",昨收9.51,板块退潮补跌/资金承接不足/持续阴跌,1
2026-08-26,2026-08-27,normal,lu,603979.SH,金诚信,工业金属,76.0,"{'theme': 0.4, 'ladder': 0.55, 'seal': 1.0, 'time': 0.85, 'liq': 1.0, 'struct': 1.0}",涨停组: 中报增长方向 1板 封单比24.1% 涨停时间09:47 题材内涨停3家 成交5.1亿,中报增长+铜矿开发+矿山服务,1连板 换手承接量比1.01,"次日竞价与开盘承接: 高开幅度观察区间[-2%,+5%]; 开盘涨幅≤+3%且不破昨收-3%视为买点触发",昨收80.71,高位情绪兑现/次日低开大幅回撤/炸板断板,1
2026-08-26,2026-08-27,normal,lu,605277.SH,新亚电子,消费电子,74.25,"{'theme': 0.4, 'ladder': 0.55, 'seal': 1.0, 'time': 1.0, 'liq': 0.6, 'struct': 1.0}",涨停组: 半年报增长方向 1板 封单比36.7% 涨停时间09:30 题材内涨停3家 成交1.8亿,半年报增长+高速铜缆+AI服务器,1连板 换手承接量比1.83,"次日竞价与开盘承接: 高开幅度观察区间[-2%,+5%]; 开盘涨幅≤+3%且不破昨收-3%视为买点触发",昨收16.69,高位情绪兑现/次日低开大幅回撤/炸板断板,1
2026-08-26,2026-08-27,normal,nlu,000737.SZ,北方铜业,工业金属,97.3828125,"{'sector': 0.9753125, 'trend': 1.0, 'pos': 1.0, 'mom': 1.0, 'liq': 1.0, 'recog': 0.6}","非涨停组: 趋势结构多头(MA20>MA60且上行), 处于活跃板块[工业金属](当日涨幅分位97%, 板块涨停4家) 距60日高点1.6% 20日涨幅16.4%",板块[工业金属]轮动延续/资金承接,收盘15.44 MA20上方 量比1.56,"次日开盘[-2%,+3%]为观察区间; 收盘站上max(开盘,昨收)视为买点触发",昨收15.44,板块退潮补跌/资金承接不足/持续阴跌,1
2026-08-26,2026-08-27,normal,nlu,600795.SH,国电电力,电力,96.03125,"{'sector': 0.8712500000000001, 'trend': 1.0, 'pos': 1.0, 'mom': 1.0, 'liq': 1.0, 'recog': 0.85}","非涨停组: 趋势结构多头(MA20>MA60且上行), 处于活跃板块[电力](当日涨幅分位91%, 板块涨停3家) 距60日高点1.3% 20日涨幅5.2%",板块[电力]轮动延续/资金承接,收盘5.23 MA20上方 量比0.98,"次日开盘[-2%,+3%]为观察区间; 收盘站上max(开盘,昨收)视为买点触发",昨收5.23,板块退潮补跌/资金承接不足/持续阴跌,1
2026-08-27,2026-08-28,aggressive,lu,600654.SH,中安科,其他社会服务,83.25,"{'theme': 0.6, 'ladder': 0.55, 'seal': 1.0, 'time': 1.0, 'liq': 1.0, 'struct': 1.0}",涨停组: 半年报增长方向 1板 封单比24.7% 涨停时间09:38 题材内涨停4家 成交3.3亿,半年报增长+安保安防+AI算力,1连板 换手承接量比1.70,"次日竞价与开盘承接: 高开幅度观察区间[-2%,+5%]; 开盘涨幅≤+3%且不破昨收-3%视为买点触发",昨收3.3,高位情绪兑现/次日低开大幅回撤/炸板断板,1
2026-08-27,2026-08-28,aggressive,lu,000951.SZ,中国重汽,汽车整车,77.25,"{'theme': 0.6, 'ladder': 0.55, 'seal': 0.7, 'time': 1.0, 'liq': 1.0, 'struct': 1.0}",涨停组: 半年报增长方向 1板 封单比8.4% 涨停时间09:32 题材内涨停4家 成交6.9亿,半年报增长+新能源重卡+重卡出口,1连板 换手承接量比2.17,"次日竞价与开盘承接: 高开幅度观察区间[-2%,+5%]; 开盘涨幅≤+3%且不破昨收-3%视为买点触发",昨收22.39,高位情绪兑现/次日低开大幅回撤/炸板断板,1
2026-08-27,2026-08-28,aggressive,nlu,002041.SZ,登海种业,种植业与林业,99.171875,"{'sector': 0.9668749999999999, 'trend': 1.0, 'pos': 1.0, 'mom': 1.0, 'liq': 1.0, 'recog': 1.0}","非涨停组: 趋势结构多头(MA20>MA60且上行), 处于活跃板块[种植业与林业](当日涨幅分位96%, 板块涨停5家) 距60日高点2.3% 20日涨幅29.7%",板块[种植业与林业]轮动延续/资金承接,收盘11.23 MA20上方 量比1.30,"次日开盘[-2%,+3%]为观察区间; 收盘站上max(开盘,昨收)视为买点触发",昨收11.23,板块退潮补跌/资金承接不足/持续阴跌,1
2026-08-27,2026-08-28,aggressive,nlu,002017.SZ,东信和平,通信设备,98.4921875,"{'sector': 0.9396875, 'trend': 1.0, 'pos': 1.0, 'mom': 1.0, 'liq': 1.0, 'recog': 1.0}","非涨停组: 趋势结构多头(MA20>MA60且上行), 处于活跃板块[通信设备](当日涨幅分位92%, 板块涨停5家) 距60日高点3.0% 20日涨幅25.2%",板块[通信设备]轮动延续/资金承接,收盘16.75 MA20上方 量比1.12,"次日开盘[-2%,+3%]为观察区间; 收盘站上max(开盘,昨收)视为买点触发",昨收16.75,板块退潮补跌/资金承接不足/持续阴跌,1
2026-08-28,2026-08-31,aggressive,lu,600654.SH,中安科,其他社会服务,98.5,"{'theme': 1.0, 'ladder': 0.9, 'seal': 1.0, 'time': 1.0, 'liq': 1.0, 'struct': 1.0}",涨停组: 半年报增长方向 2板 封单比29.7% 涨停时间09:25 题材内涨停7家 成交4.2亿,半年报增长+安保安防+AI算力,2连板 换手承接量比1.52,"次日竞价与开盘承接: 高开幅度观察区间[-2%,+5%]; 开盘涨幅≤+3%且不破昨收-3%视为买点触发",昨收3.63,高位情绪兑现/次日低开大幅回撤/炸板断板,1
2026-08-28,2026-08-31,aggressive,lu,600378.SH,昊华科技,化学制品,92.5,"{'theme': 1.0, 'ladder': 0.9, 'seal': 0.7, 'time': 1.0, 'liq': 1.0, 'struct': 1.0}",涨停组: 半年报增长方向 2板 封单比14.5% 涨停时间09:25 题材内涨停7家 成交29.8亿,半年报增长+PTFE+AI液冷+氟化工,2连板 换手承接量比1.36,"次日竞价与开盘承接: 高开幅度观察区间[-2%,+5%]; 开盘涨幅≤+3%且不破昨收-3%视为买点触发",昨收53.31,高位情绪兑现/次日低开大幅回撤/炸板断板,1
2026-08-28,2026-08-31,aggressive,nlu,002041.SZ,登海种业,种植业与林业,99.515625,"{'sector': 0.980625, 'trend': 1.0, 'pos': 1.0, 'mom': 1.0, 'liq': 1.0, 'recog': 1.0}","非涨停组: 趋势结构多头(MA20>MA60且上行), 处于活跃板块[种植业与林业](当日涨幅分位96%, 板块涨停4家) 距60日高点5.7% 20日涨幅27.7%",板块[种植业与林业]轮动延续/资金承接,收盘11.20 MA20上方 量比1.14,"次日开盘[-2%,+3%]为观察区间; 收盘站上max(开盘,昨收)视为买点触发",昨收11.20,板块退潮补跌/资金承接不足/持续阴跌,1
2026-08-28,2026-08-31,aggressive,nlu,000564.SZ,供销大集,零售,97.0859375,"{'sector': 0.9134374999999999, 'trend': 1.0, 'pos': 1.0, 'mom': 1.0, 'liq': 1.0, 'recog': 0.85}","非涨停组: 趋势结构多头(MA20>MA60且上行), 处于活跃板块[零售](当日涨幅分位88%, 板块涨停3家) 距60日高点7.7% 20日涨幅9.9%",板块[零售]轮动延续/资金承接,收盘1.56 MA20上方 量比1.45,"次日开盘[-2%,+3%]为观察区间; 收盘站上max(开盘,昨收)视为买点触发",昨收1.56,板块退潮补跌/资金承接不足/持续阴跌,1
2026-08-31,2026-09-01,aggressive,lu,601086.SH,国芳集团,零售,84.5,"{'theme': 0.6, 'ladder': 0.9, 'seal': 1.0, 'time': 1.0, 'liq': 0.6, 'struct': 1.0}",涨停组: 半年报增长方向 2板 封单比36.3% 涨停时间09:25 题材内涨停4家 成交2.3亿,半年报增长+新零售+连锁零售,2连板 换手承接量比1.90,"次日竞价与开盘承接: 高开幅度观察区间[-2%,+5%]; 开盘涨幅≤+3%且不破昨收-3%视为买点触发",昨收9.17,高位情绪兑现/次日低开大幅回撤/炸板断板,1
2026-08-31,2026-09-01,aggressive,lu,601330.SH,绿色动力,环境治理,79.25,"{'theme': 0.6, 'ladder': 0.55, 'seal': 1.0, 'time': 1.0, 'liq': 0.6, 'struct': 1.0}",涨停组: 中报增长方向 1板 封单比21.8% 涨停时间09:36 题材内涨停4家 成交2.1亿,中报增长+绿色电力+垃圾焚烧+北京国资,1连板 换手承接量比2.56,"次日竞价与开盘承接: 高开幅度观察区间[-2%,+5%]; 开盘涨幅≤+3%且不破昨收-3%视为买点触发",昨收7.81,高位情绪兑现/次日低开大幅回撤/炸板断板,1
2026-08-31,2026-09-01,aggressive,nlu,002292.SZ,奥飞娱乐,影视院线,94.5859375,"{'sector': 0.9934375, 'trend': 1.0, 'pos': 1.0, 'mom': 0.7, 'liq': 1.0, 'recog': 0.85}","非涨停组: 趋势结构多头(MA20>MA60且上行), 处于活跃板块[影视院线](当日涨幅分位100%, 板块涨停4家) 距60日高点0.2% 20日涨幅2.3%",板块[影视院线]轮动延续/资金承接,收盘8.55 MA20上方 量比1.89,"次日开盘[-2%,+3%]为观察区间; 收盘站上max(开盘,昨收)视为买点触发",昨收8.55,板块退潮补跌/资金承接不足/持续阴跌,1
2026-08-31,2026-09-01,aggressive,nlu,002703.SZ,浙江世宝,汽车零部件,93.453125,"{'sector': 0.738125, 'trend': 1.0, 'pos': 1.0, 'mom': 1.0, 'liq': 1.0, 'recog': 1.0}","非涨停组: 趋势结构多头(MA20>MA60且上行), 处于活跃板块[汽车零部件](当日涨幅分位68%, 板块涨停5家) 距60日高点5.7% 20日涨幅12.9%",板块[汽车零部件]轮动延续/资金承接,收盘16.58 MA20上方 量比0.69,"次日开盘[-2%,+3%]为观察区间; 收盘站上max(开盘,昨收)视为买点触发",昨收16.58,板块退潮补跌/资金承接不足/持续阴跌,1
2026-09-01,2026-09-02,aggressive,lu,603123.SH,翠微股份,多元金融,76.0,"{'theme': 0.4, 'ladder': 0.55, 'seal': 1.0, 'time': 0.85, 'liq': 1.0, 'struct': 1.0}",涨停组: 数字人民币方向 1板 封单比17.0% 涨停时间09:57 题材内涨停3家 成交5.5亿,数字人民币+跨境支付+AI应用+北京国资,1连板 换手承接量比1.37,"次日竞价与开盘承接: 高开幅度观察区间[-2%,+5%]; 开盘涨幅≤+3%且不破昨收-3%视为买点触发",昨收10.44,高位情绪兑现/次日低开大幅回撤/炸板断板,1
2026-09-01,2026-09-02,aggressive,lu,600693.SH,东百集团,零售,73.25,"{'theme': 0.2, 'ladder': 0.55, 'seal': 1.0, 'time': 1.0, 'liq': 1.0, 'struct': 1.0}",涨停组: 零售方向 1板 封单比20.1% 涨停时间09:35 题材内涨停2家 成交4.5亿,零售+首店经济+仓储物流+资产盘活,1连板 换手承接量比0.84,"次日竞价与开盘承接: 高开幅度观察区间[-2%,+5%]; 开盘涨幅≤+3%且不破昨收-3%视为买点触发",昨收10.24,高位情绪兑现/次日低开大幅回撤/炸板断板,1
2026-09-01,2026-09-02,aggressive,nlu,002292.SZ,奥飞娱乐,影视院线,98.4609375,"{'sector': 0.9684375000000001, 'trend': 1.0, 'pos': 1.0, 'mom': 1.0, 'liq': 1.0, 'recog': 0.85}","非涨停组: 趋势结构多头(MA20>MA60且上行), 处于活跃板块[影视院线](当日涨幅分位95%, 板块涨停3家) 距60日高点1.5% 20日涨幅5.5%",板块[影视院线]轮动延续/资金承接,收盘8.80 MA20上方 量比1.91,"次日开盘[-2%,+3%]为观察区间; 收盘站上max(开盘,昨收)视为买点触发",昨收8.80,板块退潮补跌/资金承接不足/持续阴跌,1
2026-09-01,2026-09-02,aggressive,nlu,600108.SH,亚盛集团,种植业与林业,97.9296875,"{'sector': 0.9971874999999999, 'trend': 1.0, 'pos': 1.0, 'mom': 1.0, 'liq': 1.0, 'recog': 0.6}","非涨停组: 趋势结构多头(MA20>MA60且上行), 处于活跃板块[种植业与林业](当日涨幅分位100%, 板块涨停9家) 距60日高点3.4% 20日涨幅25.2%",板块[种植业与林业]轮动延续/资金承接,收盘3.92 MA20上方 量比1.40,"次日开盘[-2%,+3%]为观察区间; 收盘站上max(开盘,昨收)视为买点触发",昨收3.92,板块退潮补跌/资金承接不足/持续阴跌,1
2026-09-02,2026-09-03,defensive,lu,002274.SZ,华昌化工,化学原料,67.25,"{'theme': 0.2, 'ladder': 0.55, 'seal': 0.7, 'time': 1.0, 'liq': 1.0, 'struct': 1.0}",涨停组: 控制权变更方向 1板 封单比12.5% 涨停时间09:25 题材内涨停2家 成交6.6亿,控制权变更+多元醇+业绩增长,1连板 换手承接量比1.51,"次日竞价与开盘承接: 高开幅度观察区间[-2%,+5%]; 开盘涨幅≤+3%且不破昨收-3%视为买点触发",昨收7.12,高位情绪兑现/次日低开大幅回撤/炸板断板,1
2026-09-02,2026-09-03,defensive,nlu,600316.SH,洪都航空,军工装备,98.6484375,"{'sector': 0.9759375, 'trend': 1.0, 'pos': 1.0, 'mom': 1.0, 'liq': 1.0, 'recog': 0.85}","非涨停组: 趋势结构多头(MA20>MA60且上行), 处于活跃板块[军工装备](当日涨幅分位98%, 板块涨停4家) 距60日高点1.7% 20日涨幅25.9%",板块[军工装备]轮动延续/资金承接,收盘32.16 MA20上方 量比1.01,"次日开盘[-2%,+3%]为观察区间; 收盘站上max(开盘,昨收)视为买点触发",昨收32.16,板块退潮补跌/资金承接不足/持续阴跌,1
2026-09-02,2026-09-03,defensive,nlu,601700.SH,风范股份,电网设备,95.15625,"{'sector': 0.8362499999999999, 'trend': 1.0, 'pos': 1.0, 'mom': 1.0, 'liq': 1.0, 'recog': 0.85}","非涨停组: 趋势结构多头(MA20>MA60且上行), 处于活跃板块[电网设备](当日涨幅分位89%, 板块涨停4家) 距60日高点6.0% 20日涨幅26.7%",板块[电网设备]轮动延续/资金承接,收盘8.25 MA20上方 量比0.77,"次日开盘[-2%,+3%]为观察区间; 收盘站上max(开盘,昨收)视为买点触发",昨收8.25,板块退潮补跌/资金承接不足/持续阴跌,1
