T,T1,regime,group,thscode,name,industry,score,factors,reason,catalyst,tech,watch,watch_range,risk,priority
2026-01-05,2026-01-06,aggressive,lu,002925.SZ,盈趣科技,消费电子,91.0,"{'theme': 1.0, 'ladder': 0.55, 'seal': 1.0, 'time': 1.0, 'liq': 1.0, 'struct': 1.0}",涨停组: 脑机接口方向 1板 封单比25.4% 涨停时间09:30 题材内涨停29家 成交4.3亿,脑机接口+机器人+智能制造+摩尔线程,1连板 换手承接量比1.81,"次日竞价与开盘承接: 高开幅度观察区间[-2%,+5%]; 开盘涨幅≤+3%且不破昨收-3%视为买点触发",昨收18.63,高位情绪兑现/次日低开大幅回撤/炸板断板,1
2026-01-05,2026-01-06,aggressive,lu,002555.SZ,三七互娱,游戏,91.0,"{'theme': 1.0, 'ladder': 0.55, 'seal': 1.0, 'time': 1.0, 'liq': 1.0, 'struct': 1.0}",涨停组: 脑机接口方向 1板 封单比17.7% 涨停时间09:36 题材内涨停29家 成交12.1亿,脑机接口+AI游戏+小游戏流水,1连板 换手承接量比0.86,"次日竞价与开盘承接: 高开幅度观察区间[-2%,+5%]; 开盘涨幅≤+3%且不破昨收-3%视为买点触发",昨收25.96,高位情绪兑现/次日低开大幅回撤/炸板断板,1
2026-01-05,2026-01-06,aggressive,nlu,002250.SZ,联化科技,农化制品,91.33203125,"{'sector': 0.7132812500000001, 'trend': 1.0, 'pos': 1.0, 'mom': 1.0, 'liq': 1.0, 'recog': 0.85}","非涨停组: 趋势结构多头(MA20>MA60且上行), 处于活跃板块[农化制品](当日涨幅分位67%, 板块涨停2家) 距60日高点17.2% 20日涨幅12.1%",板块[农化制品]轮动延续/资金承接,收盘13.23 MA20上方 量比0.91,"次日开盘[-2%,+3%]为观察区间; 收盘站上max(开盘,昨收)视为买点触发",昨收13.23,板块退潮补跌/资金承接不足/持续阴跌,1
2026-01-06,2026-01-07,aggressive,lu,600266.SH,城建发展,房地产,100.0,"{'theme': 1.0, 'ladder': 1.0, 'seal': 1.0, 'time': 1.0, 'liq': 1.0, 'struct': 1.0}",涨停组: 商业航天方向 3板 封单比16.3% 涨停时间09:31 题材内涨停12家 成交7.6亿,商业航天+北京国资+房地产,3连板 换手承接量比1.11,"次日竞价与开盘承接: 高开幅度观察区间[-2%,+5%]; 开盘涨幅≤+3%且不破昨收-3%视为买点触发",昨收6.14,高位情绪兑现/次日低开大幅回撤/炸板断板,1
2026-01-06,2026-01-07,aggressive,lu,002925.SZ,盈趣科技,消费电子,98.0,"{'theme': 1.0, 'ladder': 0.9, 'seal': 1.0, 'time': 1.0, 'liq': 1.0, 'struct': 1.0}",涨停组: 脑机接口方向 2板 封单比42.8% 涨停时间09:25 题材内涨停17家 成交4.7亿,脑机接口+机器人+智能制造+摩尔线程,2连板 换手承接量比1.50,"次日竞价与开盘承接: 高开幅度观察区间[-2%,+5%]; 开盘涨幅≤+3%且不破昨收-3%视为买点触发",昨收20.49,高位情绪兑现/次日低开大幅回撤/炸板断板,1
2026-01-06,2026-01-07,aggressive,nlu,002338.SZ,奥普光电,军工电子,92.3203125,"{'sector': 0.9028125, 'trend': 1.0, 'pos': 0.85, 'mom': 1.0, 'liq': 1.0, 'recog': 0.85}","非涨停组: 趋势结构多头(MA20>MA60且上行), 处于活跃板块[军工电子](当日涨幅分位84%, 板块涨停6家) 距60日高点14.4% 20日涨幅15.2%",板块[军工电子]轮动延续/资金承接,收盘60.15 MA20上方 量比0.89,"次日开盘[-2%,+3%]为观察区间; 收盘站上max(开盘,昨收)视为买点触发",昨收60.15,板块退潮补跌/资金承接不足/持续阴跌,1
2026-01-07,2026-01-08,defensive,lu,600435.SH,北方导航,军工装备,86.0,"{'theme': 0.2, 'ladder': 0.9, 'seal': 1.0, 'time': 1.0, 'liq': 1.0, 'struct': 1.0}",涨停组: 卫星通信方向 2板 封单比18.1% 涨停时间09:35 题材内涨停2家 成交19.1亿,卫星通信+军工制导+央企,2连板 换手承接量比0.93,"次日竞价与开盘承接: 高开幅度观察区间[-2%,+5%]; 开盘涨幅≤+3%且不破昨收-3%视为买点触发",昨收19.82,高位情绪兑现/次日低开大幅回撤/炸板断板,1
2026-01-07,2026-01-08,defensive,lu,603125.SH,常青科技,化学制品,84.0,"{'theme': 0.8, 'ladder': 0.55, 'seal': 1.0, 'time': 1.0, 'liq': 0.6, 'struct': 1.0}",涨停组: 光刻胶方向 1板 封单比41.5% 涨停时间09:39 题材内涨停5家 成交2.0亿,光刻胶+风电+特种单体,1连板 换手承接量比2.22,"次日竞价与开盘承接: 高开幅度观察区间[-2%,+5%]; 开盘涨幅≤+3%且不破昨收-3%视为买点触发",昨收18.74,高位情绪兑现/次日低开大幅回撤/炸板断板,1
2026-01-07,2026-01-08,defensive,nlu,002044.SZ,美年健康,医疗服务,96.171875,"{'sector': 0.9068750000000001, 'trend': 1.0, 'pos': 1.0, 'mom': 1.0, 'liq': 1.0, 'recog': 0.85}","非涨停组: 趋势结构多头(MA20>MA60且上行), 处于活跃板块[医疗服务](当日涨幅分位86%, 板块涨停2家) 距60日高点16.5% 20日涨幅5.5%",板块[医疗服务]轮动延续/资金承接,收盘5.40 MA20上方 量比0.87,"次日开盘[-2%,+3%]为观察区间; 收盘站上max(开盘,昨收)视为买点触发",昨收5.40,板块退潮补跌/资金承接不足/持续阴跌,1
2026-01-08,2026-01-09,normal,lu,001400.SZ,江顺科技,专用设备,94.0,"{'theme': 1.0, 'ladder': 1.0, 'seal': 0.7, 'time': 1.0, 'liq': 1.0, 'struct': 1.0}",涨停组: 商业航天方向 3板 封单比10.9% 涨停时间09:35 题材内涨停18家 成交3.1亿,商业航天+液冷服务器+铝挤压模具,3连板 换手承接量比0.84,"次日竞价与开盘承接: 高开幅度观察区间[-2%,+5%]; 开盘涨幅≤+3%且不破昨收-3%视为买点触发",昨收103.26,高位情绪兑现/次日低开大幅回撤/炸板断板,1
2026-01-08,2026-01-09,normal,lu,601399.SH,国机重装,专用设备,92.0,"{'theme': 1.0, 'ladder': 0.9, 'seal': 0.7, 'time': 1.0, 'liq': 1.0, 'struct': 1.0}",涨停组: 可控核聚变方向 2板 封单比14.8% 涨停时间09:34 题材内涨停6家 成交15.5亿,可控核聚变+工业母机+央企,2连板 换手承接量比0.85,"次日竞价与开盘承接: 高开幅度观察区间[-2%,+5%]; 开盘涨幅≤+3%且不破昨收-3%视为买点触发",昨收6.06,高位情绪兑现/次日低开大幅回撤/炸板断板,1
2026-01-08,2026-01-09,normal,nlu,600184.SH,光电股份,军工装备,91.88671875,"{'sector': 0.9854687500000001, 'trend': 1.0, 'pos': 0.85, 'mom': 1.0, 'liq': 1.0, 'recog': 0.6}","非涨停组: 趋势结构多头(MA20>MA60且上行), 处于活跃板块[军工装备](当日涨幅分位99%, 板块涨停7家) 距60日高点11.0% 20日涨幅7.7%",板块[军工装备]轮动延续/资金承接,收盘20.68 MA20上方 量比1.09,"次日开盘[-2%,+3%]为观察区间; 收盘站上max(开盘,昨收)视为买点触发",昨收20.68,板块退潮补跌/资金承接不足/持续阴跌,1
2026-01-08,2026-01-09,normal,nlu,603185.SH,弘元绿能,光伏设备,91.75390625,"{'sector': 0.95015625, 'trend': 1.0, 'pos': 1.0, 'mom': 0.7, 'liq': 1.0, 'recog': 0.6}","非涨停组: 趋势结构多头(MA20>MA60且上行), 处于活跃板块[光伏设备](当日涨幅分位97%, 板块涨停2家) 距60日高点17.9% 20日涨幅0.6%",板块[光伏设备]轮动延续/资金承接,收盘31.34 MA20上方 量比0.95,"次日开盘[-2%,+3%]为观察区间; 收盘站上max(开盘,昨收)视为买点触发",昨收31.34,板块退潮补跌/资金承接不足/持续阴跌,1
2026-01-09,2026-01-12,aggressive,lu,002519.SZ,银河电子,军工电子,92.0,"{'theme': 1.0, 'ladder': 0.6, 'seal': 1.0, 'time': 1.0, 'liq': 1.0, 'struct': 1.0}",涨停组: 商业航天方向 5板 封单比37.9% 涨停时间09:31 题材内涨停16家 成交7.8亿,商业航天+军工电子+储能,5连板 换手承接量比0.83,"次日竞价与开盘承接: 高开幅度观察区间[-2%,+5%]; 开盘涨幅≤+3%且不破昨收-3%视为买点触发",昨收10.43,高位情绪兑现/次日低开大幅回撤/炸板断板,1
2026-01-09,2026-01-12,aggressive,lu,001400.SZ,江顺科技,专用设备,87.0,"{'theme': 1.0, 'ladder': 0.8, 'seal': 0.7, 'time': 0.85, 'liq': 1.0, 'struct': 1.0}",涨停组: 商业航天方向 4板 封单比10.3% 涨停时间09:49 题材内涨停16家 成交4.4亿,商业航天+液冷服务器+铝挤压模具,4连板 换手承接量比1.05,"次日竞价与开盘承接: 高开幅度观察区间[-2%,+5%]; 开盘涨幅≤+3%且不破昨收-3%视为买点触发",昨收113.59,高位情绪兑现/次日低开大幅回撤/炸板断板,1
2026-01-09,2026-01-12,aggressive,nlu,603516.SH,淳中科技,计算机设备,88.390625,"{'sector': 0.745625, 'trend': 1.0, 'pos': 0.85, 'mom': 1.0, 'liq': 1.0, 'recog': 0.85}","非涨停组: 趋势结构多头(MA20>MA60且上行), 处于活跃板块[计算机设备](当日涨幅分位72%, 板块涨停2家) 距60日高点10.6% 20日涨幅25.7%",板块[计算机设备]轮动延续/资金承接,收盘231.18 MA20上方 量比0.91,"次日开盘[-2%,+3%]为观察区间; 收盘站上max(开盘,昨收)视为买点触发",昨收231.18,板块退潮补跌/资金承接不足/持续阴跌,1
2026-01-12,2026-01-13,aggressive,lu,601106.SH,中国一重,专用设备,90.0,"{'theme': 1.0, 'ladder': 0.8, 'seal': 0.7, 'time': 1.0, 'liq': 1.0, 'struct': 1.0}",涨停组: 商业航天方向 4板 封单比12.0% 涨停时间09:37 题材内涨停34家 成交22.4亿,商业航天+可控核聚变+资产出售,4连板 换手承接量比1.45,"次日竞价与开盘承接: 高开幅度观察区间[-2%,+5%]; 开盘涨幅≤+3%且不破昨收-3%视为买点触发",昨收5.95,高位情绪兑现/次日低开大幅回撤/炸板断板,1
2026-01-12,2026-01-13,aggressive,lu,605398.SH,新炬网络,IT服务,88.0,"{'theme': 1.0, 'ladder': 0.55, 'seal': 1.0, 'time': 0.85, 'liq': 1.0, 'struct': 1.0}",涨停组: AI应用方向 1板 封单比18.3% 涨停时间10:05 题材内涨停8家 成交4.0亿,AI应用+智能运维+信创生态,1连板 换手承接量比1.62,"次日竞价与开盘承接: 高开幅度观察区间[-2%,+5%]; 开盘涨幅≤+3%且不破昨收-3%视为买点触发",昨收34.36,高位情绪兑现/次日低开大幅回撤/炸板断板,1
2026-01-12,2026-01-13,aggressive,nlu,002272.SZ,川润股份,通用设备,89.9453125,"{'sector': 0.8078125, 'trend': 1.0, 'pos': 0.85, 'mom': 1.0, 'liq': 1.0, 'recog': 0.85}","非涨停组: 趋势结构多头(MA20>MA60且上行), 处于活跃板块[通用设备](当日涨幅分位80%, 板块涨停11家) 距60日高点13.1% 20日涨幅22.6%",板块[通用设备]轮动延续/资金承接,收盘17.10 MA20上方 量比1.07,"次日开盘[-2%,+3%]为观察区间; 收盘站上max(开盘,昨收)视为买点触发",昨收17.10,板块退潮补跌/资金承接不足/持续阴跌,1
2026-01-13,2026-01-14,defensive,lu,601992.SH,金隅集团,建筑材料,95.0,"{'theme': 0.8, 'ladder': 0.9, 'seal': 1.0, 'time': 1.0, 'liq': 1.0, 'struct': 1.0}",涨停组: 商业航天方向 2板 封单比86.1% 涨停时间09:30 题材内涨停5家 成交3.9亿,商业航天+可控核聚变+北京国资,2连板 换手承接量比1.10,"次日竞价与开盘承接: 高开幅度观察区间[-2%,+5%]; 开盘涨幅≤+3%且不破昨收-3%视为买点触发",昨收2.13,高位情绪兑现/次日低开大幅回撤/炸板断板,1
2026-01-13,2026-01-14,defensive,lu,000593.SZ,德龙汇能,燃气,86.0,"{'theme': 0.2, 'ladder': 0.9, 'seal': 1.0, 'time': 1.0, 'liq': 1.0, 'struct': 1.0}",涨停组: 股权转让方向 2板 封单比17.7% 涨停时间09:25 题材内涨停2家 成交4.9亿,股权转让+城市燃气+氢能中心,2连板 换手承接量比1.02,"次日竞价与开盘承接: 高开幅度观察区间[-2%,+5%]; 开盘涨幅≤+3%且不破昨收-3%视为买点触发",昨收15.83,高位情绪兑现/次日低开大幅回撤/炸板断板,1
2026-01-13,2026-01-14,defensive,nlu,600858.SH,银座股份,零售,86.0859375,"{'sector': 0.6034375000000001, 'trend': 1.0, 'pos': 1.0, 'mom': 1.0, 'liq': 0.6, 'recog': 1.0}","非涨停组: 趋势结构多头(MA20>MA60且上行), 处于活跃板块[零售](当日涨幅分位41%, 板块涨停3家) 距60日高点15.2% 20日涨幅13.4%",板块[零售]轮动延续/资金承接,收盘6.93 MA20上方 量比1.02,"次日开盘[-2%,+3%]为观察区间; 收盘站上max(开盘,昨收)视为买点触发",昨收6.93,板块退潮补跌/资金承接不足/持续阴跌,1
2026-01-14,2026-01-15,normal,lu,600662.SH,外服控股,其他社会服务,98.0,"{'theme': 1.0, 'ladder': 0.9, 'seal': 1.0, 'time': 1.0, 'liq': 1.0, 'struct': 1.0}",涨停组: AI应用方向 2板 封单比23.7% 涨停时间09:38 题材内涨停7家 成交4.6亿,AI应用+人力资源服务+上海国企改革,2连板 换手承接量比2.40,"次日竞价与开盘承接: 高开幅度观察区间[-2%,+5%]; 开盘涨幅≤+3%且不破昨收-3%视为买点触发",昨收6.25,高位情绪兑现/次日低开大幅回撤/炸板断板,1
2026-01-14,2026-01-15,normal,lu,002879.SZ,长缆科技,电网设备,91.0,"{'theme': 1.0, 'ladder': 0.55, 'seal': 1.0, 'time': 1.0, 'liq': 1.0, 'struct': 1.0}",涨停组: 商业航天方向 1板 封单比23.2% 涨停时间09:25 题材内涨停11家 成交3.0亿,商业航天+超高压电缆+液冷+股份支付费用冲回,1连板 换手承接量比1.15,"次日竞价与开盘承接: 高开幅度观察区间[-2%,+5%]; 开盘涨幅≤+3%且不破昨收-3%视为买点触发",昨收20.76,高位情绪兑现/次日低开大幅回撤/炸板断板,1
2026-01-14,2026-01-15,normal,nlu,600850.SH,电科数字,IT服务,91.7265625,"{'sector': 0.9790625, 'trend': 1.0, 'pos': 0.85, 'mom': 1.0, 'liq': 1.0, 'recog': 0.6}","非涨停组: 趋势结构多头(MA20>MA60且上行), 处于活跃板块[IT服务](当日涨幅分位97%, 板块涨停8家) 距60日高点10.3% 20日涨幅12.5%",板块[IT服务]轮动延续/资金承接,收盘26.67 MA20上方 量比0.99,"次日开盘[-2%,+3%]为观察区间; 收盘站上max(开盘,昨收)视为买点触发",昨收26.67,板块退潮补跌/资金承接不足/持续阴跌,1
2026-01-14,2026-01-15,normal,nlu,002462.SZ,嘉事堂,医药商业,91.25,"{'sector': 0.8600000000000001, 'trend': 1.0, 'pos': 0.85, 'mom': 1.0, 'liq': 1.0, 'recog': 0.85}","非涨停组: 趋势结构多头(MA20>MA60且上行), 处于活跃板块[医药商业](当日涨幅分位79%, 板块涨停2家) 距60日高点14.5% 20日涨幅6.2%",板块[医药商业]轮动延续/资金承接,收盘16.68 MA20上方 量比0.73,"次日开盘[-2%,+3%]为观察区间; 收盘站上max(开盘,昨收)视为买点触发",昨收16.68,板块退潮补跌/资金承接不足/持续阴跌,1
2026-01-15,2026-01-16,defensive,lu,600662.SH,外服控股,其他社会服务,76.0,"{'theme': 0.2, 'ladder': 1.0, 'seal': 0.4, 'time': 1.0, 'liq': 1.0, 'struct': 1.0}",涨停组: AI应用方向 3板 封单比5.2% 涨停时间09:30 题材内涨停2家 成交9.9亿,AI应用+人力资源服务+上海国企改革,3连板 换手承接量比2.49,"次日竞价与开盘承接: 高开幅度观察区间[-2%,+5%]; 开盘涨幅≤+3%且不破昨收-3%视为买点触发",昨收6.88,高位情绪兑现/次日低开大幅回撤/炸板断板,1
2026-01-15,2026-01-16,defensive,lu,603023.SH,威帝股份,汽车零部件,69.0,"{'theme': 0.2, 'ladder': 0.55, 'seal': 1.0, 'time': 1.0, 'liq': 0.6, 'struct': 0.6}",涨停组: 重大资产重组方向 1板 封单比76.6% 涨停时间09:35 题材内涨停2家 成交1.8亿,重大资产重组+乘用车拓展+无人驾驶+国企改革,1连板 换手承接量比0.74,"次日竞价与开盘承接: 高开幅度观察区间[-2%,+5%]; 开盘涨幅≤+3%且不破昨收-3%视为买点触发",昨收5.94,高位情绪兑现/次日低开大幅回撤/炸板断板,1
2026-01-15,2026-01-16,defensive,nlu,002451.SZ,摩恩电气,电网设备,93.5546875,"{'sector': 0.8021875, 'trend': 1.0, 'pos': 1.0, 'mom': 1.0, 'liq': 1.0, 'recog': 0.85}","非涨停组: 趋势结构多头(MA20>MA60且上行), 处于活跃板块[电网设备](当日涨幅分位72%, 板块涨停3家) 距60日高点17.7% 20日涨幅21.0%",板块[电网设备]轮动延续/资金承接,收盘12.49 MA20上方 量比1.01,"次日开盘[-2%,+3%]为观察区间; 收盘站上max(开盘,昨收)视为买点触发",昨收12.49,板块退潮补跌/资金承接不足/持续阴跌,1
2026-01-16,2026-01-19,defensive,lu,002339.SZ,积成电子,电网设备,88.0,"{'theme': 1.0, 'ladder': 0.55, 'seal': 1.0, 'time': 0.85, 'liq': 1.0, 'struct': 1.0}",涨停组: 电网设备方向 1板 封单比26.6% 涨停时间10:24 题材内涨停6家 成交7.2亿,电网设备+中标+特高压,1连板 换手承接量比1.58,"次日竞价与开盘承接: 高开幅度观察区间[-2%,+5%]; 开盘涨幅≤+3%且不破昨收-3%视为买点触发",昨收10.36,高位情绪兑现/次日低开大幅回撤/炸板断板,1
2026-01-16,2026-01-19,defensive,lu,603638.SH,艾迪精密,工程机械,85.0,"{'theme': 1.0, 'ladder': 0.55, 'seal': 1.0, 'time': 0.7, 'liq': 1.0, 'struct': 1.0}",涨停组: 人形机器人方向 1板 封单比17.2% 涨停时间10:36 题材内涨停7家 成交3.3亿,人形机器人+RV减速机+储能,1连板 换手承接量比1.97,"次日竞价与开盘承接: 高开幅度观察区间[-2%,+5%]; 开盘涨幅≤+3%且不破昨收-3%视为买点触发",昨收21.27,高位情绪兑现/次日低开大幅回撤/炸板断板,1
2026-01-16,2026-01-19,defensive,nlu,600869.SH,远东股份,电网设备,94.48046875,"{'sector': 0.93921875, 'trend': 0.8, 'pos': 1.0, 'mom': 1.0, 'liq': 1.0, 'recog': 1.0}","非涨停组: 趋势结构多头(MA20>MA60且上行), 处于活跃板块[电网设备](当日涨幅分位91%, 板块涨停8家) 距60日高点16.6% 20日涨幅28.8%",板块[电网设备]轮动延续/资金承接,收盘10.02 MA20上方 量比0.72,"次日开盘[-2%,+3%]为观察区间; 收盘站上max(开盘,昨收)视为买点触发",昨收10.02,板块退潮补跌/资金承接不足/持续阴跌,1
2026-01-19,2026-01-20,normal,lu,601616.SH,广电电气,电网设备,98.0,"{'theme': 1.0, 'ladder': 0.9, 'seal': 1.0, 'time': 1.0, 'liq': 1.0, 'struct': 1.0}",涨停组: 电网设备方向 2板 封单比17.9% 涨停时间09:31 题材内涨停6家 成交6.5亿,电网设备+数据中心+出口,2连板 换手承接量比1.62,"次日竞价与开盘承接: 高开幅度观察区间[-2%,+5%]; 开盘涨幅≤+3%且不破昨收-3%视为买点触发",昨收5.04,高位情绪兑现/次日低开大幅回撤/炸板断板,1
2026-01-19,2026-01-20,normal,lu,002339.SZ,积成电子,电网设备,98.0,"{'theme': 1.0, 'ladder': 0.9, 'seal': 1.0, 'time': 1.0, 'liq': 1.0, 'struct': 1.0}",涨停组: 电网设备方向 2板 封单比15.3% 涨停时间09:34 题材内涨停6家 成交7.5亿,电网设备+中标+特高压,2连板 换手承接量比1.35,"次日竞价与开盘承接: 高开幅度观察区间[-2%,+5%]; 开盘涨幅≤+3%且不破昨收-3%视为买点触发",昨收11.4,高位情绪兑现/次日低开大幅回撤/炸板断板,1
2026-01-19,2026-01-20,normal,nlu,002451.SZ,摩恩电气,电网设备,98.1875,"{'sector': 0.9875, 'trend': 1.0, 'pos': 1.0, 'mom': 1.0, 'liq': 1.0, 'recog': 0.85}","非涨停组: 趋势结构多头(MA20>MA60且上行), 处于活跃板块[电网设备](当日涨幅分位98%, 板块涨停21家) 距60日高点18.0% 20日涨幅26.8%",板块[电网设备]轮动延续/资金承接,收盘12.44 MA20上方 量比0.68,"次日开盘[-2%,+3%]为观察区间; 收盘站上max(开盘,昨收)视为买点触发",昨收12.44,板块退潮补跌/资金承接不足/持续阴跌,1
2026-01-19,2026-01-20,normal,nlu,002326.SZ,永太科技,化学制品,89.8203125,"{'sector': 0.8028124999999999, 'trend': 1.0, 'pos': 0.85, 'mom': 1.0, 'liq': 1.0, 'recog': 0.85}","非涨停组: 趋势结构多头(MA20>MA60且上行), 处于活跃板块[化学制品](当日涨幅分位73%, 板块涨停4家) 距60日高点14.7% 20日涨幅27.6%",板块[化学制品]轮动延续/资金承接,收盘28.15 MA20上方 量比0.93,"次日开盘[-2%,+3%]为观察区间; 收盘站上max(开盘,昨收)视为买点触发",昨收28.15,板块退潮补跌/资金承接不足/持续阴跌,1
2026-01-20,2026-01-21,normal,lu,601616.SH,广电电气,电网设备,91.0,"{'theme': 0.4, 'ladder': 1.0, 'seal': 1.0, 'time': 1.0, 'liq': 1.0, 'struct': 1.0}",涨停组: 电网设备方向 3板 封单比45.4% 涨停时间09:30 题材内涨停3家 成交4.0亿,电网设备+数据中心+出口,3连板 换手承接量比0.90,"次日竞价与开盘承接: 高开幅度观察区间[-2%,+5%]; 开盘涨幅≤+3%且不破昨收-3%视为买点触发",昨收5.54,高位情绪兑现/次日低开大幅回撤/炸板断板,1
2026-01-20,2026-01-21,normal,lu,600230.SH,沧州大化,化学制品,80.0,"{'theme': 0.4, 'ladder': 0.9, 'seal': 0.7, 'time': 0.85, 'liq': 1.0, 'struct': 1.0}",涨停组: 化工方向 2板 封单比9.6% 涨停时间10:14 题材内涨停3家 成交5.7亿,化工+TDI涨价+聚碳酸酯（PC）+国企改革,2连板 换手承接量比1.66,"次日竞价与开盘承接: 高开幅度观察区间[-2%,+5%]; 开盘涨幅≤+3%且不破昨收-3%视为买点触发",昨收18.15,高位情绪兑现/次日低开大幅回撤/炸板断板,1
2026-01-20,2026-01-21,normal,nlu,002218.SZ,拓日新能,电力,93.5859375,"{'sector': 0.8034375, 'trend': 1.0, 'pos': 1.0, 'mom': 1.0, 'liq': 1.0, 'recog': 0.85}","非涨停组: 趋势结构多头(MA20>MA60且上行), 处于活跃板块[电力](当日涨幅分位74%, 板块涨停2家) 距60日高点18.8% 20日涨幅17.6%",板块[电力]轮动延续/资金承接,收盘5.00 MA20上方 量比1.09,"次日开盘[-2%,+3%]为观察区间; 收盘站上max(开盘,昨收)视为买点触发",昨收5.00,板块退潮补跌/资金承接不足/持续阴跌,1
2026-01-20,2026-01-21,normal,nlu,600133.SH,东湖高新,环境治理,91.078125,"{'sector': 0.7931250000000001, 'trend': 1.0, 'pos': 0.85, 'mom': 1.0, 'liq': 1.0, 'recog': 1.0}","非涨停组: 趋势结构多头(MA20>MA60且上行), 处于活跃板块[环境治理](当日涨幅分位75%, 板块涨停2家) 距60日高点11.3% 20日涨幅12.9%",板块[环境治理]轮动延续/资金承接,收盘10.02 MA20上方 量比0.64,"次日开盘[-2%,+3%]为观察区间; 收盘站上max(开盘,昨收)视为买点触发",昨收10.02,板块退潮补跌/资金承接不足/持续阴跌,1
2026-01-21,2026-01-22,aggressive,lu,002809.SZ,红墙股份,化学制品,86.0,"{'theme': 0.2, 'ladder': 0.9, 'seal': 1.0, 'time': 1.0, 'liq': 1.0, 'struct': 1.0}",涨停组: 环氧丙烷方向 2板 封单比16.9% 涨停时间09:30 题材内涨停2家 成交3.6亿,环氧丙烷+化工+装配式建筑,2连板 换手承接量比2.45,"次日竞价与开盘承接: 高开幅度观察区间[-2%,+5%]; 开盘涨幅≤+3%且不破昨收-3%视为买点触发",昨收13.31,高位情绪兑现/次日低开大幅回撤/炸板断板,1
2026-01-21,2026-01-22,aggressive,lu,601212.SH,白银有色,工业金属,77.0,"{'theme': 0.6, 'ladder': 0.9, 'seal': 0.4, 'time': 0.85, 'liq': 1.0, 'struct': 1.0}",涨停组: 黄金方向 2板 封单比4.5% 涨停时间10:15 题材内涨停4家 成交41.3亿,黄金+有色金属+锂电材料,2连板 换手承接量比1.07,"次日竞价与开盘承接: 高开幅度观察区间[-2%,+5%]; 开盘涨幅≤+3%且不破昨收-3%视为买点触发",昨收8.57,高位情绪兑现/次日低开大幅回撤/炸板断板,1
2026-01-21,2026-01-22,aggressive,nlu,600877.SH,电科芯片,半导体,93.421875,"{'sector': 0.9568749999999999, 'trend': 0.8, 'pos': 1.0, 'mom': 1.0, 'liq': 1.0, 'recog': 0.85}","非涨停组: 趋势结构多头(MA20>MA60且上行), 处于活跃板块[半导体](当日涨幅分位93%, 板块涨停5家) 距60日高点17.3% 20日涨幅29.1%",板块[半导体]轮动延续/资金承接,收盘20.26 MA20上方 量比1.14,"次日开盘[-2%,+3%]为观察区间; 收盘站上max(开盘,昨收)视为买点触发",昨收20.26,板块退潮补跌/资金承接不足/持续阴跌,1
2026-01-22,2026-01-23,normal,lu,002342.SZ,巨力索具,通用设备,92.0,"{'theme': 1.0, 'ladder': 0.9, 'seal': 1.0, 'time': 1.0, 'liq': 1.0, 'struct': 0.6}",涨停组: 商业航天方向 2板 封单比17.3% 涨停时间09:31 题材内涨停8家 成交12.7亿,商业航天+深海系泊+索具龙头,2连板 换手承接量比0.71,"次日竞价与开盘承接: 高开幅度观察区间[-2%,+5%]; 开盘涨幅≤+3%且不破昨收-3%视为买点触发",昨收12.31,高位情绪兑现/次日低开大幅回撤/炸板断板,1
2026-01-22,2026-01-23,normal,lu,601608.SH,中信重工,专用设备,85.0,"{'theme': 0.6, 'ladder': 0.55, 'seal': 1.0, 'time': 1.0, 'liq': 1.0, 'struct': 1.0}",涨停组: 人形机器人方向 1板 封单比21.7% 涨停时间09:36 题材内涨停4家 成交7.1亿,人形机器人+商业航天+央企,1连板 换手承接量比1.31,"次日竞价与开盘承接: 高开幅度观察区间[-2%,+5%]; 开盘涨幅≤+3%且不破昨收-3%视为买点触发",昨收8.0,高位情绪兑现/次日低开大幅回撤/炸板断板,1
2026-01-22,2026-01-23,normal,nlu,603011.SH,合锻智能,专用设备,88.5390625,"{'sector': 0.7015625000000001, 'trend': 0.8, 'pos': 1.0, 'mom': 1.0, 'liq': 1.0, 'recog': 1.0}","非涨停组: 趋势结构多头(MA20>MA60且上行), 处于活跃板块[专用设备](当日涨幅分位64%, 板块涨停4家) 距60日高点17.8% 20日涨幅22.6%",板块[专用设备]轮动延续/资金承接,收盘27.12 MA20上方 量比0.80,"次日开盘[-2%,+3%]为观察区间; 收盘站上max(开盘,昨收)视为买点触发",昨收27.12,板块退潮补跌/资金承接不足/持续阴跌,1
2026-01-22,2026-01-23,normal,nlu,600967.SH,内蒙一机,军工装备,87.9453125,"{'sector': 0.8878124999999999, 'trend': 0.8, 'pos': 0.85, 'mom': 1.0, 'liq': 1.0, 'recog': 0.85}","非涨停组: 趋势结构多头(MA20>MA60且上行), 处于活跃板块[军工装备](当日涨幅分位98%, 板块涨停4家) 距60日高点13.7% 20日涨幅15.4%",板块[军工装备]轮动延续/资金承接,收盘18.29 MA20上方 量比0.71,"次日开盘[-2%,+3%]为观察区间; 收盘站上max(开盘,昨收)视为买点触发",昨收18.29,板块退潮补跌/资金承接不足/持续阴跌,1
2026-01-23,2026-01-26,aggressive,lu,001316.SZ,润贝航科,石油加工贸易,95.0,"{'theme': 1.0, 'ladder': 0.9, 'seal': 1.0, 'time': 0.85, 'liq': 1.0, 'struct': 1.0}",涨停组: 商业航天方向 2板 封单比15.8% 涨停时间10:24 题材内涨停20家 成交3.7亿,商业航天+低空经济+航材分销,2连板 换手承接量比1.27,"次日竞价与开盘承接: 高开幅度观察区间[-2%,+5%]; 开盘涨幅≤+3%且不破昨收-3%视为买点触发",昨收53.0,高位情绪兑现/次日低开大幅回撤/炸板断板,1
2026-01-23,2026-01-26,aggressive,lu,002342.SZ,巨力索具,通用设备,94.0,"{'theme': 1.0, 'ladder': 1.0, 'seal': 1.0, 'time': 1.0, 'liq': 1.0, 'struct': 0.6}",涨停组: 商业航天方向 3板 封单比29.9% 涨停时间09:30 题材内涨停20家 成交9.2亿,商业航天+深海系泊+索具龙头,3连板 换手承接量比0.43,"次日竞价与开盘承接: 高开幅度观察区间[-2%,+5%]; 开盘涨幅≤+3%且不破昨收-3%视为买点触发",昨收13.54,高位情绪兑现/次日低开大幅回撤/炸板断板,1
2026-01-23,2026-01-26,aggressive,nlu,000551.SZ,创元科技,环保设备,91.125,"{'sector': 0.855, 'trend': 1.0, 'pos': 0.85, 'mom': 1.0, 'liq': 1.0, 'recog': 0.85}","非涨停组: 趋势结构多头(MA20>MA60且上行), 处于活跃板块[环保设备](当日涨幅分位85%, 板块涨停2家) 距60日高点12.9% 20日涨幅5.4%",板块[环保设备]轮动延续/资金承接,收盘15.93 MA20上方 量比0.99,"次日开盘[-2%,+3%]为观察区间; 收盘站上max(开盘,昨收)视为买点触发",昨收15.93,板块退潮补跌/资金承接不足/持续阴跌,1
2026-01-26,2026-01-27,defensive,lu,600916.SH,中国黄金,服装家纺,92.0,"{'theme': 0.6, 'ladder': 0.9, 'seal': 1.0, 'time': 1.0, 'liq': 1.0, 'struct': 1.0}",涨停组: 金价新高方向 2板 封单比17.2% 涨停时间09:42 题材内涨停4家 成交15.7亿,金价新高+黄金销售+央企,2连板 换手承接量比1.57,"次日竞价与开盘承接: 高开幅度观察区间[-2%,+5%]; 开盘涨幅≤+3%且不破昨收-3%视为买点触发",昨收10.14,高位情绪兑现/次日低开大幅回撤/炸板断板,1
2026-01-26,2026-01-27,defensive,lu,000603.SZ,盛达资源,工业金属,86.0,"{'theme': 1.0, 'ladder': 0.9, 'seal': 0.7, 'time': 1.0, 'liq': 1.0, 'struct': 0.6}",涨停组: 黄金方向 2板 封单比12.0% 涨停时间09:30 题材内涨停6家 成交8.1亿,黄金+白银+并购扩张,2连板 换手承接量比0.37,"次日竞价与开盘承接: 高开幅度观察区间[-2%,+5%]; 开盘涨幅≤+3%且不破昨收-3%视为买点触发",昨收56.65,高位情绪兑现/次日低开大幅回撤/炸板断板,1
2026-01-26,2026-01-27,defensive,nlu,002192.SZ,融捷股份,能源金属,89.5546875,"{'sector': 0.7921875, 'trend': 1.0, 'pos': 0.85, 'mom': 1.0, 'liq': 1.0, 'recog': 0.85}","非涨停组: 趋势结构多头(MA20>MA60且上行), 处于活跃板块[能源金属](当日涨幅分位83%, 板块涨停1家) 距60日高点13.1% 20日涨幅13.6%",板块[能源金属]轮动延续/资金承接,收盘59.72 MA20上方 量比0.95,"次日开盘[-2%,+3%]为观察区间; 收盘站上max(开盘,昨收)视为买点触发",昨收59.72,板块退潮补跌/资金承接不足/持续阴跌,1
2026-01-27,2026-01-28,defensive,lu,002291.SZ,遥望科技,文化传媒,79.0,"{'theme': 0.2, 'ladder': 0.55, 'seal': 1.0, 'time': 1.0, 'liq': 1.0, 'struct': 1.0}",涨停组: AI应用方向 1板 封单比18.7% 涨停时间09:25 题材内涨停2家 成交12.6亿,AI应用+直播电商+剥离鞋业,1连板 换手承接量比1.02,"次日竞价与开盘承接: 高开幅度观察区间[-2%,+5%]; 开盘涨幅≤+3%且不破昨收-3%视为买点触发",昨收8.28,高位情绪兑现/次日低开大幅回撤/炸板断板,1
2026-01-27,2026-01-28,defensive,lu,003031.SZ,中瓷电子,通信设备,76.0,"{'theme': 0.2, 'ladder': 0.55, 'seal': 1.0, 'time': 0.85, 'liq': 1.0, 'struct': 1.0}",涨停组: 光模块方向 1板 封单比16.9% 涨停时间10:18 题材内涨停2家 成交9.1亿,光模块+SiC芯片+电子陶瓷+央企,1连板 换手承接量比1.21,"次日竞价与开盘承接: 高开幅度观察区间[-2%,+5%]; 开盘涨幅≤+3%且不破昨收-3%视为买点触发",昨收84.79,高位情绪兑现/次日低开大幅回撤/炸板断板,1
2026-01-27,2026-01-28,defensive,nlu,000917.SZ,电广传媒,文化传媒,91.7265625,"{'sector': 0.8290625, 'trend': 1.0, 'pos': 1.0, 'mom': 1.0, 'liq': 1.0, 'recog': 0.6}","非涨停组: 趋势结构多头(MA20>MA60且上行), 处于活跃板块[文化传媒](当日涨幅分位82%, 板块涨停2家) 距60日高点19.9% 20日涨幅10.8%",板块[文化传媒]轮动延续/资金承接,收盘11.53 MA20上方 量比1.03,"次日开盘[-2%,+3%]为观察区间; 收盘站上max(开盘,昨收)视为买点触发",昨收11.53,板块退潮补跌/资金承接不足/持续阴跌,1
2026-01-28,2026-01-29,defensive,lu,601388.SH,怡球资源,工业金属,91.0,"{'theme': 1.0, 'ladder': 0.55, 'seal': 1.0, 'time': 1.0, 'liq': 1.0, 'struct': 1.0}",涨停组: 2025年报预增方向 1板 封单比24.0% 涨停时间09:34 题材内涨停10家 成交4.5亿,2025年报预增+再生铝龙头+汽车拆解,1连板 换手承接量比0.98,"次日竞价与开盘承接: 高开幅度观察区间[-2%,+5%]; 开盘涨幅≤+3%且不破昨收-3%视为买点触发",昨收3.97,高位情绪兑现/次日低开大幅回撤/炸板断板,1
2026-01-28,2026-01-29,defensive,lu,000573.SZ,粤宏远A,房地产,88.0,"{'theme': 1.0, 'ladder': 0.55, 'seal': 1.0, 'time': 0.85, 'liq': 1.0, 'struct': 1.0}",涨停组: 2025年报预增方向 1板 封单比33.5% 涨停时间10:19 题材内涨停10家 成交4.9亿,2025年报预增+金属铅+东莞地产,1连板 换手承接量比2.77,"次日竞价与开盘承接: 高开幅度观察区间[-2%,+5%]; 开盘涨幅≤+3%且不破昨收-3%视为买点触发",昨收4.85,高位情绪兑现/次日低开大幅回撤/炸板断板,1
2026-01-28,2026-01-29,defensive,nlu,002077.SZ,大港股份,半导体,91.31640625,"{'sector': 0.8626562500000001, 'trend': 1.0, 'pos': 0.85, 'mom': 1.0, 'liq': 1.0, 'recog': 0.85}","非涨停组: 趋势结构多头(MA20>MA60且上行), 处于活跃板块[半导体](当日涨幅分位85%, 板块涨停2家) 距60日高点12.0% 20日涨幅20.4%",板块[半导体]轮动延续/资金承接,收盘17.94 MA20上方 量比0.76,"次日开盘[-2%,+3%]为观察区间; 收盘站上max(开盘,昨收)视为买点触发",昨收17.94,板块退潮补跌/资金承接不足/持续阴跌,1
2026-01-29,2026-01-30,defensive,lu,000995.SZ,皇台酒业,白酒,81.0,"{'theme': 1.0, 'ladder': 0.55, 'seal': 1.0, 'time': 0.5, 'liq': 1.0, 'struct': 1.0}",涨停组: 白酒方向 1板 封单比34.1% 涨停时间13:26 题材内涨停16家 成交3.6亿,白酒+区域强牌+控股股东增持,1连板 换手承接量比2.33,"次日竞价与开盘承接: 高开幅度观察区间[-2%,+5%]; 开盘涨幅≤+3%且不破昨收-3%视为买点触发",昨收14.48,高位情绪兑现/次日低开大幅回撤/炸板断板,1
2026-01-29,2026-01-30,defensive,lu,601388.SH,怡球资源,工业金属,80.0,"{'theme': 0.2, 'ladder': 0.9, 'seal': 0.7, 'time': 1.0, 'liq': 1.0, 'struct': 1.0}",涨停组: 年报预增方向 2板 封单比13.2% 涨停时间09:25 题材内涨停2家 成交10.0亿,年报预增+再生铝+汽车拆解,2连板 换手承接量比1.55,"次日竞价与开盘承接: 高开幅度观察区间[-2%,+5%]; 开盘涨幅≤+3%且不破昨收-3%视为买点触发",昨收4.37,高位情绪兑现/次日低开大幅回撤/炸板断板,1
2026-01-29,2026-01-30,defensive,nlu,002291.SZ,遥望科技,文化传媒,93.55078125,"{'sector': 0.9520312500000001, 'trend': 1.0, 'pos': 0.85, 'mom': 1.0, 'liq': 1.0, 'recog': 0.85}","非涨停组: 趋势结构多头(MA20>MA60且上行), 处于活跃板块[文化传媒](当日涨幅分位96%, 板块涨停6家) 距60日高点13.9% 20日涨幅27.2%",板块[文化传媒]轮动延续/资金承接,收盘7.99 MA20上方 量比1.15,"次日开盘[-2%,+3%]为观察区间; 收盘站上max(开盘,昨收)视为买点触发",昨收7.99,板块退潮补跌/资金承接不足/持续阴跌,1
2026-01-30,2026-02-02,defensive,lu,002137.SZ,实益达,光学光电子,74.0,"{'theme': 0.8, 'ladder': 0.55, 'seal': 1.0, 'time': 0.3, 'liq': 1.0, 'struct': 1.0}",涨停组: 业绩预增方向 1板 封单比35.7% 涨停时间14:12 题材内涨停5家 成交4.5亿,业绩预增+半导体设备+汽车电子,1连板 换手承接量比1.55,"次日竞价与开盘承接: 高开幅度观察区间[-2%,+5%]; 开盘涨幅≤+3%且不破昨收-3%视为买点触发",昨收10.14,高位情绪兑现/次日低开大幅回撤/炸板断板,1
2026-01-30,2026-02-02,defensive,lu,601208.SH,东材科技,塑料制品,66.0,"{'theme': 0.8, 'ladder': 0.55, 'seal': 0.4, 'time': 0.5, 'liq': 1.0, 'struct': 1.0}",涨停组: 业绩预增方向 1板 封单比6.4% 涨停时间13:01 题材内涨停5家 成交24.1亿,业绩预增+高速树脂+AI服务器,1连板 换手承接量比1.22,"次日竞价与开盘承接: 高开幅度观察区间[-2%,+5%]; 开盘涨幅≤+3%且不破昨收-3%视为买点触发",昨收28.42,高位情绪兑现/次日低开大幅回撤/炸板断板,1
2026-01-30,2026-02-02,defensive,nlu,003031.SZ,中瓷电子,通信设备,92.18359375,"{'sector': 0.8973437500000001, 'trend': 1.0, 'pos': 0.85, 'mom': 1.0, 'liq': 1.0, 'recog': 0.85}","非涨停组: 趋势结构多头(MA20>MA60且上行), 处于活跃板块[通信设备](当日涨幅分位95%, 板块涨停5家) 距60日高点10.5% 20日涨幅8.3%",板块[通信设备]轮动延续/资金承接,收盘79.01 MA20上方 量比1.10,"次日开盘[-2%,+3%]为观察区间; 收盘站上max(开盘,昨收)视为买点触发",昨收79.01,板块退潮补跌/资金承接不足/持续阴跌,1
2026-02-02,2026-02-03,defensive,lu,601616.SH,广电电气,电网设备,85.0,"{'theme': 0.8, 'ladder': 0.55, 'seal': 1.0, 'time': 0.85, 'liq': 1.0, 'struct': 1.0}",涨停组: 电网设备方向 1板 封单比19.1% 涨停时间09:57 题材内涨停5家 成交6.1亿,电网设备+数据中心+变压器,1连板 换手承接量比1.08,"次日竞价与开盘承接: 高开幅度观察区间[-2%,+5%]; 开盘涨幅≤+3%且不破昨收-3%视为买点触发",昨收5.39,高位情绪兑现/次日低开大幅回撤/炸板断板,1
2026-02-02,2026-02-03,defensive,lu,002112.SZ,三变科技,电网设备,82.0,"{'theme': 0.8, 'ladder': 0.55, 'seal': 1.0, 'time': 1.0, 'liq': 1.0, 'struct': 0.6}",涨停组: 电网设备方向 1板 封单比46.2% 涨停时间09:30 题材内涨停5家 成交4.8亿,电网设备+变压器+欧洲设子公司+地方国资,1连板 换手承接量比0.34,"次日竞价与开盘承接: 高开幅度观察区间[-2%,+5%]; 开盘涨幅≤+3%且不破昨收-3%视为买点触发",昨收21.63,高位情绪兑现/次日低开大幅回撤/炸板断板,1
2026-02-02,2026-02-03,defensive,nlu,600556.SH,天下秀,文化传媒,93.98828125,"{'sector': 0.75953125, 'trend': 1.0, 'pos': 1.0, 'mom': 1.0, 'liq': 1.0, 'recog': 1.0}","非涨停组: 趋势结构多头(MA20>MA60且上行), 处于活跃板块[文化传媒](当日涨幅分位77%, 板块涨停1家) 距60日高点17.2% 20日涨幅17.1%",板块[文化传媒]轮动延续/资金承接,收盘7.81 MA20上方 量比0.91,"次日开盘[-2%,+3%]为观察区间; 收盘站上max(开盘,昨收)视为买点触发",昨收7.81,板块退潮补跌/资金承接不足/持续阴跌,1
2026-02-03,2026-02-04,normal,lu,600266.SH,城建发展,房地产,85.0,"{'theme': 1.0, 'ladder': 0.55, 'seal': 1.0, 'time': 1.0, 'liq': 1.0, 'struct': 0.6}",涨停组: 商业航天方向 1板 封单比38.5% 涨停时间09:25 题材内涨停10家 成交3.3亿,商业航天+北京国资+房地产,1连板 换手承接量比0.61,"次日竞价与开盘承接: 高开幅度观察区间[-2%,+5%]; 开盘涨幅≤+3%且不破昨收-3%视为买点触发",昨收6.0,高位情绪兑现/次日低开大幅回撤/炸板断板,1
2026-02-03,2026-02-04,normal,lu,001316.SZ,润贝航科,石油加工贸易,84.0,"{'theme': 1.0, 'ladder': 0.55, 'seal': 1.0, 'time': 0.85, 'liq': 0.6, 'struct': 1.0}",涨停组: 商业航天方向 1板 封单比43.8% 涨停时间10:00 题材内涨停10家 成交2.9亿,商业航天+业绩预增+低空经济,1连板 换手承接量比0.84,"次日竞价与开盘承接: 高开幅度观察区间[-2%,+5%]; 开盘涨幅≤+3%且不破昨收-3%视为买点触发",昨收56.33,高位情绪兑现/次日低开大幅回撤/炸板断板,1
2026-02-03,2026-02-04,normal,nlu,002506.SZ,协鑫集成,光伏设备,93.953125,"{'sector': 0.9081250000000001, 'trend': 1.0, 'pos': 0.85, 'mom': 1.0, 'liq': 1.0, 'recog': 1.0}","非涨停组: 趋势结构多头(MA20>MA60且上行), 处于活跃板块[光伏设备](当日涨幅分位99%, 板块涨停8家) 距60日高点10.2% 20日涨幅18.2%",板块[光伏设备]轮动延续/资金承接,收盘3.44 MA20上方 量比0.71,"次日开盘[-2%,+3%]为观察区间; 收盘站上max(开盘,昨收)视为买点触发",昨收3.44,板块退潮补跌/资金承接不足/持续阴跌,1
2026-02-03,2026-02-04,normal,nlu,603000.SH,人民网,文化传媒,92.66796875,"{'sector': 0.7667187500000001, 'trend': 1.0, 'pos': 1.0, 'mom': 1.0, 'liq': 1.0, 'recog': 0.85}","非涨停组: 趋势结构多头(MA20>MA60且上行), 处于活跃板块[文化传媒](当日涨幅分位60%, 板块涨停2家) 距60日高点18.3% 20日涨幅26.6%",板块[文化传媒]轮动延续/资金承接,收盘24.98 MA20上方 量比0.98,"次日开盘[-2%,+3%]为观察区间; 收盘站上max(开盘,昨收)视为买点触发",昨收24.98,板块退潮补跌/资金承接不足/持续阴跌,1
2026-02-04,2026-02-05,normal,lu,000723.SZ,美锦能源,煤炭开采加工,88.0,"{'theme': 1.0, 'ladder': 0.55, 'seal': 1.0, 'time': 0.85, 'liq': 1.0, 'struct': 1.0}",涨停组: 煤炭方向 1板 封单比17.6% 涨停时间10:04 题材内涨停6家 成交10.9亿,煤炭+氢能,1连板 换手承接量比1.11,"次日竞价与开盘承接: 高开幅度观察区间[-2%,+5%]; 开盘涨幅≤+3%且不破昨收-3%视为买点触发",昨收5.17,高位情绪兑现/次日低开大幅回撤/炸板断板,1
2026-02-04,2026-02-05,normal,lu,600188.SH,兖矿能源,煤炭开采加工,85.0,"{'theme': 1.0, 'ladder': 0.55, 'seal': 0.7, 'time': 1.0, 'liq': 1.0, 'struct': 1.0}",涨停组: 煤炭方向 1板 封单比9.4% 涨停时间09:36 题材内涨停6家 成交17.2亿,煤炭+产能扩张+国企改革,1连板 换手承接量比1.43,"次日竞价与开盘承接: 高开幅度观察区间[-2%,+5%]; 开盘涨幅≤+3%且不破昨收-3%视为买点触发",昨收15.27,高位情绪兑现/次日低开大幅回撤/炸板断板,1
2026-02-04,2026-02-05,normal,nlu,601865.SH,福莱特,光伏设备,91.89453125,"{'sector': 0.98578125, 'trend': 1.0, 'pos': 0.85, 'mom': 1.0, 'liq': 1.0, 'recog': 0.6}","非涨停组: 趋势结构多头(MA20>MA60且上行), 处于活跃板块[光伏设备](当日涨幅分位98%, 板块涨停10家) 距60日高点11.8% 20日涨幅8.4%",板块[光伏设备]轮动延续/资金承接,收盘17.48 MA20上方 量比1.15,"次日开盘[-2%,+3%]为观察区间; 收盘站上max(开盘,昨收)视为买点触发",昨收17.48,板块退潮补跌/资金承接不足/持续阴跌,1
2026-02-04,2026-02-05,normal,nlu,002546.SZ,新联电子,电网设备,87.86328125,"{'sector': 0.7245312500000001, 'trend': 1.0, 'pos': 0.85, 'mom': 1.0, 'liq': 1.0, 'recog': 0.85}","非涨停组: 趋势结构多头(MA20>MA60且上行), 处于活跃板块[电网设备](当日涨幅分位55%, 板块涨停6家) 距60日高点11.6% 20日涨幅25.1%",板块[电网设备]轮动延续/资金承接,收盘9.00 MA20上方 量比0.72,"次日开盘[-2%,+3%]为观察区间; 收盘站上max(开盘,昨收)视为买点触发",昨收9.00,板块退潮补跌/资金承接不足/持续阴跌,1
2026-02-05,2026-02-06,defensive,lu,002905.SZ,金逸影视,影视院线,73.0,"{'theme': 0.2, 'ladder': 0.55, 'seal': 1.0, 'time': 0.7, 'liq': 1.0, 'struct': 1.0}",涨停组: 春节档方向 1板 封单比36.4% 涨停时间11:03 题材内涨停2家 成交3.6亿,春节档+票房增长+扭亏为盈,1连板 换手承接量比0.93,"次日竞价与开盘承接: 高开幅度观察区间[-2%,+5%]; 开盘涨幅≤+3%且不破昨收-3%视为买点触发",昨收13.33,高位情绪兑现/次日低开大幅回撤/炸板断板,1
2026-02-05,2026-02-06,defensive,lu,603103.SH,横店影视,影视院线,73.0,"{'theme': 0.2, 'ladder': 0.55, 'seal': 0.7, 'time': 1.0, 'liq': 1.0, 'struct': 1.0}",涨停组: 春节档方向 1板 封单比9.7% 涨停时间09:36 题材内涨停2家 成交9.0亿,春节档+影视院线+AI漫剧,1连板 换手承接量比1.41,"次日竞价与开盘承接: 高开幅度观察区间[-2%,+5%]; 开盘涨幅≤+3%且不破昨收-3%视为买点触发",昨收31.66,高位情绪兑现/次日低开大幅回撤/炸板断板,1
2026-02-05,2026-02-06,defensive,nlu,600977.SH,中国电影,影视院线,94.47265625,"{'sector': 0.9889062500000001, 'trend': 1.0, 'pos': 0.85, 'mom': 1.0, 'liq': 1.0, 'recog': 0.85}","非涨停组: 趋势结构多头(MA20>MA60且上行), 处于活跃板块[影视院线](当日涨幅分位100%, 板块涨停2家) 距60日高点12.3% 20日涨幅9.8%",板块[影视院线]轮动延续/资金承接,收盘17.49 MA20上方 量比0.86,"次日开盘[-2%,+3%]为观察区间; 收盘站上max(开盘,昨收)视为买点触发",昨收17.49,板块退潮补跌/资金承接不足/持续阴跌,1
2026-02-06,2026-02-09,normal,lu,002772.SZ,众兴菌业,种植业与林业,79.0,"{'theme': 0.4, 'ladder': 0.55, 'seal': 1.0, 'time': 0.85, 'liq': 1.0, 'struct': 1.0}",涨停组: 业绩预增方向 1板 封单比18.5% 涨停时间10:29 题材内涨停3家 成交4.2亿,业绩预增+冬虫夏草+金针菇龙头,1连板 换手承接量比1.11,"次日竞价与开盘承接: 高开幅度观察区间[-2%,+5%]; 开盘涨幅≤+3%且不破昨收-3%视为买点触发",昨收18.39,高位情绪兑现/次日低开大幅回撤/炸板断板,1
2026-02-06,2026-02-09,normal,lu,605488.SH,福莱新材,塑料制品,79.0,"{'theme': 0.8, 'ladder': 0.55, 'seal': 0.7, 'time': 0.85, 'liq': 1.0, 'struct': 1.0}",涨停组: 人形机器人方向 1板 封单比8.4% 涨停时间10:30 题材内涨停5家 成交8.0亿,人形机器人+10万套订单+柔性传感器,1连板 换手承接量比1.50,"次日竞价与开盘承接: 高开幅度观察区间[-2%,+5%]; 开盘涨幅≤+3%且不破昨收-3%视为买点触发",昨收43.05,高位情绪兑现/次日低开大幅回撤/炸板断板,1
2026-02-06,2026-02-09,normal,nlu,603861.SH,白云电器,电网设备,96.8828125,"{'sector': 0.8753124999999999, 'trend': 1.0, 'pos': 1.0, 'mom': 1.0, 'liq': 1.0, 'recog': 1.0}","非涨停组: 趋势结构多头(MA20>MA60且上行), 处于活跃板块[电网设备](当日涨幅分位80%, 板块涨停3家) 距60日高点17.1% 20日涨幅27.1%",板块[电网设备]轮动延续/资金承接,收盘16.56 MA20上方 量比0.84,"次日开盘[-2%,+3%]为观察区间; 收盘站上max(开盘,昨收)视为买点触发",昨收16.56,板块退潮补跌/资金承接不足/持续阴跌,1
2026-02-06,2026-02-09,normal,nlu,600871.SH,石化油服,油气开采及服务,93.3125,"{'sector': 0.7925, 'trend': 1.0, 'pos': 1.0, 'mom': 1.0, 'liq': 1.0, 'recog': 0.85}","非涨停组: 趋势结构多头(MA20>MA60且上行), 处于活跃板块[油气开采及服务](当日涨幅分位99%, 板块涨停2家) 距60日高点15.8% 20日涨幅28.3%",板块[油气开采及服务]轮动延续/资金承接,收盘2.99 MA20上方 量比1.12,"次日开盘[-2%,+3%]为观察区间; 收盘站上max(开盘,昨收)视为买点触发",昨收2.99,板块退潮补跌/资金承接不足/持续阴跌,1
2026-02-09,2026-02-10,aggressive,lu,605598.SH,上海港湾,建筑装饰,79.0,"{'theme': 0.8, 'ladder': 0.55, 'seal': 1.0, 'time': 0.85, 'liq': 1.0, 'struct': 0.6}",涨停组: 商业航天方向 1板 封单比20.0% 涨停时间09:56 题材内涨停5家 成交3.4亿,商业航天+钙钛矿电池+一带一路,1连板 换手承接量比0.75,"次日竞价与开盘承接: 高开幅度观察区间[-2%,+5%]; 开盘涨幅≤+3%且不破昨收-3%视为买点触发",昨收63.89,高位情绪兑现/次日低开大幅回撤/炸板断板,1
2026-02-09,2026-02-10,aggressive,lu,603031.SH,安孚科技,电池,79.0,"{'theme': 0.8, 'ladder': 0.55, 'seal': 1.0, 'time': 0.85, 'liq': 1.0, 'struct': 0.6}",涨停组: 商业航天方向 1板 封单比16.1% 涨停时间10:14 题材内涨停5家 成交5.3亿,商业航天+CPO+南孚电池+业绩预增,1连板 换手承接量比0.65,"次日竞价与开盘承接: 高开幅度观察区间[-2%,+5%]; 开盘涨幅≤+3%且不破昨收-3%视为买点触发",昨收59.4,高位情绪兑现/次日低开大幅回撤/炸板断板,1
2026-02-09,2026-02-10,aggressive,nlu,603396.SH,金辰股份,光伏设备,93.80078125,"{'sector': 0.9720312500000001, 'trend': 0.8, 'pos': 1.0, 'mom': 1.0, 'liq': 1.0, 'recog': 0.85}","非涨停组: 趋势结构多头(MA20>MA60且上行), 处于活跃板块[光伏设备](当日涨幅分位96%, 板块涨停5家) 距60日高点15.7% 20日涨幅22.2%",板块[光伏设备]轮动延续/资金承接,收盘46.64 MA20上方 量比0.96,"次日开盘[-2%,+3%]为观察区间; 收盘站上max(开盘,昨收)视为买点触发",昨收46.64,板块退潮补跌/资金承接不足/持续阴跌,1
2026-02-10,2026-02-11,normal,lu,001330.SZ,博纳影业,影视院线,83.0,"{'theme': 0.4, 'ladder': 0.9, 'seal': 1.0, 'time': 1.0, 'liq': 1.0, 'struct': 0.6}",涨停组: AI短剧方向 2板 封单比43.9% 涨停时间09:32 题材内涨停3家 成交10.2亿,AI短剧+春节档IP+影视院线,2连板 换手承接量比0.52,"次日竞价与开盘承接: 高开幅度观察区间[-2%,+5%]; 开盘涨幅≤+3%且不破昨收-3%视为买点触发",昨收12.47,高位情绪兑现/次日低开大幅回撤/炸板断板,1
2026-02-10,2026-02-11,normal,lu,600715.SH,文投控股,影视院线,82.0,"{'theme': 0.4, 'ladder': 0.55, 'seal': 1.0, 'time': 1.0, 'liq': 1.0, 'struct': 1.0}",涨停组: AI漫剧方向 1板 封单比15.9% 涨停时间09:35 题材内涨停3家 成交3.9亿,AI漫剧+小程序游戏+北京国资,1连板 换手承接量比1.93,"次日竞价与开盘承接: 高开幅度观察区间[-2%,+5%]; 开盘涨幅≤+3%且不破昨收-3%视为买点触发",昨收2.61,高位情绪兑现/次日低开大幅回撤/炸板断板,1
2026-02-10,2026-02-11,normal,nlu,600986.SH,浙文互联,文化传媒,93.9375,"{'sector': 0.9775, 'trend': 0.8, 'pos': 1.0, 'mom': 1.0, 'liq': 1.0, 'recog': 0.85}","非涨停组: 趋势结构多头(MA20>MA60且上行), 处于活跃板块[文化传媒](当日涨幅分位99%, 板块涨停13家) 距60日高点15.1% 20日涨幅24.2%",板块[文化传媒]轮动延续/资金承接,收盘13.99 MA20上方 量比0.95,"次日开盘[-2%,+3%]为观察区间; 收盘站上max(开盘,昨收)视为买点触发",昨收13.99,板块退潮补跌/资金承接不足/持续阴跌,1
2026-02-10,2026-02-11,normal,nlu,600410.SH,华胜天成,IT服务,91.1953125,"{'sector': 0.8578125000000001, 'trend': 1.0, 'pos': 0.85, 'mom': 1.0, 'liq': 1.0, 'recog': 0.85}","非涨停组: 趋势结构多头(MA20>MA60且上行), 处于活跃板块[IT服务](当日涨幅分位92%, 板块涨停2家) 距60日高点11.0% 20日涨幅7.7%",板块[IT服务]轮动延续/资金承接,收盘21.72 MA20上方 量比0.73,"次日开盘[-2%,+3%]为观察区间; 收盘站上max(开盘,昨收)视为买点触发",昨收21.72,板块退潮补跌/资金承接不足/持续阴跌,1
2026-02-11,2026-02-12,defensive,lu,002842.SZ,翔鹭钨业,小金属,73.0,"{'theme': 0.2, 'ladder': 0.55, 'seal': 1.0, 'time': 1.0, 'liq': 1.0, 'struct': 0.6}",涨停组: 钨价上涨方向 1板 封单比22.9% 涨停时间09:39 题材内涨停2家 成交8.4亿,钨价上涨+光伏钨丝+年报预增,1连板 换手承接量比0.50,"次日竞价与开盘承接: 高开幅度观察区间[-2%,+5%]; 开盘涨幅≤+3%且不破昨收-3%视为买点触发",昨收35.01,高位情绪兑现/次日低开大幅回撤/炸板断板,1
2026-02-11,2026-02-12,defensive,lu,600186.SH,莲花控股,食品加工制造,67.0,"{'theme': 0.4, 'ladder': 0.55, 'seal': 0.4, 'time': 0.85, 'liq': 1.0, 'struct': 1.0}",涨停组: 算力租赁方向 1板 封单比6.2% 涨停时间10:02 题材内涨停3家 成交13.7亿,算力租赁+味精+业绩预增,1连板 换手承接量比2.16,"次日竞价与开盘承接: 高开幅度观察区间[-2%,+5%]; 开盘涨幅≤+3%且不破昨收-3%视为买点触发",昨收6.63,高位情绪兑现/次日低开大幅回撤/炸板断板,1
2026-02-11,2026-02-12,defensive,nlu,002149.SZ,西部材料,小金属,95.12109375,"{'sector': 0.96484375, 'trend': 0.8, 'pos': 1.0, 'mom': 1.0, 'liq': 1.0, 'recog': 1.0}","非涨停组: 趋势结构多头(MA20>MA60且上行), 处于活跃板块[小金属](当日涨幅分位98%, 板块涨停4家) 距60日高点16.7% 20日涨幅9.2%",板块[小金属]轮动延续/资金承接,收盘48.20 MA20上方 量比0.88,"次日开盘[-2%,+3%]为观察区间; 收盘站上max(开盘,昨收)视为买点触发",昨收48.20,板块退潮补跌/资金承接不足/持续阴跌,1
2026-02-12,2026-02-13,defensive,lu,002975.SZ,博杰股份,自动化设备,88.0,"{'theme': 1.0, 'ladder': 0.55, 'seal': 1.0, 'time': 0.85, 'liq': 1.0, 'struct': 1.0}",涨停组: 液冷服务器方向 1板 封单比22.2% 涨停时间10:00 题材内涨停6家 成交6.9亿,液冷服务器+AI服务器测试+人形机器人+业绩预增,1连板 换手承接量比1.73,"次日竞价与开盘承接: 高开幅度观察区间[-2%,+5%]; 开盘涨幅≤+3%且不破昨收-3%视为买点触发",昨收83.03,高位情绪兑现/次日低开大幅回撤/炸板断板,1
2026-02-12,2026-02-13,defensive,lu,002272.SZ,川润股份,通用设备,85.0,"{'theme': 1.0, 'ladder': 0.55, 'seal': 1.0, 'time': 1.0, 'liq': 1.0, 'struct': 0.6}",涨停组: 液冷服务器方向 1板 封单比30.7% 涨停时间09:30 题材内涨停6家 成交6.1亿,液冷服务器+北美订单+绿色算力,1连板 换手承接量比0.60,"次日竞价与开盘承接: 高开幅度观察区间[-2%,+5%]; 开盘涨幅≤+3%且不破昨收-3%视为买点触发",昨收18.12,高位情绪兑现/次日低开大幅回撤/炸板断板,1
2026-02-12,2026-02-13,defensive,nlu,603861.SH,白云电器,电网设备,92.73828125,"{'sector': 0.9295312499999999, 'trend': 0.8, 'pos': 1.0, 'mom': 1.0, 'liq': 1.0, 'recog': 0.85}","非涨停组: 趋势结构多头(MA20>MA60且上行), 处于活跃板块[电网设备](当日涨幅分位95%, 板块涨停4家) 距60日高点15.3% 20日涨幅24.7%",板块[电网设备]轮动延续/资金承接,收盘16.91 MA20上方 量比1.04,"次日开盘[-2%,+3%]为观察区间; 收盘站上max(开盘,昨收)视为买点触发",昨收16.91,板块退潮补跌/资金承接不足/持续阴跌,1
2026-02-13,2026-02-24,defensive,nlu,601595.SH,上海电影,影视院线,90.31640625,"{'sector': 0.76265625, 'trend': 1.0, 'pos': 0.85, 'mom': 1.0, 'liq': 1.0, 'recog': 1.0}","非涨停组: 趋势结构多头(MA20>MA60且上行), 处于活跃板块[影视院线](当日涨幅分位94%, 板块涨停0家) 距60日高点12.5% 20日涨幅8.0%",板块[影视院线]轮动延续/资金承接,收盘32.41 MA20上方 量比1.10,"次日开盘[-2%,+3%]为观察区间; 收盘站上max(开盘,昨收)视为买点触发",昨收32.41,板块退潮补跌/资金承接不足/持续阴跌,1
2026-02-24,2026-02-25,aggressive,lu,002828.SZ,贝肯能源,油气开采及服务,88.0,"{'theme': 0.8, 'ladder': 0.55, 'seal': 1.0, 'time': 1.0, 'liq': 1.0, 'struct': 1.0}",涨停组: 油气开采方向 1板 封单比21.1% 涨停时间09:33 题材内涨停5家 成交3.5亿,油气开采+海外权益+地缘冲突,1连板 换手承接量比1.43,"次日竞价与开盘承接: 高开幅度观察区间[-2%,+5%]; 开盘涨幅≤+3%且不破昨收-3%视为买点触发",昨收13.89,高位情绪兑现/次日低开大幅回撤/炸板断板,1
2026-02-24,2026-02-25,aggressive,lu,002498.SZ,汉缆股份,电网设备,85.0,"{'theme': 0.4, 'ladder': 1.0, 'seal': 0.7, 'time': 1.0, 'liq': 1.0, 'struct': 1.0}",涨停组: 特高压方向 3板 封单比10.1% 涨停时间09:31 题材内涨停3家 成交17.7亿,特高压+海上风电+电网设备,3连板 换手承接量比1.22,"次日竞价与开盘承接: 高开幅度观察区间[-2%,+5%]; 开盘涨幅≤+3%且不破昨收-3%视为买点触发",昨收7.45,高位情绪兑现/次日低开大幅回撤/炸板断板,1
2026-02-24,2026-02-25,aggressive,nlu,600490.SH,鹏欣资源,工业金属,96.4140625,"{'sector': 0.8565625000000001, 'trend': 1.0, 'pos': 1.0, 'mom': 1.0, 'liq': 1.0, 'recog': 1.0}","非涨停组: 趋势结构多头(MA20>MA60且上行), 处于活跃板块[工业金属](当日涨幅分位85%, 板块涨停2家) 距60日高点19.7% 20日涨幅19.8%",板块[工业金属]轮动延续/资金承接,收盘9.64 MA20上方 量比1.15,"次日开盘[-2%,+3%]为观察区间; 收盘站上max(开盘,昨收)视为买点触发",昨收9.64,板块退潮补跌/资金承接不足/持续阴跌,1
2026-02-25,2026-02-26,aggressive,lu,002428.SZ,云南锗业,小金属,79.0,"{'theme': 0.2, 'ladder': 0.55, 'seal': 1.0, 'time': 1.0, 'liq': 1.0, 'struct': 1.0}",涨停组: 商业航天方向 1板 封单比20.6% 涨停时间09:31 题材内涨停2家 成交14.7亿,商业航天+锗晶片+小金属,1连板 换手承接量比1.02,"次日竞价与开盘承接: 高开幅度观察区间[-2%,+5%]; 开盘涨幅≤+3%且不破昨收-3%视为买点触发",昨收40.35,高位情绪兑现/次日低开大幅回撤/炸板断板,1
2026-02-25,2026-02-26,aggressive,lu,000545.SZ,金浦钛业,化学原料,77.0,"{'theme': 0.2, 'ladder': 0.9, 'seal': 0.7, 'time': 0.85, 'liq': 1.0, 'struct': 1.0}",涨停组: 钛白粉方向 2板 封单比8.5% 涨停时间10:09 题材内涨停2家 成交5.4亿,钛白粉+减产+转型橡胶,2连板 换手承接量比2.10,"次日竞价与开盘承接: 高开幅度观察区间[-2%,+5%]; 开盘涨幅≤+3%且不破昨收-3%视为买点触发",昨收3.42,高位情绪兑现/次日低开大幅回撤/炸板断板,1
2026-02-25,2026-02-26,aggressive,nlu,600490.SH,鹏欣资源,工业金属,98.2578125,"{'sector': 0.9303125000000001, 'trend': 1.0, 'pos': 1.0, 'mom': 1.0, 'liq': 1.0, 'recog': 1.0}","非涨停组: 趋势结构多头(MA20>MA60且上行), 处于活跃板块[工业金属](当日涨幅分位92%, 板块涨停4家) 距60日高点16.9% 20日涨幅22.8%",板块[工业金属]轮动延续/资金承接,收盘9.98 MA20上方 量比1.00,"次日开盘[-2%,+3%]为观察区间; 收盘站上max(开盘,昨收)视为买点触发",昨收9.98,板块退潮补跌/资金承接不足/持续阴跌,1
2026-02-26,2026-02-27,normal,lu,002272.SZ,川润股份,通用设备,70.0,"{'theme': 0.2, 'ladder': 0.55, 'seal': 0.7, 'time': 0.85, 'liq': 1.0, 'struct': 1.0}",涨停组: 液冷服务器方向 1板 封单比10.2% 涨停时间10:19 题材内涨停2家 成交15.4亿,液冷服务器+北美订单+绿色算力,1连板 换手承接量比1.17,"次日竞价与开盘承接: 高开幅度观察区间[-2%,+5%]; 开盘涨幅≤+3%且不破昨收-3%视为买点触发",昨收19.21,高位情绪兑现/次日低开大幅回撤/炸板断板,1
2026-02-26,2026-02-27,normal,lu,001400.SZ,江顺科技,专用设备,68.0,"{'theme': 0.4, 'ladder': 0.55, 'seal': 1.0, 'time': 0.5, 'liq': 0.6, 'struct': 1.0}",涨停组: 商业航天方向 1板 封单比26.5% 涨停时间13:01 题材内涨停3家 成交2.8亿,商业航天+3D打印+液冷+铝挤压模具,1连板 换手承接量比1.33,"次日竞价与开盘承接: 高开幅度观察区间[-2%,+5%]; 开盘涨幅≤+3%且不破昨收-3%视为买点触发",昨收116.12,高位情绪兑现/次日低开大幅回撤/炸板断板,1
2026-02-26,2026-02-27,normal,nlu,600459.SH,贵研铂业,小金属,92.6640625,"{'sector': 0.8665625000000001, 'trend': 1.0, 'pos': 1.0, 'mom': 1.0, 'liq': 1.0, 'recog': 0.6}","非涨停组: 趋势结构多头(MA20>MA60且上行), 处于活跃板块[小金属](当日涨幅分位77%, 板块涨停2家) 距60日高点16.6% 20日涨幅7.4%",板块[小金属]轮动延续/资金承接,收盘23.28 MA20上方 量比1.11,"次日开盘[-2%,+3%]为观察区间; 收盘站上max(开盘,昨收)视为买点触发",昨收23.28,板块退潮补跌/资金承接不足/持续阴跌,1
2026-02-26,2026-02-27,normal,nlu,601969.SH,海南矿业,钢铁,89.66015625,"{'sector': 0.86640625, 'trend': 1.0, 'pos': 1.0, 'mom': 0.7, 'liq': 1.0, 'recog': 0.6}","非涨停组: 趋势结构多头(MA20>MA60且上行), 处于活跃板块[钢铁](当日涨幅分位83%, 板块涨停2家) 距60日高点17.3% 20日涨幅2.6%",板块[钢铁]轮动延续/资金承接,收盘11.75 MA20上方 量比1.04,"次日开盘[-2%,+3%]为观察区间; 收盘站上max(开盘,昨收)视为买点触发",昨收11.75,板块退潮补跌/资金承接不足/持续阴跌,1
2026-02-27,2026-03-02,aggressive,lu,600744.SH,华银电力,电力,80.0,"{'theme': 0.2, 'ladder': 0.9, 'seal': 0.7, 'time': 1.0, 'liq': 1.0, 'struct': 1.0}",涨停组: 电力方向 2板 封单比10.6% 涨停时间09:31 题材内涨停2家 成交17.6亿,电力+年报预增+央企,2连板 换手承接量比1.81,"次日竞价与开盘承接: 高开幅度观察区间[-2%,+5%]; 开盘涨幅≤+3%且不破昨收-3%视为买点触发",昨收7.94,高位情绪兑现/次日低开大幅回撤/炸板断板,1
2026-02-27,2026-03-02,aggressive,lu,002182.SZ,宝武镁业,小金属,79.0,"{'theme': 0.2, 'ladder': 0.55, 'seal': 1.0, 'time': 1.0, 'liq': 1.0, 'struct': 1.0}",涨停组: 小金属方向 1板 封单比16.8% 涨停时间09:42 题材内涨停2家 成交6.7亿,小金属+人形机器人+商业航天+央企,1连板 换手承接量比1.00,"次日竞价与开盘承接: 高开幅度观察区间[-2%,+5%]; 开盘涨幅≤+3%且不破昨收-3%视为买点触发",昨收21.79,高位情绪兑现/次日低开大幅回撤/炸板断板,1
2026-02-27,2026-03-02,aggressive,nlu,002195.SZ,岩山科技,IT服务,92.3046875,"{'sector': 0.7521875, 'trend': 1.0, 'pos': 1.0, 'mom': 1.0, 'liq': 1.0, 'recog': 0.85}","非涨停组: 趋势结构多头(MA20>MA60且上行), 处于活跃板块[IT服务](当日涨幅分位89%, 板块涨停3家) 距60日高点16.1% 20日涨幅11.8%",板块[IT服务]轮动延续/资金承接,收盘11.07 MA20上方 量比1.06,"次日开盘[-2%,+3%]为观察区间; 收盘站上max(开盘,昨收)视为买点触发",昨收11.07,板块退潮补跌/资金承接不足/持续阴跌,1
2026-03-02,2026-03-03,defensive,lu,600227.SH,赤天化,农化制品,79.0,"{'theme': 0.4, 'ladder': 0.55, 'seal': 1.0, 'time': 0.85, 'liq': 1.0, 'struct': 1.0}",涨停组: 甲醇方向 1板 封单比15.4% 涨停时间09:47 题材内涨停3家 成交4.7亿,甲醇+化工+煤炭+化肥,1连板 换手承接量比1.04,"次日竞价与开盘承接: 高开幅度观察区间[-2%,+5%]; 开盘涨幅≤+3%且不破昨收-3%视为买点触发",昨收3.17,高位情绪兑现/次日低开大幅回撤/炸板断板,1
2026-03-02,2026-03-03,defensive,lu,603353.SH,和顺石油,石油加工贸易,74.0,"{'theme': 0.2, 'ladder': 0.9, 'seal': 0.4, 'time': 1.0, 'liq': 1.0, 'struct': 1.0}",涨停组: 成品油方向 2板 封单比3.5% 涨停时间09:30 题材内涨停2家 成交9.4亿,成品油+铜官油库+拟收购奎芯+超快充,2连板 换手承接量比2.06,"次日竞价与开盘承接: 高开幅度观察区间[-2%,+5%]; 开盘涨幅≤+3%且不破昨收-3%视为买点触发",昨收46.34,高位情绪兑现/次日低开大幅回撤/炸板断板,1
2026-03-02,2026-03-03,defensive,nlu,600979.SH,广安爱众,电力,86.35546875,"{'sector': 0.85421875, 'trend': 1.0, 'pos': 0.6, 'mom': 1.0, 'liq': 1.0, 'recog': 1.0}","非涨停组: 趋势结构多头(MA20>MA60且上行), 处于活跃板块[电力](当日涨幅分位80%, 板块涨停2家) 距60日高点5.6% 20日涨幅8.4%",板块[电力]轮动延续/资金承接,收盘5.06 MA20上方 量比1.06,"次日开盘[-2%,+3%]为观察区间; 收盘站上max(开盘,昨收)视为买点触发",昨收5.06,板块退潮补跌/资金承接不足/持续阴跌,1
2026-03-03,2026-03-04,defensive,lu,002828.SZ,贝肯能源,油气开采及服务,92.0,"{'theme': 0.6, 'ladder': 0.9, 'seal': 1.0, 'time': 1.0, 'liq': 1.0, 'struct': 1.0}",涨停组: 油气开采方向 2板 封单比15.1% 涨停时间09:30 题材内涨停4家 成交4.0亿,油气开采+海外权益,2连板 换手承接量比0.85,"次日竞价与开盘承接: 高开幅度观察区间[-2%,+5%]; 开盘涨幅≤+3%且不破昨收-3%视为买点触发",昨收16.37,高位情绪兑现/次日低开大幅回撤/炸板断板,1
2026-03-03,2026-03-04,defensive,lu,000968.SZ,蓝焰控股,油气开采及服务,92.0,"{'theme': 1.0, 'ladder': 0.9, 'seal': 0.7, 'time': 1.0, 'liq': 1.0, 'struct': 1.0}",涨停组: 天然气方向 2板 封单比8.7% 涨停时间09:30 题材内涨停18家 成交9.2亿,天然气+煤层气+山西国资,2连板 换手承接量比1.47,"次日竞价与开盘承接: 高开幅度观察区间[-2%,+5%]; 开盘涨幅≤+3%且不破昨收-3%视为买点触发",昨收10.41,高位情绪兑现/次日低开大幅回撤/炸板断板,1
2026-03-03,2026-03-04,defensive,nlu,000545.SZ,金浦钛业,化学原料,83.4609375,"{'sector': 0.7984375000000001, 'trend': 1.0, 'pos': 0.6, 'mom': 1.0, 'liq': 1.0, 'recog': 0.85}","非涨停组: 趋势结构多头(MA20>MA60且上行), 处于活跃板块[化学原料](当日涨幅分位70%, 板块涨停3家) 距60日高点6.7% 20日涨幅10.9%",板块[化学原料]轮动延续/资金承接,收盘3.47 MA20上方 量比0.96,"次日开盘[-2%,+3%]为观察区间; 收盘站上max(开盘,昨收)视为买点触发",昨收3.47,板块退潮补跌/资金承接不足/持续阴跌,1
2026-03-04,2026-03-05,defensive,lu,002339.SZ,积成电子,电网设备,76.0,"{'theme': 0.4, 'ladder': 0.55, 'seal': 1.0, 'time': 1.0, 'liq': 1.0, 'struct': 0.6}",涨停组: 电网设备方向 1板 封单比29.8% 涨停时间09:36 题材内涨停3家 成交3.5亿,电网设备+中标+特高压,1连板 换手承接量比0.77,"次日竞价与开盘承接: 高开幅度观察区间[-2%,+5%]; 开盘涨幅≤+3%且不破昨收-3%视为买点触发",昨收11.54,高位情绪兑现/次日低开大幅回撤/炸板断板,1
2026-03-04,2026-03-05,defensive,lu,603530.SH,神马电力,电网设备,73.0,"{'theme': 0.4, 'ladder': 0.55, 'seal': 0.7, 'time': 0.85, 'liq': 1.0, 'struct': 1.0}",涨停组: 特高压方向 1板 封单比11.2% 涨停时间09:57 题材内涨停3家 成交10.2亿,特高压+越南建厂+电网设备,1连板 换手承接量比1.12,"次日竞价与开盘承接: 高开幅度观察区间[-2%,+5%]; 开盘涨幅≤+3%且不破昨收-3%视为买点触发",昨收67.21,高位情绪兑现/次日低开大幅回撤/炸板断板,1
2026-03-04,2026-03-05,defensive,nlu,002309.SZ,中利集团,电网设备,91.08984375,"{'sector': 0.96359375, 'trend': 0.8, 'pos': 1.0, 'mom': 1.0, 'liq': 1.0, 'recog': 0.6}","非涨停组: 趋势结构多头(MA20>MA60且上行), 处于活跃板块[电网设备](当日涨幅分位99%, 板块涨停11家) 距60日高点16.0% 20日涨幅8.7%",板块[电网设备]轮动延续/资金承接,收盘3.36 MA20上方 量比1.00,"次日开盘[-2%,+3%]为观察区间; 收盘站上max(开盘,昨收)视为买点触发",昨收3.36,板块退潮补跌/资金承接不足/持续阴跌,1
2026-03-05,2026-03-06,normal,lu,002339.SZ,积成电子,电网设备,83.0,"{'theme': 0.8, 'ladder': 0.9, 'seal': 0.4, 'time': 1.0, 'liq': 1.0, 'struct': 1.0}",涨停组: 电网设备方向 2板 封单比5.3% 涨停时间09:32 题材内涨停5家 成交15.0亿,电网设备+中标+特高压,2连板 换手承接量比2.14,"次日竞价与开盘承接: 高开幅度观察区间[-2%,+5%]; 开盘涨幅≤+3%且不破昨收-3%视为买点触发",昨收12.69,高位情绪兑现/次日低开大幅回撤/炸板断板,1
2026-03-05,2026-03-06,normal,lu,600703.SH,三安光电,光学光电子,79.0,"{'theme': 0.6, 'ladder': 0.55, 'seal': 1.0, 'time': 1.0, 'liq': 1.0, 'struct': 0.6}",涨停组: Micro LED方向 1板 封单比38.4% 涨停时间09:30 题材内涨停4家 成交12.8亿,Micro LED+光芯片+碳化硅+商业航天,1连板 换手承接量比0.54,"次日竞价与开盘承接: 高开幅度观察区间[-2%,+5%]; 开盘涨幅≤+3%且不破昨收-3%视为买点触发",昨收16.13,高位情绪兑现/次日低开大幅回撤/炸板断板,1
2026-03-05,2026-03-06,normal,nlu,603011.SH,合锻智能,专用设备,94.41015625,"{'sector': 0.83640625, 'trend': 1.0, 'pos': 1.0, 'mom': 1.0, 'liq': 1.0, 'recog': 0.85}","非涨停组: 趋势结构多头(MA20>MA60且上行), 处于活跃板块[专用设备](当日涨幅分位88%, 板块涨停3家) 距60日高点16.9% 20日涨幅14.5%",板块[专用设备]轮动延续/资金承接,收盘27.43 MA20上方 量比1.09,"次日开盘[-2%,+3%]为观察区间; 收盘站上max(开盘,昨收)视为买点触发",昨收27.43,板块退潮补跌/资金承接不足/持续阴跌,1
2026-03-05,2026-03-06,normal,nlu,000510.SZ,新金路,化学原料,90.8203125,"{'sector': 0.6328125, 'trend': 1.0, 'pos': 1.0, 'mom': 1.0, 'liq': 1.0, 'recog': 1.0}","非涨停组: 趋势结构多头(MA20>MA60且上行), 处于活跃板块[化学原料](当日涨幅分位41%, 板块涨停2家) 距60日高点15.4% 20日涨幅7.6%",板块[化学原料]轮动延续/资金承接,收盘19.89 MA20上方 量比0.66,"次日开盘[-2%,+3%]为观察区间; 收盘站上max(开盘,昨收)视为买点触发",昨收19.89,板块退潮补跌/资金承接不足/持续阴跌,1
2026-03-06,2026-03-09,normal,lu,600590.SH,泰豪科技,其他电源设备,86.0,"{'theme': 0.6, 'ladder': 0.9, 'seal': 1.0, 'time': 1.0, 'liq': 1.0, 'struct': 0.6}",涨停组: 氢能源方向 2板 封单比49.1% 涨停时间09:30 题材内涨停4家 成交5.0亿,氢能源+军工电源+扭亏为盈,2连板 换手承接量比0.44,"次日竞价与开盘承接: 高开幅度观察区间[-2%,+5%]; 开盘涨幅≤+3%且不破昨收-3%视为买点触发",昨收16.18,高位情绪兑现/次日低开大幅回撤/炸板断板,1
2026-03-06,2026-03-09,normal,lu,605286.SH,同力天启,专用设备,84.0,"{'theme': 0.8, 'ladder': 0.55, 'seal': 1.0, 'time': 1.0, 'liq': 0.6, 'struct': 1.0}",涨停组: 算电协同方向 1板 封单比18.9% 涨停时间09:32 题材内涨停5家 成交2.1亿,算电协同+储能中标+电梯部件,1连板 换手承接量比2.26,"次日竞价与开盘承接: 高开幅度观察区间[-2%,+5%]; 开盘涨幅≤+3%且不破昨收-3%视为买点触发",昨收42.49,高位情绪兑现/次日低开大幅回撤/炸板断板,1
2026-03-06,2026-03-09,normal,nlu,000510.SZ,新金路,化学原料,95.1640625,"{'sector': 0.9565625, 'trend': 1.0, 'pos': 0.85, 'mom': 1.0, 'liq': 1.0, 'recog': 1.0}","非涨停组: 趋势结构多头(MA20>MA60且上行), 处于活跃板块[化学原料](当日涨幅分位96%, 板块涨停5家) 距60日高点14.2% 20日涨幅21.3%",板块[化学原料]轮动延续/资金承接,收盘20.17 MA20上方 量比0.86,"次日开盘[-2%,+3%]为观察区间; 收盘站上max(开盘,昨收)视为买点触发",昨收20.17,板块退潮补跌/资金承接不足/持续阴跌,1
2026-03-06,2026-03-09,normal,nlu,002366.SZ,融发核电,其他电源设备,93.37109375,"{'sector': 0.8948437499999999, 'trend': 1.0, 'pos': 1.0, 'mom': 1.0, 'liq': 1.0, 'recog': 0.6}","非涨停组: 趋势结构多头(MA20>MA60且上行), 处于活跃板块[其他电源设备](当日涨幅分位85%, 板块涨停3家) 距60日高点15.5% 20日涨幅7.2%",板块[其他电源设备]轮动延续/资金承接,收盘8.08 MA20上方 量比0.92,"次日开盘[-2%,+3%]为观察区间; 收盘站上max(开盘,昨收)视为买点触发",昨收8.08,板块退潮补跌/资金承接不足/持续阴跌,1
2026-03-09,2026-03-10,defensive,lu,002575.SZ,群兴玩具,综合,82.0,"{'theme': 0.8, 'ladder': 0.55, 'seal': 1.0, 'time': 0.7, 'liq': 1.0, 'struct': 1.0}",涨停组: 算力租赁方向 1板 封单比25.0% 涨停时间11:06 题材内涨停5家 成交7.6亿,算力租赁+腾讯合作+酒类销售,1连板 换手承接量比1.74,"次日竞价与开盘承接: 高开幅度观察区间[-2%,+5%]; 开盘涨幅≤+3%且不破昨收-3%视为买点触发",昨收8.02,高位情绪兑现/次日低开大幅回撤/炸板断板,1
2026-03-09,2026-03-10,defensive,lu,002730.SZ,电光科技,专用设备,82.0,"{'theme': 0.8, 'ladder': 0.55, 'seal': 1.0, 'time': 0.7, 'liq': 1.0, 'struct': 1.0}",涨停组: 算力租赁方向 1板 封单比20.2% 涨停时间10:56 题材内涨停5家 成交5.5亿,算力租赁+智能矿山+矿用防爆电器,1连板 换手承接量比1.45,"次日竞价与开盘承接: 高开幅度观察区间[-2%,+5%]; 开盘涨幅≤+3%且不破昨收-3%视为买点触发",昨收19.17,高位情绪兑现/次日低开大幅回撤/炸板断板,1
2026-03-09,2026-03-10,defensive,nlu,002195.SZ,岩山科技,IT服务,98.21875,"{'sector': 0.92875, 'trend': 1.0, 'pos': 1.0, 'mom': 1.0, 'liq': 1.0, 'recog': 1.0}","非涨停组: 趋势结构多头(MA20>MA60且上行), 处于活跃板块[IT服务](当日涨幅分位95%, 板块涨停5家) 距60日高点19.3% 20日涨幅8.5%",板块[IT服务]轮动延续/资金承接,收盘10.65 MA20上方 量比0.76,"次日开盘[-2%,+3%]为观察区间; 收盘站上max(开盘,昨收)视为买点触发",昨收10.65,板块退潮补跌/资金承接不足/持续阴跌,1
2026-03-10,2026-03-11,normal,lu,603017.SH,中衡设计,建筑装饰,81.0,"{'theme': 0.6, 'ladder': 0.55, 'seal': 1.0, 'time': 1.0, 'liq': 0.6, 'struct': 1.0}",涨停组: 商业航天方向 1板 封单比37.2% 涨停时间09:44 题材内涨停4家 成交1.8亿,商业航天+低空经济+工程设计,1连板 换手承接量比1.25,"次日竞价与开盘承接: 高开幅度观察区间[-2%,+5%]; 开盘涨幅≤+3%且不破昨收-3%视为买点触发",昨收13.48,高位情绪兑现/次日低开大幅回撤/炸板断板,1
2026-03-10,2026-03-11,normal,lu,002025.SZ,航天电器,军工电子,79.0,"{'theme': 0.6, 'ladder': 0.55, 'seal': 0.7, 'time': 1.0, 'liq': 1.0, 'struct': 1.0}",涨停组: 商业航天方向 1板 封单比8.5% 涨停时间09:32 题材内涨停4家 成交15.6亿,商业航天+军工电子+光模块+央企,1连板 换手承接量比1.70,"次日竞价与开盘承接: 高开幅度观察区间[-2%,+5%]; 开盘涨幅≤+3%且不破昨收-3%视为买点触发",昨收56.03,高位情绪兑现/次日低开大幅回撤/炸板断板,1
2026-03-10,2026-03-11,normal,nlu,002383.SZ,合众思壮,军工电子,92.38671875,"{'sector': 0.7554687500000001, 'trend': 1.0, 'pos': 1.0, 'mom': 1.0, 'liq': 1.0, 'recog': 0.85}","非涨停组: 趋势结构多头(MA20>MA60且上行), 处于活跃板块[军工电子](当日涨幅分位81%, 板块涨停2家) 距60日高点19.1% 20日涨幅14.4%",板块[军工电子]轮动延续/资金承接,收盘12.52 MA20上方 量比0.66,"次日开盘[-2%,+3%]为观察区间; 收盘站上max(开盘,昨收)视为买点触发",昨收12.52,板块退潮补跌/资金承接不足/持续阴跌,1
2026-03-10,2026-03-11,normal,nlu,603011.SH,合锻智能,专用设备,90.7109375,"{'sector': 0.6884375, 'trend': 1.0, 'pos': 1.0, 'mom': 1.0, 'liq': 1.0, 'recog': 0.85}","非涨停组: 趋势结构多头(MA20>MA60且上行), 处于活跃板块[专用设备](当日涨幅分位63%, 板块涨停2家) 距60日高点18.6% 20日涨幅16.1%",板块[专用设备]轮动延续/资金承接,收盘26.85 MA20上方 量比0.88,"次日开盘[-2%,+3%]为观察区间; 收盘站上max(开盘,昨收)视为买点触发",昨收26.85,板块退潮补跌/资金承接不足/持续阴跌,1
2026-03-11,2026-03-12,defensive,lu,601868.SH,中国能建,建筑装饰,73.0,"{'theme': 0.2, 'ladder': 0.55, 'seal': 0.7, 'time': 1.0, 'liq': 1.0, 'struct': 1.0}",涨停组: 算电协同方向 1板 封单比12.1% 涨停时间09:42 题材内涨停2家 成交62.9亿,算电协同+氢能+央企,1连板 换手承接量比0.83,"次日竞价与开盘承接: 高开幅度观察区间[-2%,+5%]; 开盘涨幅≤+3%且不破昨收-3%视为买点触发",昨收3.45,高位情绪兑现/次日低开大幅回撤/炸板断板,1
2026-03-11,2026-03-12,defensive,lu,603757.SH,大元泵业,通用设备,73.0,"{'theme': 0.2, 'ladder': 0.55, 'seal': 0.7, 'time': 1.0, 'liq': 1.0, 'struct': 1.0}",涨停组: 液冷服务器方向 1板 封单比8.6% 涨停时间09:34 题材内涨停2家 成交6.8亿,液冷服务器+屏蔽泵+维谛技术,1连板 换手承接量比1.49,"次日竞价与开盘承接: 高开幅度观察区间[-2%,+5%]; 开盘涨幅≤+3%且不破昨收-3%视为买点触发",昨收47.43,高位情绪兑现/次日低开大幅回撤/炸板断板,1
2026-03-11,2026-03-12,defensive,nlu,000510.SZ,新金路,化学原料,90.234375,"{'sector': 0.9293750000000001, 'trend': 0.8, 'pos': 1.0, 'mom': 1.0, 'liq': 1.0, 'recog': 0.6}","非涨停组: 趋势结构多头(MA20>MA60且上行), 处于活跃板块[化学原料](当日涨幅分位98%, 板块涨停8家) 距60日高点19.8% 20日涨幅20.5%",板块[化学原料]轮动延续/资金承接,收盘18.84 MA20上方 量比0.99,"次日开盘[-2%,+3%]为观察区间; 收盘站上max(开盘,昨收)视为买点触发",昨收18.84,板块退潮补跌/资金承接不足/持续阴跌,1
2026-03-12,2026-03-13,defensive,lu,000537.SZ,绿发电力,电力,91.0,"{'theme': 0.4, 'ladder': 1.0, 'seal': 1.0, 'time': 1.0, 'liq': 1.0, 'struct': 1.0}",涨停组: 算电协同方向 3板 封单比30.7% 涨停时间09:31 题材内涨停3家 成交9.1亿,算电协同+储能+绿电交易+央企,3连板 换手承接量比1.20,"次日竞价与开盘承接: 高开幅度观察区间[-2%,+5%]; 开盘涨幅≤+3%且不破昨收-3%视为买点触发",昨收12.51,高位情绪兑现/次日低开大幅回撤/炸板断板,1
2026-03-12,2026-03-13,defensive,lu,605305.SH,中际联合,工程机械,65.0,"{'theme': 0.2, 'ladder': 0.55, 'seal': 1.0, 'time': 0.3, 'liq': 1.0, 'struct': 1.0}",涨停组: 风电设备方向 1板 封单比15.4% 涨停时间14:09 题材内涨停2家 成交7.3亿,风电设备+储能消防,1连板 换手承接量比2.56,"次日竞价与开盘承接: 高开幅度观察区间[-2%,+5%]; 开盘涨幅≤+3%且不破昨收-3%视为买点触发",昨收42.58,高位情绪兑现/次日低开大幅回撤/炸板断板,1
2026-03-12,2026-03-13,defensive,nlu,600141.SH,兴发集团,农化制品,89.87109375,"{'sector': 0.90484375, 'trend': 1.0, 'pos': 0.85, 'mom': 1.0, 'liq': 1.0, 'recog': 0.6}","非涨停组: 趋势结构多头(MA20>MA60且上行), 处于活跃板块[农化制品](当日涨幅分位88%, 板块涨停3家) 距60日高点11.3% 20日涨幅6.4%",板块[农化制品]轮动延续/资金承接,收盘39.82 MA20上方 量比1.20,"次日开盘[-2%,+3%]为观察区间; 收盘站上max(开盘,昨收)视为买点触发",昨收39.82,板块退潮补跌/资金承接不足/持续阴跌,1
2026-03-13,2026-03-16,defensive,lu,603803.SH,瑞斯康达,通信设备,70.0,"{'theme': 0.2, 'ladder': 0.55, 'seal': 0.7, 'time': 0.85, 'liq': 1.0, 'struct': 1.0}",涨停组: CPO方向 1板 封单比9.1% 涨停时间09:53 题材内涨停2家 成交10.2亿,CPO+智算中心+高速光模块,1连板 换手承接量比1.44,"次日竞价与开盘承接: 高开幅度观察区间[-2%,+5%]; 开盘涨幅≤+3%且不破昨收-3%视为买点触发",昨收13.75,高位情绪兑现/次日低开大幅回撤/炸板断板,1
2026-03-13,2026-03-16,defensive,lu,002438.SZ,江苏神通,通用设备,65.0,"{'theme': 0.2, 'ladder': 0.55, 'seal': 1.0, 'time': 0.3, 'liq': 1.0, 'struct': 1.0}",涨停组: 可控核聚变方向 1板 封单比18.4% 涨停时间13:35 题材内涨停2家 成交5.8亿,可控核聚变+氢能源+商业航天,1连板 换手承接量比1.96,"次日竞价与开盘承接: 高开幅度观察区间[-2%,+5%]; 开盘涨幅≤+3%且不破昨收-3%视为买点触发",昨收19.26,高位情绪兑现/次日低开大幅回撤/炸板断板,1
2026-03-13,2026-03-16,defensive,nlu,600629.SH,华建集团,建筑装饰,94.91015625,"{'sector': 0.85640625, 'trend': 1.0, 'pos': 1.0, 'mom': 1.0, 'liq': 1.0, 'recog': 0.85}","非涨停组: 趋势结构多头(MA20>MA60且上行), 处于活跃板块[建筑装饰](当日涨幅分位83%, 板块涨停6家) 距60日高点15.3% 20日涨幅12.1%",板块[建筑装饰]轮动延续/资金承接,收盘18.09 MA20上方 量比0.87,"次日开盘[-2%,+3%]为观察区间; 收盘站上max(开盘,昨收)视为买点触发",昨收18.09,板块退潮补跌/资金承接不足/持续阴跌,1
2026-03-16,2026-03-17,normal,lu,600667.SH,太极实业,建筑装饰,61.0,"{'theme': 0.2, 'ladder': 0.55, 'seal': 0.4, 'time': 0.7, 'liq': 1.0, 'struct': 1.0}",涨停组: 存储芯片方向 1板 封单比7.7% 涨停时间11:24 题材内涨停2家 成交23.9亿,存储芯片+先进封装+SK海力士+国企,1连板 换手承接量比1.28,"次日竞价与开盘承接: 高开幅度观察区间[-2%,+5%]; 开盘涨幅≤+3%且不破昨收-3%视为买点触发",昨收11.26,高位情绪兑现/次日低开大幅回撤/炸板断板,1
2026-03-16,2026-03-17,normal,nlu,000066.SZ,中国长城,计算机设备,90.72265625,"{'sector': 0.7489062500000001, 'trend': 1.0, 'pos': 1.0, 'mom': 0.7, 'liq': 1.0, 'recog': 1.0}","非涨停组: 趋势结构多头(MA20>MA60且上行), 处于活跃板块[计算机设备](当日涨幅分位78%, 板块涨停2家) 距60日高点16.1% 20日涨幅2.9%",板块[计算机设备]轮动延续/资金承接,收盘16.45 MA20上方 量比0.55,"次日开盘[-2%,+3%]为观察区间; 收盘站上max(开盘,昨收)视为买点触发",昨收16.45,板块退潮补跌/资金承接不足/持续阴跌,1
2026-03-16,2026-03-17,normal,nlu,002969.SZ,嘉美包装,包装印刷,89.94921875,"{'sector': 0.59796875, 'trend': 1.0, 'pos': 1.0, 'mom': 1.0, 'liq': 1.0, 'recog': 1.0}","非涨停组: 趋势结构多头(MA20>MA60且上行), 处于活跃板块[包装印刷](当日涨幅分位63%, 板块涨停1家) 距60日高点16.4% 20日涨幅7.9%",板块[包装印刷]轮动延续/资金承接,收盘28.04 MA20上方 量比1.10,"次日开盘[-2%,+3%]为观察区间; 收盘站上max(开盘,昨收)视为买点触发",昨收28.04,板块退潮补跌/资金承接不足/持续阴跌,1
2026-03-17,2026-03-18,defensive,lu,002150.SZ,正泰电源,光伏设备,73.0,"{'theme': 0.2, 'ladder': 0.55, 'seal': 1.0, 'time': 0.7, 'liq': 1.0, 'struct': 1.0}",涨停组: 光伏设备方向 1板 封单比16.2% 涨停时间10:55 题材内涨停2家 成交9.5亿,光伏设备+储能一体机+外销,1连板 换手承接量比0.89,"次日竞价与开盘承接: 高开幅度观察区间[-2%,+5%]; 开盘涨幅≤+3%且不破昨收-3%视为买点触发",昨收34.87,高位情绪兑现/次日低开大幅回撤/炸板断板,1
2026-03-17,2026-03-18,defensive,lu,603992.SH,松霖科技,家居用品,69.0,"{'theme': 0.2, 'ladder': 0.55, 'seal': 1.0, 'time': 0.5, 'liq': 1.0, 'struct': 1.0}",涨停组: 人形机器人方向 1板 封单比31.2% 涨停时间13:12 题材内涨停2家 成交3.4亿,人形机器人+康养+转债赎回,1连板 换手承接量比1.07,"次日竞价与开盘承接: 高开幅度观察区间[-2%,+5%]; 开盘涨幅≤+3%且不破昨收-3%视为买点触发",昨收33.3,高位情绪兑现/次日低开大幅回撤/炸板断板,1
2026-03-17,2026-03-18,defensive,nlu,600063.SH,皖维高新,化学纤维,91.375,"{'sector': 0.9849999999999999, 'trend': 1.0, 'pos': 0.85, 'mom': 0.7, 'liq': 1.0, 'recog': 0.85}","非涨停组: 趋势结构多头(MA20>MA60且上行), 处于活跃板块[化学纤维](当日涨幅分位98%, 板块涨停3家) 距60日高点10.9% 20日涨幅0.7%",板块[化学纤维]轮动延续/资金承接,收盘7.24 MA20上方 量比0.52,"次日开盘[-2%,+3%]为观察区间; 收盘站上max(开盘,昨收)视为买点触发",昨收7.24,板块退潮补跌/资金承接不足/持续阴跌,1
2026-03-18,2026-03-19,normal,lu,603912.SH,佳力图,通用设备,79.0,"{'theme': 0.4, 'ladder': 0.55, 'seal': 1.0, 'time': 0.85, 'liq': 1.0, 'struct': 1.0}",涨停组: 液冷方向 1板 封单比18.6% 涨停时间09:51 题材内涨停3家 成交4.6亿,液冷+算力+东数西算,1连板 换手承接量比1.08,"次日竞价与开盘承接: 高开幅度观察区间[-2%,+5%]; 开盘涨幅≤+3%且不破昨收-3%视为买点触发",昨收10.24,高位情绪兑现/次日低开大幅回撤/炸板断板,1
2026-03-18,2026-03-19,normal,lu,603316.SH,诚邦股份,半导体,79.0,"{'theme': 0.4, 'ladder': 0.55, 'seal': 1.0, 'time': 0.85, 'liq': 1.0, 'struct': 1.0}",涨停组: 存储芯片方向 1板 封单比17.3% 涨停时间09:49 题材内涨停3家 成交3.1亿,存储芯片+拟更名+定增扩产,1连板 换手承接量比1.02,"次日竞价与开盘承接: 高开幅度观察区间[-2%,+5%]; 开盘涨幅≤+3%且不破昨收-3%视为买点触发",昨收16.39,高位情绪兑现/次日低开大幅回撤/炸板断板,1
2026-03-18,2026-03-19,normal,nlu,000839.SZ,国安股份,通信服务,94.8203125,"{'sector': 0.9428125, 'trend': 1.0, 'pos': 0.85, 'mom': 1.0, 'liq': 1.0, 'recog': 1.0}","非涨停组: 趋势结构多头(MA20>MA60且上行), 处于活跃板块[通信服务](当日涨幅分位100%, 板块涨停5家) 距60日高点12.7% 20日涨幅13.8%",板块[通信服务]轮动延续/资金承接,收盘3.72 MA20上方 量比0.75,"次日开盘[-2%,+3%]为观察区间; 收盘站上max(开盘,昨收)视为买点触发",昨收3.72,板块退潮补跌/资金承接不足/持续阴跌,1
2026-03-18,2026-03-19,normal,nlu,002916.SZ,深南电路,元件,90.59375,"{'sector': 0.9337500000000001, 'trend': 1.0, 'pos': 0.85, 'mom': 1.0, 'liq': 1.0, 'recog': 0.6}","非涨停组: 趋势结构多头(MA20>MA60且上行), 处于活跃板块[元件](当日涨幅分位97%, 板块涨停3家) 距60日高点10.4% 20日涨幅7.4%",板块[元件]轮动延续/资金承接,收盘263.33 MA20上方 量比1.10,"次日开盘[-2%,+3%]为观察区间; 收盘站上max(开盘,昨收)视为买点触发",昨收263.33,板块退潮补跌/资金承接不足/持续阴跌,1
2026-03-19,2026-03-20,defensive,lu,600666.SH,奥瑞德,IT服务,92.0,"{'theme': 0.6, 'ladder': 0.9, 'seal': 1.0, 'time': 1.0, 'liq': 1.0, 'struct': 1.0}",涨停组: 算力租赁方向 2板 封单比15.5% 涨停时间09:33 题材内涨停4家 成交13.5亿,算力租赁+年报预增+蓝宝石,2连板 换手承接量比1.25,"次日竞价与开盘承接: 高开幅度观察区间[-2%,+5%]; 开盘涨幅≤+3%且不破昨收-3%视为买点触发",昨收4.88,高位情绪兑现/次日低开大幅回撤/炸板断板,1
2026-03-19,2026-03-20,defensive,lu,000815.SZ,美利云,通信服务,83.0,"{'theme': 0.4, 'ladder': 0.9, 'seal': 1.0, 'time': 1.0, 'liq': 1.0, 'struct': 0.6}",涨停组: 算电协同方向 2板 封单比22.6% 涨停时间09:31 题材内涨停3家 成交13.7亿,算电协同+东数西算+扭亏为盈+央企,2连板 换手承接量比0.75,"次日竞价与开盘承接: 高开幅度观察区间[-2%,+5%]; 开盘涨幅≤+3%且不破昨收-3%视为买点触发",昨收19.32,高位情绪兑现/次日低开大幅回撤/炸板断板,1
2026-03-19,2026-03-20,defensive,nlu,000839.SZ,国安股份,通信服务,93.36328125,"{'sector': 0.95453125, 'trend': 0.8, 'pos': 1.0, 'mom': 1.0, 'liq': 1.0, 'recog': 0.85}","非涨停组: 趋势结构多头(MA20>MA60且上行), 处于活跃板块[通信服务](当日涨幅分位93%, 板块涨停2家) 距60日高点15.0% 20日涨幅16.4%",板块[通信服务]轮动延续/资金承接,收盘3.62 MA20上方 量比0.72,"次日开盘[-2%,+3%]为观察区间; 收盘站上max(开盘,昨收)视为买点触发",昨收3.62,板块退潮补跌/资金承接不足/持续阴跌,1
2026-03-20,2026-03-23,defensive,lu,002150.SZ,正泰电源,光伏设备,79.0,"{'theme': 0.2, 'ladder': 0.55, 'seal': 1.0, 'time': 1.0, 'liq': 1.0, 'struct': 1.0}",涨停组: 光伏设备方向 1板 封单比16.4% 涨停时间09:37 题材内涨停2家 成交10.3亿,光伏设备+储能一体机+外销,1连板 换手承接量比0.87,"次日竞价与开盘承接: 高开幅度观察区间[-2%,+5%]; 开盘涨幅≤+3%且不破昨收-3%视为买点触发",昨收34.88,高位情绪兑现/次日低开大幅回撤/炸板断板,1
2026-03-20,2026-03-23,defensive,lu,605099.SH,共创草坪,家居用品,63.0,"{'theme': 0.2, 'ladder': 0.55, 'seal': 0.7, 'time': 0.7, 'liq': 0.6, 'struct': 1.0}",涨停组: 足球概念方向 1板 封单比10.0% 涨停时间10:33 题材内涨停2家 成交2.8亿,足球概念+运动草,1连板 换手承接量比1.50,"次日竞价与开盘承接: 高开幅度观察区间[-2%,+5%]; 开盘涨幅≤+3%且不破昨收-3%视为买点触发",昨收42.47,高位情绪兑现/次日低开大幅回撤/炸板断板,1
2026-03-20,2026-03-23,defensive,nlu,600744.SH,华银电力,电力,93.43359375,"{'sector': 0.9573437499999999, 'trend': 0.8, 'pos': 1.0, 'mom': 1.0, 'liq': 1.0, 'recog': 0.85}","非涨停组: 趋势结构多头(MA20>MA60且上行), 处于活跃板块[电力](当日涨幅分位94%, 板块涨停6家) 距60日高点15.0% 20日涨幅29.1%",板块[电力]轮动延续/资金承接,收盘8.30 MA20上方 量比1.12,"次日开盘[-2%,+3%]为观察区间; 收盘站上max(开盘,昨收)视为买点触发",昨收8.30,板块退潮补跌/资金承接不足/持续阴跌,1
2026-03-23,2026-03-24,defensive,lu,600396.SH,华电辽能,电力,72.5,"{'theme': 0.2, 'ladder': 0.6, 'seal': 1.0, 'time': 1.0, 'liq': 1.0, 'struct': 0.5}",涨停组: 绿电方向 6板 封单比15.9% 涨停时间09:30 题材内涨停2家 成交11.5亿,绿电+氢能+央企,6连板 换手承接量比0.85,"次日竞价与开盘承接: 高开幅度观察区间[-2%,+5%]; 开盘涨幅≤+3%且不破昨收-3%视为买点触发",昨收6.89,高位情绪兑现/次日低开大幅回撤/炸板断板,1
2026-03-23,2026-03-24,defensive,lu,600376.SH,首开股份,房地产,70.0,"{'theme': 0.2, 'ladder': 0.55, 'seal': 0.7, 'time': 0.85, 'liq': 1.0, 'struct': 1.0}",涨停组: 间接持股宇树科技方向 1板 封单比13.2% 涨停时间09:52 题材内涨停2家 成交12.8亿,间接持股宇树科技+城市更新+北京国资,1连板 换手承接量比2.07,"次日竞价与开盘承接: 高开幅度观察区间[-2%,+5%]; 开盘涨幅≤+3%且不破昨收-3%视为买点触发",昨收5.87,高位情绪兑现/次日低开大幅回撤/炸板断板,1
2026-03-23,2026-03-24,defensive,nlu,601778.SH,晶科科技,电力,93.6171875,"{'sector': 0.9646874999999999, 'trend': 0.8, 'pos': 1.0, 'mom': 1.0, 'liq': 1.0, 'recog': 0.85}","非涨停组: 趋势结构多头(MA20>MA60且上行), 处于活跃板块[电力](当日涨幅分位95%, 板块涨停7家) 距60日高点15.7% 20日涨幅20.6%",板块[电力]轮动延续/资金承接,收盘5.34 MA20上方 量比1.00,"次日开盘[-2%,+3%]为观察区间; 收盘站上max(开盘,昨收)视为买点触发",昨收5.34,板块退潮补跌/资金承接不足/持续阴跌,1
2026-03-24,2026-03-25,aggressive,lu,600396.SH,华电辽能,电力,80.0,"{'theme': 0.6, 'ladder': 0.6, 'seal': 0.7, 'time': 1.0, 'liq': 1.0, 'struct': 1.0}",涨停组: 绿电方向 7板 封单比8.1% 涨停时间09:38 题材内涨停4家 成交17.4亿,绿电+氢能+央企,7连板 换手承接量比1.13,"次日竞价与开盘承接: 高开幅度观察区间[-2%,+5%]; 开盘涨幅≤+3%且不破昨收-3%视为买点触发",昨收7.58,高位情绪兑现/次日低开大幅回撤/炸板断板,1
2026-03-24,2026-03-25,aggressive,lu,601606.SH,长城军工,军工装备,76.0,"{'theme': 0.2, 'ladder': 0.55, 'seal': 1.0, 'time': 0.85, 'liq': 1.0, 'struct': 1.0}",涨停组: 兵装重组方向 1板 封单比31.0% 涨停时间09:53 题材内涨停2家 成交9.3亿,兵装重组+弹药装备+扭亏+央企,1连板 换手承接量比1.43,"次日竞价与开盘承接: 高开幅度观察区间[-2%,+5%]; 开盘涨幅≤+3%且不破昨收-3%视为买点触发",昨收39.34,高位情绪兑现/次日低开大幅回撤/炸板断板,1
2026-03-24,2026-03-25,aggressive,nlu,601991.SH,大唐发电,电力,91.578125,"{'sector': 0.983125, 'trend': 0.8, 'pos': 1.0, 'mom': 1.0, 'liq': 1.0, 'recog': 0.6}","非涨停组: 趋势结构多头(MA20>MA60且上行), 处于活跃板块[电力](当日涨幅分位98%, 板块涨停13家) 距60日高点15.0% 20日涨幅13.1%",板块[电力]轮动延续/资金承接,收盘4.17 MA20上方 量比1.04,"次日开盘[-2%,+3%]为观察区间; 收盘站上max(开盘,昨收)视为买点触发",昨收4.17,板块退潮补跌/资金承接不足/持续阴跌,1
2026-03-25,2026-03-26,aggressive,lu,000601.SZ,韶能股份,电力,83.0,"{'theme': 0.4, 'ladder': 0.9, 'seal': 0.7, 'time': 1.0, 'liq': 1.0, 'struct': 1.0}",涨停组: 算电协同方向 2板 封单比8.3% 涨停时间09:30 题材内涨停3家 成交20.4亿,算电协同+储能+生物质发电,2连板 换手承接量比1.18,"次日竞价与开盘承接: 高开幅度观察区间[-2%,+5%]; 开盘涨幅≤+3%且不破昨收-3%视为买点触发",昨收8.87,高位情绪兑现/次日低开大幅回撤/炸板断板,1
2026-03-25,2026-03-26,aggressive,lu,600396.SH,华电辽能,电力,80.0,"{'theme': 0.6, 'ladder': 0.6, 'seal': 1.0, 'time': 1.0, 'liq': 1.0, 'struct': 0.6}",涨停组: 绿电方向 8板 封单比26.1% 涨停时间09:33 题材内涨停4家 成交8.2亿,绿电+氢能+央企,8连板 换手承接量比0.46,"次日竞价与开盘承接: 高开幅度观察区间[-2%,+5%]; 开盘涨幅≤+3%且不破昨收-3%视为买点触发",昨收8.34,高位情绪兑现/次日低开大幅回撤/炸板断板,1
2026-03-25,2026-03-26,aggressive,nlu,003035.SZ,南网能源,电力,97.75390625,"{'sector': 0.97015625, 'trend': 1.0, 'pos': 1.0, 'mom': 1.0, 'liq': 1.0, 'recog': 0.85}","非涨停组: 趋势结构多头(MA20>MA60且上行), 处于活跃板块[电力](当日涨幅分位95%, 板块涨停14家) 距60日高点15.1% 20日涨幅29.0%",板块[电力]轮动延续/资金承接,收盘9.31 MA20上方 量比0.98,"次日开盘[-2%,+3%]为观察区间; 收盘站上max(开盘,昨收)视为买点触发",昨收9.31,板块退潮补跌/资金承接不足/持续阴跌,1
2026-03-26,2026-03-27,defensive,lu,000037.SZ,深南电A,电力,67.0,"{'theme': 0.2, 'ladder': 0.55, 'seal': 0.7, 'time': 0.7, 'liq': 1.0, 'struct': 1.0}",涨停组: 电力方向 1板 封单比11.0% 涨停时间11:15 题材内涨停2家 成交7.9亿,电力+储能+业绩预增,1连板 换手承接量比1.16,"次日竞价与开盘承接: 高开幅度观察区间[-2%,+5%]; 开盘涨幅≤+3%且不破昨收-3%视为买点触发",昨收11.99,高位情绪兑现/次日低开大幅回撤/炸板断板,1
2026-03-26,2026-03-27,defensive,lu,600310.SH,广西能源,电力,67.0,"{'theme': 0.2, 'ladder': 0.55, 'seal': 0.7, 'time': 0.7, 'liq': 1.0, 'struct': 1.0}",涨停组: 电力方向 1板 封单比10.8% 涨停时间10:31 题材内涨停2家 成交11.2亿,电力+绿色电力+广西国资,1连板 换手承接量比0.86,"次日竞价与开盘承接: 高开幅度观察区间[-2%,+5%]; 开盘涨幅≤+3%且不破昨收-3%视为买点触发",昨收6.0,高位情绪兑现/次日低开大幅回撤/炸板断板,1
2026-03-26,2026-03-27,defensive,nlu,600795.SH,国电电力,电力,93.81640625,"{'sector': 0.91265625, 'trend': 1.0, 'pos': 1.0, 'mom': 1.0, 'liq': 1.0, 'recog': 0.6}","非涨停组: 趋势结构多头(MA20>MA60且上行), 处于活跃板块[电力](当日涨幅分位85%, 板块涨停7家) 距60日高点15.4% 20日涨幅6.0%",板块[电力]轮动延续/资金承接,收盘4.96 MA20上方 量比1.03,"次日开盘[-2%,+3%]为观察区间; 收盘站上max(开盘,昨收)视为买点触发",昨收4.96,板块退潮补跌/资金承接不足/持续阴跌,1
2026-03-27,2026-03-30,aggressive,lu,002328.SZ,新朋股份,汽车零部件,79.0,"{'theme': 0.4, 'ladder': 0.55, 'seal': 1.0, 'time': 0.85, 'liq': 1.0, 'struct': 1.0}",涨停组: 液冷服务器方向 1板 封单比23.7% 涨停时间10:17 题材内涨停3家 成交4.1亿,液冷服务器+储能+特斯拉,1连板 换手承接量比1.27,"次日竞价与开盘承接: 高开幅度观察区间[-2%,+5%]; 开盘涨幅≤+3%且不破昨收-3%视为买点触发",昨收7.15,高位情绪兑现/次日低开大幅回撤/炸板断板,1
2026-03-27,2026-03-30,aggressive,lu,000695.SZ,滨海能源,电池,79.0,"{'theme': 0.2, 'ladder': 0.55, 'seal': 1.0, 'time': 1.0, 'liq': 1.0, 'struct': 1.0}",涨停组: 固态电池方向 1板 封单比19.7% 涨停时间09:32 题材内涨停2家 成交4.2亿,固态电池+负极材料+绿电降本,1连板 换手承接量比1.54,"次日竞价与开盘承接: 高开幅度观察区间[-2%,+5%]; 开盘涨幅≤+3%且不破昨收-3%视为买点触发",昨收14.29,高位情绪兑现/次日低开大幅回撤/炸板断板,1
2026-03-27,2026-03-30,aggressive,nlu,000516.SZ,国际医学,医疗服务,95.0,"{'sector': 0.86, 'trend': 1.0, 'pos': 1.0, 'mom': 1.0, 'liq': 1.0, 'recog': 0.85}","非涨停组: 趋势结构多头(MA20>MA60且上行), 处于活跃板块[医疗服务](当日涨幅分位97%, 板块涨停1家) 距60日高点16.5% 20日涨幅7.5%",板块[医疗服务]轮动延续/资金承接,收盘5.17 MA20上方 量比1.10,"次日开盘[-2%,+3%]为观察区间; 收盘站上max(开盘,昨收)视为买点触发",昨收5.17,板块退潮补跌/资金承接不足/持续阴跌,1
2026-03-30,2026-03-31,normal,lu,600488.SH,津药药业,化学制药,89.0,"{'theme': 0.4, 'ladder': 0.9, 'seal': 1.0, 'time': 1.0, 'liq': 1.0, 'struct': 1.0}",涨停组: 创新药方向 2板 封单比16.2% 涨停时间09:31 题材内涨停3家 成交3.3亿,创新药+原料药+出口,2连板 换手承接量比2.61,"次日竞价与开盘承接: 高开幅度观察区间[-2%,+5%]; 开盘涨幅≤+3%且不破昨收-3%视为买点触发",昨收4.76,高位情绪兑现/次日低开大幅回撤/炸板断板,1
2026-03-30,2026-03-31,normal,lu,002361.SZ,神剑股份,塑料制品,85.0,"{'theme': 0.6, 'ladder': 1.0, 'seal': 0.7, 'time': 0.85, 'liq': 1.0, 'struct': 1.0}",涨停组: 商业航天方向 3板 封单比8.6% 涨停时间10:29 题材内涨停4家 成交33.1亿,商业航天+无人机+聚酯树脂+地方国资,3连板 换手承接量比1.50,"次日竞价与开盘承接: 高开幅度观察区间[-2%,+5%]; 开盘涨幅≤+3%且不破昨收-3%视为买点触发",昨收15.0,高位情绪兑现/次日低开大幅回撤/炸板断板,1
2026-03-30,2026-03-31,normal,nlu,000893.SZ,亚钾国际,农化制品,92.96484375,"{'sector': 0.9285937500000001, 'trend': 1.0, 'pos': 0.85, 'mom': 1.0, 'liq': 1.0, 'recog': 0.85}","非涨停组: 趋势结构多头(MA20>MA60且上行), 处于活跃板块[农化制品](当日涨幅分位92%, 板块涨停2家) 距60日高点10.2% 20日涨幅5.6%",板块[农化制品]轮动延续/资金承接,收盘64.11 MA20上方 量比0.89,"次日开盘[-2%,+3%]为观察区间; 收盘站上max(开盘,昨收)视为买点触发",昨收64.11,板块退潮补跌/资金承接不足/持续阴跌,1
2026-03-30,2026-03-31,normal,nlu,002281.SZ,光迅科技,通信设备,88.9453125,"{'sector': 0.8678125000000001, 'trend': 1.0, 'pos': 0.85, 'mom': 1.0, 'liq': 1.0, 'recog': 0.6}","非涨停组: 趋势结构多头(MA20>MA60且上行), 处于活跃板块[通信设备](当日涨幅分位86%, 板块涨停3家) 距60日高点12.5% 20日涨幅14.4%",板块[通信设备]轮动延续/资金承接,收盘88.10 MA20上方 量比1.10,"次日开盘[-2%,+3%]为观察区间; 收盘站上max(开盘,昨收)视为买点触发",昨收88.10,板块退潮补跌/资金承接不足/持续阴跌,1
2026-03-31,2026-04-01,defensive,lu,600502.SH,安徽建工,建筑装饰,86.0,"{'theme': 0.8, 'ladder': 0.9, 'seal': 0.7, 'time': 0.85, 'liq': 1.0, 'struct': 1.0}",涨停组: 年报增长方向 2板 封单比8.7% 涨停时间10:09 题材内涨停5家 成交9.5亿,年报增长+基建龙头+低空经济+国企改革,2连板 换手承接量比2.77,"次日竞价与开盘承接: 高开幅度观察区间[-2%,+5%]; 开盘涨幅≤+3%且不破昨收-3%视为买点触发",昨收5.63,高位情绪兑现/次日低开大幅回撤/炸板断板,1
2026-03-31,2026-04-01,defensive,lu,603039.SH,泛微网络,软件开发,84.0,"{'theme': 0.8, 'ladder': 0.55, 'seal': 1.0, 'time': 1.0, 'liq': 0.6, 'struct': 1.0}",涨停组: 年报增长方向 1板 封单比21.7% 涨停时间09:30 题材内涨停5家 成交2.7亿,年报增长+AI智能体+信创,1连板 换手承接量比1.88,"次日竞价与开盘承接: 高开幅度观察区间[-2%,+5%]; 开盘涨幅≤+3%且不破昨收-3%视为买点触发",昨收43.45,高位情绪兑现/次日低开大幅回撤/炸板断板,1
2026-03-31,2026-04-01,defensive,nlu,600988.SH,赤峰黄金,贵金属,92.25,"{'sector': 0.75, 'trend': 1.0, 'pos': 1.0, 'mom': 1.0, 'liq': 1.0, 'recog': 0.85}","非涨停组: 趋势结构多头(MA20>MA60且上行), 处于活跃板块[贵金属](当日涨幅分位92%, 板块涨停0家) 距60日高点16.2% 20日涨幅8.1%",板块[贵金属]轮动延续/资金承接,收盘42.79 MA20上方 量比0.97,"次日开盘[-2%,+3%]为观察区间; 收盘站上max(开盘,昨收)视为买点触发",昨收42.79,板块退潮补跌/资金承接不足/持续阴跌,1
2026-04-01,2026-04-02,normal,lu,600488.SH,津药药业,化学制药,83.0,"{'theme': 0.8, 'ladder': 0.8, 'seal': 1.0, 'time': 1.0, 'liq': 0.6, 'struct': 0.6}",涨停组: 创新药方向 4板 封单比87.0% 涨停时间09:30 题材内涨停5家 成交2.1亿,创新药+原料药+出口,4连板 换手承接量比0.76,"次日竞价与开盘承接: 高开幅度观察区间[-2%,+5%]; 开盘涨幅≤+3%且不破昨收-3%视为买点触发",昨收5.76,高位情绪兑现/次日低开大幅回撤/炸板断板,1
2026-04-01,2026-04-02,normal,lu,000788.SZ,北大医药,化学制药,82.0,"{'theme': 0.8, 'ladder': 0.55, 'seal': 1.0, 'time': 0.7, 'liq': 1.0, 'struct': 1.0}",涨停组: 创新药方向 1板 封单比24.5% 涨停时间10:36 题材内涨停5家 成交4.2亿,创新药+右酮洛芬+抗感染镇痛+原料药获上市批件,1连板 换手承接量比2.74,"次日竞价与开盘承接: 高开幅度观察区间[-2%,+5%]; 开盘涨幅≤+3%且不破昨收-3%视为买点触发",昨收6.56,高位情绪兑现/次日低开大幅回撤/炸板断板,1
2026-04-01,2026-04-02,normal,nlu,002281.SZ,光迅科技,通信设备,87.75,"{'sector': 0.72, 'trend': 1.0, 'pos': 0.85, 'mom': 1.0, 'liq': 1.0, 'recog': 0.85}","非涨停组: 趋势结构多头(MA20>MA60且上行), 处于活跃板块[通信设备](当日涨幅分位78%, 板块涨停3家) 距60日高点13.6% 20日涨幅11.7%",板块[通信设备]轮动延续/资金承接,收盘86.98 MA20上方 量比0.92,"次日开盘[-2%,+3%]为观察区间; 收盘站上max(开盘,昨收)视为买点触发",昨收86.98,板块退潮补跌/资金承接不足/持续阴跌,1
2026-04-01,2026-04-02,normal,nlu,600135.SH,乐凯胶片,塑料制品,87.03125,"{'sector': 0.64125, 'trend': 1.0, 'pos': 1.0, 'mom': 1.0, 'liq': 0.6, 'recog': 1.0}","非涨停组: 趋势结构多头(MA20>MA60且上行), 处于活跃板块[塑料制品](当日涨幅分位65%, 板块涨停1家) 距60日高点19.0% 20日涨幅23.0%",板块[塑料制品]轮动延续/资金承接,收盘10.92 MA20上方 量比0.68,"次日开盘[-2%,+3%]为观察区间; 收盘站上max(开盘,昨收)视为买点触发",昨收10.92,板块退潮补跌/资金承接不足/持续阴跌,1
2026-04-02,2026-04-03,defensive,lu,000788.SZ,北大医药,化学制药,77.0,"{'theme': 0.4, 'ladder': 0.9, 'seal': 0.4, 'time': 1.0, 'liq': 1.0, 'struct': 1.0}",涨停组: 创新药方向 2板 封单比7.8% 涨停时间09:30 题材内涨停3家 成交9.9亿,创新药+右酮洛芬+帕利哌酮获批,2连板 换手承接量比2.77,"次日竞价与开盘承接: 高开幅度观察区间[-2%,+5%]; 开盘涨幅≤+3%且不破昨收-3%视为买点触发",昨收7.22,高位情绪兑现/次日低开大幅回撤/炸板断板,1
2026-04-02,2026-04-03,defensive,lu,603222.SH,济民健康,医疗器械,62.0,"{'theme': 0.4, 'ladder': 0.55, 'seal': 0.7, 'time': 0.3, 'liq': 1.0, 'struct': 1.0}",涨停组: 创新药方向 1板 封单比13.9% 涨停时间13:35 题材内涨停3家 成交4.7亿,创新药+医疗器械+海南自贸港,1连板 换手承接量比2.38,"次日竞价与开盘承接: 高开幅度观察区间[-2%,+5%]; 开盘涨幅≤+3%且不破昨收-3%视为买点触发",昨收10.15,高位情绪兑现/次日低开大幅回撤/炸板断板,1
2026-04-02,2026-04-03,defensive,nlu,002756.SZ,永兴材料,能源金属,90.06640625,"{'sector': 0.81265625, 'trend': 1.0, 'pos': 0.85, 'mom': 1.0, 'liq': 1.0, 'recog': 0.85}","非涨停组: 趋势结构多头(MA20>MA60且上行), 处于活跃板块[能源金属](当日涨幅分位92%, 板块涨停1家) 距60日高点10.9% 20日涨幅7.5%",板块[能源金属]轮动延续/资金承接,收盘73.41 MA20上方 量比0.84,"次日开盘[-2%,+3%]为观察区间; 收盘站上max(开盘,昨收)视为买点触发",昨收73.41,板块退潮补跌/资金承接不足/持续阴跌,1
2026-04-03,2026-04-07,defensive,lu,002792.SZ,通宇通讯,通信设备,70.0,"{'theme': 0.4, 'ladder': 0.55, 'seal': 0.4, 'time': 1.0, 'liq': 1.0, 'struct': 1.0}",涨停组: 光模块方向 1板 封单比6.1% 涨停时间09:31 题材内涨停3家 成交28.6亿,光模块+卫星通信+商业航天+基站天线,1连板 换手承接量比1.11,"次日竞价与开盘承接: 高开幅度观察区间[-2%,+5%]; 开盘涨幅≤+3%且不破昨收-3%视为买点触发",昨收45.34,高位情绪兑现/次日低开大幅回撤/炸板断板,1
2026-04-03,2026-04-07,defensive,lu,003031.SZ,中瓷电子,通信设备,64.0,"{'theme': 0.4, 'ladder': 0.55, 'seal': 0.4, 'time': 0.7, 'liq': 1.0, 'struct': 1.0}",涨停组: 光模块方向 1板 封单比5.1% 涨停时间10:34 题材内涨停3家 成交16.3亿,光模块+SiC芯片+电子陶瓷+央企,1连板 换手承接量比1.47,"次日竞价与开盘承接: 高开幅度观察区间[-2%,+5%]; 开盘涨幅≤+3%且不破昨收-3%视为买点触发",昨收88.57,高位情绪兑现/次日低开大幅回撤/炸板断板,1
2026-04-03,2026-04-07,defensive,nlu,002263.SZ,大东南,塑料制品,87.88671875,"{'sector': 0.6654687499999999, 'trend': 1.0, 'pos': 0.85, 'mom': 1.0, 'liq': 1.0, 'recog': 1.0}","非涨停组: 趋势结构多头(MA20>MA60且上行), 处于活跃板块[塑料制品](当日涨幅分位73%, 板块涨停1家) 距60日高点10.0% 20日涨幅29.1%",板块[塑料制品]轮动延续/资金承接,收盘4.66 MA20上方 量比1.19,"次日开盘[-2%,+3%]为观察区间; 收盘站上max(开盘,昨收)视为买点触发",昨收4.66,板块退潮补跌/资金承接不足/持续阴跌,1
2026-04-07,2026-04-08,aggressive,lu,600596.SH,新安股份,农化制品,76.0,"{'theme': 0.2, 'ladder': 0.55, 'seal': 1.0, 'time': 0.85, 'liq': 1.0, 'struct': 1.0}",涨停组: 草甘膦方向 1板 封单比38.8% 涨停时间09:46 题材内涨停2家 成交3.0亿,草甘膦+有机硅+硅能源+人形机器人,1连板 换手承接量比1.45,"次日竞价与开盘承接: 高开幅度观察区间[-2%,+5%]; 开盘涨幅≤+3%且不破昨收-3%视为买点触发",昨收11.5,高位情绪兑现/次日低开大幅回撤/炸板断板,1
2026-04-07,2026-04-08,aggressive,lu,603260.SH,合盛硅业,化学制品,76.0,"{'theme': 0.2, 'ladder': 0.55, 'seal': 1.0, 'time': 0.85, 'liq': 1.0, 'struct': 1.0}",涨停组: 有机硅方向 1板 封单比24.8% 涨停时间10:01 题材内涨停2家 成交5.3亿,有机硅+碳化硅+定增热电,1连板 换手承接量比1.74,"次日竞价与开盘承接: 高开幅度观察区间[-2%,+5%]; 开盘涨幅≤+3%且不破昨收-3%视为买点触发",昨收43.02,高位情绪兑现/次日低开大幅回撤/炸板断板,1
2026-04-07,2026-04-08,aggressive,nlu,000070.SZ,特发信息,通信设备,87.9375,"{'sector': 0.6675, 'trend': 1.0, 'pos': 0.85, 'mom': 1.0, 'liq': 1.0, 'recog': 1.0}","非涨停组: 趋势结构多头(MA20>MA60且上行), 处于活跃板块[通信设备](当日涨幅分位44%, 板块涨停4家) 距60日高点10.7% 20日涨幅10.1%",板块[通信设备]轮动延续/资金承接,收盘18.13 MA20上方 量比0.77,"次日开盘[-2%,+3%]为观察区间; 收盘站上max(开盘,昨收)视为买点触发",昨收18.13,板块退潮补跌/资金承接不足/持续阴跌,1
2026-04-08,2026-04-09,normal,lu,002181.SZ,粤传媒,文化传媒,92.0,"{'theme': 1.0, 'ladder': 0.9, 'seal': 1.0, 'time': 1.0, 'liq': 1.0, 'struct': 0.6}",涨停组: AI营销方向 2板 封单比18.3% 涨停时间09:31 题材内涨停6家 成交6.3亿,AI营销+全运会IP+广州国资+年报增长,2连板 换手承接量比0.70,"次日竞价与开盘承接: 高开幅度观察区间[-2%,+5%]; 开盘涨幅≤+3%且不破昨收-3%视为买点触发",昨收12.99,高位情绪兑现/次日低开大幅回撤/炸板断板,1
2026-04-08,2026-04-09,normal,lu,002995.SZ,天地在线,文化传媒,88.0,"{'theme': 1.0, 'ladder': 0.55, 'seal': 1.0, 'time': 0.85, 'liq': 1.0, 'struct': 1.0}",涨停组: AI营销方向 1板 封单比19.9% 涨停时间10:23 题材内涨停6家 成交4.8亿,AI营销+抖音概念+持股中书艺莲+VR文旅,1连板 换手承接量比0.98,"次日竞价与开盘承接: 高开幅度观察区间[-2%,+5%]; 开盘涨幅≤+3%且不破昨收-3%视为买点触发",昨收24.76,高位情绪兑现/次日低开大幅回撤/炸板断板,1
2026-04-08,2026-04-09,normal,nlu,603052.SH,可川科技,消费电子,93.02734375,"{'sector': 0.93109375, 'trend': 1.0, 'pos': 0.85, 'mom': 1.0, 'liq': 1.0, 'recog': 0.85}","非涨停组: 趋势结构多头(MA20>MA60且上行), 处于活跃板块[消费电子](当日涨幅分位92%, 板块涨停2家) 距60日高点13.9% 20日涨幅5.5%",板块[消费电子]轮动延续/资金承接,收盘64.37 MA20上方 量比1.13,"次日开盘[-2%,+3%]为观察区间; 收盘站上max(开盘,昨收)视为买点触发",昨收64.37,板块退潮补跌/资金承接不足/持续阴跌,1
2026-04-08,2026-04-09,normal,nlu,603803.SH,瑞斯康达,通信设备,92.66796875,"{'sector': 0.91671875, 'trend': 1.0, 'pos': 0.85, 'mom': 1.0, 'liq': 1.0, 'recog': 0.85}","非涨停组: 趋势结构多头(MA20>MA60且上行), 处于活跃板块[通信设备](当日涨幅分位87%, 板块涨停6家) 距60日高点12.5% 20日涨幅27.3%",板块[通信设备]轮动延续/资金承接,收盘14.00 MA20上方 量比0.92,"次日开盘[-2%,+3%]为观察区间; 收盘站上max(开盘,昨收)视为买点触发",昨收14.00,板块退潮补跌/资金承接不足/持续阴跌,1
2026-04-09,2026-04-10,defensive,lu,002975.SZ,博杰股份,自动化设备,83.0,"{'theme': 0.4, 'ladder': 0.9, 'seal': 0.7, 'time': 1.0, 'liq': 1.0, 'struct': 1.0}",涨停组: 液冷服务器方向 2板 封单比14.0% 涨停时间09:39 题材内涨停3家 成交9.8亿,液冷服务器+AI服务器测试+年报增长,2连板 换手承接量比1.88,"次日竞价与开盘承接: 高开幅度观察区间[-2%,+5%]; 开盘涨幅≤+3%且不破昨收-3%视为买点触发",昨收86.9,高位情绪兑现/次日低开大幅回撤/炸板断板,1
2026-04-09,2026-04-10,defensive,lu,002342.SZ,巨力索具,通用设备,74.0,"{'theme': 0.2, 'ladder': 0.9, 'seal': 0.4, 'time': 1.0, 'liq': 1.0, 'struct': 1.0}",涨停组: 商业航天方向 2板 封单比5.0% 涨停时间09:42 题材内涨停2家 成交41.6亿,商业航天+深海系泊+索具龙头,2连板 换手承接量比1.56,"次日竞价与开盘承接: 高开幅度观察区间[-2%,+5%]; 开盘涨幅≤+3%且不破昨收-3%视为买点触发",昨收15.59,高位情绪兑现/次日低开大幅回撤/炸板断板,1
2026-04-09,2026-04-10,defensive,nlu,603803.SH,瑞斯康达,通信设备,93.98828125,"{'sector': 0.96953125, 'trend': 1.0, 'pos': 0.85, 'mom': 1.0, 'liq': 1.0, 'recog': 0.85}","非涨停组: 趋势结构多头(MA20>MA60且上行), 处于活跃板块[通信设备](当日涨幅分位95%, 板块涨停5家) 距60日高点10.4% 20日涨幅18.5%",板块[通信设备]轮动延续/资金承接,收盘14.34 MA20上方 量比1.18,"次日开盘[-2%,+3%]为观察区间; 收盘站上max(开盘,昨收)视为买点触发",昨收14.34,板块退潮补跌/资金承接不足/持续阴跌,1
2026-04-10,2026-04-13,normal,lu,600707.SH,彩虹股份,光学光电子,86.0,"{'theme': 0.2, 'ladder': 0.9, 'seal': 1.0, 'time': 1.0, 'liq': 1.0, 'struct': 1.0}",涨停组: 玻璃基板方向 2板 封单比18.0% 涨停时间09:30 题材内涨停2家 成交6.5亿,玻璃基板+ITC胜诉+国企改革,2连板 换手承接量比2.38,"次日竞价与开盘承接: 高开幅度观察区间[-2%,+5%]; 开盘涨幅≤+3%且不破昨收-3%视为买点触发",昨收7.02,高位情绪兑现/次日低开大幅回撤/炸板断板,1
2026-04-10,2026-04-13,normal,lu,603200.SH,上海洗霸,环境治理,79.0,"{'theme': 0.4, 'ladder': 0.55, 'seal': 1.0, 'time': 0.85, 'liq': 1.0, 'struct': 1.0}",涨停组: 固态电池方向 1板 封单比35.5% 涨停时间10:02 题材内涨停3家 成交5.1亿,固态电池+液冷服务器+业绩预增,1连板 换手承接量比1.53,"次日竞价与开盘承接: 高开幅度观察区间[-2%,+5%]; 开盘涨幅≤+3%且不破昨收-3%视为买点触发",昨收61.71,高位情绪兑现/次日低开大幅回撤/炸板断板,1
2026-04-10,2026-04-13,normal,nlu,605376.SH,博迁新材,能源金属,90.87109375,"{'sector': 0.84484375, 'trend': 1.0, 'pos': 0.85, 'mom': 1.0, 'liq': 1.0, 'recog': 0.85}","非涨停组: 趋势结构多头(MA20>MA60且上行), 处于活跃板块[能源金属](当日涨幅分位98%, 板块涨停1家) 距60日高点12.8% 20日涨幅9.3%",板块[能源金属]轮动延续/资金承接,收盘104.87 MA20上方 量比1.12,"次日开盘[-2%,+3%]为观察区间; 收盘站上max(开盘,昨收)视为买点触发",昨收104.87,板块退潮补跌/资金承接不足/持续阴跌,1
2026-04-10,2026-04-13,normal,nlu,600110.SH,诺德股份,电池,87.76953125,"{'sector': 0.9707812500000002, 'trend': 1.0, 'pos': 0.6, 'mom': 1.0, 'liq': 1.0, 'recog': 0.85}","非涨停组: 趋势结构多头(MA20>MA60且上行), 处于活跃板块[电池](当日涨幅分位99%, 板块涨停4家) 距60日高点7.2% 20日涨幅20.2%",板块[电池]轮动延续/资金承接,收盘9.88 MA20上方 量比1.03,"次日开盘[-2%,+3%]为观察区间; 收盘站上max(开盘,昨收)视为买点触发",昨收9.88,板块退潮补跌/资金承接不足/持续阴跌,1
2026-04-13,2026-04-14,normal,lu,002439.SZ,启明星辰,软件开发,79.0,"{'theme': 0.2, 'ladder': 0.55, 'seal': 1.0, 'time': 1.0, 'liq': 1.0, 'struct': 1.0}",涨停组: 一季报预增方向 1板 封单比30.2% 涨停时间09:25 题材内涨停2家 成交3.9亿,一季报预增+AI安全+央企,1连板 换手承接量比2.01,"次日竞价与开盘承接: 高开幅度观察区间[-2%,+5%]; 开盘涨幅≤+3%且不破昨收-3%视为买点触发",昨收14.26,高位情绪兑现/次日低开大幅回撤/炸板断板,1
2026-04-13,2026-04-14,normal,lu,600152.SH,维科技术,电池,73.0,"{'theme': 0.2, 'ladder': 0.55, 'seal': 0.7, 'time': 1.0, 'liq': 1.0, 'struct': 1.0}",涨停组: 钠离子电池方向 1板 封单比11.0% 涨停时间09:37 题材内涨停2家 成交7.6亿,钠离子电池+定增+消费电子,1连板 换手承接量比1.03,"次日竞价与开盘承接: 高开幅度观察区间[-2%,+5%]; 开盘涨幅≤+3%且不破昨收-3%视为买点触发",昨收10.81,高位情绪兑现/次日低开大幅回撤/炸板断板,1
2026-04-13,2026-04-14,normal,nlu,000815.SZ,美利云,通信服务,89.58984375,"{'sector': 0.7935937500000001, 'trend': 1.0, 'pos': 0.85, 'mom': 1.0, 'liq': 1.0, 'recog': 0.85}","非涨停组: 趋势结构多头(MA20>MA60且上行), 处于活跃板块[通信服务](当日涨幅分位79%, 板块涨停2家) 距60日高点10.3% 20日涨幅19.6%",板块[通信服务]轮动延续/资金承接,收盘20.28 MA20上方 量比1.05,"次日开盘[-2%,+3%]为观察区间; 收盘站上max(开盘,昨收)视为买点触发",昨收20.28,板块退潮补跌/资金承接不足/持续阴跌,1
2026-04-13,2026-04-14,normal,nlu,002636.SZ,金安国纪,元件,89.234375,"{'sector': 0.9693749999999999, 'trend': 1.0, 'pos': 0.6, 'mom': 1.0, 'liq': 1.0, 'recog': 1.0}","非涨停组: 趋势结构多头(MA20>MA60且上行), 处于活跃板块[元件](当日涨幅分位95%, 板块涨停2家) 距60日高点5.9% 20日涨幅26.0%",板块[元件]轮动延续/资金承接,收盘36.51 MA20上方 量比0.79,"次日开盘[-2%,+3%]为观察区间; 收盘站上max(开盘,昨收)视为买点触发",昨收36.51,板块退潮补跌/资金承接不足/持续阴跌,1
2026-04-14,2026-04-15,normal,lu,000620.SZ,盈新发展,房地产,82.0,"{'theme': 0.4, 'ladder': 0.55, 'seal': 1.0, 'time': 1.0, 'liq': 1.0, 'struct': 1.0}",涨停组: 存储芯片方向 1板 封单比15.7% 涨停时间09:45 题材内涨停3家 成交6.7亿,存储芯片+拟收购长兴半导体+文旅地产,1连板 换手承接量比1.51,"次日竞价与开盘承接: 高开幅度观察区间[-2%,+5%]; 开盘涨幅≤+3%且不破昨收-3%视为买点触发",昨收3.11,高位情绪兑现/次日低开大幅回撤/炸板断板,1
2026-04-14,2026-04-15,normal,lu,002213.SZ,大为股份,半导体,76.0,"{'theme': 0.4, 'ladder': 0.55, 'seal': 1.0, 'time': 1.0, 'liq': 1.0, 'struct': 0.6}",涨停组: 存储芯片方向 1板 封单比16.9% 涨停时间09:43 题材内涨停3家 成交6.6亿,存储芯片+锂矿资源+拟定增,1连板 换手承接量比0.42,"次日竞价与开盘承接: 高开幅度观察区间[-2%,+5%]; 开盘涨幅≤+3%且不破昨收-3%视为买点触发",昨收38.08,高位情绪兑现/次日低开大幅回撤/炸板断板,1
2026-04-14,2026-04-15,normal,nlu,600590.SH,泰豪科技,其他电源设备,94.00390625,"{'sector': 0.97015625, 'trend': 1.0, 'pos': 0.85, 'mom': 1.0, 'liq': 1.0, 'recog': 0.85}","非涨停组: 趋势结构多头(MA20>MA60且上行), 处于活跃板块[其他电源设备](当日涨幅分位97%, 板块涨停2家) 距60日高点12.3% 20日涨幅5.2%",板块[其他电源设备]轮动延续/资金承接,收盘15.06 MA20上方 量比1.13,"次日开盘[-2%,+3%]为观察区间; 收盘站上max(开盘,昨收)视为买点触发",昨收15.06,板块退潮补跌/资金承接不足/持续阴跌,1
2026-04-14,2026-04-15,normal,nlu,603308.SH,应流股份,通用设备,88.296875,"{'sector': 0.8418749999999999, 'trend': 1.0, 'pos': 0.85, 'mom': 1.0, 'liq': 1.0, 'recog': 0.6}","非涨停组: 趋势结构多头(MA20>MA60且上行), 处于活跃板块[通用设备](当日涨幅分位79%, 板块涨停2家) 距60日高点13.2% 20日涨幅8.1%",板块[通用设备]轮动延续/资金承接,收盘66.58 MA20上方 量比1.01,"次日开盘[-2%,+3%]为观察区间; 收盘站上max(开盘,昨收)视为买点触发",昨收66.58,板块退潮补跌/资金承接不足/持续阴跌,1
2026-04-15,2026-04-16,defensive,lu,600664.SH,哈药股份,化学制药,77.0,"{'theme': 0.6, 'ladder': 0.9, 'seal': 0.4, 'time': 0.85, 'liq': 1.0, 'struct': 1.0}",涨停组: 创新药方向 2板 封单比7.2% 涨停时间09:59 题材内涨停4家 成交19.7亿,创新药+保健品+仿制药一致性评价,2连板 换手承接量比1.79,"次日竞价与开盘承接: 高开幅度观察区间[-2%,+5%]; 开盘涨幅≤+3%且不破昨收-3%视为买点触发",昨收4.44,高位情绪兑现/次日低开大幅回撤/炸板断板,1
2026-04-15,2026-04-16,defensive,lu,600267.SH,海正药业,化学制药,76.0,"{'theme': 0.6, 'ladder': 0.55, 'seal': 0.7, 'time': 0.85, 'liq': 1.0, 'struct': 1.0}",涨停组: 创新药方向 1板 封单比12.0% 涨停时间09:54 题材内涨停4家 成交5.5亿,创新药+合成生物+浙江国资,1连板 换手承接量比2.40,"次日竞价与开盘承接: 高开幅度观察区间[-2%,+5%]; 开盘涨幅≤+3%且不破昨收-3%视为买点触发",昨收11.39,高位情绪兑现/次日低开大幅回撤/炸板断板,1
2026-04-15,2026-04-16,defensive,nlu,002353.SZ,杰瑞股份,专用设备,87.8515625,"{'sector': 0.5740625, 'trend': 1.0, 'pos': 1.0, 'mom': 1.0, 'liq': 1.0, 'recog': 0.85}","非涨停组: 趋势结构多头(MA20>MA60且上行), 处于活跃板块[专用设备](当日涨幅分位43%, 板块涨停2家) 距60日高点15.8% 20日涨幅8.7%",板块[专用设备]轮动延续/资金承接,收盘108.97 MA20上方 量比0.73,"次日开盘[-2%,+3%]为观察区间; 收盘站上max(开盘,昨收)视为买点触发",昨收108.97,板块退潮补跌/资金承接不足/持续阴跌,1
2026-04-16,2026-04-17,aggressive,lu,605060.SH,联德股份,通用设备,85.0,"{'theme': 0.6, 'ladder': 0.55, 'seal': 1.0, 'time': 1.0, 'liq': 1.0, 'struct': 1.0}",涨停组: 燃气轮机方向 1板 封单比19.2% 涨停时间09:45 题材内涨停4家 成交5.0亿,燃气轮机+液冷+年报增长,1连板 换手承接量比0.82,"次日竞价与开盘承接: 高开幅度观察区间[-2%,+5%]; 开盘涨幅≤+3%且不破昨收-3%视为买点触发",昨收58.95,高位情绪兑现/次日低开大幅回撤/炸板断板,1
2026-04-16,2026-04-17,aggressive,lu,600156.SH,华升股份,纺织制造,81.0,"{'theme': 1.0, 'ladder': 0.55, 'seal': 1.0, 'time': 0.7, 'liq': 0.6, 'struct': 1.0}",涨停组: 算力租赁方向 1板 封单比36.8% 涨停时间10:32 题材内涨停6家 成交1.7亿,算力租赁+拟收购易信科技+湖南国资,1连板 换手承接量比1.21,"次日竞价与开盘承接: 高开幅度观察区间[-2%,+5%]; 开盘涨幅≤+3%且不破昨收-3%视为买点触发",昨收8.42,高位情绪兑现/次日低开大幅回撤/炸板断板,1
2026-04-16,2026-04-17,aggressive,nlu,603588.SH,高能环境,环境治理,88.34765625,"{'sector': 0.75390625, 'trend': 0.8, 'pos': 1.0, 'mom': 1.0, 'liq': 1.0, 'recog': 0.85}","非涨停组: 趋势结构多头(MA20>MA60且上行), 处于活跃板块[环境治理](当日涨幅分位78%, 板块涨停4家) 距60日高点15.9% 20日涨幅6.9%",板块[环境治理]轮动延续/资金承接,收盘15.60 MA20上方 量比0.76,"次日开盘[-2%,+3%]为观察区间; 收盘站上max(开盘,昨收)视为买点触发",昨收15.60,板块退潮补跌/资金承接不足/持续阴跌,1
2026-04-17,2026-04-20,normal,lu,600156.SH,华升股份,纺织制造,86.0,"{'theme': 0.6, 'ladder': 0.9, 'seal': 0.7, 'time': 1.0, 'liq': 1.0, 'struct': 1.0}",涨停组: 算力租赁方向 2板 封单比8.8% 涨停时间09:30 题材内涨停4家 成交3.8亿,算力租赁+拟收购易信科技+湖南国资,2连板 换手承接量比1.89,"次日竞价与开盘承接: 高开幅度观察区间[-2%,+5%]; 开盘涨幅≤+3%且不破昨收-3%视为买点触发",昨收9.26,高位情绪兑现/次日低开大幅回撤/炸板断板,1
2026-04-17,2026-04-20,normal,lu,600520.SH,三佳科技,专用设备,79.0,"{'theme': 0.4, 'ladder': 0.55, 'seal': 1.0, 'time': 0.85, 'liq': 1.0, 'struct': 1.0}",涨停组: 先进封装方向 1板 封单比17.0% 涨停时间10:25 题材内涨停3家 成交3.3亿,先进封装+半导体设备+合肥国资,1连板 换手承接量比1.98,"次日竞价与开盘承接: 高开幅度观察区间[-2%,+5%]; 开盘涨幅≤+3%且不破昨收-3%视为买点触发",昨收27.81,高位情绪兑现/次日低开大幅回撤/炸板断板,1
2026-04-17,2026-04-20,normal,nlu,000973.SZ,佛塑科技,塑料制品,92.57421875,"{'sector': 0.9129687500000001, 'trend': 1.0, 'pos': 0.85, 'mom': 1.0, 'liq': 1.0, 'recog': 0.85}","非涨停组: 趋势结构多头(MA20>MA60且上行), 处于活跃板块[塑料制品](当日涨幅分位93%, 板块涨停3家) 距60日高点11.1% 20日涨幅23.0%",板块[塑料制品]轮动延续/资金承接,收盘18.40 MA20上方 量比1.14,"次日开盘[-2%,+3%]为观察区间; 收盘站上max(开盘,昨收)视为买点触发",昨收18.40,板块退潮补跌/资金承接不足/持续阴跌,1
2026-04-17,2026-04-20,normal,nlu,002471.SZ,中超控股,电网设备,88.984375,"{'sector': 0.7193750000000001, 'trend': 1.0, 'pos': 1.0, 'mom': 1.0, 'liq': 1.0, 'recog': 0.6}","非涨停组: 趋势结构多头(MA20>MA60且上行), 处于活跃板块[电网设备](当日涨幅分位62%, 板块涨停2家) 距60日高点15.9% 20日涨幅11.1%",板块[电网设备]轮动延续/资金承接,收盘9.14 MA20上方 量比0.95,"次日开盘[-2%,+3%]为观察区间; 收盘站上max(开盘,昨收)视为买点触发",昨收9.14,板块退潮补跌/资金承接不足/持续阴跌,1
2026-04-20,2026-04-21,aggressive,lu,600156.SH,华升股份,纺织制造,88.0,"{'theme': 0.2, 'ladder': 1.0, 'seal': 1.0, 'time': 1.0, 'liq': 1.0, 'struct': 1.0}",涨停组: 算力租赁方向 3板 封单比27.2% 涨停时间09:31 题材内涨停2家 成交3.6亿,算力租赁+液冷+拟收购易信科技+湖南国资,3连板 换手承接量比1.47,"次日竞价与开盘承接: 高开幅度观察区间[-2%,+5%]; 开盘涨幅≤+3%且不破昨收-3%视为买点触发",昨收10.19,高位情绪兑现/次日低开大幅回撤/炸板断板,1
2026-04-20,2026-04-21,aggressive,lu,603699.SH,纽威股份,通用设备,82.0,"{'theme': 0.4, 'ladder': 0.55, 'seal': 1.0, 'time': 1.0, 'liq': 1.0, 'struct': 1.0}",涨停组: 年报增长方向 1板 封单比35.8% 涨停时间09:33 题材内涨停3家 成交3.2亿,年报增长+核电阀门+氢能应用,1连板 换手承接量比0.93,"次日竞价与开盘承接: 高开幅度观察区间[-2%,+5%]; 开盘涨幅≤+3%且不破昨收-3%视为买点触发",昨收56.32,高位情绪兑现/次日低开大幅回撤/炸板断板,1
2026-04-20,2026-04-21,aggressive,nlu,603618.SH,杭电股份,电网设备,96.66796875,"{'sector': 0.92671875, 'trend': 1.0, 'pos': 1.0, 'mom': 1.0, 'liq': 1.0, 'recog': 0.85}","非涨停组: 趋势结构多头(MA20>MA60且上行), 处于活跃板块[电网设备](当日涨幅分位91%, 板块涨停5家) 距60日高点15.5% 20日涨幅26.7%",板块[电网设备]轮动延续/资金承接,收盘25.44 MA20上方 量比0.95,"次日开盘[-2%,+3%]为观察区间; 收盘站上max(开盘,昨收)视为买点触发",昨收25.44,板块退潮补跌/资金承接不足/持续阴跌,1
2026-04-21,2026-04-22,defensive,lu,603017.SH,中衡设计,建筑装饰,91.0,"{'theme': 0.8, 'ladder': 0.9, 'seal': 1.0, 'time': 1.0, 'liq': 0.6, 'struct': 1.0}",涨停组: 商业航天方向 2板 封单比40.5% 涨停时间09:30 题材内涨停5家 成交2.3亿,商业航天+低空经济+工程设计,2连板 换手承接量比0.87,"次日竞价与开盘承接: 高开幅度观察区间[-2%,+5%]; 开盘涨幅≤+3%且不破昨收-3%视为买点触发",昨收15.63,高位情绪兑现/次日低开大幅回撤/炸板断板,1
2026-04-21,2026-04-22,defensive,lu,600736.SH,苏州高新,房地产,85.0,"{'theme': 0.8, 'ladder': 0.55, 'seal': 1.0, 'time': 0.85, 'liq': 1.0, 'struct': 1.0}",涨停组: 商业航天方向 1板 封单比40.1% 涨停时间09:52 题材内涨停5家 成交3.3亿,商业航天+产业园运营+脑机接口+国企,1连板 换手承接量比2.10,"次日竞价与开盘承接: 高开幅度观察区间[-2%,+5%]; 开盘涨幅≤+3%且不破昨收-3%视为买点触发",昨收6.92,高位情绪兑现/次日低开大幅回撤/炸板断板,1
2026-04-21,2026-04-22,defensive,nlu,601778.SH,晶科科技,电力,94.41015625,"{'sector': 0.9264062499999999, 'trend': 1.0, 'pos': 0.85, 'mom': 1.0, 'liq': 1.0, 'recog': 1.0}","非涨停组: 趋势结构多头(MA20>MA60且上行), 处于活跃板块[电力](当日涨幅分位95%, 板块涨停5家) 距60日高点13.4% 20日涨幅18.0%",板块[电力]轮动延续/资金承接,收盘6.31 MA20上方 量比0.88,"次日开盘[-2%,+3%]为观察区间; 收盘站上max(开盘,昨收)视为买点触发",昨收6.31,板块退潮补跌/资金承接不足/持续阴跌,1
2026-04-22,2026-04-23,normal,lu,603618.SH,杭电股份,电网设备,64.0,"{'theme': 0.2, 'ladder': 0.55, 'seal': 0.4, 'time': 0.85, 'liq': 1.0, 'struct': 1.0}",涨停组: 一季报增长方向 1板 封单比5.9% 涨停时间09:49 题材内涨停2家 成交20.3亿,一季报增长+光纤涨价+特高压+锂电铜箔,1连板 换手承接量比0.85,"次日竞价与开盘承接: 高开幅度观察区间[-2%,+5%]; 开盘涨幅≤+3%且不破昨收-3%视为买点触发",昨收28.55,高位情绪兑现/次日低开大幅回撤/炸板断板,1
2026-04-22,2026-04-23,normal,lu,002384.SZ,东山精密,元件,57.0,"{'theme': 0.2, 'ladder': 0.55, 'seal': 0.4, 'time': 0.7, 'liq': 0.6, 'struct': 1.0}",涨停组: 光模块方向 1板 封单比4.6% 涨停时间11:28 题材内涨停2家 成交150.4亿,光模块+AI PCB+年报增长,1连板 换手承接量比0.85,"次日竞价与开盘承接: 高开幅度观察区间[-2%,+5%]; 开盘涨幅≤+3%且不破昨收-3%视为买点触发",昨收186.34,高位情绪兑现/次日低开大幅回撤/炸板断板,1
2026-04-22,2026-04-23,normal,nlu,600410.SH,华胜天成,IT服务,92.546875,"{'sector': 0.7618750000000001, 'trend': 1.0, 'pos': 1.0, 'mom': 1.0, 'liq': 1.0, 'recog': 0.85}","非涨停组: 趋势结构多头(MA20>MA60且上行), 处于活跃板块[IT服务](当日涨幅分位89%, 板块涨停1家) 距60日高点16.3% 20日涨幅15.2%",板块[IT服务]轮动延续/资金承接,收盘28.71 MA20上方 量比0.95,"次日开盘[-2%,+3%]为观察区间; 收盘站上max(开盘,昨收)视为买点触发",昨收28.71,板块退潮补跌/资金承接不足/持续阴跌,1
2026-04-22,2026-04-23,normal,nlu,002897.SZ,意华股份,通信设备,91.54296875,"{'sector': 0.97171875, 'trend': 1.0, 'pos': 0.85, 'mom': 1.0, 'liq': 1.0, 'recog': 0.6}","非涨停组: 趋势结构多头(MA20>MA60且上行), 处于活跃板块[通信设备](当日涨幅分位97%, 板块涨停4家) 距60日高点10.0% 20日涨幅10.6%",板块[通信设备]轮动延续/资金承接,收盘68.12 MA20上方 量比1.12,"次日开盘[-2%,+3%]为观察区间; 收盘站上max(开盘,昨收)视为买点触发",昨收68.12,板块退潮补跌/资金承接不足/持续阴跌,1
2026-04-23,2026-04-24,defensive,lu,002793.SZ,罗欣药业,化学制药,81.0,"{'theme': 0.8, 'ladder': 0.55, 'seal': 1.0, 'time': 0.85, 'liq': 0.6, 'struct': 1.0}",涨停组: 一季报增长方向 1板 封单比28.5% 涨停时间09:50 题材内涨停5家 成交2.8亿,一季报增长+创新药+替戈拉生片+医保全覆盖,1连板 换手承接量比2.05,"次日竞价与开盘承接: 高开幅度观察区间[-2%,+5%]; 开盘涨幅≤+3%且不破昨收-3%视为买点触发",昨收5.63,高位情绪兑现/次日低开大幅回撤/炸板断板,1
2026-04-23,2026-04-24,defensive,lu,603618.SH,杭电股份,电网设备,78.0,"{'theme': 0.8, 'ladder': 0.9, 'seal': 0.15, 'time': 1.0, 'liq': 1.0, 'struct': 1.0}",涨停组: 一季报增长方向 2板 封单比2.7% 涨停时间09:35 题材内涨停5家 成交31.8亿,一季报增长+光纤涨价+特高压+锂电铜箔,2连板 换手承接量比1.14,"次日竞价与开盘承接: 高开幅度观察区间[-2%,+5%]; 开盘涨幅≤+3%且不破昨收-3%视为买点触发",昨收31.41,高位情绪兑现/次日低开大幅回撤/炸板断板,1
2026-04-23,2026-04-24,defensive,nlu,000037.SZ,深南电A,电力,91.3515625,"{'sector': 0.9640625, 'trend': 1.0, 'pos': 0.85, 'mom': 1.0, 'liq': 1.0, 'recog': 0.6}","非涨停组: 趋势结构多头(MA20>MA60且上行), 处于活跃板块[电力](当日涨幅分位95%, 板块涨停6家) 距60日高点12.2% 20日涨幅6.2%",板块[电力]轮动延续/资金承接,收盘11.54 MA20上方 量比1.20,"次日开盘[-2%,+3%]为观察区间; 收盘站上max(开盘,昨收)视为买点触发",昨收11.54,板块退潮补跌/资金承接不足/持续阴跌,1
2026-04-24,2026-04-27,defensive,lu,603967.SH,中创物流,物流,78.0,"{'theme': 0.4, 'ladder': 0.55, 'seal': 1.0, 'time': 1.0, 'liq': 0.6, 'struct': 1.0}",涨停组: 一季报增长方向 1板 封单比60.8% 涨停时间09:39 题材内涨停3家 成交1.6亿,一季报增长+工程物流+海外布局,1连板 换手承接量比2.45,"次日竞价与开盘承接: 高开幅度观察区间[-2%,+5%]; 开盘涨幅≤+3%且不破昨收-3%视为买点触发",昨收14.73,高位情绪兑现/次日低开大幅回撤/炸板断板,1
2026-04-24,2026-04-27,defensive,lu,002127.SZ,南极电商,互联网电商,73.0,"{'theme': 0.4, 'ladder': 0.55, 'seal': 0.7, 'time': 0.85, 'liq': 1.0, 'struct': 1.0}",涨停组: 一季报扭亏方向 1板 封单比9.4% 涨停时间10:09 题材内涨停3家 成交3.3亿,一季报扭亏+品牌授权+线下自营+互联网电商,1连板 换手承接量比2.53,"次日竞价与开盘承接: 高开幅度观察区间[-2%,+5%]; 开盘涨幅≤+3%且不破昨收-3%视为买点触发",昨收3.08,高位情绪兑现/次日低开大幅回撤/炸板断板,1
2026-04-24,2026-04-27,defensive,nlu,000408.SZ,藏格矿业,农化制品,87.19921875,"{'sector': 0.94796875, 'trend': 1.0, 'pos': 0.6, 'mom': 1.0, 'liq': 1.0, 'recog': 0.85}","非涨停组: 趋势结构多头(MA20>MA60且上行), 处于活跃板块[农化制品](当日涨幅分位96%, 板块涨停2家) 距60日高点5.6% 20日涨幅18.0%",板块[农化制品]轮动延续/资金承接,收盘90.25 MA20上方 量比1.03,"次日开盘[-2%,+3%]为观察区间; 收盘站上max(开盘,昨收)视为买点触发",昨收90.25,板块退潮补跌/资金承接不足/持续阴跌,1
2026-04-27,2026-04-28,defensive,lu,002115.SZ,三维通信,通信服务,91.0,"{'theme': 1.0, 'ladder': 0.55, 'seal': 1.0, 'time': 1.0, 'liq': 1.0, 'struct': 1.0}",涨停组: 一季报增长方向 1板 封单比19.3% 涨停时间09:31 题材内涨停7家 成交8.6亿,一季报增长+商业航天+5G中标+AI营销,1连板 换手承接量比1.20,"次日竞价与开盘承接: 高开幅度观察区间[-2%,+5%]; 开盘涨幅≤+3%且不破昨收-3%视为买点触发",昨收13.33,高位情绪兑现/次日低开大幅回撤/炸板断板,1
2026-04-27,2026-04-28,defensive,lu,002134.SZ,天津普林,元件,85.0,"{'theme': 1.0, 'ladder': 0.55, 'seal': 1.0, 'time': 0.7, 'liq': 1.0, 'struct': 1.0}",涨停组: 一季报增长方向 1板 封单比23.2% 涨停时间11:02 题材内涨停7家 成交4.8亿,一季报增长+PCB+玻璃芯基板+AI服务器,1连板 换手承接量比1.95,"次日竞价与开盘承接: 高开幅度观察区间[-2%,+5%]; 开盘涨幅≤+3%且不破昨收-3%视为买点触发",昨收24.98,高位情绪兑现/次日低开大幅回撤/炸板断板,1
2026-04-27,2026-04-28,defensive,nlu,603186.SH,华正新材,元件,93.70703125,"{'sector': 0.95828125, 'trend': 1.0, 'pos': 0.85, 'mom': 1.0, 'liq': 1.0, 'recog': 0.85}","非涨停组: 趋势结构多头(MA20>MA60且上行), 处于活跃板块[元件](当日涨幅分位95%, 板块涨停3家) 距60日高点14.6% 20日涨幅20.3%",板块[元件]轮动延续/资金承接,收盘75.21 MA20上方 量比0.98,"次日开盘[-2%,+3%]为观察区间; 收盘站上max(开盘,昨收)视为买点触发",昨收75.21,板块退潮补跌/资金承接不足/持续阴跌,1
2026-04-28,2026-04-29,defensive,lu,002210.SZ,飞马国际,环境治理,89.0,"{'theme': 0.4, 'ladder': 0.9, 'seal': 1.0, 'time': 1.0, 'liq': 1.0, 'struct': 1.0}",涨停组: 一季度扭亏方向 2板 封单比46.3% 涨停时间09:42 题材内涨停3家 成交4.9亿,一季度扭亏+固废处理+黄金供应链,2连板 换手承接量比2.14,"次日竞价与开盘承接: 高开幅度观察区间[-2%,+5%]; 开盘涨幅≤+3%且不破昨收-3%视为买点触发",昨收3.01,高位情绪兑现/次日低开大幅回撤/炸板断板,1
2026-04-28,2026-04-29,defensive,lu,002412.SZ,汉森制药,中药,87.0,"{'theme': 1.0, 'ladder': 0.55, 'seal': 1.0, 'time': 1.0, 'liq': 0.6, 'struct': 1.0}",涨停组: 一季报增长方向 1板 封单比42.2% 涨停时间09:36 题材内涨停6家 成交1.9亿,一季报增长+四磨汤中选集采+中药独家品种,1连板 换手承接量比2.35,"次日竞价与开盘承接: 高开幅度观察区间[-2%,+5%]; 开盘涨幅≤+3%且不破昨收-3%视为买点触发",昨收7.14,高位情绪兑现/次日低开大幅回撤/炸板断板,1
2026-04-28,2026-04-29,defensive,nlu,002015.SZ,协鑫能科,电力,89.9453125,"{'sector': 0.8178125, 'trend': 0.8, 'pos': 1.0, 'mom': 1.0, 'liq': 1.0, 'recog': 0.85}","非涨停组: 趋势结构多头(MA20>MA60且上行), 处于活跃板块[电力](当日涨幅分位82%, 板块涨停2家) 距60日高点17.9% 20日涨幅12.9%",板块[电力]轮动延续/资金承接,收盘18.77 MA20上方 量比0.79,"次日开盘[-2%,+3%]为观察区间; 收盘站上max(开盘,昨收)视为买点触发",昨收18.77,板块退潮补跌/资金承接不足/持续阴跌,1
2026-04-29,2026-04-30,normal,lu,000551.SZ,创元科技,环保设备,91.0,"{'theme': 1.0, 'ladder': 0.55, 'seal': 1.0, 'time': 1.0, 'liq': 1.0, 'struct': 1.0}",涨停组: 一季报增长方向 1板 封单比41.3% 涨停时间09:30 题材内涨停9家 成交3.4亿,一季报增长+商业航天+洁净环保+苏州国资,1连板 换手承接量比1.11,"次日竞价与开盘承接: 高开幅度观察区间[-2%,+5%]; 开盘涨幅≤+3%且不破昨收-3%视为买点触发",昨收15.76,高位情绪兑现/次日低开大幅回撤/炸板断板,1
2026-04-29,2026-04-30,normal,lu,002354.SZ,天娱数科,文化传媒,91.0,"{'theme': 1.0, 'ladder': 0.55, 'seal': 1.0, 'time': 1.0, 'liq': 1.0, 'struct': 1.0}",涨停组: 一季报大增方向 1板 封单比40.5% 涨停时间09:30 题材内涨停10家 成交3.1亿,一季报大增+算力租赁+AI应用,1连板 换手承接量比1.20,"次日竞价与开盘承接: 高开幅度观察区间[-2%,+5%]; 开盘涨幅≤+3%且不破昨收-3%视为买点触发",昨收5.95,高位情绪兑现/次日低开大幅回撤/炸板断板,1
2026-04-29,2026-04-30,normal,nlu,600989.SH,宝丰能源,化学原料,90.84375,"{'sector': 0.84375, 'trend': 1.0, 'pos': 0.85, 'mom': 1.0, 'liq': 1.0, 'recog': 0.85}","非涨停组: 趋势结构多头(MA20>MA60且上行), 处于活跃板块[化学原料](当日涨幅分位78%, 板块涨停4家) 距60日高点13.5% 20日涨幅8.6%",板块[化学原料]轮动延续/资金承接,收盘30.60 MA20上方 量比0.85,"次日开盘[-2%,+3%]为观察区间; 收盘站上max(开盘,昨收)视为买点触发",昨收30.60,板块退潮补跌/资金承接不足/持续阴跌,1
2026-04-29,2026-04-30,normal,nlu,605376.SH,博迁新材,能源金属,88.22265625,"{'sector': 0.9889062499999999, 'trend': 1.0, 'pos': 0.6, 'mom': 1.0, 'liq': 1.0, 'recog': 0.85}","非涨停组: 趋势结构多头(MA20>MA60且上行), 处于活跃板块[能源金属](当日涨幅分位98%, 板块涨停3家) 距60日高点5.8% 20日涨幅29.7%",板块[能源金属]轮动延续/资金承接,收盘119.57 MA20上方 量比0.97,"次日开盘[-2%,+3%]为观察区间; 收盘站上max(开盘,昨收)视为买点触发",昨收119.57,板块退潮补跌/资金承接不足/持续阴跌,1
2026-04-30,2026-05-06,normal,lu,601086.SH,国芳集团,零售,87.0,"{'theme': 1.0, 'ladder': 0.55, 'seal': 1.0, 'time': 1.0, 'liq': 0.6, 'struct': 1.0}",涨停组: 一季报增长方向 1板 封单比25.8% 涨停时间09:44 题材内涨停14家 成交2.2亿,一季报增长+百货零售+IP经济+参股券商,1连板 换手承接量比2.13,"次日竞价与开盘承接: 高开幅度观察区间[-2%,+5%]; 开盘涨幅≤+3%且不破昨收-3%视为买点触发",昨收8.93,高位情绪兑现/次日低开大幅回撤/炸板断板,1
2026-04-30,2026-05-06,normal,lu,002591.SZ,恒大高新,化学制品,87.0,"{'theme': 1.0, 'ladder': 0.55, 'seal': 1.0, 'time': 1.0, 'liq': 0.6, 'struct': 1.0}",涨停组: 一季报增长方向 1板 封单比17.5% 涨停时间09:25 题材内涨停14家 成交1.8亿,一季报增长+钠电材料+硅碳负极,1连板 换手承接量比1.51,"次日竞价与开盘承接: 高开幅度观察区间[-2%,+5%]; 开盘涨幅≤+3%且不破昨收-3%视为买点触发",昨收8.36,高位情绪兑现/次日低开大幅回撤/炸板断板,1
2026-04-30,2026-05-06,normal,nlu,001234.SZ,泰慕士,服装家纺,95.98828125,"{'sector': 0.8995312500000001, 'trend': 1.0, 'pos': 1.0, 'mom': 1.0, 'liq': 1.0, 'recog': 0.85}","非涨停组: 趋势结构多头(MA20>MA60且上行), 处于活跃板块[服装家纺](当日涨幅分位85%, 板块涨停2家) 距60日高点18.5% 20日涨幅22.2%",板块[服装家纺]轮动延续/资金承接,收盘30.81 MA20上方 量比1.09,"次日开盘[-2%,+3%]为观察区间; 收盘站上max(开盘,昨收)视为买点触发",昨收30.81,板块退潮补跌/资金承接不足/持续阴跌,1
2026-04-30,2026-05-06,normal,nlu,000988.SZ,华工科技,自动化设备,89.76171875,"{'sector': 0.81046875, 'trend': 1.0, 'pos': 1.0, 'mom': 1.0, 'liq': 0.6, 'recog': 0.85}","非涨停组: 趋势结构多头(MA20>MA60且上行), 处于活跃板块[自动化设备](当日涨幅分位93%, 板块涨停1家) 距60日高点15.5% 20日涨幅14.1%",板块[自动化设备]轮动延续/资金承接,收盘119.33 MA20上方 量比1.15,"次日开盘[-2%,+3%]为观察区间; 收盘站上max(开盘,昨收)视为买点触发",昨收119.33,板块退潮补跌/资金承接不足/持续阴跌,1
2026-05-06,2026-05-07,aggressive,lu,603316.SH,诚邦股份,半导体,91.0,"{'theme': 1.0, 'ladder': 0.55, 'seal': 1.0, 'time': 1.0, 'liq': 1.0, 'struct': 1.0}",涨停组: 存储芯片方向 1板 封单比16.5% 涨停时间09:40 题材内涨停7家 成交4.2亿,存储芯片+业绩暴增+定增扩产,1连板 换手承接量比1.13,"次日竞价与开盘承接: 高开幅度观察区间[-2%,+5%]; 开盘涨幅≤+3%且不破昨收-3%视为买点触发",昨收17.15,高位情绪兑现/次日低开大幅回撤/炸板断板,1
2026-05-06,2026-05-07,aggressive,lu,002355.SZ,兴民智通,汽车零部件,85.0,"{'theme': 1.0, 'ladder': 0.55, 'seal': 1.0, 'time': 0.7, 'liq': 1.0, 'struct': 1.0}",涨停组: 算力租赁方向 1板 封单比28.7% 涨停时间10:47 题材内涨停10家 成交3.3亿,算力租赁+低空经济+车联网,1连板 换手承接量比2.12,"次日竞价与开盘承接: 高开幅度观察区间[-2%,+5%]; 开盘涨幅≤+3%且不破昨收-3%视为买点触发",昨收6.6,高位情绪兑现/次日低开大幅回撤/炸板断板,1
2026-05-06,2026-05-07,aggressive,nlu,600259.SH,中稀有色,小金属,93.6953125,"{'sector': 0.9578125, 'trend': 1.0, 'pos': 0.85, 'mom': 1.0, 'liq': 1.0, 'recog': 0.85}","非涨停组: 趋势结构多头(MA20>MA60且上行), 处于活跃板块[小金属](当日涨幅分位97%, 板块涨停3家) 距60日高点12.6% 20日涨幅25.1%",板块[小金属]轮动延续/资金承接,收盘98.01 MA20上方 量比1.19,"次日开盘[-2%,+3%]为观察区间; 收盘站上max(开盘,昨收)视为买点触发",昨收98.01,板块退潮补跌/资金承接不足/持续阴跌,1
2026-05-07,2026-05-08,aggressive,lu,603278.SH,大业股份,通用设备,89.0,"{'theme': 1.0, 'ladder': 0.9, 'seal': 0.7, 'time': 0.85, 'liq': 1.0, 'struct': 1.0}",涨停组: 人形机器人方向 2板 封单比11.5% 涨停时间09:55 题材内涨停8家 成交5.3亿,人形机器人+腱绳+商业航天+胎圈钢丝,2连板 换手承接量比1.66,"次日竞价与开盘承接: 高开幅度观察区间[-2%,+5%]; 开盘涨幅≤+3%且不破昨收-3%视为买点触发",昨收13.55,高位情绪兑现/次日低开大幅回撤/炸板断板,1
2026-05-07,2026-05-08,aggressive,lu,000818.SZ,航锦科技,化学原料,89.0,"{'theme': 1.0, 'ladder': 0.9, 'seal': 0.7, 'time': 0.85, 'liq': 1.0, 'struct': 1.0}",涨停组: 算力租赁方向 2板 封单比8.4% 涨停时间09:48 题材内涨停6家 成交10.4亿,算力租赁+800G光模块+武汉国资+一季报净利增长,2连板 换手承接量比0.99,"次日竞价与开盘承接: 高开幅度观察区间[-2%,+5%]; 开盘涨幅≤+3%且不破昨收-3%视为买点触发",昨收18.54,高位情绪兑现/次日低开大幅回撤/炸板断板,1
2026-05-07,2026-05-08,aggressive,nlu,601179.SH,中国西电,电网设备,94.09375,"{'sector': 0.82375, 'trend': 1.0, 'pos': 1.0, 'mom': 1.0, 'liq': 1.0, 'recog': 0.85}","非涨停组: 趋势结构多头(MA20>MA60且上行), 处于活跃板块[电网设备](当日涨幅分位80%, 板块涨停6家) 距60日高点15.3% 20日涨幅16.3%",板块[电网设备]轮动延续/资金承接,收盘17.44 MA20上方 量比1.13,"次日开盘[-2%,+3%]为观察区间; 收盘站上max(开盘,昨收)视为买点触发",昨收17.44,板块退潮补跌/资金承接不足/持续阴跌,1
2026-05-08,2026-05-11,aggressive,lu,603278.SH,大业股份,通用设备,91.0,"{'theme': 1.0, 'ladder': 1.0, 'seal': 0.7, 'time': 0.85, 'liq': 1.0, 'struct': 1.0}",涨停组: 人形机器人方向 3板 封单比11.1% 涨停时间10:15 题材内涨停11家 成交8.7亿,人形机器人+腱绳+商业航天+胎圈钢丝,3连板 换手承接量比1.88,"次日竞价与开盘承接: 高开幅度观察区间[-2%,+5%]; 开盘涨幅≤+3%且不破昨收-3%视为买点触发",昨收14.91,高位情绪兑现/次日低开大幅回撤/炸板断板,1
2026-05-08,2026-05-11,aggressive,lu,002031.SZ,巨轮智能,专用设备,89.0,"{'theme': 1.0, 'ladder': 0.9, 'seal': 0.7, 'time': 0.85, 'liq': 1.0, 'struct': 1.0}",涨停组: 人形机器人方向 2板 封单比11.4% 涨停时间09:48 题材内涨停11家 成交15.5亿,人形机器人+RV减速器+XT减速器,2连板 换手承接量比2.43,"次日竞价与开盘承接: 高开幅度观察区间[-2%,+5%]; 开盘涨幅≤+3%且不破昨收-3%视为买点触发",昨收7.06,高位情绪兑现/次日低开大幅回撤/炸板断板,1
2026-05-08,2026-05-11,aggressive,nlu,601231.SH,环旭电子,消费电子,95.01171875,"{'sector': 0.8604687500000001, 'trend': 1.0, 'pos': 1.0, 'mom': 1.0, 'liq': 1.0, 'recog': 0.85}","非涨停组: 趋势结构多头(MA20>MA60且上行), 处于活跃板块[消费电子](当日涨幅分位83%, 板块涨停4家) 距60日高点16.0% 20日涨幅26.3%",板块[消费电子]轮动延续/资金承接,收盘40.96 MA20上方 量比0.87,"次日开盘[-2%,+3%]为观察区间; 收盘站上max(开盘,昨收)视为买点触发",昨收40.96,板块退潮补跌/资金承接不足/持续阴跌,1
2026-05-11,2026-05-12,aggressive,lu,600748.SH,上实发展,房地产,76.0,"{'theme': 0.2, 'ladder': 0.9, 'seal': 0.7, 'time': 1.0, 'liq': 0.6, 'struct': 1.0}",涨停组: 房地产方向 2板 封单比12.0% 涨停时间09:37 题材内涨停2家 成交2.4亿,房地产+物业服务+上海国资,2连板 换手承接量比1.25,"次日竞价与开盘承接: 高开幅度观察区间[-2%,+5%]; 开盘涨幅≤+3%且不破昨收-3%视为买点触发",昨收6.03,高位情绪兑现/次日低开大幅回撤/炸板断板,1
2026-05-11,2026-05-12,aggressive,lu,000062.SZ,深圳华强,其他电子,76.0,"{'theme': 1.0, 'ladder': 0.55, 'seal': 0.4, 'time': 0.85, 'liq': 1.0, 'struct': 1.0}",涨停组: 存储芯片方向 1板 封单比7.2% 涨停时间10:16 题材内涨停6家 成交32.8亿,存储芯片+华为昇腾+分销龙头+一季报增长,1连板 换手承接量比0.82,"次日竞价与开盘承接: 高开幅度观察区间[-2%,+5%]; 开盘涨幅≤+3%且不破昨收-3%视为买点触发",昨收39.09,高位情绪兑现/次日低开大幅回撤/炸板断板,1
2026-05-11,2026-05-12,aggressive,nlu,002796.SZ,世嘉科技,通信设备,93.265625,"{'sector': 0.940625, 'trend': 1.0, 'pos': 0.85, 'mom': 1.0, 'liq': 1.0, 'recog': 0.85}","非涨停组: 趋势结构多头(MA20>MA60且上行), 处于活跃板块[通信设备](当日涨幅分位92%, 板块涨停5家) 距60日高点12.5% 20日涨幅16.1%",板块[通信设备]轮动延续/资金承接,收盘59.38 MA20上方 量比1.03,"次日开盘[-2%,+3%]为观察区间; 收盘站上max(开盘,昨收)视为买点触发",昨收59.38,板块退潮补跌/资金承接不足/持续阴跌,1
2026-05-12,2026-05-13,defensive,lu,603331.SH,百达精工,通用设备,78.0,"{'theme': 0.4, 'ladder': 0.55, 'seal': 1.0, 'time': 1.0, 'liq': 0.6, 'struct': 1.0}",涨停组: 人形机器人方向 1板 封单比28.0% 涨停时间09:39 题材内涨停3家 成交2.2亿,人形机器人+银河通用合作+汽车零部件,1连板 换手承接量比0.98,"次日竞价与开盘承接: 高开幅度观察区间[-2%,+5%]; 开盘涨幅≤+3%且不破昨收-3%视为买点触发",昨收16.28,高位情绪兑现/次日低开大幅回撤/炸板断板,1
2026-05-12,2026-05-13,defensive,lu,603211.SH,晋拓股份,汽车零部件,75.0,"{'theme': 0.4, 'ladder': 0.55, 'seal': 1.0, 'time': 0.85, 'liq': 0.6, 'struct': 1.0}",涨停组: 人形机器人方向 1板 封单比28.2% 涨停时间09:46 题材内涨停3家 成交2.9亿,人形机器人+机器人零部件+定增扩产,1连板 换手承接量比0.96,"次日竞价与开盘承接: 高开幅度观察区间[-2%,+5%]; 开盘涨幅≤+3%且不破昨收-3%视为买点触发",昨收30.89,高位情绪兑现/次日低开大幅回撤/炸板断板,1
2026-05-12,2026-05-13,defensive,nlu,601016.SH,节能风电,电力,95.15234375,"{'sector': 0.95609375, 'trend': 1.0, 'pos': 0.85, 'mom': 1.0, 'liq': 1.0, 'recog': 1.0}","非涨停组: 趋势结构多头(MA20>MA60且上行), 处于活跃板块[电力](当日涨幅分位97%, 板块涨停6家) 距60日高点10.6% 20日涨幅27.4%",板块[电力]轮动延续/资金承接,收盘5.12 MA20上方 量比1.07,"次日开盘[-2%,+3%]为观察区间; 收盘站上max(开盘,昨收)视为买点触发",昨收5.12,板块退潮补跌/资金承接不足/持续阴跌,1
2026-05-13,2026-05-14,aggressive,lu,000601.SZ,韶能股份,电力,92.0,"{'theme': 0.6, 'ladder': 0.9, 'seal': 1.0, 'time': 1.0, 'liq': 1.0, 'struct': 1.0}",涨停组: 算电协同方向 2板 封单比40.9% 涨停时间09:30 题材内涨停4家 成交6.6亿,算电协同+储能+绿电直供,2连板 换手承接量比0.81,"次日竞价与开盘承接: 高开幅度观察区间[-2%,+5%]; 开盘涨幅≤+3%且不破昨收-3%视为买点触发",昨收8.9,高位情绪兑现/次日低开大幅回撤/炸板断板,1
2026-05-13,2026-05-14,aggressive,lu,000767.SZ,晋控电力,电力,86.0,"{'theme': 0.2, 'ladder': 0.9, 'seal': 1.0, 'time': 1.0, 'liq': 1.0, 'struct': 1.0}",涨停组: 绿色电力方向 2板 封单比20.3% 涨停时间09:33 题材内涨停2家 成交9.3亿,绿色电力+火电盈利修复+山西国资,2连板 换手承接量比0.83,"次日竞价与开盘承接: 高开幅度观察区间[-2%,+5%]; 开盘涨幅≤+3%且不破昨收-3%视为买点触发",昨收5.12,高位情绪兑现/次日低开大幅回撤/炸板断板,1
2026-05-13,2026-05-14,aggressive,nlu,002445.SZ,中南文化,通用设备,93.41796875,"{'sector': 0.7967187499999999, 'trend': 1.0, 'pos': 1.0, 'mom': 1.0, 'liq': 1.0, 'recog': 0.85}","非涨停组: 趋势结构多头(MA20>MA60且上行), 处于活跃板块[通用设备](当日涨幅分位72%, 板块涨停5家) 距60日高点16.1% 20日涨幅18.3%",板块[通用设备]轮动延续/资金承接,收盘4.00 MA20上方 量比0.95,"次日开盘[-2%,+3%]为观察区间; 收盘站上max(开盘,昨收)视为买点触发",昨收4.00,板块退潮补跌/资金承接不足/持续阴跌,1
2026-05-14,2026-05-15,defensive,lu,002809.SZ,红墙股份,化学制品,72.0,"{'theme': 0.2, 'ladder': 0.55, 'seal': 1.0, 'time': 0.85, 'liq': 0.6, 'struct': 1.0}",涨停组: 环氧丙烷方向 1板 封单比20.1% 涨停时间10:22 题材内涨停2家 成交2.9亿,环氧丙烷+精细化工+产能爬坡,1连板 换手承接量比2.39,"次日竞价与开盘承接: 高开幅度观察区间[-2%,+5%]; 开盘涨幅≤+3%且不破昨收-3%视为买点触发",昨收11.46,高位情绪兑现/次日低开大幅回撤/炸板断板,1
2026-05-14,2026-05-15,defensive,lu,002165.SZ,红宝丽,化学制品,70.0,"{'theme': 0.2, 'ladder': 0.55, 'seal': 0.7, 'time': 0.85, 'liq': 1.0, 'struct': 1.0}",涨停组: 环氧丙烷方向 1板 封单比9.0% 涨停时间09:46 题材内涨停2家 成交12.0亿,环氧丙烷+技改试产+硬泡聚醚,1连板 换手承接量比1.97,"次日竞价与开盘承接: 高开幅度观察区间[-2%,+5%]; 开盘涨幅≤+3%且不破昨收-3%视为买点触发",昨收9.39,高位情绪兑现/次日低开大幅回撤/炸板断板,1
2026-05-14,2026-05-15,defensive,nlu,600207.SH,安彩高科,光伏设备,93.59375,"{'sector': 0.89375, 'trend': 1.0, 'pos': 0.85, 'mom': 1.0, 'liq': 1.0, 'recog': 1.0}","非涨停组: 趋势结构多头(MA20>MA60且上行), 处于活跃板块[光伏设备](当日涨幅分位86%, 板块涨停4家) 距60日高点11.4% 20日涨幅20.1%",板块[光伏设备]轮动延续/资金承接,收盘6.82 MA20上方 量比1.11,"次日开盘[-2%,+3%]为观察区间; 收盘站上max(开盘,昨收)视为买点触发",昨收6.82,板块退潮补跌/资金承接不足/持续阴跌,1
2026-05-15,2026-05-18,defensive,lu,603386.SH,骏亚科技,元件,91.0,"{'theme': 1.0, 'ladder': 0.55, 'seal': 1.0, 'time': 1.0, 'liq': 1.0, 'struct': 1.0}",涨停组: 人形机器人方向 1板 封单比32.5% 涨停时间09:37 题材内涨停9家 成交3.7亿,人形机器人+PCB+光模块HDI,1连板 换手承接量比0.91,"次日竞价与开盘承接: 高开幅度观察区间[-2%,+5%]; 开盘涨幅≤+3%且不破昨收-3%视为买点触发",昨收16.92,高位情绪兑现/次日低开大幅回撤/炸板断板,1
2026-05-15,2026-05-18,defensive,lu,603082.SH,北自科技,通用设备,84.5,"{'theme': 1.0, 'ladder': 0.9, 'seal': 0.7, 'time': 0.85, 'liq': 1.0, 'struct': 0.7}",涨停组: 人形机器人方向 2板 封单比13.5% 涨停时间09:51 题材内涨停9家 成交5.3亿,人形机器人+智能物流+拟收购穗柯智能+央企,2连板 换手承接量比3.01,"次日竞价与开盘承接: 高开幅度观察区间[-2%,+5%]; 开盘涨幅≤+3%且不破昨收-3%视为买点触发",昨收42.3,高位情绪兑现/次日低开大幅回撤/炸板断板,1
2026-05-15,2026-05-18,defensive,nlu,603158.SH,腾龙股份,汽车零部件,92.83203125,"{'sector': 0.86328125, 'trend': 1.0, 'pos': 0.85, 'mom': 1.0, 'liq': 1.0, 'recog': 1.0}","非涨停组: 趋势结构多头(MA20>MA60且上行), 处于活跃板块[汽车零部件](当日涨幅分位92%, 板块涨停4家) 距60日高点11.5% 20日涨幅8.5%",板块[汽车零部件]轮动延续/资金承接,收盘14.50 MA20上方 量比0.92,"次日开盘[-2%,+3%]为观察区间; 收盘站上max(开盘,昨收)视为买点触发",昨收14.50,板块退潮补跌/资金承接不足/持续阴跌,1
2026-05-18,2026-05-19,normal,lu,600850.SH,电科数字,IT服务,88.0,"{'theme': 0.8, 'ladder': 0.55, 'seal': 1.0, 'time': 1.0, 'liq': 1.0, 'struct': 1.0}",涨停组: 商业航天方向 1板 封单比26.2% 涨停时间09:31 题材内涨停5家 成交3.3亿,商业航天+AI算力+央企+行政处罚将落地,1连板 换手承接量比1.15,"次日竞价与开盘承接: 高开幅度观察区间[-2%,+5%]; 开盘涨幅≤+3%且不破昨收-3%视为买点触发",昨收20.46,高位情绪兑现/次日低开大幅回撤/炸板断板,1
2026-05-18,2026-05-19,normal,lu,603938.SH,三孚股份,化学原料,85.0,"{'theme': 1.0, 'ladder': 0.55, 'seal': 1.0, 'time': 1.0, 'liq': 1.0, 'struct': 0.6}",涨停组: 存储芯片方向 1板 封单比16.7% 涨停时间09:32 题材内涨停7家 成交5.7亿,存储芯片+光纤材料+电子特气,1连板 换手承接量比0.43,"次日竞价与开盘承接: 高开幅度观察区间[-2%,+5%]; 开盘涨幅≤+3%且不破昨收-3%视为买点触发",昨收44.43,高位情绪兑现/次日低开大幅回撤/炸板断板,1
2026-05-18,2026-05-19,normal,nlu,600589.SH,大位科技,IT服务,96.37109375,"{'sector': 0.8548437500000001, 'trend': 1.0, 'pos': 1.0, 'mom': 1.0, 'liq': 1.0, 'recog': 1.0}","非涨停组: 趋势结构多头(MA20>MA60且上行), 处于活跃板块[IT服务](当日涨幅分位91%, 板块涨停4家) 距60日高点17.6% 20日涨幅12.8%",板块[IT服务]轮动延续/资金承接,收盘12.57 MA20上方 量比0.65,"次日开盘[-2%,+3%]为观察区间; 收盘站上max(开盘,昨收)视为买点触发",昨收12.57,板块退潮补跌/资金承接不足/持续阴跌,1
2026-05-18,2026-05-19,normal,nlu,002498.SZ,汉缆股份,电网设备,96.03125,"{'sector': 0.84125, 'trend': 1.0, 'pos': 1.0, 'mom': 1.0, 'liq': 1.0, 'recog': 1.0}","非涨停组: 趋势结构多头(MA20>MA60且上行), 处于活跃板块[电网设备](当日涨幅分位79%, 板块涨停5家) 距60日高点17.5% 20日涨幅13.5%",板块[电网设备]轮动延续/资金承接,收盘9.60 MA20上方 量比0.64,"次日开盘[-2%,+3%]为观察区间; 收盘站上max(开盘,昨收)视为买点触发",昨收9.60,板块退潮补跌/资金承接不足/持续阴跌,1
2026-05-19,2026-05-20,aggressive,lu,603206.SH,嘉环科技,通信服务,86.0,"{'theme': 0.2, 'ladder': 0.9, 'seal': 1.0, 'time': 1.0, 'liq': 1.0, 'struct': 1.0}",涨停组: AI算力方向 2板 封单比31.6% 涨停时间09:37 题材内涨停2家 成交3.4亿,AI算力+华为合作+训推一体机,2连板 换手承接量比1.75,"次日竞价与开盘承接: 高开幅度观察区间[-2%,+5%]; 开盘涨幅≤+3%且不破昨收-3%视为买点触发",昨收21.03,高位情绪兑现/次日低开大幅回撤/炸板断板,1
2026-05-19,2026-05-20,aggressive,lu,605488.SH,福莱新材,塑料制品,81.0,"{'theme': 0.6, 'ladder': 0.55, 'seal': 1.0, 'time': 1.0, 'liq': 0.6, 'struct': 1.0}",涨停组: 人形机器人方向 1板 封单比71.1% 涨停时间09:31 题材内涨停4家 成交2.7亿,人形机器人+柔性传感器+定增扩产,1连板 换手承接量比0.86,"次日竞价与开盘承接: 高开幅度观察区间[-2%,+5%]; 开盘涨幅≤+3%且不破昨收-3%视为买点触发",昨收38.52,高位情绪兑现/次日低开大幅回撤/炸板断板,1
2026-05-19,2026-05-20,aggressive,nlu,000601.SZ,韶能股份,电力,98.7734375,"{'sector': 0.9509375, 'trend': 1.0, 'pos': 1.0, 'mom': 1.0, 'liq': 1.0, 'recog': 1.0}","非涨停组: 趋势结构多头(MA20>MA60且上行), 处于活跃板块[电力](当日涨幅分位97%, 板块涨停8家) 距60日高点18.6% 20日涨幅20.0%",板块[电力]轮动延续/资金承接,收盘7.90 MA20上方 量比0.76,"次日开盘[-2%,+3%]为观察区间; 收盘站上max(开盘,昨收)视为买点触发",昨收7.90,板块退潮补跌/资金承接不足/持续阴跌,1
2026-05-20,2026-05-21,defensive,lu,002272.SZ,川润股份,通用设备,85.0,"{'theme': 0.4, 'ladder': 1.0, 'seal': 0.7, 'time': 1.0, 'liq': 1.0, 'struct': 1.0}",涨停组: 液冷服务器方向 3板 封单比8.7% 涨停时间09:25 题材内涨停3家 成交15.1亿,液冷服务器+机器人+定增扩产,3连板 换手承接量比1.12,"次日竞价与开盘承接: 高开幅度观察区间[-2%,+5%]; 开盘涨幅≤+3%且不破昨收-3%视为买点触发",昨收24.94,高位情绪兑现/次日低开大幅回撤/炸板断板,1
2026-05-20,2026-05-21,defensive,lu,603316.SH,诚邦股份,半导体,82.0,"{'theme': 0.6, 'ladder': 1.0, 'seal': 0.7, 'time': 1.0, 'liq': 1.0, 'struct': 0.6}",涨停组: 存储芯片方向 3板 封单比11.6% 涨停时间09:31 题材内涨停4家 成交3.6亿,存储芯片+定增扩产+业绩暴增,3连板 换手承接量比0.66,"次日竞价与开盘承接: 高开幅度观察区间[-2%,+5%]; 开盘涨幅≤+3%且不破昨收-3%视为买点触发",昨收24.77,高位情绪兑现/次日低开大幅回撤/炸板断板,1
2026-05-20,2026-05-21,defensive,nlu,002971.SZ,和远气体,化学制品,94.99609375,"{'sector': 0.85984375, 'trend': 1.0, 'pos': 1.0, 'mom': 1.0, 'liq': 1.0, 'recog': 0.85}","非涨停组: 趋势结构多头(MA20>MA60且上行), 处于活跃板块[化学制品](当日涨幅分位81%, 板块涨停2家) 距60日高点16.6% 20日涨幅26.8%",板块[化学制品]轮动延续/资金承接,收盘37.77 MA20上方 量比0.80,"次日开盘[-2%,+3%]为观察区间; 收盘站上max(开盘,昨收)视为买点触发",昨收37.77,板块退潮补跌/资金承接不足/持续阴跌,1
2026-05-21,2026-05-22,defensive,lu,002036.SZ,联创电子,光学光电子,82.0,"{'theme': 0.4, 'ladder': 0.55, 'seal': 1.0, 'time': 1.0, 'liq': 1.0, 'struct': 1.0}",涨停组: 无人驾驶方向 1板 封单比21.3% 涨停时间09:41 题材内涨停3家 成交6.5亿,无人驾驶+车载光学+机器视觉,1连板 换手承接量比1.66,"次日竞价与开盘承接: 高开幅度观察区间[-2%,+5%]; 开盘涨幅≤+3%且不破昨收-3%视为买点触发",昨收9.36,高位情绪兑现/次日低开大幅回撤/炸板断板,1
2026-05-21,2026-05-22,defensive,lu,000518.SZ,四环生物,生物制品,80.0,"{'theme': 0.2, 'ladder': 0.9, 'seal': 0.7, 'time': 1.0, 'liq': 1.0, 'struct': 1.0}",涨停组: 摘帽方向 2板 封单比10.0% 涨停时间09:32 题材内涨停2家 成交6.7亿,摘帽+生物医药+园林绿化,2连板 换手承接量比2.76,"次日竞价与开盘承接: 高开幅度观察区间[-2%,+5%]; 开盘涨幅≤+3%且不破昨收-3%视为买点触发",昨收3.75,高位情绪兑现/次日低开大幅回撤/炸板断板,1
2026-05-21,2026-05-22,defensive,nlu,002196.SZ,方正电机,电机,90.69921875,"{'sector': 0.7779687500000001, 'trend': 1.0, 'pos': 0.85, 'mom': 1.0, 'liq': 1.0, 'recog': 1.0}","非涨停组: 趋势结构多头(MA20>MA60且上行), 处于活跃板块[电机](当日涨幅分位97%, 板块涨停0家) 距60日高点11.0% 20日涨幅14.6%",板块[电机]轮动延续/资金承接,收盘16.46 MA20上方 量比0.94,"次日开盘[-2%,+3%]为观察区间; 收盘站上max(开盘,昨收)视为买点触发",昨收16.46,板块退潮补跌/资金承接不足/持续阴跌,1
2026-05-22,2026-05-25,normal,lu,603960.SH,克来机电,汽车零部件,70.0,"{'theme': 0.4, 'ladder': 0.55, 'seal': 0.7, 'time': 0.7, 'liq': 1.0, 'struct': 1.0}",涨停组: 机器人方向 1板 封单比14.1% 涨停时间11:16 题材内涨停3家 成交3.3亿,机器人+AI应用+汽车电子,1连板 换手承接量比1.44,"次日竞价与开盘承接: 高开幅度观察区间[-2%,+5%]; 开盘涨幅≤+3%且不破昨收-3%视为买点触发",昨收23.67,高位情绪兑现/次日低开大幅回撤/炸板断板,1
2026-05-22,2026-05-25,normal,lu,002585.SZ,双星新材,塑料制品,67.0,"{'theme': 0.2, 'ladder': 0.55, 'seal': 0.7, 'time': 0.7, 'liq': 1.0, 'struct': 1.0}",涨停组: MLCC离型膜方向 1板 封单比12.3% 涨停时间11:10 题材内涨停2家 成交7.7亿,MLCC离型膜+复合铜箔+扭亏为盈,1连板 换手承接量比1.01,"次日竞价与开盘承接: 高开幅度观察区间[-2%,+5%]; 开盘涨幅≤+3%且不破昨收-3%视为买点触发",昨收8.98,高位情绪兑现/次日低开大幅回撤/炸板断板,1
2026-05-22,2026-05-25,normal,nlu,603082.SH,北自科技,通用设备,94.29296875,"{'sector': 0.8317187500000001, 'trend': 1.0, 'pos': 1.0, 'mom': 1.0, 'liq': 1.0, 'recog': 0.85}","非涨停组: 趋势结构多头(MA20>MA60且上行), 处于活跃板块[通用设备](当日涨幅分位79%, 板块涨停7家) 距60日高点16.7% 20日涨幅14.8%",板块[通用设备]轮动延续/资金承接,收盘42.17 MA20上方 量比0.97,"次日开盘[-2%,+3%]为观察区间; 收盘站上max(开盘,昨收)视为买点触发",昨收42.17,板块退潮补跌/资金承接不足/持续阴跌,1
2026-05-22,2026-05-25,normal,nlu,600330.SH,天通股份,电子化学品,93.87109375,"{'sector': 0.97484375, 'trend': 0.8, 'pos': 1.0, 'mom': 1.0, 'liq': 1.0, 'recog': 0.85}","非涨停组: 趋势结构多头(MA20>MA60且上行), 处于活跃板块[电子化学品](当日涨幅分位97%, 板块涨停6家) 距60日高点17.7% 20日涨幅24.4%",板块[电子化学品]轮动延续/资金承接,收盘29.26 MA20上方 量比1.04,"次日开盘[-2%,+3%]为观察区间; 收盘站上max(开盘,昨收)视为买点触发",昨收29.26,板块退潮补跌/资金承接不足/持续阴跌,1
2026-05-25,2026-05-26,defensive,lu,600520.SH,三佳科技,专用设备,85.0,"{'theme': 0.8, 'ladder': 0.55, 'seal': 1.0, 'time': 0.85, 'liq': 1.0, 'struct': 1.0}",涨停组: 先进封装方向 1板 封单比17.2% 涨停时间10:21 题材内涨停5家 成交4.5亿,先进封装+半导体设备+合肥国资,1连板 换手承接量比0.89,"次日竞价与开盘承接: 高开幅度观察区间[-2%,+5%]; 开盘涨幅≤+3%且不破昨收-3%视为买点触发",昨收33.47,高位情绪兑现/次日低开大幅回撤/炸板断板,1
2026-05-25,2026-05-26,defensive,lu,000995.SZ,皇台酒业,白酒,76.0,"{'theme': 0.2, 'ladder': 0.55, 'seal': 1.0, 'time': 0.85, 'liq': 1.0, 'struct': 1.0}",涨停组: 白酒方向 1板 封单比20.9% 涨停时间10:13 题材内涨停2家 成交3.8亿,白酒+区域强牌+增持完成,1连板 换手承接量比1.05,"次日竞价与开盘承接: 高开幅度观察区间[-2%,+5%]; 开盘涨幅≤+3%且不破昨收-3%视为买点触发",昨收14.33,高位情绪兑现/次日低开大幅回撤/炸板断板,1
2026-05-25,2026-05-26,defensive,nlu,002654.SZ,万润科技,光学光电子,93.92578125,"{'sector': 0.90703125, 'trend': 1.0, 'pos': 0.85, 'mom': 1.0, 'liq': 1.0, 'recog': 1.0}","非涨停组: 趋势结构多头(MA20>MA60且上行), 处于活跃板块[光学光电子](当日涨幅分位86%, 板块涨停5家) 距60日高点12.5% 20日涨幅14.0%",板块[光学光电子]轮动延续/资金承接,收盘17.56 MA20上方 量比0.63,"次日开盘[-2%,+3%]为观察区间; 收盘站上max(开盘,昨收)视为买点触发",昨收17.56,板块退潮补跌/资金承接不足/持续阴跌,1
2026-05-26,2026-05-27,defensive,lu,600520.SH,三佳科技,专用设备,76.0,"{'theme': 0.2, 'ladder': 0.9, 'seal': 1.0, 'time': 1.0, 'liq': 0.6, 'struct': 0.6}",涨停组: 先进封装方向 2板 封单比47.0% 涨停时间09:25 题材内涨停2家 成交3.0亿,先进封装+半导体设备+合肥国资+一季报扭亏,2连板 换手承接量比0.56,"次日竞价与开盘承接: 高开幅度观察区间[-2%,+5%]; 开盘涨幅≤+3%且不破昨收-3%视为买点触发",昨收36.82,高位情绪兑现/次日低开大幅回撤/炸板断板,1
2026-05-26,2026-05-27,defensive,lu,002185.SZ,华天科技,半导体,70.0,"{'theme': 0.2, 'ladder': 0.9, 'seal': 0.4, 'time': 1.0, 'liq': 0.6, 'struct': 1.0}",涨停组: 先进封装方向 2板 封单比7.4% 涨停时间09:25 题材内涨停2家 成交112.4亿,先进封装+30亿扩产+存储封测,2连板 换手承接量比1.37,"次日竞价与开盘承接: 高开幅度观察区间[-2%,+5%]; 开盘涨幅≤+3%且不破昨收-3%视为买点触发",昨收18.67,高位情绪兑现/次日低开大幅回撤/炸板断板,1
2026-05-26,2026-05-27,defensive,nlu,000767.SZ,晋控电力,电力,87.47265625,"{'sector': 0.7089062500000001, 'trend': 1.0, 'pos': 0.85, 'mom': 1.0, 'liq': 1.0, 'recog': 0.85}","非涨停组: 趋势结构多头(MA20>MA60且上行), 处于活跃板块[电力](当日涨幅分位71%, 板块涨停3家) 距60日高点11.4% 20日涨幅20.0%",板块[电力]轮动延续/资金承接,收盘4.98 MA20上方 量比1.10,"次日开盘[-2%,+3%]为观察区间; 收盘站上max(开盘,昨收)视为买点触发",昨收4.98,板块退潮补跌/资金承接不足/持续阴跌,1
2026-05-27,2026-05-28,defensive,lu,600758.SH,辽宁能源,煤炭开采加工,73.0,"{'theme': 0.4, 'ladder': 0.55, 'seal': 0.7, 'time': 0.85, 'liq': 1.0, 'struct': 1.0}",涨停组: 电力方向 1板 封单比8.7% 涨停时间10:23 题材内涨停3家 成交6.4亿,电力+煤炭+国企,1连板 换手承接量比0.88,"次日竞价与开盘承接: 高开幅度观察区间[-2%,+5%]; 开盘涨幅≤+3%且不破昨收-3%视为买点触发",昨收4.64,高位情绪兑现/次日低开大幅回撤/炸板断板,1
2026-05-27,2026-05-28,defensive,lu,000892.SZ,欢瑞世纪,影视院线,72.0,"{'theme': 0.2, 'ladder': 0.55, 'seal': 1.0, 'time': 0.85, 'liq': 0.6, 'struct': 1.0}",涨停组: 短剧游戏方向 1板 封单比29.6% 涨停时间09:49 题材内涨停2家 成交2.7亿,短剧游戏+互动影游+AIGC,1连板 换手承接量比1.74,"次日竞价与开盘承接: 高开幅度观察区间[-2%,+5%]; 开盘涨幅≤+3%且不破昨收-3%视为买点触发",昨收4.5,高位情绪兑现/次日低开大幅回撤/炸板断板,1
2026-05-27,2026-05-28,defensive,nlu,600509.SH,天富能源,电力,91.53125,"{'sector': 0.97125, 'trend': 1.0, 'pos': 0.85, 'mom': 1.0, 'liq': 1.0, 'recog': 0.6}","非涨停组: 趋势结构多头(MA20>MA60且上行), 处于活跃板块[电力](当日涨幅分位97%, 板块涨停5家) 距60日高点13.4% 20日涨幅21.2%",板块[电力]轮动延续/资金承接,收盘9.74 MA20上方 量比1.09,"次日开盘[-2%,+3%]为观察区间; 收盘站上max(开盘,昨收)视为买点触发",昨收9.74,板块退潮补跌/资金承接不足/持续阴跌,1
2026-05-28,2026-05-29,normal,lu,000539.SZ,粤电力A,电力,89.0,"{'theme': 0.4, 'ladder': 0.9, 'seal': 1.0, 'time': 1.0, 'liq': 1.0, 'struct': 1.0}",涨停组: 电力方向 2板 封单比15.6% 涨停时间09:30 题材内涨停3家 成交12.0亿,电力+业绩减亏+广东国资,2连板 换手承接量比1.31,"次日竞价与开盘承接: 高开幅度观察区间[-2%,+5%]; 开盘涨幅≤+3%且不破昨收-3%视为买点触发",昨收8.07,高位情绪兑现/次日低开大幅回撤/炸板断板,1
2026-05-28,2026-05-29,normal,lu,603861.SH,白云电器,电网设备,79.0,"{'theme': 0.2, 'ladder': 0.55, 'seal': 1.0, 'time': 1.0, 'liq': 1.0, 'struct': 1.0}",涨停组: HVDC方向 1板 封单比31.4% 涨停时间09:43 题材内涨停2家 成交3.9亿,HVDC+数据中心+变压器出海,1连板 换手承接量比1.48,"次日竞价与开盘承接: 高开幅度观察区间[-2%,+5%]; 开盘涨幅≤+3%且不破昨收-3%视为买点触发",昨收16.72,高位情绪兑现/次日低开大幅回撤/炸板断板,1
2026-05-28,2026-05-29,normal,nlu,000960.SZ,锡业股份,小金属,93.63671875,"{'sector': 0.9254687500000001, 'trend': 1.0, 'pos': 1.0, 'mom': 0.7, 'liq': 1.0, 'recog': 0.85}","非涨停组: 趋势结构多头(MA20>MA60且上行), 处于活跃板块[小金属](当日涨幅分位92%, 板块涨停3家) 距60日高点20.0% 20日涨幅2.2%",板块[小金属]轮动延续/资金承接,收盘38.77 MA20上方 量比0.71,"次日开盘[-2%,+3%]为观察区间; 收盘站上max(开盘,昨收)视为买点触发",昨收38.77,板块退潮补跌/资金承接不足/持续阴跌,1
2026-05-28,2026-05-29,normal,nlu,001258.SZ,立新能源,电力,93.43359375,"{'sector': 0.8973437500000001, 'trend': 1.0, 'pos': 1.0, 'mom': 1.0, 'liq': 1.0, 'recog': 0.6}","非涨停组: 趋势结构多头(MA20>MA60且上行), 处于活跃板块[电力](当日涨幅分位84%, 板块涨停7家) 距60日高点16.5% 20日涨幅13.3%",板块[电力]轮动延续/资金承接,收盘10.25 MA20上方 量比0.85,"次日开盘[-2%,+3%]为观察区间; 收盘站上max(开盘,昨收)视为买点触发",昨收10.25,板块退潮补跌/资金承接不足/持续阴跌,1
2026-05-29,2026-06-01,defensive,lu,000539.SZ,粤电力A,电力,97.0,"{'theme': 0.8, 'ladder': 1.0, 'seal': 1.0, 'time': 1.0, 'liq': 1.0, 'struct': 1.0}",涨停组: 电力方向 3板 封单比18.8% 涨停时间09:31 题材内涨停5家 成交10.2亿,电力+业绩减亏+广东国资,3连板 换手承接量比0.94,"次日竞价与开盘承接: 高开幅度观察区间[-2%,+5%]; 开盘涨幅≤+3%且不破昨收-3%视为买点触发",昨收8.88,高位情绪兑现/次日低开大幅回撤/炸板断板,1
2026-05-29,2026-06-01,defensive,lu,000037.SZ,深南电A,电力,88.0,"{'theme': 0.8, 'ladder': 0.55, 'seal': 1.0, 'time': 1.0, 'liq': 1.0, 'struct': 1.0}",涨停组: 电力方向 1板 封单比16.1% 涨停时间09:35 题材内涨停5家 成交3.6亿,电力+综合能源+储能+一季报扭亏,1连板 换手承接量比1.26,"次日竞价与开盘承接: 高开幅度观察区间[-2%,+5%]; 开盘涨幅≤+3%且不破昨收-3%视为买点触发",昨收11.5,高位情绪兑现/次日低开大幅回撤/炸板断板,1
2026-05-29,2026-06-01,defensive,nlu,600719.SH,大连热电,电力,99.34375,"{'sector': 0.9737500000000001, 'trend': 1.0, 'pos': 1.0, 'mom': 1.0, 'liq': 1.0, 'recog': 1.0}","非涨停组: 趋势结构多头(MA20>MA60且上行), 处于活跃板块[电力](当日涨幅分位96%, 板块涨停7家) 距60日高点17.5% 20日涨幅26.7%",板块[电力]轮动延续/资金承接,收盘9.64 MA20上方 量比0.80,"次日开盘[-2%,+3%]为观察区间; 收盘站上max(开盘,昨收)视为买点触发",昨收9.64,板块退潮补跌/资金承接不足/持续阴跌,1
2026-06-01,2026-06-02,defensive,lu,603341.SH,龙旗科技,消费电子,88.0,"{'theme': 0.8, 'ladder': 0.55, 'seal': 1.0, 'time': 1.0, 'liq': 1.0, 'struct': 1.0}",涨停组: AI PC方向 1板 封单比16.6% 涨停时间09:42 题材内涨停5家 成交5.1亿,AI PC+AI眼镜+机器人,1连板 换手承接量比1.34,"次日竞价与开盘承接: 高开幅度观察区间[-2%,+5%]; 开盘涨幅≤+3%且不破昨收-3%视为买点触发",昨收37.91,高位情绪兑现/次日低开大幅回撤/炸板断板,1
2026-06-01,2026-06-02,defensive,lu,002657.SZ,中科金财,IT服务,82.0,"{'theme': 0.6, 'ladder': 0.55, 'seal': 1.0, 'time': 0.85, 'liq': 1.0, 'struct': 1.0}",涨停组: AI应用方向 1板 封单比15.2% 涨停时间10:11 题材内涨停4家 成交3.0亿,AI应用+算力服务+金融科技,1连板 换手承接量比1.43,"次日竞价与开盘承接: 高开幅度观察区间[-2%,+5%]; 开盘涨幅≤+3%且不破昨收-3%视为买点触发",昨收19.36,高位情绪兑现/次日低开大幅回撤/炸板断板,1
2026-06-01,2026-06-02,defensive,nlu,600996.SH,贵广网络,文化传媒,90.44140625,"{'sector': 0.9276562500000001, 'trend': 1.0, 'pos': 0.85, 'mom': 1.0, 'liq': 0.6, 'recog': 1.0}","非涨停组: 趋势结构多头(MA20>MA60且上行), 处于活跃板块[文化传媒](当日涨幅分位96%, 板块涨停5家) 距60日高点15.0% 20日涨幅12.6%",板块[文化传媒]轮动延续/资金承接,收盘9.44 MA20上方 量比0.90,"次日开盘[-2%,+3%]为观察区间; 收盘站上max(开盘,昨收)视为买点触发",昨收9.44,板块退潮补跌/资金承接不足/持续阴跌,1
2026-06-02,2026-06-03,defensive,lu,600403.SH,大有能源,煤炭开采加工,82.0,"{'theme': 0.2, 'ladder': 0.9, 'seal': 1.0, 'time': 1.0, 'liq': 0.6, 'struct': 1.0}",涨停组: 煤炭方向 2板 封单比120.4% 涨停时间09:30 题材内涨停2家 成交1.5亿,煤炭+河南国资重组+国企改革,2连板 换手承接量比0.99,"次日竞价与开盘承接: 高开幅度观察区间[-2%,+5%]; 开盘涨幅≤+3%且不破昨收-3%视为买点触发",昨收6.12,高位情绪兑现/次日低开大幅回撤/炸板断板,1
2026-06-02,2026-06-03,defensive,lu,600121.SH,郑州煤电,煤炭开采加工,80.0,"{'theme': 0.2, 'ladder': 0.9, 'seal': 0.7, 'time': 1.0, 'liq': 1.0, 'struct': 1.0}",涨停组: 煤炭方向 2板 封单比8.2% 涨停时间09:31 题材内涨停2家 成交10.4亿,煤炭+机器人+算力中心+郑州国资,2连板 换手承接量比1.93,"次日竞价与开盘承接: 高开幅度观察区间[-2%,+5%]; 开盘涨幅≤+3%且不破昨收-3%视为买点触发",昨收5.17,高位情绪兑现/次日低开大幅回撤/炸板断板,1
2026-06-02,2026-06-03,defensive,nlu,002636.SZ,金安国纪,元件,95.3359375,"{'sector': 0.9634375000000002, 'trend': 1.0, 'pos': 0.85, 'mom': 1.0, 'liq': 1.0, 'recog': 1.0}","非涨停组: 趋势结构多头(MA20>MA60且上行), 处于活跃板块[元件](当日涨幅分位99%, 板块涨停3家) 距60日高点10.9% 20日涨幅13.1%",板块[元件]轮动延续/资金承接,收盘50.63 MA20上方 量比0.84,"次日开盘[-2%,+3%]为观察区间; 收盘站上max(开盘,昨收)视为买点触发",昨收50.63,板块退潮补跌/资金承接不足/持续阴跌,1
2026-06-03,2026-06-04,defensive,lu,002137.SZ,实益达,光学光电子,86.0,"{'theme': 0.2, 'ladder': 0.9, 'seal': 1.0, 'time': 1.0, 'liq': 1.0, 'struct': 1.0}",涨停组: 先进封装方向 2板 封单比53.1% 涨停时间09:30 题材内涨停2家 成交3.1亿,先进封装+间接投资宇树科技+智能硬件,2连板 换手承接量比0.97,"次日竞价与开盘承接: 高开幅度观察区间[-2%,+5%]; 开盘涨幅≤+3%且不破昨收-3%视为买点触发",昨收10.4,高位情绪兑现/次日低开大幅回撤/炸板断板,1
2026-06-03,2026-06-04,defensive,lu,600403.SH,大有能源,煤炭开采加工,82.0,"{'theme': 0.2, 'ladder': 1.0, 'seal': 0.7, 'time': 1.0, 'liq': 1.0, 'struct': 1.0}",涨停组: 煤炭方向 3板 封单比8.7% 涨停时间09:43 题材内涨停2家 成交6.4亿,煤炭+河南国资重组+国企改革,3连板 换手承接量比2.37,"次日竞价与开盘承接: 高开幅度观察区间[-2%,+5%]; 开盘涨幅≤+3%且不破昨收-3%视为买点触发",昨收6.73,高位情绪兑现/次日低开大幅回撤/炸板断板,1
2026-06-03,2026-06-04,defensive,nlu,600032.SH,浙江新能,电力,97.96484375,"{'sector': 0.9185937500000001, 'trend': 1.0, 'pos': 1.0, 'mom': 1.0, 'liq': 1.0, 'recog': 1.0}","非涨停组: 趋势结构多头(MA20>MA60且上行), 处于活跃板块[电力](当日涨幅分位87%, 板块涨停7家) 距60日高点18.9% 20日涨幅9.3%",板块[电力]轮动延续/资金承接,收盘11.40 MA20上方 量比1.16,"次日开盘[-2%,+3%]为观察区间; 收盘站上max(开盘,昨收)视为买点触发",昨收11.40,板块退潮补跌/资金承接不足/持续阴跌,1
2026-06-04,2026-06-05,defensive,lu,603135.SH,中重科技,专用设备,82.0,"{'theme': 0.2, 'ladder': 0.9, 'seal': 1.0, 'time': 1.0, 'liq': 0.6, 'struct': 1.0}",涨停组: 机器人方向 2板 封单比24.9% 涨停时间09:34 题材内涨停2家 成交1.9亿,机器人+出海+新增订单+到期赎回,2连板 换手承接量比1.85,"次日竞价与开盘承接: 高开幅度观察区间[-2%,+5%]; 开盘涨幅≤+3%且不破昨收-3%视为买点触发",昨收12.75,高位情绪兑现/次日低开大幅回撤/炸板断板,1
2026-06-04,2026-06-05,defensive,lu,002590.SZ,万安科技,汽车零部件,75.0,"{'theme': 0.2, 'ladder': 0.55, 'seal': 1.0, 'time': 1.0, 'liq': 0.6, 'struct': 1.0}",涨停组: 机器人方向 1板 封单比101.2% 涨停时间09:38 题材内涨停2家 成交1.9亿,机器人+智能驾驶+底盘系统,1连板 换手承接量比1.39,"次日竞价与开盘承接: 高开幅度观察区间[-2%,+5%]; 开盘涨幅≤+3%且不破昨收-3%视为买点触发",昨收12.44,高位情绪兑现/次日低开大幅回撤/炸板断板,1
2026-06-04,2026-06-05,defensive,nlu,000021.SZ,深科技,消费电子,89.59765625,"{'sector': 0.80390625, 'trend': 0.8, 'pos': 1.0, 'mom': 1.0, 'liq': 1.0, 'recog': 0.85}","非涨停组: 趋势结构多头(MA20>MA60且上行), 处于活跃板块[消费电子](当日涨幅分位78%, 板块涨停2家) 距60日高点15.6% 20日涨幅25.8%",板块[消费电子]轮动延续/资金承接,收盘39.45 MA20上方 量比0.90,"次日开盘[-2%,+3%]为观察区间; 收盘站上max(开盘,昨收)视为买点触发",昨收39.45,板块退潮补跌/资金承接不足/持续阴跌,1
2026-06-05,2026-06-08,normal,lu,002194.SZ,武汉凡谷,通信设备,88.0,"{'theme': 0.8, 'ladder': 0.55, 'seal': 1.0, 'time': 1.0, 'liq': 1.0, 'struct': 1.0}",涨停组: 商业航天方向 1板 封单比36.4% 涨停时间09:39 题材内涨停5家 成交4.3亿,商业航天+6G预研+射频器件,1连板 换手承接量比0.94,"次日竞价与开盘承接: 高开幅度观察区间[-2%,+5%]; 开盘涨幅≤+3%且不破昨收-3%视为买点触发",昨收12.14,高位情绪兑现/次日低开大幅回撤/炸板断板,1
2026-06-05,2026-06-08,normal,lu,600776.SH,东方通信,通信设备,88.0,"{'theme': 0.8, 'ladder': 0.55, 'seal': 1.0, 'time': 1.0, 'liq': 1.0, 'struct': 1.0}",涨停组: 商业航天方向 1板 封单比17.6% 涨停时间09:44 题材内涨停5家 成交4.5亿,商业航天+AI智能体+央企,1连板 换手承接量比1.35,"次日竞价与开盘承接: 高开幅度观察区间[-2%,+5%]; 开盘涨幅≤+3%且不破昨收-3%视为买点触发",昨收15.94,高位情绪兑现/次日低开大幅回撤/炸板断板,1
2026-06-05,2026-06-08,normal,nlu,002886.SZ,沃特股份,塑料制品,85.76953125,"{'sector': 0.81078125, 'trend': 0.8, 'pos': 1.0, 'mom': 1.0, 'liq': 0.6, 'recog': 0.85}","非涨停组: 趋势结构多头(MA20>MA60且上行), 处于活跃板块[塑料制品](当日涨幅分位73%, 板块涨停2家) 距60日高点18.2% 20日涨幅18.2%",板块[塑料制品]轮动延续/资金承接,收盘28.42 MA20上方 量比0.74,"次日开盘[-2%,+3%]为观察区间; 收盘站上max(开盘,昨收)视为买点触发",昨收28.42,板块退潮补跌/资金承接不足/持续阴跌,1
2026-06-05,2026-06-08,normal,nlu,002669.SZ,康达新材,化学制品,85.359375,"{'sector': 0.724375, 'trend': 1.0, 'pos': 0.85, 'mom': 1.0, 'liq': 1.0, 'recog': 0.6}","非涨停组: 趋势结构多头(MA20>MA60且上行), 处于活跃板块[化学制品](当日涨幅分位66%, 板块涨停3家) 距60日高点12.4% 20日涨幅16.5%",板块[化学制品]轮动延续/资金承接,收盘16.62 MA20上方 量比1.09,"次日开盘[-2%,+3%]为观察区间; 收盘站上max(开盘,昨收)视为买点触发",昨收16.62,板块退潮补跌/资金承接不足/持续阴跌,1
2026-06-08,2026-06-09,defensive,lu,002354.SZ,天娱数科,文化传媒,86.0,"{'theme': 0.6, 'ladder': 0.9, 'seal': 1.0, 'time': 1.0, 'liq': 1.0, 'struct': 0.6}",涨停组: 物理AI方向 2板 封单比31.9% 涨停时间09:30 题材内涨停4家 成交8.0亿,物理AI+具身智能+算力租赁+AI应用,2连板 换手承接量比0.64,"次日竞价与开盘承接: 高开幅度观察区间[-2%,+5%]; 开盘涨幅≤+3%且不破昨收-3%视为买点触发",昨收7.33,高位情绪兑现/次日低开大幅回撤/炸板断板,1
2026-06-08,2026-06-09,defensive,lu,603859.SH,能科科技,IT服务,77.0,"{'theme': 0.6, 'ladder': 0.9, 'seal': 0.4, 'time': 0.85, 'liq': 1.0, 'struct': 1.0}",涨停组: 物理AI方向 2板 封单比3.0% 涨停时间10:08 题材内涨停4家 成交19.2亿,物理AI+具身智能+商业航天+AI应用,2连板 换手承接量比2.25,"次日竞价与开盘承接: 高开幅度观察区间[-2%,+5%]; 开盘涨幅≤+3%且不破昨收-3%视为买点触发",昨收49.87,高位情绪兑现/次日低开大幅回撤/炸板断板,1
2026-06-08,2026-06-09,defensive,nlu,601918.SH,新集能源,煤炭开采加工,90.2890625,"{'sector': 0.7615625, 'trend': 1.0, 'pos': 0.85, 'mom': 1.0, 'liq': 1.0, 'recog': 1.0}","非涨停组: 趋势结构多头(MA20>MA60且上行), 处于活跃板块[煤炭开采加工](当日涨幅分位78%, 板块涨停1家) 距60日高点14.6% 20日涨幅19.8%",板块[煤炭开采加工]轮动延续/资金承接,收盘10.26 MA20上方 量比0.59,"次日开盘[-2%,+3%]为观察区间; 收盘站上max(开盘,昨收)视为买点触发",昨收10.26,板块退潮补跌/资金承接不足/持续阴跌,1
2026-06-09,2026-06-10,normal,lu,001696.SZ,宗申动力,通用设备,86.0,"{'theme': 0.2, 'ladder': 0.9, 'seal': 1.0, 'time': 1.0, 'liq': 1.0, 'struct': 1.0}",涨停组: 低空经济方向 2板 封单比16.2% 涨停时间09:37 题材内涨停2家 成交11.9亿,低空经济+航空发动机+资产置换+通用机械,2连板 换手承接量比2.05,"次日竞价与开盘承接: 高开幅度观察区间[-2%,+5%]; 开盘涨幅≤+3%且不破昨收-3%视为买点触发",昨收17.55,高位情绪兑现/次日低开大幅回撤/炸板断板,1
2026-06-09,2026-06-10,normal,lu,603211.SH,晋拓股份,汽车零部件,85.0,"{'theme': 0.6, 'ladder': 0.55, 'seal': 1.0, 'time': 1.0, 'liq': 1.0, 'struct': 1.0}",涨停组: 人形机器人方向 1板 封单比15.5% 涨停时间09:30 题材内涨停4家 成交3.3亿,人形机器人+机器人零部件+定增扩产,1连板 换手承接量比1.40,"次日竞价与开盘承接: 高开幅度观察区间[-2%,+5%]; 开盘涨幅≤+3%且不破昨收-3%视为买点触发",昨收31.43,高位情绪兑现/次日低开大幅回撤/炸板断板,1
2026-06-09,2026-06-10,normal,nlu,002185.SZ,华天科技,半导体,93.86328125,"{'sector': 0.9745312500000001, 'trend': 0.8, 'pos': 1.0, 'mom': 1.0, 'liq': 1.0, 'recog': 0.85}","非涨停组: 趋势结构多头(MA20>MA60且上行), 处于活跃板块[半导体](当日涨幅分位99%, 板块涨停13家) 距60日高点19.7% 20日涨幅22.2%",板块[半导体]轮动延续/资金承接,收盘17.62 MA20上方 量比0.65,"次日开盘[-2%,+3%]为观察区间; 收盘站上max(开盘,昨收)视为买点触发",昨收17.62,板块退潮补跌/资金承接不足/持续阴跌,1
2026-06-09,2026-06-10,normal,nlu,002897.SZ,意华股份,通信设备,92.5703125,"{'sector': 0.9128125, 'trend': 1.0, 'pos': 0.85, 'mom': 1.0, 'liq': 1.0, 'recog': 0.85}","非涨停组: 趋势结构多头(MA20>MA60且上行), 处于活跃板块[通信设备](当日涨幅分位90%, 板块涨停4家) 距60日高点14.3% 20日涨幅18.5%",板块[通信设备]轮动延续/资金承接,收盘85.26 MA20上方 量比0.87,"次日开盘[-2%,+3%]为观察区间; 收盘站上max(开盘,昨收)视为买点触发",昨收85.26,板块退潮补跌/资金承接不足/持续阴跌,1
2026-06-10,2026-06-11,defensive,lu,002971.SZ,和远气体,化学制品,80.0,"{'theme': 0.2, 'ladder': 0.9, 'seal': 1.0, 'time': 1.0, 'liq': 1.0, 'struct': 0.6}",涨停组: 六氟化钨方向 2板 封单比81.0% 涨停时间09:30 题材内涨停2家 成交3.6亿,六氟化钨+电子特气+硅基新材料,2连板 换手承接量比0.34,"次日竞价与开盘承接: 高开幅度观察区间[-2%,+5%]; 开盘涨幅≤+3%且不破昨收-3%视为买点触发",昨收47.95,高位情绪兑现/次日低开大幅回撤/炸板断板,1
2026-06-10,2026-06-11,defensive,lu,002165.SZ,红宝丽,化学制品,79.0,"{'theme': 0.2, 'ladder': 0.55, 'seal': 1.0, 'time': 1.0, 'liq': 1.0, 'struct': 1.0}",涨停组: 环氧丙烷方向 1板 封单比51.1% 涨停时间09:35 题材内涨停2家 成交3.1亿,环氧丙烷+技改临近+绿色建材+出海,1连板 换手承接量比0.95,"次日竞价与开盘承接: 高开幅度观察区间[-2%,+5%]; 开盘涨幅≤+3%且不破昨收-3%视为买点触发",昨收7.3,高位情绪兑现/次日低开大幅回撤/炸板断板,1
2026-06-10,2026-06-11,defensive,nlu,603330.SH,天洋新材,塑料制品,94.28125,"{'sector': 0.9212500000000001, 'trend': 1.0, 'pos': 0.85, 'mom': 1.0, 'liq': 1.0, 'recog': 1.0}","非涨停组: 趋势结构多头(MA20>MA60且上行), 处于活跃板块[塑料制品](当日涨幅分位88%, 板块涨停2家) 距60日高点13.0% 20日涨幅28.0%",板块[塑料制品]轮动延续/资金承接,收盘9.00 MA20上方 量比1.06,"次日开盘[-2%,+3%]为观察区间; 收盘站上max(开盘,昨收)视为买点触发",昨收9.00,板块退潮补跌/资金承接不足/持续阴跌,1
2026-06-11,2026-06-12,defensive,lu,002971.SZ,和远气体,化学制品,85.0,"{'theme': 0.4, 'ladder': 1.0, 'seal': 0.7, 'time': 1.0, 'liq': 1.0, 'struct': 1.0}",涨停组: 六氟化钨方向 3板 封单比14.9% 涨停时间09:25 题材内涨停3家 成交12.5亿,六氟化钨+电子特气+硅基新材料,3连板 换手承接量比1.00,"次日竞价与开盘承接: 高开幅度观察区间[-2%,+5%]; 开盘涨幅≤+3%且不破昨收-3%视为买点触发",昨收52.75,高位情绪兑现/次日低开大幅回撤/炸板断板,1
2026-06-11,2026-06-12,defensive,lu,600378.SH,昊华科技,化学制品,77.0,"{'theme': 0.4, 'ladder': 0.9, 'seal': 0.4, 'time': 1.0, 'liq': 1.0, 'struct': 1.0}",涨停组: 六氟化钨方向 2板 封单比3.8% 涨停时间09:25 题材内涨停3家 成交50.6亿,六氟化钨+PCB概念+氟化工+央企,2连板 换手承接量比0.94,"次日竞价与开盘承接: 高开幅度观察区间[-2%,+5%]; 开盘涨幅≤+3%且不破昨收-3%视为买点触发",昨收63.89,高位情绪兑现/次日低开大幅回撤/炸板断板,1
2026-06-11,2026-06-12,defensive,nlu,002371.SZ,北方华创,半导体,93.1953125,"{'sector': 0.9378124999999999, 'trend': 1.0, 'pos': 0.85, 'mom': 1.0, 'liq': 1.0, 'recog': 0.85}","非涨停组: 趋势结构多头(MA20>MA60且上行), 处于活跃板块[半导体](当日涨幅分位94%, 板块涨停7家) 距60日高点11.7% 20日涨幅13.0%",板块[半导体]轮动延续/资金承接,收盘636.92 MA20上方 量比1.13,"次日开盘[-2%,+3%]为观察区间; 收盘站上max(开盘,昨收)视为买点触发",昨收636.92,板块退潮补跌/资金承接不足/持续阴跌,1
2026-06-12,2026-06-15,normal,lu,002935.SZ,天奥电子,军工电子,81.0,"{'theme': 0.6, 'ladder': 0.55, 'seal': 1.0, 'time': 1.0, 'liq': 0.6, 'struct': 1.0}",涨停组: 商业航天方向 1板 封单比16.4% 涨停时间09:39 题材内涨停4家 成交2.5亿,商业航天+原子钟+央企,1连板 换手承接量比1.27,"次日竞价与开盘承接: 高开幅度观察区间[-2%,+5%]; 开盘涨幅≤+3%且不破昨收-3%视为买点触发",昨收22.2,高位情绪兑现/次日低开大幅回撤/炸板断板,1
2026-06-12,2026-06-15,normal,lu,003009.SZ,中天火箭,军工装备,79.0,"{'theme': 0.6, 'ladder': 0.55, 'seal': 1.0, 'time': 1.0, 'liq': 1.0, 'struct': 0.6}",涨停组: 商业航天方向 1板 封单比19.8% 涨停时间09:43 题材内涨停4家 成交3.4亿,商业航天+小型制导火箭+一季度扭亏+央企,1连板 换手承接量比0.59,"次日竞价与开盘承接: 高开幅度观察区间[-2%,+5%]; 开盘涨幅≤+3%且不破昨收-3%视为买点触发",昨收60.62,高位情绪兑现/次日低开大幅回撤/炸板断板,1
2026-06-12,2026-06-15,normal,nlu,002125.SZ,湘潭电化,电池,84.66796875,"{'sector': 0.84671875, 'trend': 1.0, 'pos': 0.6, 'mom': 1.0, 'liq': 1.0, 'recog': 0.85}","非涨停组: 趋势结构多头(MA20>MA60且上行), 处于活跃板块[电池](当日涨幅分位87%, 板块涨停2家) 距60日高点6.8% 20日涨幅26.5%",板块[电池]轮动延续/资金承接,收盘18.06 MA20上方 量比1.04,"次日开盘[-2%,+3%]为观察区间; 收盘站上max(开盘,昨收)视为买点触发",昨收18.06,板块退潮补跌/资金承接不足/持续阴跌,1
2026-06-12,2026-06-15,normal,nlu,603681.SH,永冠新材,化学制品,84.3046875,"{'sector': 0.5821875000000001, 'trend': 1.0, 'pos': 0.85, 'mom': 1.0, 'liq': 1.0, 'recog': 0.85}","非涨停组: 趋势结构多头(MA20>MA60且上行), 处于活跃板块[化学制品](当日涨幅分位33%, 板块涨停6家) 距60日高点13.3% 20日涨幅20.4%",板块[化学制品]轮动延续/资金承接,收盘24.77 MA20上方 量比1.06,"次日开盘[-2%,+3%]为观察区间; 收盘站上max(开盘,昨收)视为买点触发",昨收24.77,板块退潮补跌/资金承接不足/持续阴跌,1
2026-06-15,2026-06-16,aggressive,lu,002824.SZ,和胜股份,工业金属,73.0,"{'theme': 0.2, 'ladder': 0.55, 'seal': 1.0, 'time': 1.0, 'liq': 1.0, 'struct': 0.6}",涨停组: 折叠屏方向 1板 封单比32.0% 涨停时间09:45 题材内涨停2家 成交4.5亿,折叠屏+电池结构件+一季报增长,1连板 换手承接量比0.57,"次日竞价与开盘承接: 高开幅度观察区间[-2%,+5%]; 开盘涨幅≤+3%且不破昨收-3%视为买点触发",昨收31.74,高位情绪兑现/次日低开大幅回撤/炸板断板,1
2026-06-15,2026-06-16,aggressive,lu,600237.SH,铜峰电子,元件,73.0,"{'theme': 0.2, 'ladder': 0.55, 'seal': 1.0, 'time': 1.0, 'liq': 1.0, 'struct': 0.6}",涨停组: 薄膜电容器方向 1板 封单比16.8% 涨停时间09:38 题材内涨停2家 成交4.9亿,薄膜电容器+PET铜箔+国企,1连板 换手承接量比0.62,"次日竞价与开盘承接: 高开幅度观察区间[-2%,+5%]; 开盘涨幅≤+3%且不破昨收-3%视为买点触发",昨收10.68,高位情绪兑现/次日低开大幅回撤/炸板断板,1
2026-06-15,2026-06-16,aggressive,nlu,000688.SZ,国城矿业,小金属,93.6015625,"{'sector': 0.9540625, 'trend': 1.0, 'pos': 0.85, 'mom': 1.0, 'liq': 1.0, 'recog': 0.85}","非涨停组: 趋势结构多头(MA20>MA60且上行), 处于活跃板块[小金属](当日涨幅分位92%, 板块涨停7家) 距60日高点13.5% 20日涨幅9.9%",板块[小金属]轮动延续/资金承接,收盘45.60 MA20上方 量比1.15,"次日开盘[-2%,+3%]为观察区间; 收盘站上max(开盘,昨收)视为买点触发",昨收45.60,板块退潮补跌/资金承接不足/持续阴跌,1
2026-06-16,2026-06-17,normal,lu,603186.SH,华正新材,元件,83.0,"{'theme': 0.4, 'ladder': 0.9, 'seal': 1.0, 'time': 1.0, 'liq': 1.0, 'struct': 0.6}",涨停组: 覆铜板方向 2板 封单比17.9% 涨停时间09:32 题材内涨停3家 成交11.8亿,覆铜板+AI算力+定增扩产,2连板 换手承接量比0.39,"次日竞价与开盘承接: 高开幅度观察区间[-2%,+5%]; 开盘涨幅≤+3%且不破昨收-3%视为买点触发",昨收206.06,高位情绪兑现/次日低开大幅回撤/炸板断板,1
2026-06-16,2026-06-17,normal,lu,002552.SZ,宝鼎科技,元件,79.0,"{'theme': 0.4, 'ladder': 0.9, 'seal': 1.0, 'time': 1.0, 'liq': 0.6, 'struct': 0.6}",涨停组: 覆铜板方向 2板 封单比16.1% 涨停时间09:34 题材内涨停3家 成交2.9亿,覆铜板+电子铜箔+黄金采选+Q1业绩大增,2连板 换手承接量比0.29,"次日竞价与开盘承接: 高开幅度观察区间[-2%,+5%]; 开盘涨幅≤+3%且不破昨收-3%视为买点触发",昨收70.93,高位情绪兑现/次日低开大幅回撤/炸板断板,1
2026-06-16,2026-06-17,normal,nlu,002655.SZ,共达电声,消费电子,95.5859375,"{'sector': 0.8834375000000001, 'trend': 1.0, 'pos': 1.0, 'mom': 1.0, 'liq': 1.0, 'recog': 0.85}","非涨停组: 趋势结构多头(MA20>MA60且上行), 处于活跃板块[消费电子](当日涨幅分位89%, 板块涨停2家) 距60日高点17.0% 20日涨幅11.9%",板块[消费电子]轮动延续/资金承接,收盘37.18 MA20上方 量比1.13,"次日开盘[-2%,+3%]为观察区间; 收盘站上max(开盘,昨收)视为买点触发",昨收37.18,板块退潮补跌/资金承接不足/持续阴跌,1
2026-06-16,2026-06-17,normal,nlu,600584.SH,长电科技,半导体,92.1796875,"{'sector': 0.9071875, 'trend': 1.0, 'pos': 1.0, 'mom': 1.0, 'liq': 0.6, 'recog': 0.85}","非涨停组: 趋势结构多头(MA20>MA60且上行), 处于活跃板块[半导体](当日涨幅分位86%, 板块涨停2家) 距60日高点18.9% 20日涨幅26.5%",板块[半导体]轮动延续/资金承接,收盘76.85 MA20上方 量比1.15,"次日开盘[-2%,+3%]为观察区间; 收盘站上max(开盘,昨收)视为买点触发",昨收76.85,板块退潮补跌/资金承接不足/持续阴跌,1
2026-06-17,2026-06-18,defensive,lu,002106.SZ,莱宝高科,光学光电子,79.0,"{'theme': 0.6, 'ladder': 0.55, 'seal': 0.7, 'time': 1.0, 'liq': 1.0, 'struct': 1.0}",涨停组: 玻璃基板方向 1板 封单比14.6% 涨停时间09:43 题材内涨停4家 成交6.0亿,玻璃基板+MED+AI PC,1连板 换手承接量比0.96,"次日竞价与开盘承接: 高开幅度观察区间[-2%,+5%]; 开盘涨幅≤+3%且不破昨收-3%视为买点触发",昨收14.78,高位情绪兑现/次日低开大幅回撤/炸板断板,1
2026-06-17,2026-06-18,defensive,lu,002906.SZ,华阳集团,汽车零部件,76.0,"{'theme': 0.2, 'ladder': 0.55, 'seal': 1.0, 'time': 0.85, 'liq': 1.0, 'struct': 1.0}",涨停组: 人形机器人方向 1板 封单比25.6% 涨停时间09:49 题材内涨停2家 成交3.2亿,人形机器人+精密压铸+光模块+AI BOX,1连板 换手承接量比1.21,"次日竞价与开盘承接: 高开幅度观察区间[-2%,+5%]; 开盘涨幅≤+3%且不破昨收-3%视为买点触发",昨收28.9,高位情绪兑现/次日低开大幅回撤/炸板断板,1
2026-06-17,2026-06-18,defensive,nlu,002137.SZ,实益达,光学光电子,93.5859375,"{'sector': 0.9534374999999999, 'trend': 1.0, 'pos': 0.85, 'mom': 1.0, 'liq': 1.0, 'recog': 0.85}","非涨停组: 趋势结构多头(MA20>MA60且上行), 处于活跃板块[光学光电子](当日涨幅分位96%, 板块涨停10家) 距60日高点14.4% 20日涨幅16.5%",板块[光学光电子]轮动延续/资金承接,收盘10.16 MA20上方 量比1.15,"次日开盘[-2%,+3%]为观察区间; 收盘站上max(开盘,昨收)视为买点触发",昨收10.16,板块退潮补跌/资金承接不足/持续阴跌,1
2026-06-18,2026-06-22,defensive,lu,002579.SZ,中京电子,元件,74.0,"{'theme': 0.2, 'ladder': 0.9, 'seal': 0.7, 'time': 1.0, 'liq': 1.0, 'struct': 0.6}",涨停组: 定增通过方向 2板 封单比11.7% 涨停时间09:32 题材内涨停2家 成交14.2亿,定增通过+PCB+高阶HDI+AIPC,2连板 换手承接量比0.66,"次日竞价与开盘承接: 高开幅度观察区间[-2%,+5%]; 开盘涨幅≤+3%且不破昨收-3%视为买点触发",昨收20.32,高位情绪兑现/次日低开大幅回撤/炸板断板,1
2026-06-18,2026-06-22,defensive,lu,600353.SH,旭光电子,其他电子,73.5,"{'theme': 0.2, 'ladder': 0.8, 'seal': 1.0, 'time': 1.0, 'liq': 1.0, 'struct': 0.3}",涨停组: 氮化铝方向 4板 封单比25.6% 涨停时间09:31 题材内涨停2家 成交13.6亿,氮化铝+可控核聚变+定增受理,4连板 换手承接量比0.80,"次日竞价与开盘承接: 高开幅度观察区间[-2%,+5%]; 开盘涨幅≤+3%且不破昨收-3%视为买点触发",昨收42.01,高位情绪兑现/次日低开大幅回撤/炸板断板,1
2026-06-18,2026-06-22,defensive,nlu,600255.SH,鑫科材料,金属新材料,88.4453125,"{'sector': 0.8478125, 'trend': 0.8, 'pos': 0.85, 'mom': 1.0, 'liq': 1.0, 'recog': 1.0}","非涨停组: 趋势结构多头(MA20>MA60且上行), 处于活跃板块[金属新材料](当日涨幅分位96%, 板块涨停1家) 距60日高点12.2% 20日涨幅24.0%",板块[金属新材料]轮动延续/资金承接,收盘4.24 MA20上方 量比0.78,"次日开盘[-2%,+3%]为观察区间; 收盘站上max(开盘,昨收)视为买点触发",昨收4.24,板块退潮补跌/资金承接不足/持续阴跌,1
2026-06-22,2026-06-23,aggressive,lu,002312.SZ,川发龙蟒,农化制品,78.0,"{'theme': 0.4, 'ladder': 0.55, 'seal': 1.0, 'time': 1.0, 'liq': 0.6, 'struct': 1.0}",涨停组: 磷化工方向 1板 封单比32.3% 涨停时间09:34 题材内涨停3家 成交2.7亿,磷化工+锂矿,1连板 换手承接量比0.89,"次日竞价与开盘承接: 高开幅度观察区间[-2%,+5%]; 开盘涨幅≤+3%且不破昨收-3%视为买点触发",昨收9.26,高位情绪兑现/次日低开大幅回撤/炸板断板,1
2026-06-22,2026-06-23,aggressive,lu,002805.SZ,丰元股份,电池,77.0,"{'theme': 0.6, 'ladder': 0.9, 'seal': 0.4, 'time': 0.85, 'liq': 1.0, 'struct': 1.0}",涨停组: 磷酸铁锂方向 2板 封单比6.2% 涨停时间10:27 题材内涨停4家 成交10.5亿,磷酸铁锂+固态电池+定增扩产+一季报扭亏,2连板 换手承接量比1.11,"次日竞价与开盘承接: 高开幅度观察区间[-2%,+5%]; 开盘涨幅≤+3%且不破昨收-3%视为买点触发",昨收29.57,高位情绪兑现/次日低开大幅回撤/炸板断板,1
2026-06-22,2026-06-23,aggressive,nlu,002733.SZ,雄韬股份,电池,85.234375,"{'sector': 0.869375, 'trend': 1.0, 'pos': 0.6, 'mom': 1.0, 'liq': 1.0, 'recog': 0.85}","非涨停组: 趋势结构多头(MA20>MA60且上行), 处于活跃板块[电池](当日涨幅分位82%, 板块涨停2家) 距60日高点7.8% 20日涨幅26.5%",板块[电池]轮动延续/资金承接,收盘35.00 MA20上方 量比0.73,"次日开盘[-2%,+3%]为观察区间; 收盘站上max(开盘,昨收)视为买点触发",昨收35.00,板块退潮补跌/资金承接不足/持续阴跌,1
2026-06-23,2026-06-24,defensive,lu,000813.SZ,德展健康,化学制药,81.0,"{'theme': 0.8, 'ladder': 0.55, 'seal': 1.0, 'time': 0.85, 'liq': 0.6, 'struct': 1.0}",涨停组: 创新药方向 1板 封单比15.9% 涨停时间09:49 题材内涨停5家 成交1.9亿,创新药+重组胶原蛋白+降血脂药,1连板 换手承接量比1.72,"次日竞价与开盘承接: 高开幅度观察区间[-2%,+5%]; 开盘涨幅≤+3%且不破昨收-3%视为买点触发",昨收3.19,高位情绪兑现/次日低开大幅回撤/炸板断板,1
2026-06-23,2026-06-24,defensive,lu,002031.SZ,巨轮智能,专用设备,79.0,"{'theme': 0.4, 'ladder': 0.55, 'seal': 1.0, 'time': 0.85, 'liq': 1.0, 'struct': 1.0}",涨停组: 人形机器人方向 1板 封单比20.5% 涨停时间10:03 题材内涨停3家 成交6.5亿,人形机器人+XT减速器+轮胎模具,1连板 换手承接量比1.05,"次日竞价与开盘承接: 高开幅度观察区间[-2%,+5%]; 开盘涨幅≤+3%且不破昨收-3%视为买点触发",昨收6.08,高位情绪兑现/次日低开大幅回撤/炸板断板,1
2026-06-23,2026-06-24,defensive,nlu,600246.SH,万通发展,房地产,85.95703125,"{'sector': 0.64828125, 'trend': 1.0, 'pos': 0.85, 'mom': 1.0, 'liq': 1.0, 'recog': 0.85}","非涨停组: 趋势结构多头(MA20>MA60且上行), 处于活跃板块[房地产](当日涨幅分位70%, 板块涨停3家) 距60日高点10.2% 20日涨幅12.2%",板块[房地产]轮动延续/资金承接,收盘17.39 MA20上方 量比0.68,"次日开盘[-2%,+3%]为观察区间; 收盘站上max(开盘,昨收)视为买点触发",昨收17.39,板块退潮补跌/资金承接不足/持续阴跌,1
2026-06-24,2026-06-25,defensive,lu,000566.SZ,海南海药,化学制药,85.0,"{'theme': 0.4, 'ladder': 0.9, 'seal': 1.0, 'time': 1.0, 'liq': 0.6, 'struct': 1.0}",涨停组: 创新药方向 2板 封单比80.3% 涨停时间09:32 题材内涨停3家 成交2.2亿,创新药+脑机接口+海南自贸区+国企,2连板 换手承接量比1.58,"次日竞价与开盘承接: 高开幅度观察区间[-2%,+5%]; 开盘涨幅≤+3%且不破昨收-3%视为买点触发",昨收4.49,高位情绪兑现/次日低开大幅回撤/炸板断板,1
2026-06-24,2026-06-25,defensive,lu,603386.SH,骏亚科技,元件,79.0,"{'theme': 0.4, 'ladder': 0.55, 'seal': 1.0, 'time': 0.85, 'liq': 1.0, 'struct': 1.0}",涨停组: PCB方向 1板 封单比23.0% 涨停时间10:02 题材内涨停3家 成交4.3亿,PCB+高多层HDI+拟15.57亿投建+人形机器人,1连板 换手承接量比0.98,"次日竞价与开盘承接: 高开幅度观察区间[-2%,+5%]; 开盘涨幅≤+3%且不破昨收-3%视为买点触发",昨收20.25,高位情绪兑现/次日低开大幅回撤/炸板断板,1
2026-06-24,2026-06-25,defensive,nlu,002213.SZ,大为股份,半导体,95.55859375,"{'sector': 0.9823437500000001, 'trend': 1.0, 'pos': 1.0, 'mom': 1.0, 'liq': 1.0, 'recog': 0.6}","非涨停组: 趋势结构多头(MA20>MA60且上行), 处于活跃板块[半导体](当日涨幅分位98%, 板块涨停9家) 距60日高点15.0% 20日涨幅5.6%",板块[半导体]轮动延续/资金承接,收盘39.34 MA20上方 量比0.80,"次日开盘[-2%,+3%]为观察区间; 收盘站上max(开盘,昨收)视为买点触发",昨收39.34,板块退潮补跌/资金承接不足/持续阴跌,1
2026-06-25,2026-06-26,defensive,lu,603335.SH,迪生力,汽车零部件,71.0,"{'theme': 0.8, 'ladder': 0.55, 'seal': 0.15, 'time': 1.0, 'liq': 1.0, 'struct': 1.0}",涨停组: 存储芯片方向 1板 封单比1.2% 涨停时间09:41 题材内涨停5家 成交9.2亿,存储芯片+收购半导体+汽车轮毂,1连板 换手承接量比1.18,"次日竞价与开盘承接: 高开幅度观察区间[-2%,+5%]; 开盘涨幅≤+3%且不破昨收-3%视为买点触发",昨收9.1,高位情绪兑现/次日低开大幅回撤/炸板断板,1
2026-06-25,2026-06-26,defensive,lu,002654.SZ,万润科技,光学光电子,70.0,"{'theme': 0.8, 'ladder': 0.55, 'seal': 0.4, 'time': 0.7, 'liq': 1.0, 'struct': 1.0}",涨停组: 存储芯片方向 1板 封单比4.8% 涨停时间11:08 题材内涨停5家 成交20.9亿,存储芯片+LED+湖北国资,1连板 换手承接量比1.16,"次日竞价与开盘承接: 高开幅度观察区间[-2%,+5%]; 开盘涨幅≤+3%且不破昨收-3%视为买点触发",昨收20.72,高位情绪兑现/次日低开大幅回撤/炸板断板,1
2026-06-25,2026-06-26,defensive,nlu,603991.SH,领先股份,半导体,94.015625,"{'sector': 0.9706250000000001, 'trend': 1.0, 'pos': 0.85, 'mom': 1.0, 'liq': 1.0, 'recog': 0.85}","非涨停组: 趋势结构多头(MA20>MA60且上行), 处于活跃板块[半导体](当日涨幅分位96%, 板块涨停6家) 距60日高点10.5% 20日涨幅16.7%",板块[半导体]轮动延续/资金承接,收盘125.35 MA20上方 量比0.60,"次日开盘[-2%,+3%]为观察区间; 收盘站上max(开盘,昨收)视为买点触发",昨收125.35,板块退潮补跌/资金承接不足/持续阴跌,1
2026-06-26,2026-06-29,defensive,lu,001270.SZ,铖昌科技,军工电子,70.0,"{'theme': 0.6, 'ladder': 0.55, 'seal': 0.4, 'time': 0.85, 'liq': 1.0, 'struct': 1.0}",涨停组: 商业航天方向 1板 封单比5.9% 涨停时间10:21 题材内涨停4家 成交20.2亿,商业航天+相控阵T/R芯片+卫星通信+摘帽,1连板 换手承接量比1.42,"次日竞价与开盘承接: 高开幅度观察区间[-2%,+5%]; 开盘涨幅≤+3%且不破昨收-3%视为买点触发",昨收139.43,高位情绪兑现/次日低开大幅回撤/炸板断板,1
2026-06-26,2026-06-29,defensive,lu,600343.SH,航天动力,通用设备,67.0,"{'theme': 0.6, 'ladder': 0.55, 'seal': 0.4, 'time': 0.7, 'liq': 1.0, 'struct': 1.0}",涨停组: 商业航天方向 1板 封单比5.1% 涨停时间11:04 题材内涨停4家 成交15.7亿,商业航天+氢能+航天央企,1连板 换手承接量比1.75,"次日竞价与开盘承接: 高开幅度观察区间[-2%,+5%]; 开盘涨幅≤+3%且不破昨收-3%视为买点触发",昨收26.27,高位情绪兑现/次日低开大幅回撤/炸板断板,1
2026-06-26,2026-06-29,defensive,nlu,600707.SH,彩虹股份,光学光电子,87.0703125,"{'sector': 0.9428125, 'trend': 1.0, 'pos': 0.6, 'mom': 1.0, 'liq': 1.0, 'recog': 0.85}","非涨停组: 趋势结构多头(MA20>MA60且上行), 处于活跃板块[光学光电子](当日涨幅分位95%, 板块涨停4家) 距60日高点6.4% 20日涨幅29.2%",板块[光学光电子]轮动延续/资金承接,收盘13.96 MA20上方 量比0.96,"次日开盘[-2%,+3%]为观察区间; 收盘站上max(开盘,昨收)视为买点触发",昨收13.96,板块退潮补跌/资金承接不足/持续阴跌,1
2026-06-29,2026-06-30,defensive,lu,002653.SZ,海思科,化学制药,88.0,"{'theme': 1.0, 'ladder': 0.55, 'seal': 1.0, 'time': 0.85, 'liq': 1.0, 'struct': 1.0}",涨停组: 创新药方向 1板 封单比21.3% 涨停时间10:00 题材内涨停10家 成交4.5亿,创新药+海外授权+BRAF抑制剂,1连板 换手承接量比0.84,"次日竞价与开盘承接: 高开幅度观察区间[-2%,+5%]; 开盘涨幅≤+3%且不破昨收-3%视为买点触发",昨收61.06,高位情绪兑现/次日低开大幅回撤/炸板断板,1
2026-06-29,2026-06-30,defensive,lu,002639.SZ,雪人集团,通用设备,85.0,"{'theme': 1.0, 'ladder': 0.55, 'seal': 1.0, 'time': 1.0, 'liq': 1.0, 'struct': 0.6}",涨停组: 可控核聚变方向 1板 封单比42.0% 涨停时间09:32 题材内涨停7家 成交3.7亿,可控核聚变+压缩机龙头+氢能,1连板 换手承接量比0.61,"次日竞价与开盘承接: 高开幅度观察区间[-2%,+5%]; 开盘涨幅≤+3%且不破昨收-3%视为买点触发",昨收14.06,高位情绪兑现/次日低开大幅回撤/炸板断板,1
2026-06-29,2026-06-30,defensive,nlu,603115.SH,海星股份,电子化学品,91.83203125,"{'sector': 0.88328125, 'trend': 1.0, 'pos': 0.85, 'mom': 1.0, 'liq': 1.0, 'recog': 0.85}","非涨停组: 趋势结构多头(MA20>MA60且上行), 处于活跃板块[电子化学品](当日涨幅分位81%, 板块涨停2家) 距60日高点10.9% 20日涨幅10.4%",板块[电子化学品]轮动延续/资金承接,收盘117.42 MA20上方 量比1.04,"次日开盘[-2%,+3%]为观察区间; 收盘站上max(开盘,昨收)视为买点触发",昨收117.42,板块退潮补跌/资金承接不足/持续阴跌,1
2026-06-30,2026-07-01,aggressive,lu,003043.SZ,华亚智能,半导体,86.0,"{'theme': 0.4, 'ladder': 0.9, 'seal': 1.0, 'time': 0.85, 'liq': 1.0, 'struct': 1.0}",涨停组: 半导体设备方向 2板 封单比20.9% 涨停时间09:49 题材内涨停3家 成交7.0亿,半导体设备+精密金属结构件+转债强赎,2连板 换手承接量比0.83,"次日竞价与开盘承接: 高开幅度观察区间[-2%,+5%]; 开盘涨幅≤+3%且不破昨收-3%视为买点触发",昨收99.39,高位情绪兑现/次日低开大幅回撤/炸板断板,1
2026-06-30,2026-07-01,aggressive,lu,002779.SZ,中坚科技,专用设备,85.0,"{'theme': 1.0, 'ladder': 0.55, 'seal': 0.7, 'time': 1.0, 'liq': 1.0, 'struct': 1.0}",涨停组: 机器人方向 1板 封单比11.9% 涨停时间09:43 题材内涨停8家 成交3.6亿,机器人+智能割草机+一季度营收增长,1连板 换手承接量比1.17,"次日竞价与开盘承接: 高开幅度观察区间[-2%,+5%]; 开盘涨幅≤+3%且不破昨收-3%视为买点触发",昨收78.56,高位情绪兑现/次日低开大幅回撤/炸板断板,1
2026-06-30,2026-07-01,aggressive,nlu,002584.SZ,西陇科学,电子化学品,96.05078125,"{'sector': 0.84203125, 'trend': 1.0, 'pos': 1.0, 'mom': 1.0, 'liq': 1.0, 'recog': 1.0}","非涨停组: 趋势结构多头(MA20>MA60且上行), 处于活跃板块[电子化学品](当日涨幅分位90%, 板块涨停1家) 距60日高点19.3% 20日涨幅24.7%",板块[电子化学品]轮动延续/资金承接,收盘9.48 MA20上方 量比0.78,"次日开盘[-2%,+3%]为观察区间; 收盘站上max(开盘,昨收)视为买点触发",昨收9.48,板块退潮补跌/资金承接不足/持续阴跌,1
2026-07-01,2026-07-02,aggressive,lu,600845.SH,宝信软件,IT服务,91.0,"{'theme': 1.0, 'ladder': 0.55, 'seal': 1.0, 'time': 1.0, 'liq': 1.0, 'struct': 1.0}",涨停组: 人形机器人方向 1板 封单比36.4% 涨停时间09:37 题材内涨停9家 成交3.6亿,人形机器人+算力租赁+工业软件,1连板 换手承接量比1.12,"次日竞价与开盘承接: 高开幅度观察区间[-2%,+5%]; 开盘涨幅≤+3%且不破昨收-3%视为买点触发",昨收18.29,高位情绪兑现/次日低开大幅回撤/炸板断板,1
2026-07-01,2026-07-02,aggressive,lu,000795.SZ,英洛华,金属新材料,91.0,"{'theme': 1.0, 'ladder': 0.55, 'seal': 1.0, 'time': 1.0, 'liq': 1.0, 'struct': 1.0}",涨停组: 机器人方向 1板 封单比23.1% 涨停时间09:36 题材内涨停9家 成交3.3亿,机器人+稀土永磁+回购注销,1连板 换手承接量比1.17,"次日竞价与开盘承接: 高开幅度观察区间[-2%,+5%]; 开盘涨幅≤+3%且不破昨收-3%视为买点触发",昨收9.52,高位情绪兑现/次日低开大幅回撤/炸板断板,1
2026-07-01,2026-07-02,aggressive,nlu,000417.SZ,合百集团,零售,93.3359375,"{'sector': 0.7934375, 'trend': 1.0, 'pos': 1.0, 'mom': 1.0, 'liq': 1.0, 'recog': 0.85}","非涨停组: 趋势结构多头(MA20>MA60且上行), 处于活跃板块[零售](当日涨幅分位78%, 板块涨停5家) 距60日高点16.6% 20日涨幅17.2%",板块[零售]轮动延续/资金承接,收盘8.93 MA20上方 量比0.90,"次日开盘[-2%,+3%]为观察区间; 收盘站上max(开盘,昨收)视为买点触发",昨收8.93,板块退潮补跌/资金承接不足/持续阴跌,1
2026-07-02,2026-07-03,defensive,lu,603416.SH,信捷电气,自动化设备,88.0,"{'theme': 1.0, 'ladder': 0.55, 'seal': 1.0, 'time': 0.85, 'liq': 1.0, 'struct': 1.0}",涨停组: 人形机器人方向 1板 封单比38.1% 涨停时间10:02 题材内涨停9家 成交3.1亿,人形机器人+PLC龙头+业绩增长,1连板 换手承接量比1.51,"次日竞价与开盘承接: 高开幅度观察区间[-2%,+5%]; 开盘涨幅≤+3%且不破昨收-3%视为买点触发",昨收59.87,高位情绪兑现/次日低开大幅回撤/炸板断板,1
2026-07-02,2026-07-03,defensive,lu,603337.SH,杰克科技,专用设备,84.0,"{'theme': 1.0, 'ladder': 0.55, 'seal': 1.0, 'time': 0.85, 'liq': 0.6, 'struct': 1.0}",涨停组: 人形机器人方向 1板 封单比41.9% 涨停时间10:16 题材内涨停9家 成交2.2亿,人形机器人+AI数字成套+缝制机械,1连板 换手承接量比1.22,"次日竞价与开盘承接: 高开幅度观察区间[-2%,+5%]; 开盘涨幅≤+3%且不破昨收-3%视为买点触发",昨收39.55,高位情绪兑现/次日低开大幅回撤/炸板断板,1
2026-07-02,2026-07-03,defensive,nlu,002536.SZ,飞龙股份,汽车零部件,89.77734375,"{'sector': 0.7410937500000001, 'trend': 1.0, 'pos': 0.85, 'mom': 1.0, 'liq': 1.0, 'recog': 1.0}","非涨停组: 趋势结构多头(MA20>MA60且上行), 处于活跃板块[汽车零部件](当日涨幅分位74%, 板块涨停7家) 距60日高点11.3% 20日涨幅21.4%",板块[汽车零部件]轮动延续/资金承接,收盘47.24 MA20上方 量比0.82,"次日开盘[-2%,+3%]为观察区间; 收盘站上max(开盘,昨收)视为买点触发",昨收47.24,板块退潮补跌/资金承接不足/持续阴跌,1
2026-07-03,2026-07-06,normal,lu,603286.SH,日盈电子,汽车零部件,95.0,"{'theme': 1.0, 'ladder': 0.9, 'seal': 1.0, 'time': 0.85, 'liq': 1.0, 'struct': 1.0}",涨停组: 人形机器人方向 2板 封单比16.3% 涨停时间10:17 题材内涨停18家 成交4.0亿,人形机器人+电子皮肤+北美工厂+传感器,2连板 换手承接量比1.55,"次日竞价与开盘承接: 高开幅度观察区间[-2%,+5%]; 开盘涨幅≤+3%且不破昨收-3%视为买点触发",昨收56.96,高位情绪兑现/次日低开大幅回撤/炸板断板,1
2026-07-03,2026-07-06,normal,lu,000506.SZ,招金黄金,贵金属,89.0,"{'theme': 0.8, 'ladder': 0.9, 'seal': 1.0, 'time': 1.0, 'liq': 1.0, 'struct': 0.6}",涨停组: 黄金方向 2板 封单比39.8% 涨停时间09:30 题材内涨停5家 成交3.7亿,黄金+一季报扭亏+国企,2连板 换手承接量比0.72,"次日竞价与开盘承接: 高开幅度观察区间[-2%,+5%]; 开盘涨幅≤+3%且不破昨收-3%视为买点触发",昨收13.87,高位情绪兑现/次日低开大幅回撤/炸板断板,1
2026-07-03,2026-07-06,normal,nlu,600520.SH,三佳科技,专用设备,91.37109375,"{'sector': 0.8048437500000001, 'trend': 1.0, 'pos': 0.85, 'mom': 1.0, 'liq': 1.0, 'recog': 1.0}","非涨停组: 趋势结构多头(MA20>MA60且上行), 处于活跃板块[专用设备](当日涨幅分位83%, 板块涨停3家) 距60日高点10.6% 20日涨幅24.8%",板块[专用设备]轮动延续/资金承接,收盘36.10 MA20上方 量比0.61,"次日开盘[-2%,+3%]为观察区间; 收盘站上max(开盘,昨收)视为买点触发",昨收36.10,板块退潮补跌/资金承接不足/持续阴跌,1
2026-07-03,2026-07-06,normal,nlu,605133.SH,嵘泰股份,汽车零部件,91.0390625,"{'sector': 0.9515625000000001, 'trend': 1.0, 'pos': 0.85, 'mom': 1.0, 'liq': 1.0, 'recog': 0.6}","非涨停组: 趋势结构多头(MA20>MA60且上行), 处于活跃板块[汽车零部件](当日涨幅分位97%, 板块涨停20家) 距60日高点10.8% 20日涨幅8.3%",板块[汽车零部件]轮动延续/资金承接,收盘38.86 MA20上方 量比0.96,"次日开盘[-2%,+3%]为观察区间; 收盘站上max(开盘,昨收)视为买点触发",昨收38.86,板块退潮补跌/资金承接不足/持续阴跌,1
2026-07-06,2026-07-07,defensive,lu,603090.SH,宏盛股份,通用设备,70.0,"{'theme': 0.2, 'ladder': 0.55, 'seal': 0.7, 'time': 0.85, 'liq': 1.0, 'struct': 1.0}",涨停组: 液冷服务器方向 1板 封单比8.6% 涨停时间09:52 题材内涨停2家 成交3.8亿,液冷服务器+氢能源+铝制板翅式换热器+海外扩张,1连板 换手承接量比1.88,"次日竞价与开盘承接: 高开幅度观察区间[-2%,+5%]; 开盘涨幅≤+3%且不破昨收-3%视为买点触发",昨收54.8,高位情绪兑现/次日低开大幅回撤/炸板断板,1
2026-07-06,2026-07-07,defensive,lu,001287.SZ,中电港,其他电子,67.0,"{'theme': 0.2, 'ladder': 0.55, 'seal': 0.7, 'time': 1.0, 'liq': 1.0, 'struct': 0.6}",涨停组: 中报预增方向 1板 封单比10.1% 涨停时间09:31 题材内涨停2家 成交9.6亿,中报预增+存储芯片分销+央企,1连板 换手承接量比0.68,"次日竞价与开盘承接: 高开幅度观察区间[-2%,+5%]; 开盘涨幅≤+3%且不破昨收-3%视为买点触发",昨收31.47,高位情绪兑现/次日低开大幅回撤/炸板断板,1
2026-07-06,2026-07-07,defensive,nlu,002290.SZ,禾盛新材,白色家电,88.89453125,"{'sector': 0.6157812500000001, 'trend': 1.0, 'pos': 1.0, 'mom': 1.0, 'liq': 1.0, 'recog': 0.85}","非涨停组: 趋势结构多头(MA20>MA60且上行), 处于活跃板块[白色家电](当日涨幅分位52%, 板块涨停1家) 距60日高点18.8% 20日涨幅6.1%",板块[白色家电]轮动延续/资金承接,收盘88.26 MA20上方 量比1.09,"次日开盘[-2%,+3%]为观察区间; 收盘站上max(开盘,昨收)视为买点触发",昨收88.26,板块退潮补跌/资金承接不足/持续阴跌,1
2026-07-07,2026-07-08,defensive,nlu,002049.SZ,紫光国微,半导体,84.6015625,"{'sector': 0.7540625000000001, 'trend': 0.8, 'pos': 0.85, 'mom': 1.0, 'liq': 1.0, 'recog': 0.85}","非涨停组: 趋势结构多头(MA20>MA60且上行), 处于活跃板块[半导体](当日涨幅分位97%, 板块涨停4家) 距60日高点10.7% 20日涨幅17.6%",板块[半导体]轮动延续/资金承接,收盘82.00 MA20上方 量比0.74,"次日开盘[-2%,+3%]为观察区间; 收盘站上max(开盘,昨收)视为买点触发",昨收82.00,板块退潮补跌/资金承接不足/持续阴跌,1
2026-07-08,2026-07-09,defensive,lu,603496.SH,恒为科技,计算机设备,85.0,"{'theme': 0.6, 'ladder': 0.55, 'seal': 1.0, 'time': 1.0, 'liq': 1.0, 'struct': 1.0}",涨停组: 算力租赁方向 1板 封单比39.1% 涨停时间09:37 题材内涨停4家 成交3.2亿,算力租赁+华为昇腾+拟收购数珩科技,1连板 换手承接量比0.89,"次日竞价与开盘承接: 高开幅度观察区间[-2%,+5%]; 开盘涨幅≤+3%且不破昨收-3%视为买点触发",昨收24.54,高位情绪兑现/次日低开大幅回撤/炸板断板,1
2026-07-08,2026-07-09,defensive,lu,002467.SZ,二六三,通信服务,79.0,"{'theme': 0.4, 'ladder': 0.55, 'seal': 1.0, 'time': 0.85, 'liq': 1.0, 'struct': 1.0}",涨停组: 数据中心方向 1板 封单比22.9% 涨停时间10:24 题材内涨停3家 成交4.0亿,数据中心+云网融合+AI数字人,1连板 换手承接量比1.92,"次日竞价与开盘承接: 高开幅度观察区间[-2%,+5%]; 开盘涨幅≤+3%且不破昨收-3%视为买点触发",昨收4.69,高位情绪兑现/次日低开大幅回撤/炸板断板,1
2026-07-08,2026-07-09,defensive,nlu,002415.SZ,海康威视,计算机设备,84.390625,"{'sector': 0.8356250000000001, 'trend': 1.0, 'pos': 0.6, 'mom': 1.0, 'liq': 1.0, 'recog': 0.85}","非涨停组: 趋势结构多头(MA20>MA60且上行), 处于活跃板块[计算机设备](当日涨幅分位93%, 板块涨停4家) 距60日高点5.3% 20日涨幅12.7%",板块[计算机设备]轮动延续/资金承接,收盘33.81 MA20上方 量比1.11,"次日开盘[-2%,+3%]为观察区间; 收盘站上max(开盘,昨收)视为买点触发",昨收33.81,板块退潮补跌/资金承接不足/持续阴跌,1
2026-07-09,2026-07-10,normal,lu,002274.SZ,华昌化工,化学原料,84.0,"{'theme': 0.8, 'ladder': 0.55, 'seal': 1.0, 'time': 1.0, 'liq': 0.6, 'struct': 1.0}",涨停组: 中报预增方向 1板 封单比16.1% 涨停时间09:30 题材内涨停5家 成交2.1亿,中报预增+多元醇+煤化工,1连板 换手承接量比2.24,"次日竞价与开盘承接: 高开幅度观察区间[-2%,+5%]; 开盘涨幅≤+3%且不破昨收-3%视为买点触发",昨收5.43,高位情绪兑现/次日低开大幅回撤/炸板断板,1
2026-07-09,2026-07-10,normal,lu,002552.SZ,宝鼎科技,元件,82.0,"{'theme': 0.8, 'ladder': 0.55, 'seal': 0.7, 'time': 1.0, 'liq': 1.0, 'struct': 1.0}",涨停组: 中报预增方向 1板 封单比9.8% 涨停时间09:31 题材内涨停5家 成交7.9亿,中报预增+覆铜板+黄金+国企,1连板 换手承接量比0.90,"次日竞价与开盘承接: 高开幅度观察区间[-2%,+5%]; 开盘涨幅≤+3%且不破昨收-3%视为买点触发",昨收64.54,高位情绪兑现/次日低开大幅回撤/炸板断板,1
2026-07-09,2026-07-10,normal,nlu,603290.SH,斯达半导,半导体,91.75,"{'sector': 0.99, 'trend': 0.8, 'pos': 1.0, 'mom': 1.0, 'liq': 1.0, 'recog': 0.6}","非涨停组: 趋势结构多头(MA20>MA60且上行), 处于活跃板块[半导体](当日涨幅分位99%, 板块涨停13家) 距60日高点16.5% 20日涨幅21.9%",板块[半导体]轮动延续/资金承接,收盘133.40 MA20上方 量比0.99,"次日开盘[-2%,+3%]为观察区间; 收盘站上max(开盘,昨收)视为买点触发",昨收133.40,板块退潮补跌/资金承接不足/持续阴跌,1
2026-07-09,2026-07-10,normal,nlu,002979.SZ,雷赛智能,自动化设备,89.2578125,"{'sector': 0.7803125, 'trend': 1.0, 'pos': 0.85, 'mom': 1.0, 'liq': 1.0, 'recog': 0.85}","非涨停组: 趋势结构多头(MA20>MA60且上行), 处于活跃板块[自动化设备](当日涨幅分位90%, 板块涨停3家) 距60日高点14.9% 20日涨幅24.0%",板块[自动化设备]轮动延续/资金承接,收盘64.88 MA20上方 量比0.59,"次日开盘[-2%,+3%]为观察区间; 收盘站上max(开盘,昨收)视为买点触发",昨收64.88,板块退潮补跌/资金承接不足/持续阴跌,1
2026-07-10,2026-07-13,normal,lu,600992.SH,贵绳股份,通用设备,91.0,"{'theme': 1.0, 'ladder': 0.9, 'seal': 1.0, 'time': 0.85, 'liq': 0.6, 'struct': 1.0}",涨停组: 商业航天方向 2板 封单比34.9% 涨停时间10:03 题材内涨停22家 成交1.8亿,商业航天+钢丝绳龙头+国企改革,2连板 换手承接量比2.04,"次日竞价与开盘承接: 高开幅度观察区间[-2%,+5%]; 开盘涨幅≤+3%且不破昨收-3%视为买点触发",昨收10.65,高位情绪兑现/次日低开大幅回撤/炸板断板,1
2026-07-10,2026-07-13,normal,lu,600428.SH,中远海特,港口航运,91.0,"{'theme': 1.0, 'ladder': 0.55, 'seal': 1.0, 'time': 1.0, 'liq': 1.0, 'struct': 1.0}",涨停组: 中报预增方向 1板 封单比29.6% 涨停时间09:30 题材内涨停7家 成交3.6亿,中报预增+特种船运输+央企,1连板 换手承接量比1.34,"次日竞价与开盘承接: 高开幅度观察区间[-2%,+5%]; 开盘涨幅≤+3%且不破昨收-3%视为买点触发",昨收8.99,高位情绪兑现/次日低开大幅回撤/炸板断板,1
2026-07-10,2026-07-13,normal,nlu,002422.SZ,科伦药业,化学制药,95.46875,"{'sector': 0.8787499999999999, 'trend': 1.0, 'pos': 1.0, 'mom': 1.0, 'liq': 1.0, 'recog': 0.85}","非涨停组: 趋势结构多头(MA20>MA60且上行), 处于活跃板块[化学制药](当日涨幅分位93%, 板块涨停6家) 距60日高点16.5% 20日涨幅15.7%",板块[化学制药]轮动延续/资金承接,收盘44.07 MA20上方 量比0.95,"次日开盘[-2%,+3%]为观察区间; 收盘站上max(开盘,昨收)视为买点触发",昨收44.07,板块退潮补跌/资金承接不足/持续阴跌,1
2026-07-10,2026-07-13,normal,nlu,002458.SZ,益生股份,养殖业,89.1328125,"{'sector': 0.7753125, 'trend': 1.0, 'pos': 0.85, 'mom': 1.0, 'liq': 1.0, 'recog': 0.85}","非涨停组: 趋势结构多头(MA20>MA60且上行), 处于活跃板块[养殖业](当日涨幅分位85%, 板块涨停1家) 距60日高点10.2% 20日涨幅10.5%",板块[养殖业]轮动延续/资金承接,收盘8.70 MA20上方 量比0.87,"次日开盘[-2%,+3%]为观察区间; 收盘站上max(开盘,昨收)视为买点触发",昨收8.70,板块退潮补跌/资金承接不足/持续阴跌,1
2026-07-13,2026-07-14,defensive,lu,600664.SH,哈药股份,化学制药,89.0,"{'theme': 0.8, 'ladder': 0.9, 'seal': 0.7, 'time': 1.0, 'liq': 1.0, 'struct': 1.0}",涨停组: 中报预增方向 2板 封单比10.9% 涨停时间09:34 题材内涨停5家 成交7.4亿,中报预增+化学制药+创新药,2连板 换手承接量比2.37,"次日竞价与开盘承接: 高开幅度观察区间[-2%,+5%]; 开盘涨幅≤+3%且不破昨收-3%视为买点触发",昨收3.71,高位情绪兑现/次日低开大幅回撤/炸板断板,1
2026-07-13,2026-07-14,defensive,lu,002379.SZ,宏桥控股,工业金属,79.0,"{'theme': 0.8, 'ladder': 0.55, 'seal': 0.7, 'time': 0.85, 'liq': 1.0, 'struct': 1.0}",涨停组: 中报预增方向 1板 封单比8.8% 涨停时间10:17 题材内涨停5家 成交9.5亿,中报预增+电解铝+铝全产业链,1连板 换手承接量比1.87,"次日竞价与开盘承接: 高开幅度观察区间[-2%,+5%]; 开盘涨幅≤+3%且不破昨收-3%视为买点触发",昨收15.9,高位情绪兑现/次日低开大幅回撤/炸板断板,1
2026-07-13,2026-07-14,defensive,nlu,002422.SZ,科伦药业,化学制药,95.72265625,"{'sector': 0.88890625, 'trend': 1.0, 'pos': 1.0, 'mom': 1.0, 'liq': 1.0, 'recog': 0.85}","非涨停组: 趋势结构多头(MA20>MA60且上行), 处于活跃板块[化学制药](当日涨幅分位90%, 板块涨停4家) 距60日高点15.1% 20日涨幅20.1%",板块[化学制药]轮动延续/资金承接,收盘44.80 MA20上方 量比1.05,"次日开盘[-2%,+3%]为观察区间; 收盘站上max(开盘,昨收)视为买点触发",昨收44.80,板块退潮补跌/资金承接不足/持续阴跌,1
2026-07-14,2026-07-15,normal,lu,605189.SH,富春染织,纺织制造,88.0,"{'theme': 1.0, 'ladder': 0.55, 'seal': 1.0, 'time': 0.85, 'liq': 1.0, 'struct': 1.0}",涨停组: 半年报预增方向 1板 封单比43.0% 涨停时间10:26 题材内涨停7家 成交3.1亿,半年报预增+PEEK材料+人形机器人+筒子纱龙头,1连板 换手承接量比1.14,"次日竞价与开盘承接: 高开幅度观察区间[-2%,+5%]; 开盘涨幅≤+3%且不破昨收-3%视为买点触发",昨收14.22,高位情绪兑现/次日低开大幅回撤/炸板断板,1
2026-07-14,2026-07-15,normal,lu,600664.SH,哈药股份,化学制药,88.0,"{'theme': 1.0, 'ladder': 1.0, 'seal': 0.4, 'time': 1.0, 'liq': 1.0, 'struct': 1.0}",涨停组: 中报预增方向 3板 封单比6.5% 涨停时间09:42 题材内涨停13家 成交17.4亿,中报预增+基药目录+化学制药+创新药,3连板 换手承接量比2.69,"次日竞价与开盘承接: 高开幅度观察区间[-2%,+5%]; 开盘涨幅≤+3%且不破昨收-3%视为买点触发",昨收4.08,高位情绪兑现/次日低开大幅回撤/炸板断板,1
2026-07-14,2026-07-15,normal,nlu,603456.SH,九洲药业,医疗服务,82.84375,"{'sector': 0.6837500000000001, 'trend': 1.0, 'pos': 0.85, 'mom': 1.0, 'liq': 0.6, 'recog': 0.85}","非涨停组: 趋势结构多头(MA20>MA60且上行), 处于活跃板块[医疗服务](当日涨幅分位80%, 板块涨停0家) 距60日高点13.5% 20日涨幅18.5%",板块[医疗服务]轮动延续/资金承接,收盘15.08 MA20上方 量比1.08,"次日开盘[-2%,+3%]为观察区间; 收盘站上max(开盘,昨收)视为买点触发",昨收15.08,板块退潮补跌/资金承接不足/持续阴跌,1
2026-07-14,2026-07-15,normal,nlu,000620.SZ,盈新发展,房地产,82.44140625,"{'sector': 0.51765625, 'trend': 0.8, 'pos': 1.0, 'mom': 1.0, 'liq': 1.0, 'recog': 0.85}","非涨停组: 趋势结构多头(MA20>MA60且上行), 处于活跃板块[房地产](当日涨幅分位38%, 板块涨停1家) 距60日高点17.2% 20日涨幅10.4%",板块[房地产]轮动延续/资金承接,收盘3.28 MA20上方 量比0.80,"次日开盘[-2%,+3%]为观察区间; 收盘站上max(开盘,昨收)视为买点触发",昨收3.28,板块退潮补跌/资金承接不足/持续阴跌,1
2026-07-15,2026-07-16,defensive,lu,603127.SH,昭衍新药,医疗服务,91.0,"{'theme': 1.0, 'ladder': 0.55, 'seal': 1.0, 'time': 1.0, 'liq': 1.0, 'struct': 1.0}",涨停组: 中报预增方向 1板 封单比17.0% 涨停时间09:25 题材内涨停7家 成交21.9亿,中报预增+实验猴涨价+CRO,1连板 换手承接量比0.83,"次日竞价与开盘承接: 高开幅度观察区间[-2%,+5%]; 开盘涨幅≤+3%且不破昨收-3%视为买点触发",昨收50.62,高位情绪兑现/次日低开大幅回撤/炸板断板,1
2026-07-15,2026-07-16,defensive,lu,600664.SH,哈药股份,化学制药,90.0,"{'theme': 1.0, 'ladder': 0.8, 'seal': 1.0, 'time': 1.0, 'liq': 1.0, 'struct': 0.6}",涨停组: 中报预增方向 4板 封单比89.1% 涨停时间09:30 题材内涨停7家 成交4.9亿,中报预增+基药目录+创新药+化学制药,4连板 换手承接量比0.63,"次日竞价与开盘承接: 高开幅度观察区间[-2%,+5%]; 开盘涨幅≤+3%且不破昨收-3%视为买点触发",昨收4.49,高位情绪兑现/次日低开大幅回撤/炸板断板,1
2026-07-15,2026-07-16,defensive,nlu,002174.SZ,游族网络,游戏,84.9140625,"{'sector': 0.8565625000000001, 'trend': 1.0, 'pos': 0.6, 'mom': 1.0, 'liq': 1.0, 'recog': 0.85}","非涨停组: 趋势结构多头(MA20>MA60且上行), 处于活跃板块[游戏](当日涨幅分位96%, 板块涨停2家) 距60日高点5.9% 20日涨幅6.1%",板块[游戏]轮动延续/资金承接,收盘12.54 MA20上方 量比0.93,"次日开盘[-2%,+3%]为观察区间; 收盘站上max(开盘,昨收)视为买点触发",昨收12.54,板块退潮补跌/资金承接不足/持续阴跌,1
2026-07-16,2026-07-17,defensive,lu,000676.SZ,智度股份,文化传媒,83.0,"{'theme': 0.2, 'ladder': 0.9, 'seal': 1.0, 'time': 0.85, 'liq': 1.0, 'struct': 1.0}",涨停组: 中报预增方向 2板 封单比21.0% 涨停时间09:46 题材内涨停2家 成交4.9亿,中报预增+华为鲸鸿+互联网媒体+广告,2连板 换手承接量比1.72,"次日竞价与开盘承接: 高开幅度观察区间[-2%,+5%]; 开盘涨幅≤+3%且不破昨收-3%视为买点触发",昨收6.22,高位情绪兑现/次日低开大幅回撤/炸板断板,1
2026-07-16,2026-07-17,defensive,lu,603327.SH,福蓉科技,消费电子,75.0,"{'theme': 0.2, 'ladder': 0.55, 'seal': 1.0, 'time': 1.0, 'liq': 0.6, 'struct': 1.0}",涨停组: AI手机方向 1板 封单比39.9% 涨停时间09:30 题材内涨停2家 成交2.0亿,AI手机+折叠屏+苹果概念+福建国资,1连板 换手承接量比1.11,"次日竞价与开盘承接: 高开幅度观察区间[-2%,+5%]; 开盘涨幅≤+3%且不破昨收-3%视为买点触发",昨收8.57,高位情绪兑现/次日低开大幅回撤/炸板断板,1
2026-07-16,2026-07-17,defensive,nlu,002020.SZ,京新药业,化学制药,81.953125,"{'sector': 0.8981250000000001, 'trend': 1.0, 'pos': 0.6, 'mom': 1.0, 'liq': 0.6, 'recog': 0.85}","非涨停组: 趋势结构多头(MA20>MA60且上行), 处于活跃板块[化学制药](当日涨幅分位82%, 板块涨停3家) 距60日高点6.4% 20日涨幅23.4%",板块[化学制药]轮动延续/资金承接,收盘14.87 MA20上方 量比0.87,"次日开盘[-2%,+3%]为观察区间; 收盘站上max(开盘,昨收)视为买点触发",昨收14.87,板块退潮补跌/资金承接不足/持续阴跌,1
2026-07-17,2026-07-20,defensive,lu,600644.SH,乐山电力,电力,79.0,"{'theme': 0.2, 'ladder': 0.55, 'seal': 1.0, 'time': 1.0, 'liq': 1.0, 'struct': 1.0}",涨停组: 电力方向 1板 封单比16.4% 涨停时间09:45 题材内涨停2家 成交3.9亿,电力+天然气+新型储能,1连板 换手承接量比2.13,"次日竞价与开盘承接: 高开幅度观察区间[-2%,+5%]; 开盘涨幅≤+3%且不破昨收-3%视为买点触发",昨收9.01,高位情绪兑现/次日低开大幅回撤/炸板断板,1
2026-07-17,2026-07-20,defensive,lu,000037.SZ,深南电A,电力,70.0,"{'theme': 0.2, 'ladder': 0.55, 'seal': 0.7, 'time': 0.85, 'liq': 1.0, 'struct': 1.0}",涨停组: 电力方向 1板 封单比10.2% 涨停时间10:00 题材内涨停2家 成交3.3亿,电力+储能+综合能源服务+中报扭亏,1连板 换手承接量比2.25,"次日竞价与开盘承接: 高开幅度观察区间[-2%,+5%]; 开盘涨幅≤+3%且不破昨收-3%视为买点触发",昨收9.2,高位情绪兑现/次日低开大幅回撤/炸板断板,1
2026-07-20,2026-07-21,defensive,lu,600744.SH,华银电力,电力,89.0,"{'theme': 0.4, 'ladder': 0.9, 'seal': 1.0, 'time': 1.0, 'liq': 1.0, 'struct': 1.0}",涨停组: 火电方向 2板 封单比16.9% 涨停时间09:35 题材内涨停3家 成交11.3亿,火电+新能源+定增获批+央企,2连板 换手承接量比2.19,"次日竞价与开盘承接: 高开幅度观察区间[-2%,+5%]; 开盘涨幅≤+3%且不破昨收-3%视为买点触发",昨收6.56,高位情绪兑现/次日低开大幅回撤/炸板断板,1
2026-07-20,2026-07-21,defensive,lu,600121.SH,郑州煤电,煤炭开采加工,81.0,"{'theme': 0.8, 'ladder': 0.55, 'seal': 1.0, 'time': 0.85, 'liq': 0.6, 'struct': 1.0}",涨停组: 煤炭方向 1板 封单比21.1% 涨停时间09:48 题材内涨停5家 成交2.2亿,煤炭+算力+国企改革,1连板 换手承接量比1.00,"次日竞价与开盘承接: 高开幅度观察区间[-2%,+5%]; 开盘涨幅≤+3%且不破昨收-3%视为买点触发",昨收3.76,高位情绪兑现/次日低开大幅回撤/炸板断板,1
2026-07-20,2026-07-21,defensive,nlu,601918.SH,新集能源,煤炭开采加工,94.296875,"{'sector': 0.981875, 'trend': 1.0, 'pos': 0.85, 'mom': 1.0, 'liq': 1.0, 'recog': 0.85}","非涨停组: 趋势结构多头(MA20>MA60且上行), 处于活跃板块[煤炭开采加工](当日涨幅分位98%, 板块涨停7家) 距60日高点14.1% 20日涨幅15.2%",板块[煤炭开采加工]轮动延续/资金承接,收盘10.32 MA20上方 量比1.13,"次日开盘[-2%,+3%]为观察区间; 收盘站上max(开盘,昨收)视为买点触发",昨收10.32,板块退潮补跌/资金承接不足/持续阴跌,1
2026-07-21,2026-07-22,normal,lu,002197.SZ,证通电子,IT服务,76.0,"{'theme': 0.4, 'ladder': 0.55, 'seal': 0.7, 'time': 1.0, 'liq': 1.0, 'struct': 1.0}",涨停组: 算力租赁方向 1板 封单比8.8% 涨停时间09:37 题材内涨停3家 成交4.1亿,算力租赁+数据中心REITs+金融科技+中报扭亏,1连板 换手承接量比1.73,"次日竞价与开盘承接: 高开幅度观察区间[-2%,+5%]; 开盘涨幅≤+3%且不破昨收-3%视为买点触发",昨收6.34,高位情绪兑现/次日低开大幅回撤/炸板断板,1
2026-07-21,2026-07-22,normal,lu,002371.SZ,北方华创,半导体,75.0,"{'theme': 1.0, 'ladder': 0.55, 'seal': 0.7, 'time': 0.7, 'liq': 0.6, 'struct': 1.0}",涨停组: 半导体设备方向 1板 封单比10.3% 涨停时间10:36 题材内涨停6家 成交105.9亿,半导体设备+平台型龙头+北京国资,1连板 换手承接量比0.99,"次日竞价与开盘承接: 高开幅度观察区间[-2%,+5%]; 开盘涨幅≤+3%且不破昨收-3%视为买点触发",昨收744.6,高位情绪兑现/次日低开大幅回撤/炸板断板,1
2026-07-21,2026-07-22,normal,nlu,603893.SH,瑞芯微,半导体,81.96484375,"{'sector': 0.7485937500000002, 'trend': 0.8, 'pos': 0.85, 'mom': 1.0, 'liq': 1.0, 'recog': 0.6}","非涨停组: 趋势结构多头(MA20>MA60且上行), 处于活跃板块[半导体](当日涨幅分位99%, 板块涨停29家) 距60日高点10.1% 20日涨幅15.5%",板块[半导体]轮动延续/资金承接,收盘206.85 MA20上方 量比1.14,"次日开盘[-2%,+3%]为观察区间; 收盘站上max(开盘,昨收)视为买点触发",昨收206.85,板块退潮补跌/资金承接不足/持续阴跌,1
2026-07-21,2026-07-22,normal,nlu,601918.SH,新集能源,煤炭开采加工,80.1875,"{'sector': 0.2675, 'trend': 1.0, 'pos': 1.0, 'mom': 1.0, 'liq': 1.0, 'recog': 0.85}","非涨停组: 趋势结构多头(MA20>MA60且上行), 处于活跃板块[煤炭开采加工](当日涨幅分位8%, 板块涨停0家) 距60日高点16.0% 20日涨幅13.4%",板块[煤炭开采加工]轮动延续/资金承接,收盘10.10 MA20上方 量比0.97,"次日开盘[-2%,+3%]为观察区间; 收盘站上max(开盘,昨收)视为买点触发",昨收10.10,板块退潮补跌/资金承接不足/持续阴跌,1
2026-07-22,2026-07-23,defensive,lu,000815.SZ,美利云,通信服务,91.0,"{'theme': 0.8, 'ladder': 1.0, 'seal': 0.7, 'time': 1.0, 'liq': 1.0, 'struct': 1.0}",涨停组: 算力租赁方向 3板 封单比14.3% 涨停时间09:25 题材内涨停5家 成交14.5亿,算力租赁+东数西算+中国诚通旗下,3连板 换手承接量比2.31,"次日竞价与开盘承接: 高开幅度观察区间[-2%,+5%]; 开盘涨幅≤+3%且不破昨收-3%视为买点触发",昨收16.13,高位情绪兑现/次日低开大幅回撤/炸板断板,1
2026-07-22,2026-07-23,defensive,lu,603629.SH,利通电子,IT服务,89.0,"{'theme': 0.8, 'ladder': 0.9, 'seal': 1.0, 'time': 1.0, 'liq': 1.0, 'struct': 0.6}",涨停组: 算力租赁方向 2板 封单比26.6% 涨停时间09:32 题材内涨停5家 成交15.0亿,算力租赁+英伟达合作+中报预增,2连板 换手承接量比0.40,"次日竞价与开盘承接: 高开幅度观察区间[-2%,+5%]; 开盘涨幅≤+3%且不破昨收-3%视为买点触发",昨收118.34,高位情绪兑现/次日低开大幅回撤/炸板断板,1
2026-07-22,2026-07-23,defensive,nlu,002317.SZ,众生药业,中药,89.80078125,"{'sector': 0.7520312499999999, 'trend': 0.8, 'pos': 1.0, 'mom': 1.0, 'liq': 1.0, 'recog': 1.0}","非涨停组: 趋势结构多头(MA20>MA60且上行), 处于活跃板块[中药](当日涨幅分位71%, 板块涨停2家) 距60日高点18.9% 20日涨幅19.9%",板块[中药]轮动延续/资金承接,收盘27.80 MA20上方 量比0.64,"次日开盘[-2%,+3%]为观察区间; 收盘站上max(开盘,昨收)视为买点触发",昨收27.80,板块退潮补跌/资金承接不足/持续阴跌,1
2026-07-23,2026-07-24,aggressive,lu,000815.SZ,美利云,通信服务,84.0,"{'theme': 0.6, 'ladder': 0.8, 'seal': 0.7, 'time': 1.0, 'liq': 1.0, 'struct': 1.0}",涨停组: 算力租赁方向 4板 封单比10.6% 涨停时间09:37 题材内涨停4家 成交21.0亿,算力租赁+东数西算+中国诚通旗下,4连板 换手承接量比2.11,"次日竞价与开盘承接: 高开幅度观察区间[-2%,+5%]; 开盘涨幅≤+3%且不破昨收-3%视为买点触发",昨收17.74,高位情绪兑现/次日低开大幅回撤/炸板断板,1
2026-07-23,2026-07-24,aggressive,lu,002412.SZ,汉森制药,中药,82.0,"{'theme': 0.2, 'ladder': 0.9, 'seal': 1.0, 'time': 1.0, 'liq': 0.6, 'struct': 1.0}",涨停组: 中药方向 2板 封单比40.6% 涨停时间09:38 题材内涨停2家 成交2.4亿,中药+独家品种+中报预增,2连板 换手承接量比1.06,"次日竞价与开盘承接: 高开幅度观察区间[-2%,+5%]; 开盘涨幅≤+3%且不破昨收-3%视为买点触发",昨收7.38,高位情绪兑现/次日低开大幅回撤/炸板断板,1
2026-07-23,2026-07-24,aggressive,nlu,601918.SH,新集能源,煤炭开采加工,86.33203125,"{'sector': 0.51328125, 'trend': 1.0, 'pos': 1.0, 'mom': 1.0, 'liq': 1.0, 'recog': 0.85}","非涨停组: 趋势结构多头(MA20>MA60且上行), 处于活跃板块[煤炭开采加工](当日涨幅分位50%, 板块涨停0家) 距60日高点15.6% 20日涨幅17.3%",板块[煤炭开采加工]轮动延续/资金承接,收盘10.13 MA20上方 量比0.86,"次日开盘[-2%,+3%]为观察区间; 收盘站上max(开盘,昨收)视为买点触发",昨收10.13,板块退潮补跌/资金承接不足/持续阴跌,1
2026-07-24,2026-07-27,defensive,lu,600698.SH,湖南天雁,汽车零部件,86.0,"{'theme': 0.6, 'ladder': 0.9, 'seal': 0.7, 'time': 1.0, 'liq': 1.0, 'struct': 1.0}",涨停组: 兵装重组方向 2板 封单比9.1% 涨停时间09:43 题材内涨停4家 成交4.6亿,兵装重组+涡轮增压器+电子水泵+国企,2连板 换手承接量比2.50,"次日竞价与开盘承接: 高开幅度观察区间[-2%,+5%]; 开盘涨幅≤+3%且不破昨收-3%视为买点触发",昨收6.84,高位情绪兑现/次日低开大幅回撤/炸板断板,1
2026-07-24,2026-07-27,defensive,lu,002265.SZ,建设工业,军工装备,85.0,"{'theme': 0.6, 'ladder': 0.55, 'seal': 1.0, 'time': 1.0, 'liq': 1.0, 'struct': 1.0}",涨停组: 兵装重组方向 1板 封单比16.3% 涨停时间09:41 题材内涨停4家 成交4.0亿,兵装重组+军工装备+机器人概念+国企,1连板 换手承接量比1.57,"次日竞价与开盘承接: 高开幅度观察区间[-2%,+5%]; 开盘涨幅≤+3%且不破昨收-3%视为买点触发",昨收19.34,高位情绪兑现/次日低开大幅回撤/炸板断板,1
2026-07-24,2026-07-27,defensive,nlu,603893.SH,瑞芯微,半导体,86.0703125,"{'sector': 0.9028125, 'trend': 1.0, 'pos': 0.6, 'mom': 1.0, 'liq': 1.0, 'recog': 0.85}","非涨停组: 趋势结构多头(MA20>MA60且上行), 处于活跃板块[半导体](当日涨幅分位98%, 板块涨停3家) 距60日高点5.2% 20日涨幅21.9%",板块[半导体]轮动延续/资金承接,收盘220.52 MA20上方 量比0.93,"次日开盘[-2%,+3%]为观察区间; 收盘站上max(开盘,昨收)视为买点触发",昨收220.52,板块退潮补跌/资金承接不足/持续阴跌,1
2026-07-27,2026-07-28,aggressive,lu,603690.SH,至纯科技,半导体,86.0,"{'theme': 0.2, 'ladder': 0.9, 'seal': 1.0, 'time': 1.0, 'liq': 1.0, 'struct': 1.0}",涨停组: 存储芯片方向 2板 封单比16.0% 涨停时间09:32 题材内涨停2家 成交8.7亿,存储芯片+半导体设备+专精特新,2连板 换手承接量比1.03,"次日竞价与开盘承接: 高开幅度观察区间[-2%,+5%]; 开盘涨幅≤+3%且不破昨收-3%视为买点触发",昨收24.88,高位情绪兑现/次日低开大幅回撤/炸板断板,1
2026-07-27,2026-07-28,aggressive,lu,603630.SH,拉芳家化,美容护理,81.0,"{'theme': 0.8, 'ladder': 0.55, 'seal': 1.0, 'time': 0.85, 'liq': 0.6, 'struct': 1.0}",涨停组: 中报预增方向 1板 封单比19.1% 涨停时间10:01 题材内涨停5家 成交1.8亿,中报预增+洗护用品+降本增效,1连板 换手承接量比1.23,"次日竞价与开盘承接: 高开幅度观察区间[-2%,+5%]; 开盘涨幅≤+3%且不破昨收-3%视为买点触发",昨收14.43,高位情绪兑现/次日低开大幅回撤/炸板断板,1
2026-07-27,2026-07-28,aggressive,nlu,002440.SZ,闰土股份,化学制品,89.5,"{'sector': 0.73, 'trend': 1.0, 'pos': 0.85, 'mom': 1.0, 'liq': 1.0, 'recog': 1.0}","非涨停组: 趋势结构多头(MA20>MA60且上行), 处于活跃板块[化学制品](当日涨幅分位68%, 板块涨停5家) 距60日高点10.0% 20日涨幅12.8%",板块[化学制品]轮动延续/资金承接,收盘11.91 MA20上方 量比0.61,"次日开盘[-2%,+3%]为观察区间; 收盘站上max(开盘,昨收)视为买点触发",昨收11.91,板块退潮补跌/资金承接不足/持续阴跌,1
2026-07-28,2026-07-29,defensive,lu,603716.SH,塞力医疗,医药商业,92.0,"{'theme': 0.6, 'ladder': 0.9, 'seal': 1.0, 'time': 1.0, 'liq': 1.0, 'struct': 1.0}",涨停组: 脑机接口方向 2板 封单比22.4% 涨停时间09:35 题材内涨停4家 成交3.9亿,脑机接口+AI医疗+高血压疫苗+SPD,2连板 换手承接量比1.17,"次日竞价与开盘承接: 高开幅度观察区间[-2%,+5%]; 开盘涨幅≤+3%且不破昨收-3%视为买点触发",昨收16.43,高位情绪兑现/次日低开大幅回撤/炸板断板,1
2026-07-28,2026-07-29,defensive,lu,002969.SZ,嘉美包装,包装印刷,86.0,"{'theme': 0.2, 'ladder': 0.9, 'seal': 1.0, 'time': 1.0, 'liq': 1.0, 'struct': 1.0}",涨停组: 中报预增方向 2板 封单比39.5% 涨停时间09:31 题材内涨停2家 成交4.1亿,中报预增+饮料包装+实控人变更,2连板 换手承接量比1.31,"次日竞价与开盘承接: 高开幅度观察区间[-2%,+5%]; 开盘涨幅≤+3%且不破昨收-3%视为买点触发",昨收12.61,高位情绪兑现/次日低开大幅回撤/炸板断板,1
2026-07-28,2026-07-29,defensive,nlu,000759.SZ,中百集团,零售,81.0859375,"{'sector': 0.7034375, 'trend': 1.0, 'pos': 0.6, 'mom': 1.0, 'liq': 1.0, 'recog': 0.85}","非涨停组: 趋势结构多头(MA20>MA60且上行), 处于活跃板块[零售](当日涨幅分位83%, 板块涨停1家) 距60日高点7.8% 20日涨幅8.5%",板块[零售]轮动延续/资金承接,收盘6.89 MA20上方 量比1.17,"次日开盘[-2%,+3%]为观察区间; 收盘站上max(开盘,昨收)视为买点触发",昨收6.89,板块退潮补跌/资金承接不足/持续阴跌,1
2026-07-29,2026-07-30,aggressive,lu,603178.SH,圣龙股份,汽车零部件,81.0,"{'theme': 0.6, 'ladder': 0.55, 'seal': 1.0, 'time': 1.0, 'liq': 0.6, 'struct': 1.0}",涨停组: 机器人方向 1板 封单比40.7% 涨停时间09:40 题材内涨停4家 成交1.9亿,机器人+飞行汽车+业绩扭亏+泵类龙头,1连板 换手承接量比1.03,"次日竞价与开盘承接: 高开幅度观察区间[-2%,+5%]; 开盘涨幅≤+3%且不破昨收-3%视为买点触发",昨收16.63,高位情绪兑现/次日低开大幅回撤/炸板断板,1
2026-07-29,2026-07-30,aggressive,lu,600429.SH,三元股份,饮料制造,77.0,"{'theme': 1.0, 'ladder': 0.55, 'seal': 1.0, 'time': 0.5, 'liq': 0.6, 'struct': 1.0}",涨停组: 乳业方向 1板 封单比18.9% 涨停时间13:16 题材内涨停6家 成交1.6亿,乳业+供应链优化+北京国资,1连板 换手承接量比1.94,"次日竞价与开盘承接: 高开幅度观察区间[-2%,+5%]; 开盘涨幅≤+3%且不破昨收-3%视为买点触发",昨收4.69,高位情绪兑现/次日低开大幅回撤/炸板断板,1
2026-07-29,2026-07-30,aggressive,nlu,603296.SH,华勤技术,消费电子,73.37109375,"{'sector': 0.39484375000000005, 'trend': 1.0, 'pos': 0.6, 'mom': 1.0, 'liq': 1.0, 'recog': 0.85}","非涨停组: 趋势结构多头(MA20>MA60且上行), 处于活跃板块[消费电子](当日涨幅分位27%, 板块涨停2家) 距60日高点9.0% 20日涨幅16.1%",板块[消费电子]轮动延续/资金承接,收盘83.65 MA20上方 量比0.85,"次日开盘[-2%,+3%]为观察区间; 收盘站上max(开盘,昨收)视为买点触发",昨收83.65,板块退潮补跌/资金承接不足/持续阴跌,1
2026-07-30,2026-07-31,defensive,lu,600228.SH,返利科技,文化传媒,82.0,"{'theme': 0.2, 'ladder': 0.9, 'seal': 1.0, 'time': 1.0, 'liq': 0.6, 'struct': 1.0}",涨停组: 控制权变更方向 2板 封单比36.8% 涨停时间09:37 题材内涨停2家 成交1.7亿,控制权变更+AI应用+在线导购,2连板 换手承接量比1.02,"次日竞价与开盘承接: 高开幅度观察区间[-2%,+5%]; 开盘涨幅≤+3%且不破昨收-3%视为买点触发",昨收7.33,高位情绪兑现/次日低开大幅回撤/炸板断板,1
2026-07-30,2026-07-31,defensive,lu,603171.SH,税友股份,IT服务,82.0,"{'theme': 0.4, 'ladder': 0.55, 'seal': 1.0, 'time': 1.0, 'liq': 1.0, 'struct': 1.0}",涨停组: AI应用方向 1板 封单比18.7% 涨停时间09:44 题材内涨停3家 成交3.6亿,AI应用+财税SaaS+实控人增持,1连板 换手承接量比1.67,"次日竞价与开盘承接: 高开幅度观察区间[-2%,+5%]; 开盘涨幅≤+3%且不破昨收-3%视为买点触发",昨收41.47,高位情绪兑现/次日低开大幅回撤/炸板断板,1
2026-07-30,2026-07-31,defensive,nlu,000703.SZ,恒逸石化,化学纤维,77.3828125,"{'sector': 0.5553125, 'trend': 1.0, 'pos': 0.6, 'mom': 1.0, 'liq': 1.0, 'recog': 0.85}","非涨停组: 趋势结构多头(MA20>MA60且上行), 处于活跃板块[化学纤维](当日涨幅分位57%, 板块涨停1家) 距60日高点8.9% 20日涨幅6.5%",板块[化学纤维]轮动延续/资金承接,收盘16.05 MA20上方 量比1.10,"次日开盘[-2%,+3%]为观察区间; 收盘站上max(开盘,昨收)视为买点触发",昨收16.05,板块退潮补跌/资金承接不足/持续阴跌,1
2026-07-31,2026-08-03,aggressive,lu,603039.SH,泛微网络,软件开发,89.0,"{'theme': 1.0, 'ladder': 0.9, 'seal': 0.7, 'time': 0.85, 'liq': 1.0, 'struct': 1.0}",涨停组: AI应用方向 2板 封单比12.5% 涨停时间10:09 题材内涨停15家 成交8.6亿,AI应用+半年报预增+协同办公,2连板 换手承接量比1.63,"次日竞价与开盘承接: 高开幅度观察区间[-2%,+5%]; 开盘涨幅≤+3%且不破昨收-3%视为买点触发",昨收37.42,高位情绪兑现/次日低开大幅回撤/炸板断板,1
2026-07-31,2026-08-03,aggressive,lu,002896.SZ,中大力德,通用设备,88.0,"{'theme': 0.8, 'ladder': 0.55, 'seal': 1.0, 'time': 1.0, 'liq': 1.0, 'struct': 1.0}",涨停组: 人形机器人方向 1板 封单比15.2% 涨停时间09:42 题材内涨停5家 成交5.2亿,人形机器人+精密减速器+海外布局,1连板 换手承接量比1.25,"次日竞价与开盘承接: 高开幅度观察区间[-2%,+5%]; 开盘涨幅≤+3%且不破昨收-3%视为买点触发",昨收65.24,高位情绪兑现/次日低开大幅回撤/炸板断板,1
2026-07-31,2026-08-03,aggressive,nlu,601728.SH,中国电信,通信服务,90.47265625,"{'sector': 0.82890625, 'trend': 1.0, 'pos': 0.85, 'mom': 1.0, 'liq': 1.0, 'recog': 0.85}","非涨停组: 趋势结构多头(MA20>MA60且上行), 处于活跃板块[通信服务](当日涨幅分位92%, 板块涨停3家) 距60日高点13.5% 20日涨幅16.0%",板块[通信服务]轮动延续/资金承接,收盘6.30 MA20上方 量比0.96,"次日开盘[-2%,+3%]为观察区间; 收盘站上max(开盘,昨收)视为买点触发",昨收6.30,板块退潮补跌/资金承接不足/持续阴跌,1
2026-08-03,2026-08-04,normal,lu,002896.SZ,中大力德,通用设备,92.0,"{'theme': 0.6, 'ladder': 0.9, 'seal': 1.0, 'time': 1.0, 'liq': 1.0, 'struct': 1.0}",涨停组: 人形机器人方向 2板 封单比39.6% 涨停时间09:31 题材内涨停4家 成交5.4亿,人形机器人+精密减速器+海外布局,2连板 换手承接量比1.13,"次日竞价与开盘承接: 高开幅度观察区间[-2%,+5%]; 开盘涨幅≤+3%且不破昨收-3%视为买点触发",昨收71.76,高位情绪兑现/次日低开大幅回撤/炸板断板,1
2026-08-03,2026-08-04,normal,lu,003001.SZ,中岩大地,建筑装饰,85.0,"{'theme': 0.8, 'ladder': 0.9, 'seal': 1.0, 'time': 1.0, 'liq': 0.6, 'struct': 0.6}",涨停组: 核电方向 2板 封单比43.1% 涨停时间09:30 题材内涨停5家 成交1.8亿,核电+可控核聚变+拟收购PCB刀具+岩土工程,2连板 换手承接量比0.49,"次日竞价与开盘承接: 高开幅度观察区间[-2%,+5%]; 开盘涨幅≤+3%且不破昨收-3%视为买点触发",昨收21.16,高位情绪兑现/次日低开大幅回撤/炸板断板,1
2026-08-03,2026-08-04,normal,nlu,601728.SH,中国电信,通信服务,88.71875,"{'sector': 0.75875, 'trend': 1.0, 'pos': 0.85, 'mom': 1.0, 'liq': 1.0, 'recog': 0.85}","非涨停组: 趋势结构多头(MA20>MA60且上行), 处于活跃板块[通信服务](当日涨幅分位91%, 板块涨停1家) 距60日高点11.1% 20日涨幅16.2%",板块[通信服务]轮动延续/资金承接,收盘6.47 MA20上方 量比0.90,"次日开盘[-2%,+3%]为观察区间; 收盘站上max(开盘,昨收)视为买点触发",昨收6.47,板块退潮补跌/资金承接不足/持续阴跌,1
2026-08-03,2026-08-04,normal,nlu,002083.SZ,孚日股份,纺织制造,85.05859375,"{'sector': 0.61234375, 'trend': 1.0, 'pos': 0.85, 'mom': 1.0, 'liq': 1.0, 'recog': 0.85}","非涨停组: 趋势结构多头(MA20>MA60且上行), 处于活跃板块[纺织制造](当日涨幅分位67%, 板块涨停1家) 距60日高点13.4% 20日涨幅10.3%",板块[纺织制造]轮动延续/资金承接,收盘11.01 MA20上方 量比0.82,"次日开盘[-2%,+3%]为观察区间; 收盘站上max(开盘,昨收)视为买点触发",昨收11.01,板块退潮补跌/资金承接不足/持续阴跌,1
2026-08-04,2026-08-05,aggressive,lu,000815.SZ,美利云,通信服务,94.0,"{'theme': 1.0, 'ladder': 1.0, 'seal': 1.0, 'time': 1.0, 'liq': 1.0, 'struct': 0.6}",涨停组: 算力租赁方向 3板 封单比44.5% 涨停时间09:30 题材内涨停8家 成交6.7亿,算力租赁+东数西算+央企,3连板 换手承接量比0.48,"次日竞价与开盘承接: 高开幅度观察区间[-2%,+5%]; 开盘涨幅≤+3%且不破昨收-3%视为买点触发",昨收18.37,高位情绪兑现/次日低开大幅回撤/炸板断板,1
2026-08-04,2026-08-05,aggressive,lu,600666.SH,奥瑞德,IT服务,91.0,"{'theme': 1.0, 'ladder': 0.55, 'seal': 1.0, 'time': 1.0, 'liq': 1.0, 'struct': 1.0}",涨停组: 算力租赁方向 1板 封单比26.1% 涨停时间09:37 题材内涨停8家 成交4.0亿,算力租赁+AI应用+蓝宝石,1连板 换手承接量比0.92,"次日竞价与开盘承接: 高开幅度观察区间[-2%,+5%]; 开盘涨幅≤+3%且不破昨收-3%视为买点触发",昨收3.78,高位情绪兑现/次日低开大幅回撤/炸板断板,1
2026-08-04,2026-08-05,aggressive,nlu,600050.SH,中国联通,通信服务,93.0,"{'sector': 0.9299999999999999, 'trend': 1.0, 'pos': 0.85, 'mom': 1.0, 'liq': 1.0, 'recog': 0.85}","非涨停组: 趋势结构多头(MA20>MA60且上行), 处于活跃板块[通信服务](当日涨幅分位90%, 板块涨停4家) 距60日高点11.4% 20日涨幅10.4%",板块[通信服务]轮动延续/资金承接,收盘4.47 MA20上方 量比0.91,"次日开盘[-2%,+3%]为观察区间; 收盘站上max(开盘,昨收)视为买点触发",昨收4.47,板块退潮补跌/资金承接不足/持续阴跌,1
2026-08-05,2026-08-06,aggressive,lu,603186.SH,华正新材,元件,80.0,"{'theme': 0.4, 'ladder': 0.9, 'seal': 0.7, 'time': 0.85, 'liq': 1.0, 'struct': 1.0}",涨停组: 覆铜板方向 2板 封单比9.8% 涨停时间10:04 题材内涨停3家 成交16.5亿,覆铜板+AI算力+半年报预增,2连板 换手承接量比0.99,"次日竞价与开盘承接: 高开幅度观察区间[-2%,+5%]; 开盘涨幅≤+3%且不破昨收-3%视为买点触发",昨收119.31,高位情绪兑现/次日低开大幅回撤/炸板断板,1
2026-08-05,2026-08-06,aggressive,lu,003018.SZ,金富科技,包装印刷,77.0,"{'theme': 0.4, 'ladder': 0.9, 'seal': 0.7, 'time': 0.7, 'liq': 1.0, 'struct': 1.0}",涨停组: 液冷服务器方向 2板 封单比12.5% 涨停时间10:53 题材内涨停3家 成交4.5亿,液冷服务器+定增扩产+中报预增+饮料瓶盖,2连板 换手承接量比1.09,"次日竞价与开盘承接: 高开幅度观察区间[-2%,+5%]; 开盘涨幅≤+3%且不破昨收-3%视为买点触发",昨收38.24,高位情绪兑现/次日低开大幅回撤/炸板断板,1
2026-08-05,2026-08-06,aggressive,nlu,601678.SH,滨化股份,化学原料,88.08203125,"{'sector': 0.58328125, 'trend': 1.0, 'pos': 1.0, 'mom': 1.0, 'liq': 1.0, 'recog': 0.85}","非涨停组: 趋势结构多头(MA20>MA60且上行), 处于活跃板块[化学原料](当日涨幅分位57%, 板块涨停2家) 距60日高点15.6% 20日涨幅15.3%",板块[化学原料]轮动延续/资金承接,收盘6.62 MA20上方 量比0.86,"次日开盘[-2%,+3%]为观察区间; 收盘站上max(开盘,昨收)视为买点触发",昨收6.62,板块退潮补跌/资金承接不足/持续阴跌,1
2026-08-06,2026-08-07,normal,lu,601101.SH,昊华能源,煤炭开采加工,88.0,"{'theme': 0.8, 'ladder': 0.55, 'seal': 1.0, 'time': 1.0, 'liq': 1.0, 'struct': 1.0}",涨停组: 煤炭方向 1板 封单比19.4% 涨停时间09:44 题材内涨停5家 成交3.9亿,煤炭+甲醇+中报预增+北京国资,1连板 换手承接量比1.08,"次日竞价与开盘承接: 高开幅度观察区间[-2%,+5%]; 开盘涨幅≤+3%且不破昨收-3%视为买点触发",昨收12.72,高位情绪兑现/次日低开大幅回撤/炸板断板,1
2026-08-06,2026-08-07,normal,lu,600403.SH,大有能源,煤炭开采加工,82.0,"{'theme': 0.8, 'ladder': 0.55, 'seal': 1.0, 'time': 0.7, 'liq': 1.0, 'struct': 1.0}",涨停组: 煤炭方向 1板 封单比17.3% 涨停时间11:27 题材内涨停5家 成交6.3亿,煤炭+中报减亏+河南国资,1连板 换手承接量比1.25,"次日竞价与开盘承接: 高开幅度观察区间[-2%,+5%]; 开盘涨幅≤+3%且不破昨收-3%视为买点触发",昨收6.41,高位情绪兑现/次日低开大幅回撤/炸板断板,1
2026-08-06,2026-08-07,normal,nlu,002141.SZ,贤丰控股,元件,94.05078125,"{'sector': 0.9720312500000001, 'trend': 1.0, 'pos': 0.85, 'mom': 1.0, 'liq': 1.0, 'recog': 0.85}","非涨停组: 趋势结构多头(MA20>MA60且上行), 处于活跃板块[元件](当日涨幅分位96%, 板块涨停6家) 距60日高点11.8% 20日涨幅7.1%",板块[元件]轮动延续/资金承接,收盘5.73 MA20上方 量比0.89,"次日开盘[-2%,+3%]为观察区间; 收盘站上max(开盘,昨收)视为买点触发",昨收5.73,板块退潮补跌/资金承接不足/持续阴跌,1
2026-08-06,2026-08-07,normal,nlu,002648.SZ,卫星化学,化学制品,87.7421875,"{'sector': 0.8196875000000001, 'trend': 1.0, 'pos': 0.85, 'mom': 1.0, 'liq': 1.0, 'recog': 0.6}","非涨停组: 趋势结构多头(MA20>MA60且上行), 处于活跃板块[化学制品](当日涨幅分位82%, 板块涨停7家) 距60日高点10.2% 20日涨幅11.6%",板块[化学制品]轮动延续/资金承接,收盘25.37 MA20上方 量比0.99,"次日开盘[-2%,+3%]为观察区间; 收盘站上max(开盘,昨收)视为买点触发",昨收25.37,板块退潮补跌/资金承接不足/持续阴跌,1
2026-08-07,2026-08-10,normal,lu,002900.SZ,哈三联,化学制药,88.0,"{'theme': 1.0, 'ladder': 0.55, 'seal': 1.0, 'time': 0.85, 'liq': 1.0, 'struct': 1.0}",涨停组: 创新药方向 1板 封单比18.8% 涨停时间09:48 题材内涨停8家 成交4.1亿,创新药+化学制药+中报预计减亏,1连板 换手承接量比1.22,"次日竞价与开盘承接: 高开幅度观察区间[-2%,+5%]; 开盘涨幅≤+3%且不破昨收-3%视为买点触发",昨收13.48,高位情绪兑现/次日低开大幅回撤/炸板断板,1
2026-08-07,2026-08-10,normal,lu,600664.SH,哈药股份,化学制药,85.0,"{'theme': 1.0, 'ladder': 0.55, 'seal': 1.0, 'time': 1.0, 'liq': 1.0, 'struct': 0.6}",涨停组: 创新药方向 1板 封单比19.8% 涨停时间09:33 题材内涨停8家 成交18.1亿,创新药+拟中标集采+业绩预增,1连板 换手承接量比0.62,"次日竞价与开盘承接: 高开幅度观察区间[-2%,+5%]; 开盘涨幅≤+3%且不破昨收-3%视为买点触发",昨收6.84,高位情绪兑现/次日低开大幅回撤/炸板断板,1
2026-08-07,2026-08-10,normal,nlu,002396.SZ,星网锐捷,通信设备,96.421875,"{'sector': 0.856875, 'trend': 1.0, 'pos': 1.0, 'mom': 1.0, 'liq': 1.0, 'recog': 1.0}","非涨停组: 趋势结构多头(MA20>MA60且上行), 处于活跃板块[通信设备](当日涨幅分位76%, 板块涨停4家) 距60日高点20.0% 20日涨幅7.8%",板块[通信设备]轮动延续/资金承接,收盘29.60 MA20上方 量比1.03,"次日开盘[-2%,+3%]为观察区间; 收盘站上max(开盘,昨收)视为买点触发",昨收29.60,板块退潮补跌/资金承接不足/持续阴跌,1
2026-08-07,2026-08-10,normal,nlu,000566.SZ,海南海药,化学制药,92.65625,"{'sector': 0.91625, 'trend': 1.0, 'pos': 0.85, 'mom': 1.0, 'liq': 1.0, 'recog': 0.85}","非涨停组: 趋势结构多头(MA20>MA60且上行), 处于活跃板块[化学制药](当日涨幅分位97%, 板块涨停6家) 距60日高点11.0% 20日涨幅21.0%",板块[化学制药]轮动延续/资金承接,收盘5.99 MA20上方 量比1.08,"次日开盘[-2%,+3%]为观察区间; 收盘站上max(开盘,昨收)视为买点触发",昨收5.99,板块退潮补跌/资金承接不足/持续阴跌,1
2026-08-10,2026-08-11,aggressive,lu,002589.SZ,瑞康医药,医药商业,98.0,"{'theme': 1.0, 'ladder': 0.9, 'seal': 1.0, 'time': 1.0, 'liq': 1.0, 'struct': 1.0}",涨停组: 创新药方向 2板 封单比18.7% 涨停时间09:41 题材内涨停7家 成交5.6亿,创新药+AI应用+医药流通,2连板 换手承接量比2.11,"次日竞价与开盘承接: 高开幅度观察区间[-2%,+5%]; 开盘涨幅≤+3%且不破昨收-3%视为买点触发",昨收3.34,高位情绪兑现/次日低开大幅回撤/炸板断板,1
2026-08-10,2026-08-11,aggressive,lu,600664.SH,哈药股份,化学制药,92.0,"{'theme': 1.0, 'ladder': 0.9, 'seal': 1.0, 'time': 1.0, 'liq': 1.0, 'struct': 0.6}",涨停组: 创新药方向 2板 封单比32.0% 涨停时间09:25 题材内涨停7家 成交9.9亿,创新药+集采拟中标+半年报预增,2连板 换手承接量比0.35,"次日竞价与开盘承接: 高开幅度观察区间[-2%,+5%]; 开盘涨幅≤+3%且不破昨收-3%视为买点触发",昨收7.52,高位情绪兑现/次日低开大幅回撤/炸板断板,1
2026-08-10,2026-08-11,aggressive,nlu,600989.SH,宝丰能源,化学原料,92.77734375,"{'sector': 0.7710937500000001, 'trend': 1.0, 'pos': 1.0, 'mom': 1.0, 'liq': 1.0, 'recog': 0.85}","非涨停组: 趋势结构多头(MA20>MA60且上行), 处于活跃板块[化学原料](当日涨幅分位78%, 板块涨停2家) 距60日高点19.8% 20日涨幅15.3%",板块[化学原料]轮动延续/资金承接,收盘23.49 MA20上方 量比0.97,"次日开盘[-2%,+3%]为观察区间; 收盘站上max(开盘,昨收)视为买点触发",昨收23.49,板块退潮补跌/资金承接不足/持续阴跌,1
2026-08-11,2026-08-12,defensive,lu,002329.SZ,皇氏集团,饮料制造,82.0,"{'theme': 0.2, 'ladder': 0.9, 'seal': 1.0, 'time': 1.0, 'liq': 0.6, 'struct': 1.0}",涨停组: 乳业方向 2板 封单比26.4% 涨停时间09:30 题材内涨停2家 成交2.0亿,乳业+新式茶饮+代工+种源突破,2连板 换手承接量比0.85,"次日竞价与开盘承接: 高开幅度观察区间[-2%,+5%]; 开盘涨幅≤+3%且不破昨收-3%视为买点触发",昨收3.82,高位情绪兑现/次日低开大幅回撤/炸板断板,1
2026-08-11,2026-08-12,defensive,lu,600881.SH,亚泰集团,综合,76.0,"{'theme': 0.4, 'ladder': 0.55, 'seal': 1.0, 'time': 0.7, 'liq': 1.0, 'struct': 1.0}",涨停组: 创新药方向 1板 封单比17.3% 涨停时间11:06 题材内涨停3家 成交3.1亿,创新药+预重整+重整投资人招募+长春国资,1连板 换手承接量比1.87,"次日竞价与开盘承接: 高开幅度观察区间[-2%,+5%]; 开盘涨幅≤+3%且不破昨收-3%视为买点触发",昨收1.87,高位情绪兑现/次日低开大幅回撤/炸板断板,1
2026-08-11,2026-08-12,defensive,nlu,002396.SZ,星网锐捷,通信设备,89.0390625,"{'sector': 0.6815625, 'trend': 1.0, 'pos': 1.0, 'mom': 0.7, 'liq': 1.0, 'recog': 1.0}","非涨停组: 趋势结构多头(MA20>MA60且上行), 处于活跃板块[通信设备](当日涨幅分位68%, 板块涨停1家) 距60日高点19.0% 20日涨幅4.6%",板块[通信设备]轮动延续/资金承接,收盘29.95 MA20上方 量比0.89,"次日开盘[-2%,+3%]为观察区间; 收盘站上max(开盘,昨收)视为买点触发",昨收29.95,板块退潮补跌/资金承接不足/持续阴跌,1
2026-08-12,2026-08-13,aggressive,lu,002031.SZ,巨轮智能,专用设备,92.0,"{'theme': 0.6, 'ladder': 0.9, 'seal': 1.0, 'time': 1.0, 'liq': 1.0, 'struct': 1.0}",涨停组: 人形机器人方向 2板 封单比22.7% 涨停时间09:30 题材内涨停4家 成交13.5亿,人形机器人+RV减速器+轮胎模具,2连板 换手承接量比1.77,"次日竞价与开盘承接: 高开幅度观察区间[-2%,+5%]; 开盘涨幅≤+3%且不破昨收-3%视为买点触发",昨收6.42,高位情绪兑现/次日低开大幅回撤/炸板断板,1
2026-08-12,2026-08-13,aggressive,lu,000887.SZ,中鼎股份,汽车零部件,85.0,"{'theme': 0.6, 'ladder': 0.55, 'seal': 1.0, 'time': 1.0, 'liq': 1.0, 'struct': 1.0}",涨停组: 人形机器人方向 1板 封单比16.5% 涨停时间09:34 题材内涨停4家 成交11.8亿,人形机器人+液冷服务器+汽车零部件,1连板 换手承接量比1.54,"次日竞价与开盘承接: 高开幅度观察区间[-2%,+5%]; 开盘涨幅≤+3%且不破昨收-3%视为买点触发",昨收21.54,高位情绪兑现/次日低开大幅回撤/炸板断板,1
2026-08-12,2026-08-13,aggressive,nlu,002309.SZ,中利集团,电网设备,89.89453125,"{'sector': 0.65578125, 'trend': 1.0, 'pos': 1.0, 'mom': 1.0, 'liq': 1.0, 'recog': 0.85}","非涨停组: 趋势结构多头(MA20>MA60且上行), 处于活跃板块[电网设备](当日涨幅分位72%, 板块涨停5家) 距60日高点17.6% 20日涨幅26.6%",板块[电网设备]轮动延续/资金承接,收盘3.47 MA20上方 量比0.92,"次日开盘[-2%,+3%]为观察区间; 收盘站上max(开盘,昨收)视为买点触发",昨收3.47,板块退潮补跌/资金承接不足/持续阴跌,1
2026-08-13,2026-08-14,defensive,lu,600881.SH,亚泰集团,综合,94.0,"{'theme': 0.6, 'ladder': 1.0, 'seal': 1.0, 'time': 1.0, 'liq': 1.0, 'struct': 1.0}",涨停组: 创新药方向 3板 封单比15.7% 涨停时间09:36 题材内涨停4家 成交6.4亿,创新药+预重整+重整投资人招募+长春国资,3连板 换手承接量比1.47,"次日竞价与开盘承接: 高开幅度观察区间[-2%,+5%]; 开盘涨幅≤+3%且不破昨收-3%视为买点触发",昨收2.27,高位情绪兑现/次日低开大幅回撤/炸板断板,1
2026-08-13,2026-08-14,defensive,lu,603912.SH,佳力图,通用设备,79.0,"{'theme': 0.2, 'ladder': 0.55, 'seal': 1.0, 'time': 1.0, 'liq': 1.0, 'struct': 1.0}",涨停组: 算力租赁方向 1板 封单比18.5% 涨停时间09:35 题材内涨停2家 成交3.2亿,算力租赁+液冷+数据中心,1连板 换手承接量比1.15,"次日竞价与开盘承接: 高开幅度观察区间[-2%,+5%]; 开盘涨幅≤+3%且不破昨收-3%视为买点触发",昨收8.89,高位情绪兑现/次日低开大幅回撤/炸板断板,1
2026-08-13,2026-08-14,defensive,nlu,002173.SZ,创新医疗,医疗服务,96.1875,"{'sector': 0.9975, 'trend': 1.0, 'pos': 0.85, 'mom': 1.0, 'liq': 1.0, 'recog': 1.0}","非涨停组: 趋势结构多头(MA20>MA60且上行), 处于活跃板块[医疗服务](当日涨幅分位100%, 板块涨停6家) 距60日高点11.7% 20日涨幅26.6%",板块[医疗服务]轮动延续/资金承接,收盘22.08 MA20上方 量比1.09,"次日开盘[-2%,+3%]为观察区间; 收盘站上max(开盘,昨收)视为买点触发",昨收22.08,板块退潮补跌/资金承接不足/持续阴跌,1
2026-08-14,2026-08-17,normal,lu,603330.SH,天洋新材,塑料制品,87.0,"{'theme': 0.4, 'ladder': 1.0, 'seal': 1.0, 'time': 1.0, 'liq': 0.6, 'struct': 1.0}",涨停组: CPO方向 3板 封单比34.9% 涨停时间09:30 题材内涨停3家 成交2.7亿,CPO+电子胶+半年报预盈,3连板 换手承接量比0.82,"次日竞价与开盘承接: 高开幅度观察区间[-2%,+5%]; 开盘涨幅≤+3%且不破昨收-3%视为买点触发",昨收10.68,高位情绪兑现/次日低开大幅回撤/炸板断板,1
2026-08-14,2026-08-17,normal,lu,603025.SH,大豪科技,自动化设备,73.0,"{'theme': 0.2, 'ladder': 0.55, 'seal': 0.7, 'time': 1.0, 'liq': 1.0, 'struct': 1.0}",涨停组: 半年报增长方向 1板 封单比13.1% 涨停时间09:30 题材内涨停2家 成交3.2亿,半年报增长+缝制电控龙头+机器人+算力,1连板 换手承接量比1.87,"次日竞价与开盘承接: 高开幅度观察区间[-2%,+5%]; 开盘涨幅≤+3%且不破昨收-3%视为买点触发",昨收15.18,高位情绪兑现/次日低开大幅回撤/炸板断板,1
2026-08-14,2026-08-17,normal,nlu,002141.SZ,贤丰控股,元件,94.28515625,"{'sector': 0.92140625, 'trend': 1.0, 'pos': 0.85, 'mom': 1.0, 'liq': 1.0, 'recog': 1.0}","非涨停组: 趋势结构多头(MA20>MA60且上行), 处于活跃板块[元件](当日涨幅分位98%, 板块涨停2家) 距60日高点12.3% 20日涨幅7.3%",板块[元件]轮动延续/资金承接,收盘6.48 MA20上方 量比0.67,"次日开盘[-2%,+3%]为观察区间; 收盘站上max(开盘,昨收)视为买点触发",昨收6.48,板块退潮补跌/资金承接不足/持续阴跌,1
2026-08-14,2026-08-17,normal,nlu,000100.SZ,TCL科技,光学光电子,91.93359375,"{'sector': 0.8573437500000001, 'trend': 1.0, 'pos': 1.0, 'mom': 0.7, 'liq': 1.0, 'recog': 0.85}","非涨停组: 趋势结构多头(MA20>MA60且上行), 处于活跃板块[光学光电子](当日涨幅分位87%, 板块涨停2家) 距60日高点17.9% 20日涨幅2.8%",板块[光学光电子]轮动延续/资金承接,收盘5.14 MA20上方 量比0.69,"次日开盘[-2%,+3%]为观察区间; 收盘站上max(开盘,昨收)视为买点触发",昨收5.14,板块退潮补跌/资金承接不足/持续阴跌,1
2026-08-17,2026-08-18,aggressive,lu,002448.SZ,中原内配,汽车零部件,76.0,"{'theme': 0.2, 'ladder': 0.55, 'seal': 1.0, 'time': 0.85, 'liq': 1.0, 'struct': 1.0}",涨停组: 人形机器人方向 1板 封单比17.1% 涨停时间09:58 题材内涨停2家 成交5.2亿,人形机器人+AIDC+气缸套龙头+中报预增,1连板 换手承接量比1.65,"次日竞价与开盘承接: 高开幅度观察区间[-2%,+5%]; 开盘涨幅≤+3%且不破昨收-3%视为买点触发",昨收13.63,高位情绪兑现/次日低开大幅回撤/炸板断板,1
2026-08-17,2026-08-18,aggressive,lu,600127.SH,金健米业,农产品加工,75.0,"{'theme': 0.2, 'ladder': 0.55, 'seal': 1.0, 'time': 1.0, 'liq': 0.6, 'struct': 1.0}",涨停组: 粮食概念方向 1板 封单比62.9% 涨停时间09:30 题材内涨停2家 成交2.5亿,粮食概念+大健康食品+湖南国资,1连板 换手承接量比1.21,"次日竞价与开盘承接: 高开幅度观察区间[-2%,+5%]; 开盘涨幅≤+3%且不破昨收-3%视为买点触发",昨收6.46,高位情绪兑现/次日低开大幅回撤/炸板断板,1
2026-08-17,2026-08-18,aggressive,nlu,002979.SZ,雷赛智能,自动化设备,92.671875,"{'sector': 0.7668750000000001, 'trend': 1.0, 'pos': 1.0, 'mom': 1.0, 'liq': 1.0, 'recog': 0.85}","非涨停组: 趋势结构多头(MA20>MA60且上行), 处于活跃板块[自动化设备](当日涨幅分位82%, 板块涨停1家) 距60日高点19.0% 20日涨幅16.5%",板块[自动化设备]轮动延续/资金承接,收盘61.75 MA20上方 量比0.80,"次日开盘[-2%,+3%]为观察区间; 收盘站上max(开盘,昨收)视为买点触发",昨收61.75,板块退潮补跌/资金承接不足/持续阴跌,1
2026-08-18,2026-08-19,defensive,lu,600313.SH,农发种业,种植业与林业,92.0,"{'theme': 0.6, 'ladder': 0.9, 'seal': 1.0, 'time': 1.0, 'liq': 1.0, 'struct': 1.0}",涨停组: 种业方向 2板 封单比15.9% 涨停时间09:38 题材内涨停4家 成交6.3亿,种业+粮食概念+央企,2连板 换手承接量比2.26,"次日竞价与开盘承接: 高开幅度观察区间[-2%,+5%]; 开盘涨幅≤+3%且不破昨收-3%视为买点触发",昨收6.78,高位情绪兑现/次日低开大幅回撤/炸板断板,1
2026-08-18,2026-08-19,defensive,lu,000735.SZ,罗牛山,养殖业,86.0,"{'theme': 0.2, 'ladder': 0.9, 'seal': 1.0, 'time': 1.0, 'liq': 1.0, 'struct': 1.0}",涨停组: “牛”字炒作方向 2板 封单比15.0% 涨停时间09:45 题材内涨停2家 成交7.1亿,“牛”字炒作+生猪养殖+海南自贸区,2连板 换手承接量比2.12,"次日竞价与开盘承接: 高开幅度观察区间[-2%,+5%]; 开盘涨幅≤+3%且不破昨收-3%视为买点触发",昨收6.18,高位情绪兑现/次日低开大幅回撤/炸板断板,1
2026-08-18,2026-08-19,defensive,nlu,000048.SZ,京基智农,养殖业,92.859375,"{'sector': 0.9243750000000002, 'trend': 1.0, 'pos': 0.85, 'mom': 1.0, 'liq': 1.0, 'recog': 0.85}","非涨停组: 趋势结构多头(MA20>MA60且上行), 处于活跃板块[养殖业](当日涨幅分位94%, 板块涨停3家) 距60日高点10.5% 20日涨幅16.8%",板块[养殖业]轮动延续/资金承接,收盘23.61 MA20上方 量比0.97,"次日开盘[-2%,+3%]为观察区间; 收盘站上max(开盘,昨收)视为买点触发",昨收23.61,板块退潮补跌/资金承接不足/持续阴跌,1
2026-08-19,2026-08-20,defensive,lu,000505.SZ,京粮控股,农产品加工,82.0,"{'theme': 0.2, 'ladder': 1.0, 'seal': 0.7, 'time': 1.0, 'liq': 1.0, 'struct': 1.0}",涨停组: 粮食概念方向 3板 封单比12.0% 涨停时间09:31 题材内涨停2家 成交5.0亿,粮食概念+油脂加工+国企改革,3连板 换手承接量比1.83,"次日竞价与开盘承接: 高开幅度观察区间[-2%,+5%]; 开盘涨幅≤+3%且不破昨收-3%视为买点触发",昨收7.47,高位情绪兑现/次日低开大幅回撤/炸板断板,1
2026-08-19,2026-08-20,defensive,lu,002412.SZ,汉森制药,中药,81.0,"{'theme': 0.6, 'ladder': 0.55, 'seal': 1.0, 'time': 1.0, 'liq': 0.6, 'struct': 1.0}",涨停组: 创新药方向 1板 封单比32.8% 涨停时间09:33 题材内涨停4家 成交2.6亿,创新药+中药+中报预增,1连板 换手承接量比1.06,"次日竞价与开盘承接: 高开幅度观察区间[-2%,+5%]; 开盘涨幅≤+3%且不破昨收-3%视为买点触发",昨收8.42,高位情绪兑现/次日低开大幅回撤/炸板断板,1
2026-08-19,2026-08-20,defensive,nlu,001337.SZ,四川黄金,贵金属,90.08984375,"{'sector': 0.66359375, 'trend': 1.0, 'pos': 1.0, 'mom': 1.0, 'liq': 1.0, 'recog': 0.85}","非涨停组: 趋势结构多头(MA20>MA60且上行), 处于活跃板块[贵金属](当日涨幅分位90%, 板块涨停0家) 距60日高点16.7% 20日涨幅29.7%",板块[贵金属]轮动延续/资金承接,收盘47.48 MA20上方 量比0.96,"次日开盘[-2%,+3%]为观察区间; 收盘站上max(开盘,昨收)视为买点触发",昨收47.48,板块退潮补跌/资金承接不足/持续阴跌,1
2026-08-20,2026-08-21,aggressive,lu,600613.SH,神奇制药,化学制药,91.0,"{'theme': 1.0, 'ladder': 0.55, 'seal': 1.0, 'time': 1.0, 'liq': 1.0, 'struct': 1.0}",涨停组: 创新药方向 1板 封单比65.9% 涨停时间09:30 题材内涨停12家 成交5.1亿,创新药+抗肿瘤+品牌OTC,1连板 换手承接量比0.87,"次日竞价与开盘承接: 高开幅度观察区间[-2%,+5%]; 开盘涨幅≤+3%且不破昨收-3%视为买点触发",昨收8.56,高位情绪兑现/次日低开大幅回撤/炸板断板,1
2026-08-20,2026-08-21,aggressive,lu,002940.SZ,昂利康,化学制药,91.0,"{'theme': 1.0, 'ladder': 0.55, 'seal': 1.0, 'time': 1.0, 'liq': 1.0, 'struct': 1.0}",涨停组: 创新药方向 1板 封单比21.2% 涨停时间09:30 题材内涨停12家 成交5.2亿,创新药+仿制药获批+定增过会,1连板 换手承接量比1.90,"次日竞价与开盘承接: 高开幅度观察区间[-2%,+5%]; 开盘涨幅≤+3%且不破昨收-3%视为买点触发",昨收28.41,高位情绪兑现/次日低开大幅回撤/炸板断板,1
2026-08-20,2026-08-21,aggressive,nlu,603118.SH,共进股份,通信设备,93.9765625,"{'sector': 0.8790625000000001, 'trend': 1.0, 'pos': 1.0, 'mom': 0.7, 'liq': 1.0, 'recog': 1.0}","非涨停组: 趋势结构多头(MA20>MA60且上行), 处于活跃板块[通信设备](当日涨幅分位94%, 板块涨停3家) 距60日高点17.4% 20日涨幅2.4%",板块[通信设备]轮动延续/资金承接,收盘17.00 MA20上方 量比0.85,"次日开盘[-2%,+3%]为观察区间; 收盘站上max(开盘,昨收)视为买点触发",昨收17.00,板块退潮补跌/资金承接不足/持续阴跌,1
2026-08-21,2026-08-24,normal,lu,003018.SZ,金富科技,包装印刷,79.0,"{'theme': 0.2, 'ladder': 0.55, 'seal': 1.0, 'time': 1.0, 'liq': 1.0, 'struct': 1.0}",涨停组: 液冷服务器方向 1板 封单比15.5% 涨停时间09:45 题材内涨停2家 成交3.8亿,液冷服务器+定增扩产+中报预增,1连板 换手承接量比0.81,"次日竞价与开盘承接: 高开幅度观察区间[-2%,+5%]; 开盘涨幅≤+3%且不破昨收-3%视为买点触发",昨收43.02,高位情绪兑现/次日低开大幅回撤/炸板断板,1
2026-08-21,2026-08-24,normal,lu,002209.SZ,达意隆,专用设备,75.0,"{'theme': 0.6, 'ladder': 0.55, 'seal': 0.7, 'time': 1.0, 'liq': 0.6, 'struct': 1.0}",涨停组: 半年报增长方向 1板 封单比11.6% 涨停时间09:25 题材内涨停4家 成交2.1亿,半年报增长+机器人+液态包装装备,1连板 换手承接量比1.99,"次日竞价与开盘承接: 高开幅度观察区间[-2%,+5%]; 开盘涨幅≤+3%且不破昨收-3%视为买点触发",昨收13.16,高位情绪兑现/次日低开大幅回撤/炸板断板,1
2026-08-21,2026-08-24,normal,nlu,000630.SZ,铜陵有色,工业金属,95.0546875,"{'sector': 0.9621875000000002, 'trend': 1.0, 'pos': 1.0, 'mom': 1.0, 'liq': 1.0, 'recog': 0.6}","非涨停组: 趋势结构多头(MA20>MA60且上行), 处于活跃板块[工业金属](当日涨幅分位98%, 板块涨停3家) 距60日高点17.8% 20日涨幅9.7%",板块[工业金属]轮动延续/资金承接,收盘6.59 MA20上方 量比0.97,"次日开盘[-2%,+3%]为观察区间; 收盘站上max(开盘,昨收)视为买点触发",昨收6.59,板块退潮补跌/资金承接不足/持续阴跌,1
2026-08-21,2026-08-24,normal,nlu,603118.SH,共进股份,通信设备,91.55859375,"{'sector': 0.8123437500000001, 'trend': 1.0, 'pos': 0.85, 'mom': 1.0, 'liq': 1.0, 'recog': 1.0}","非涨停组: 趋势结构多头(MA20>MA60且上行), 处于活跃板块[通信设备](当日涨幅分位89%, 板块涨停6家) 距60日高点13.6% 20日涨幅12.8%",板块[通信设备]轮动延续/资金承接,收盘17.79 MA20上方 量比1.02,"次日开盘[-2%,+3%]为观察区间; 收盘站上max(开盘,昨收)视为买点触发",昨收17.79,板块退潮补跌/资金承接不足/持续阴跌,1
2026-08-24,2026-08-25,defensive,lu,600508.SH,上海能源,煤炭开采加工,82.0,"{'theme': 0.6, 'ladder': 0.55, 'seal': 1.0, 'time': 0.85, 'liq': 1.0, 'struct': 1.0}",涨停组: 中报增长方向 1板 封单比21.4% 涨停时间09:52 题材内涨停4家 成交3.5亿,中报增长+煤炭+新能源,1连板 换手承接量比2.24,"次日竞价与开盘承接: 高开幅度观察区间[-2%,+5%]; 开盘涨幅≤+3%且不破昨收-3%视为买点触发",昨收9.88,高位情绪兑现/次日低开大幅回撤/炸板断板,1
2026-08-24,2026-08-25,defensive,lu,603032.SH,德新科技,电池,81.0,"{'theme': 0.6, 'ladder': 0.55, 'seal': 1.0, 'time': 1.0, 'liq': 0.6, 'struct': 1.0}",涨停组: 中报增长方向 1板 封单比28.5% 涨停时间09:37 题材内涨停4家 成交1.7亿,中报增长+锂电模具+机器人,1连板 换手承接量比1.48,"次日竞价与开盘承接: 高开幅度观察区间[-2%,+5%]; 开盘涨幅≤+3%且不破昨收-3%视为买点触发",昨收20.22,高位情绪兑现/次日低开大幅回撤/炸板断板,1
2026-08-24,2026-08-25,defensive,nlu,601015.SH,陕西黑猫,煤炭开采加工,95.625,"{'sector': 0.9849999999999999, 'trend': 1.0, 'pos': 1.0, 'mom': 1.0, 'liq': 0.6, 'recog': 1.0}","非涨停组: 趋势结构多头(MA20>MA60且上行), 处于活跃板块[煤炭开采加工](当日涨幅分位98%, 板块涨停3家) 距60日高点16.4% 20日涨幅15.4%",板块[煤炭开采加工]轮动延续/资金承接,收盘3.68 MA20上方 量比1.11,"次日开盘[-2%,+3%]为观察区间; 收盘站上max(开盘,昨收)视为买点触发",昨收3.68,板块退潮补跌/资金承接不足/持续阴跌,1
2026-08-25,2026-08-26,normal,lu,000566.SZ,海南海药,化学制药,76.0,"{'theme': 0.2, 'ladder': 0.55, 'seal': 1.0, 'time': 0.85, 'liq': 1.0, 'struct': 1.0}",涨停组: 创新药方向 1板 封单比26.3% 涨停时间09:54 题材内涨停2家 成交4.9亿,创新药+集采药品+医药产业链+脑机接口,1连板 换手承接量比0.91,"次日竞价与开盘承接: 高开幅度观察区间[-2%,+5%]; 开盘涨幅≤+3%且不破昨收-3%视为买点触发",昨收4.97,高位情绪兑现/次日低开大幅回撤/炸板断板,1
2026-08-25,2026-08-26,normal,lu,600508.SH,上海能源,煤炭开采加工,74.0,"{'theme': 0.2, 'ladder': 0.9, 'seal': 0.4, 'time': 1.0, 'liq': 1.0, 'struct': 1.0}",涨停组: 中报增长方向 2板 封单比8.0% 涨停时间09:30 题材内涨停2家 成交4.2亿,中报增长+煤炭+新能源,2连板 换手承接量比1.74,"次日竞价与开盘承接: 高开幅度观察区间[-2%,+5%]; 开盘涨幅≤+3%且不破昨收-3%视为买点触发",昨收10.87,高位情绪兑现/次日低开大幅回撤/炸板断板,1
2026-08-25,2026-08-26,normal,nlu,601118.SH,海南橡胶,种植业与林业,94.73046875,"{'sector': 0.8492187500000001, 'trend': 1.0, 'pos': 1.0, 'mom': 1.0, 'liq': 1.0, 'recog': 0.85}","非涨停组: 趋势结构多头(MA20>MA60且上行), 处于活跃板块[种植业与林业](当日涨幅分位95%, 板块涨停2家) 距60日高点16.2% 20日涨幅29.2%",板块[种植业与林业]轮动延续/资金承接,收盘6.11 MA20上方 量比0.91,"次日开盘[-2%,+3%]为观察区间; 收盘站上max(开盘,昨收)视为买点触发",昨收6.11,板块退潮补跌/资金承接不足/持续阴跌,1
2026-08-25,2026-08-26,normal,nlu,002241.SZ,歌尔股份,消费电子,88.40234375,"{'sector': 0.71609375, 'trend': 1.0, 'pos': 1.0, 'mom': 0.7, 'liq': 1.0, 'recog': 0.85}","非涨停组: 趋势结构多头(MA20>MA60且上行), 处于活跃板块[消费电子](当日涨幅分位79%, 板块涨停2家) 距60日高点16.5% 20日涨幅1.0%",板块[消费电子]轮动延续/资金承接,收盘23.07 MA20上方 量比0.79,"次日开盘[-2%,+3%]为观察区间; 收盘站上max(开盘,昨收)视为买点触发",昨收23.07,板块退潮补跌/资金承接不足/持续阴跌,1
2026-08-26,2026-08-27,normal,lu,603979.SH,金诚信,工业金属,79.0,"{'theme': 0.4, 'ladder': 0.55, 'seal': 1.0, 'time': 0.85, 'liq': 1.0, 'struct': 1.0}",涨停组: 中报增长方向 1板 封单比24.1% 涨停时间09:47 题材内涨停3家 成交5.1亿,中报增长+铜矿开发+矿山服务,1连板 换手承接量比1.01,"次日竞价与开盘承接: 高开幅度观察区间[-2%,+5%]; 开盘涨幅≤+3%且不破昨收-3%视为买点触发",昨收80.71,高位情绪兑现/次日低开大幅回撤/炸板断板,1
2026-08-26,2026-08-27,normal,lu,605277.SH,新亚电子,消费电子,78.0,"{'theme': 0.4, 'ladder': 0.55, 'seal': 1.0, 'time': 1.0, 'liq': 0.6, 'struct': 1.0}",涨停组: 半年报增长方向 1板 封单比36.7% 涨停时间09:30 题材内涨停3家 成交1.8亿,半年报增长+高速铜缆+AI服务器,1连板 换手承接量比1.83,"次日竞价与开盘承接: 高开幅度观察区间[-2%,+5%]; 开盘涨幅≤+3%且不破昨收-3%视为买点触发",昨收16.69,高位情绪兑现/次日低开大幅回撤/炸板断板,1
2026-08-26,2026-08-27,normal,nlu,600531.SH,豫光金铅,工业金属,97.78125,"{'sector': 0.97125, 'trend': 1.0, 'pos': 1.0, 'mom': 1.0, 'liq': 1.0, 'recog': 0.85}","非涨停组: 趋势结构多头(MA20>MA60且上行), 处于活跃板块[工业金属](当日涨幅分位97%, 板块涨停4家) 距60日高点19.1% 20日涨幅18.9%",板块[工业金属]轮动延续/资金承接,收盘13.80 MA20上方 量比0.91,"次日开盘[-2%,+3%]为观察区间; 收盘站上max(开盘,昨收)视为买点触发",昨收13.80,板块退潮补跌/资金承接不足/持续阴跌,1
2026-08-26,2026-08-27,normal,nlu,600096.SH,云天化,农化制品,86.65234375,"{'sector': 0.79609375, 'trend': 1.0, 'pos': 0.85, 'mom': 0.7, 'liq': 1.0, 'recog': 0.85}","非涨停组: 趋势结构多头(MA20>MA60且上行), 处于活跃板块[农化制品](当日涨幅分位92%, 板块涨停2家) 距60日高点12.2% 20日涨幅1.1%",板块[农化制品]轮动延续/资金承接,收盘30.23 MA20上方 量比1.13,"次日开盘[-2%,+3%]为观察区间; 收盘站上max(开盘,昨收)视为买点触发",昨收30.23,板块退潮补跌/资金承接不足/持续阴跌,1
2026-08-27,2026-08-28,aggressive,lu,600654.SH,中安科,其他社会服务,85.0,"{'theme': 0.6, 'ladder': 0.55, 'seal': 1.0, 'time': 1.0, 'liq': 1.0, 'struct': 1.0}",涨停组: 半年报增长方向 1板 封单比24.7% 涨停时间09:38 题材内涨停4家 成交3.3亿,半年报增长+安保安防+AI算力,1连板 换手承接量比1.70,"次日竞价与开盘承接: 高开幅度观察区间[-2%,+5%]; 开盘涨幅≤+3%且不破昨收-3%视为买点触发",昨收3.3,高位情绪兑现/次日低开大幅回撤/炸板断板,1
2026-08-27,2026-08-28,aggressive,lu,000951.SZ,中国重汽,汽车整车,79.0,"{'theme': 0.6, 'ladder': 0.55, 'seal': 0.7, 'time': 1.0, 'liq': 1.0, 'struct': 1.0}",涨停组: 半年报增长方向 1板 封单比8.4% 涨停时间09:32 题材内涨停4家 成交6.9亿,半年报增长+新能源重卡+重卡出口,1连板 换手承接量比2.17,"次日竞价与开盘承接: 高开幅度观察区间[-2%,+5%]; 开盘涨幅≤+3%且不破昨收-3%视为买点触发",昨收22.39,高位情绪兑现/次日低开大幅回撤/炸板断板,1
2026-08-27,2026-08-28,aggressive,nlu,002141.SZ,贤丰控股,元件,93.36328125,"{'sector': 0.95453125, 'trend': 0.8, 'pos': 1.0, 'mom': 1.0, 'liq': 1.0, 'recog': 0.85}","非涨停组: 趋势结构多头(MA20>MA60且上行), 处于活跃板块[元件](当日涨幅分位98%, 板块涨停4家) 距60日高点15.2% 20日涨幅10.6%",板块[元件]轮动延续/资金承接,收盘6.27 MA20上方 量比1.13,"次日开盘[-2%,+3%]为观察区间; 收盘站上max(开盘,昨收)视为买点触发",昨收6.27,板块退潮补跌/资金承接不足/持续阴跌,1
2026-08-28,2026-08-31,aggressive,lu,600654.SH,中安科,其他社会服务,98.0,"{'theme': 1.0, 'ladder': 0.9, 'seal': 1.0, 'time': 1.0, 'liq': 1.0, 'struct': 1.0}",涨停组: 半年报增长方向 2板 封单比29.7% 涨停时间09:25 题材内涨停7家 成交4.2亿,半年报增长+安保安防+AI算力,2连板 换手承接量比1.52,"次日竞价与开盘承接: 高开幅度观察区间[-2%,+5%]; 开盘涨幅≤+3%且不破昨收-3%视为买点触发",昨收3.63,高位情绪兑现/次日低开大幅回撤/炸板断板,1
2026-08-28,2026-08-31,aggressive,lu,600378.SH,昊华科技,化学制品,92.0,"{'theme': 1.0, 'ladder': 0.9, 'seal': 0.7, 'time': 1.0, 'liq': 1.0, 'struct': 1.0}",涨停组: 半年报增长方向 2板 封单比14.5% 涨停时间09:25 题材内涨停7家 成交29.8亿,半年报增长+PTFE+AI液冷+氟化工,2连板 换手承接量比1.36,"次日竞价与开盘承接: 高开幅度观察区间[-2%,+5%]; 开盘涨幅≤+3%且不破昨收-3%视为买点触发",昨收53.31,高位情绪兑现/次日低开大幅回撤/炸板断板,1
2026-08-28,2026-08-31,aggressive,nlu,000620.SZ,盈新发展,房地产,92.19140625,"{'sector': 0.83765625, 'trend': 1.0, 'pos': 0.85, 'mom': 1.0, 'liq': 1.0, 'recog': 1.0}","非涨停组: 趋势结构多头(MA20>MA60且上行), 处于活跃板块[房地产](当日涨幅分位82%, 板块涨停2家) 距60日高点14.6% 20日涨幅28.0%",板块[房地产]轮动延续/资金承接,收盘3.38 MA20上方 量比0.69,"次日开盘[-2%,+3%]为观察区间; 收盘站上max(开盘,昨收)视为买点触发",昨收3.38,板块退潮补跌/资金承接不足/持续阴跌,1
2026-08-31,2026-09-01,aggressive,lu,601086.SH,国芳集团,零售,88.0,"{'theme': 0.6, 'ladder': 0.9, 'seal': 1.0, 'time': 1.0, 'liq': 0.6, 'struct': 1.0}",涨停组: 半年报增长方向 2板 封单比36.3% 涨停时间09:25 题材内涨停4家 成交2.3亿,半年报增长+新零售+连锁零售,2连板 换手承接量比1.90,"次日竞价与开盘承接: 高开幅度观察区间[-2%,+5%]; 开盘涨幅≤+3%且不破昨收-3%视为买点触发",昨收9.17,高位情绪兑现/次日低开大幅回撤/炸板断板,1
2026-08-31,2026-09-01,aggressive,lu,605287.SH,德才股份,建筑装饰,82.0,"{'theme': 0.4, 'ladder': 0.55, 'seal': 1.0, 'time': 1.0, 'liq': 1.0, 'struct': 1.0}",涨停组: AI漫剧方向 1板 封单比19.8% 涨停时间09:36 题材内涨停3家 成交3.7亿,AI漫剧+AI应用+建筑装饰+股权激励,1连板 换手承接量比2.15,"次日竞价与开盘承接: 高开幅度观察区间[-2%,+5%]; 开盘涨幅≤+3%且不破昨收-3%视为买点触发",昨收41.58,高位情绪兑现/次日低开大幅回撤/炸板断板,1
2026-08-31,2026-09-01,aggressive,nlu,002445.SZ,中南文化,通用设备,95.9453125,"{'sector': 0.8978125000000001, 'trend': 1.0, 'pos': 1.0, 'mom': 1.0, 'liq': 1.0, 'recog': 0.85}","非涨停组: 趋势结构多头(MA20>MA60且上行), 处于活跃板块[通用设备](当日涨幅分位91%, 板块涨停7家) 距60日高点16.2% 20日涨幅17.5%",板块[通用设备]轮动延续/资金承接,收盘3.42 MA20上方 量比0.72,"次日开盘[-2%,+3%]为观察区间; 收盘站上max(开盘,昨收)视为买点触发",昨收3.42,板块退潮补跌/资金承接不足/持续阴跌,1
2026-09-01,2026-09-02,aggressive,lu,600693.SH,东百集团,零售,79.0,"{'theme': 0.2, 'ladder': 0.55, 'seal': 1.0, 'time': 1.0, 'liq': 1.0, 'struct': 1.0}",涨停组: 零售方向 1板 封单比20.1% 涨停时间09:35 题材内涨停2家 成交4.5亿,零售+首店经济+仓储物流+资产盘活,1连板 换手承接量比0.84,"次日竞价与开盘承接: 高开幅度观察区间[-2%,+5%]; 开盘涨幅≤+3%且不破昨收-3%视为买点触发",昨收10.24,高位情绪兑现/次日低开大幅回撤/炸板断板,1
2026-09-01,2026-09-02,aggressive,lu,603123.SH,翠微股份,多元金融,79.0,"{'theme': 0.4, 'ladder': 0.55, 'seal': 1.0, 'time': 0.85, 'liq': 1.0, 'struct': 1.0}",涨停组: 数字人民币方向 1板 封单比17.0% 涨停时间09:57 题材内涨停3家 成交5.5亿,数字人民币+跨境支付+AI应用+北京国资,1连板 换手承接量比1.37,"次日竞价与开盘承接: 高开幅度观察区间[-2%,+5%]; 开盘涨幅≤+3%且不破昨收-3%视为买点触发",昨收10.44,高位情绪兑现/次日低开大幅回撤/炸板断板,1
2026-09-01,2026-09-02,aggressive,nlu,000938.SZ,紫光股份,IT服务,94.24609375,"{'sector': 0.82984375, 'trend': 1.0, 'pos': 1.0, 'mom': 1.0, 'liq': 1.0, 'recog': 0.85}","非涨停组: 趋势结构多头(MA20>MA60且上行), 处于活跃板块[IT服务](当日涨幅分位75%, 板块涨停3家) 距60日高点16.3% 20日涨幅11.7%",板块[IT服务]轮动延续/资金承接,收盘38.32 MA20上方 量比1.11,"次日开盘[-2%,+3%]为观察区间; 收盘站上max(开盘,昨收)视为买点触发",昨收38.32,板块退潮补跌/资金承接不足/持续阴跌,1
2026-09-02,2026-09-03,defensive,lu,002274.SZ,华昌化工,化学原料,73.0,"{'theme': 0.2, 'ladder': 0.55, 'seal': 0.7, 'time': 1.0, 'liq': 1.0, 'struct': 1.0}",涨停组: 控制权变更方向 1板 封单比12.5% 涨停时间09:25 题材内涨停2家 成交6.6亿,控制权变更+多元醇+业绩增长,1连板 换手承接量比1.51,"次日竞价与开盘承接: 高开幅度观察区间[-2%,+5%]; 开盘涨幅≤+3%且不破昨收-3%视为买点触发",昨收7.12,高位情绪兑现/次日低开大幅回撤/炸板断板,1
2026-09-02,2026-09-03,defensive,nlu,603626.SH,科森科技,消费电子,91.03515625,"{'sector': 0.70140625, 'trend': 1.0, 'pos': 1.0, 'mom': 1.0, 'liq': 1.0, 'recog': 0.85}","非涨停组: 趋势结构多头(MA20>MA60且上行), 处于活跃板块[消费电子](当日涨幅分位89%, 板块涨停0家) 距60日高点15.3% 20日涨幅28.9%",板块[消费电子]轮动延续/资金承接,收盘19.48 MA20上方 量比0.58,"次日开盘[-2%,+3%]为观察区间; 收盘站上max(开盘,昨收)视为买点触发",昨收19.48,板块退潮补跌/资金承接不足/持续阴跌,1
