T,T1,regime,group,thscode,name,industry,score,factors,reason,catalyst,tech,watch,watch_range,risk,priority
2026-01-05,2026-01-06,aggressive,lu,002925.SZ,盈趣科技,消费电子,93.25,"{'theme': 1.0, 'ladder': 0.55, 'seal': 1.0, 'time': 1.0, 'liq': 1.0, 'struct': 1.0}",涨停组: 脑机接口方向 1板 封单比25.4% 涨停时间09:30 题材内涨停29家 成交4.3亿,脑机接口+机器人+智能制造+摩尔线程,1连板 换手承接量比1.81,"次日竞价与开盘承接: 高开幅度观察区间[-2%,+5%]; 开盘涨幅≤+3%且不破昨收-3%视为买点触发",昨收18.63,高位情绪兑现/次日低开大幅回撤/炸板断板,1
2026-01-05,2026-01-06,aggressive,lu,300753.SZ,爱朋医疗,医疗器械,93.25,"{'theme': 1.0, 'ladder': 0.55, 'seal': 1.0, 'time': 1.0, 'liq': 1.0, 'struct': 1.0}",涨停组: 脑机接口方向 1板 封单比19.8% 涨停时间09:44 题材内涨停29家 成交6.2亿,脑机接口+ADHD系统+疼痛管理,1连板 换手承接量比2.11,"次日竞价与开盘承接: 高开幅度观察区间[-2%,+5%]; 开盘涨幅≤+3%且不破昨收-3%视为买点触发",昨收33.3,高位情绪兑现/次日低开大幅回撤/炸板断板,1
2026-01-05,2026-01-06,aggressive,nlu,600271.SH,航天信息,IT服务,91.31875,"{'sector': 0.90875, 'trend': 1.0, 'pos': 0.8, 'mom': 1.0, 'liq': 1.0, 'recog': 0.85}","非涨停组: 趋势结构多头(MA20>MA60且上行), 处于活跃板块[IT服务](当日涨幅分位86%, 板块涨停4家) 距60日高点8.0% 20日涨幅25.7%",板块[IT服务]轮动延续/资金承接,收盘11.45 MA20上方 量比1.03,"次日开盘[-2%,+3%]为观察区间; 收盘站上max(开盘,昨收)视为买点触发",昨收11.45,板块退潮补跌/资金承接不足/持续阴跌,1
2026-01-06,2026-01-07,aggressive,lu,600266.SH,城建发展,房地产,100.0,"{'theme': 1.0, 'ladder': 1.0, 'seal': 1.0, 'time': 1.0, 'liq': 1.0, 'struct': 1.0}",涨停组: 商业航天方向 3板 封单比16.3% 涨停时间09:31 题材内涨停12家 成交7.6亿,商业航天+北京国资+房地产,3连板 换手承接量比1.11,"次日竞价与开盘承接: 高开幅度观察区间[-2%,+5%]; 开盘涨幅≤+3%且不破昨收-3%视为买点触发",昨收6.14,高位情绪兑现/次日低开大幅回撤/炸板断板,1
2026-01-06,2026-01-07,aggressive,lu,002925.SZ,盈趣科技,消费电子,98.5,"{'theme': 1.0, 'ladder': 0.9, 'seal': 1.0, 'time': 1.0, 'liq': 1.0, 'struct': 1.0}",涨停组: 脑机接口方向 2板 封单比42.8% 涨停时间09:25 题材内涨停17家 成交4.7亿,脑机接口+机器人+智能制造+摩尔线程,2连板 换手承接量比1.50,"次日竞价与开盘承接: 高开幅度观察区间[-2%,+5%]; 开盘涨幅≤+3%且不破昨收-3%视为买点触发",昨收20.49,高位情绪兑现/次日低开大幅回撤/炸板断板,1
2026-01-06,2026-01-07,aggressive,nlu,300726.SZ,宏达电子,军工电子,91.2125,"{'sector': 0.9125, 'trend': 0.8, 'pos': 1.0, 'mom': 1.0, 'liq': 1.0, 'recog': 0.85}","非涨停组: 趋势结构多头(MA20>MA60且上行), 处于活跃板块[军工电子](当日涨幅分位84%, 板块涨停6家) 距60日高点15.3% 20日涨幅25.1%",板块[军工电子]轮动延续/资金承接,收盘50.85 MA20上方 量比0.96,"次日开盘[-2%,+3%]为观察区间; 收盘站上max(开盘,昨收)视为买点触发",昨收50.85,板块退潮补跌/资金承接不足/持续阴跌,1
2026-01-07,2026-01-08,defensive,lu,603125.SH,常青科技,化学制品,84.25,"{'theme': 0.8, 'ladder': 0.55, 'seal': 1.0, 'time': 1.0, 'liq': 0.6, 'struct': 1.0}",涨停组: 光刻胶方向 1板 封单比41.5% 涨停时间09:39 题材内涨停5家 成交2.0亿,光刻胶+风电+特种单体,1连板 换手承接量比2.22,"次日竞价与开盘承接: 高开幅度观察区间[-2%,+5%]; 开盘涨幅≤+3%且不破昨收-3%视为买点触发",昨收18.74,高位情绪兑现/次日低开大幅回撤/炸板断板,1
2026-01-07,2026-01-08,defensive,lu,603015.SH,弘讯科技,自动化设备,79.25,"{'theme': 0.6, 'ladder': 0.55, 'seal': 1.0, 'time': 1.0, 'liq': 0.6, 'struct': 1.0}",涨停组: 可控核聚变方向 1板 封单比21.6% 涨停时间09:43 题材内涨停4家 成交2.9亿,可控核聚变+注塑机控制+芯片概念,1连板 换手承接量比1.48,"次日竞价与开盘承接: 高开幅度观察区间[-2%,+5%]; 开盘涨幅≤+3%且不破昨收-3%视为买点触发",昨收14.14,高位情绪兑现/次日低开大幅回撤/炸板断板,1
2026-01-07,2026-01-08,defensive,nlu,688709.SH,成都华微,半导体,92.6390625,"{'sector': 0.9615625, 'trend': 1.0, 'pos': 0.8, 'mom': 1.0, 'liq': 1.0, 'recog': 0.85}","非涨停组: 趋势结构多头(MA20>MA60且上行), 处于活跃板块[半导体](当日涨幅分位94%, 板块涨停3家) 距60日高点7.8% 20日涨幅20.7%",板块[半导体]轮动延续/资金承接,收盘48.33 MA20上方 量比0.84,"次日开盘[-2%,+3%]为观察区间; 收盘站上max(开盘,昨收)视为买点触发",昨收48.33,板块退潮补跌/资金承接不足/持续阴跌,1
2026-01-08,2026-01-09,normal,lu,001400.SZ,江顺科技,专用设备,94.0,"{'theme': 1.0, 'ladder': 1.0, 'seal': 0.7, 'time': 1.0, 'liq': 1.0, 'struct': 1.0}",涨停组: 商业航天方向 3板 封单比10.9% 涨停时间09:35 题材内涨停18家 成交3.1亿,商业航天+液冷服务器+铝挤压模具,3连板 换手承接量比0.84,"次日竞价与开盘承接: 高开幅度观察区间[-2%,+5%]; 开盘涨幅≤+3%且不破昨收-3%视为买点触发",昨收103.26,高位情绪兑现/次日低开大幅回撤/炸板断板,1
2026-01-08,2026-01-09,normal,lu,601399.SH,国机重装,专用设备,92.5,"{'theme': 1.0, 'ladder': 0.9, 'seal': 0.7, 'time': 1.0, 'liq': 1.0, 'struct': 1.0}",涨停组: 可控核聚变方向 2板 封单比14.8% 涨停时间09:34 题材内涨停6家 成交15.5亿,可控核聚变+工业母机+央企,2连板 换手承接量比0.85,"次日竞价与开盘承接: 高开幅度观察区间[-2%,+5%]; 开盘涨幅≤+3%且不破昨收-3%视为买点触发",昨收6.06,高位情绪兑现/次日低开大幅回撤/炸板断板,1
2026-01-08,2026-01-09,normal,nlu,300827.SZ,上能电气,光伏设备,93.4609375,"{'sector': 0.8584375, 'trend': 1.0, 'pos': 1.0, 'mom': 1.0, 'liq': 1.0, 'recog': 0.85}","非涨停组: 趋势结构多头(MA20>MA60且上行), 处于活跃板块[光伏设备](当日涨幅分位97%, 板块涨停2家) 距60日高点19.8% 20日涨幅10.7%",板块[光伏设备]轮动延续/资金承接,收盘39.55 MA20上方 量比1.01,"次日开盘[-2%,+3%]为观察区间; 收盘站上max(开盘,昨收)视为买点触发",昨收39.55,板块退潮补跌/资金承接不足/持续阴跌,1
2026-01-08,2026-01-09,normal,nlu,688158.SH,优刻得-W,IT服务,92.10781250000001,"{'sector': 0.9403125000000001, 'trend': 1.0, 'pos': 0.8, 'mom': 1.0, 'liq': 1.0, 'recog': 0.85}","非涨停组: 趋势结构多头(MA20>MA60且上行), 处于活跃板块[IT服务](当日涨幅分位92%, 板块涨停3家) 距60日高点6.5% 20日涨幅20.8%",板块[IT服务]轮动延续/资金承接,收盘29.44 MA20上方 量比0.78,"次日开盘[-2%,+3%]为观察区间; 收盘站上max(开盘,昨收)视为买点触发",昨收29.44,板块退潮补跌/资金承接不足/持续阴跌,1
2026-01-09,2026-01-12,aggressive,lu,002519.SZ,银河电子,军工电子,94.0,"{'theme': 1.0, 'ladder': 0.6, 'seal': 1.0, 'time': 1.0, 'liq': 1.0, 'struct': 1.0}",涨停组: 商业航天方向 5板 封单比37.9% 涨停时间09:31 题材内涨停16家 成交7.8亿,商业航天+军工电子+储能,5连板 换手承接量比0.83,"次日竞价与开盘承接: 高开幅度观察区间[-2%,+5%]; 开盘涨幅≤+3%且不破昨收-3%视为买点触发",昨收10.43,高位情绪兑现/次日低开大幅回撤/炸板断板,1
2026-01-09,2026-01-12,aggressive,lu,001400.SZ,江顺科技,专用设备,88.0,"{'theme': 1.0, 'ladder': 0.8, 'seal': 0.7, 'time': 0.85, 'liq': 1.0, 'struct': 1.0}",涨停组: 商业航天方向 4板 封单比10.3% 涨停时间09:49 题材内涨停16家 成交4.4亿,商业航天+液冷服务器+铝挤压模具,4连板 换手承接量比1.05,"次日竞价与开盘承接: 高开幅度观察区间[-2%,+5%]; 开盘涨幅≤+3%且不破昨收-3%视为买点触发",昨收113.59,高位情绪兑现/次日低开大幅回撤/炸板断板,1
2026-01-09,2026-01-12,aggressive,nlu,002738.SZ,中矿资源,小金属,92.9234375,"{'sector': 0.9809375, 'trend': 0.8, 'pos': 1.0, 'mom': 1.0, 'liq': 1.0, 'recog': 0.85}","非涨停组: 趋势结构多头(MA20>MA60且上行), 处于活跃板块[小金属](当日涨幅分位98%, 板块涨停3家) 距60日高点10.4% 20日涨幅22.8%",板块[小金属]轮动延续/资金承接,收盘79.69 MA20上方 量比0.92,"次日开盘[-2%,+3%]为观察区间; 收盘站上max(开盘,昨收)视为买点触发",昨收79.69,板块退潮补跌/资金承接不足/持续阴跌,1
2026-01-12,2026-01-13,aggressive,lu,300244.SZ,迪安诊断,医疗服务,92.5,"{'theme': 1.0, 'ladder': 0.9, 'seal': 0.7, 'time': 1.0, 'liq': 1.0, 'struct': 1.0}",涨停组: AI智能体方向 2板 封单比11.1% 涨停时间09:30 题材内涨停21家 成交13.8亿,AI智能体+AI医疗+诊断服务,2连板 换手承接量比1.00,"次日竞价与开盘承接: 高开幅度观察区间[-2%,+5%]; 开盘涨幅≤+3%且不破昨收-3%视为买点触发",昨收26.06,高位情绪兑现/次日低开大幅回撤/炸板断板,1
2026-01-12,2026-01-13,aggressive,lu,601106.SH,中国一重,专用设备,91.0,"{'theme': 1.0, 'ladder': 0.8, 'seal': 0.7, 'time': 1.0, 'liq': 1.0, 'struct': 1.0}",涨停组: 商业航天方向 4板 封单比12.0% 涨停时间09:37 题材内涨停34家 成交22.4亿,商业航天+可控核聚变+资产出售,4连板 换手承接量比1.45,"次日竞价与开盘承接: 高开幅度观察区间[-2%,+5%]; 开盘涨幅≤+3%且不破昨收-3%视为买点触发",昨收5.95,高位情绪兑现/次日低开大幅回撤/炸板断板,1
2026-01-12,2026-01-13,aggressive,nlu,600936.SH,北投科技,IT服务,92.209375,"{'sector': 0.9843749999999999, 'trend': 1.0, 'pos': 0.8, 'mom': 1.0, 'liq': 0.6, 'recog': 1.0}","非涨停组: 趋势结构多头(MA20>MA60且上行), 处于活跃板块[IT服务](当日涨幅分位98%, 板块涨停11家) 距60日高点6.7% 20日涨幅26.2%",板块[IT服务]轮动延续/资金承接,收盘4.72 MA20上方 量比0.89,"次日开盘[-2%,+3%]为观察区间; 收盘站上max(开盘,昨收)视为买点触发",昨收4.72,板块退潮补跌/资金承接不足/持续阴跌,1
2026-01-13,2026-01-14,defensive,lu,601992.SH,金隅集团,建筑材料,93.5,"{'theme': 0.8, 'ladder': 0.9, 'seal': 1.0, 'time': 1.0, 'liq': 1.0, 'struct': 1.0}",涨停组: 商业航天方向 2板 封单比86.1% 涨停时间09:30 题材内涨停5家 成交3.9亿,商业航天+可控核聚变+北京国资,2连板 换手承接量比1.10,"次日竞价与开盘承接: 高开幅度观察区间[-2%,+5%]; 开盘涨幅≤+3%且不破昨收-3%视为买点触发",昨收2.13,高位情绪兑现/次日低开大幅回撤/炸板断板,1
2026-01-13,2026-01-14,defensive,lu,002219.SZ,新里程,医疗服务,83.25,"{'theme': 0.6, 'ladder': 0.55, 'seal': 1.0, 'time': 1.0, 'liq': 1.0, 'struct': 1.0}",涨停组: AI医疗方向 1板 封单比21.5% 涨停时间09:30 题材内涨停4家 成交5.2亿,AI医疗+银发经济+资产注入+医疗服务,1连板 换手承接量比2.13,"次日竞价与开盘承接: 高开幅度观察区间[-2%,+5%]; 开盘涨幅≤+3%且不破昨收-3%视为买点触发",昨收2.5,高位情绪兑现/次日低开大幅回撤/炸板断板,1
2026-01-13,2026-01-14,defensive,nlu,002821.SZ,凯莱英,医疗服务,90.0046875,"{'sector': 0.9921875, 'trend': 1.0, 'pos': 0.6, 'mom': 1.0, 'liq': 1.0, 'recog': 0.85}","非涨停组: 趋势结构多头(MA20>MA60且上行), 处于活跃板块[医疗服务](当日涨幅分位99%, 板块涨停11家) 距60日高点4.5% 20日涨幅12.5%",板块[医疗服务]轮动延续/资金承接,收盘104.96 MA20上方 量比1.20,"次日开盘[-2%,+3%]为观察区间; 收盘站上max(开盘,昨收)视为买点触发",昨收104.96,板块退潮补跌/资金承接不足/持续阴跌,1
2026-01-14,2026-01-15,normal,lu,600662.SH,外服控股,其他社会服务,98.5,"{'theme': 1.0, 'ladder': 0.9, 'seal': 1.0, 'time': 1.0, 'liq': 1.0, 'struct': 1.0}",涨停组: AI应用方向 2板 封单比23.7% 涨停时间09:38 题材内涨停7家 成交4.6亿,AI应用+人力资源服务+上海国企改革,2连板 换手承接量比2.40,"次日竞价与开盘承接: 高开幅度观察区间[-2%,+5%]; 开盘涨幅≤+3%且不破昨收-3%视为买点触发",昨收6.25,高位情绪兑现/次日低开大幅回撤/炸板断板,1
2026-01-14,2026-01-15,normal,lu,002879.SZ,长缆科技,电网设备,93.25,"{'theme': 1.0, 'ladder': 0.55, 'seal': 1.0, 'time': 1.0, 'liq': 1.0, 'struct': 1.0}",涨停组: 商业航天方向 1板 封单比23.2% 涨停时间09:25 题材内涨停11家 成交3.0亿,商业航天+超高压电缆+液冷+股份支付费用冲回,1连板 换手承接量比1.15,"次日竞价与开盘承接: 高开幅度观察区间[-2%,+5%]; 开盘涨幅≤+3%且不破昨收-3%视为买点触发",昨收20.76,高位情绪兑现/次日低开大幅回撤/炸板断板,1
2026-01-14,2026-01-15,normal,nlu,601399.SH,国机重装,专用设备,94.7265625,"{'sector': 0.7890624999999999, 'trend': 1.0, 'pos': 1.0, 'mom': 1.0, 'liq': 1.0, 'recog': 1.0}","非涨停组: 趋势结构多头(MA20>MA60且上行), 处于活跃板块[专用设备](当日涨幅分位72%, 板块涨停4家) 距60日高点10.1% 20日涨幅11.2%",板块[专用设备]轮动延续/资金承接,收盘5.98 MA20上方 量比0.74,"次日开盘[-2%,+3%]为观察区间; 收盘站上max(开盘,昨收)视为买点触发",昨收5.98,板块退潮补跌/资金承接不足/持续阴跌,1
2026-01-14,2026-01-15,normal,nlu,000917.SZ,电广传媒,文化传媒,93.5234375,"{'sector': 0.9809374999999999, 'trend': 1.0, 'pos': 1.0, 'mom': 0.7, 'liq': 1.0, 'recog': 0.85}","非涨停组: 趋势结构多头(MA20>MA60且上行), 处于活跃板块[文化传媒](当日涨幅分位97%, 板块涨停8家) 距60日高点14.2% 20日涨幅38.2%",板块[文化传媒]轮动延续/资金承接,收盘12.34 MA20上方 量比1.03,"次日开盘[-2%,+3%]为观察区间; 收盘站上max(开盘,昨收)视为买点触发",昨收12.34,板块退潮补跌/资金承接不足/持续阴跌,1
2026-01-15,2026-01-16,defensive,lu,600662.SH,外服控股,其他社会服务,68.0,"{'theme': 0.2, 'ladder': 1.0, 'seal': 0.4, 'time': 1.0, 'liq': 1.0, 'struct': 1.0}",涨停组: AI应用方向 3板 封单比5.2% 涨停时间09:30 题材内涨停2家 成交9.9亿,AI应用+人力资源服务+上海国企改革,3连板 换手承接量比2.49,"次日竞价与开盘承接: 高开幅度观察区间[-2%,+5%]; 开盘涨幅≤+3%且不破昨收-3%视为买点触发",昨收6.88,高位情绪兑现/次日低开大幅回撤/炸板断板,1
2026-01-15,2026-01-16,defensive,lu,603023.SH,威帝股份,汽车零部件,65.25,"{'theme': 0.2, 'ladder': 0.55, 'seal': 1.0, 'time': 1.0, 'liq': 0.6, 'struct': 0.6}",涨停组: 重大资产重组方向 1板 封单比76.6% 涨停时间09:35 题材内涨停2家 成交1.8亿,重大资产重组+乘用车拓展+无人驾驶+国企改革,1连板 换手承接量比0.74,"次日竞价与开盘承接: 高开幅度观察区间[-2%,+5%]; 开盘涨幅≤+3%且不破昨收-3%视为买点触发",昨收5.94,高位情绪兑现/次日低开大幅回撤/炸板断板,1
2026-01-15,2026-01-16,defensive,nlu,600869.SH,远东股份,电网设备,92.6171875,"{'sector': 0.8246874999999999, 'trend': 1.0, 'pos': 1.0, 'mom': 0.7, 'liq': 1.0, 'recog': 1.0}","非涨停组: 趋势结构多头(MA20>MA60且上行), 处于活跃板块[电网设备](当日涨幅分位72%, 板块涨停3家) 距60日高点16.0% 20日涨幅33.6%",板块[电网设备]轮动延续/资金承接,收盘10.09 MA20上方 量比0.43,"次日开盘[-2%,+3%]为观察区间; 收盘站上max(开盘,昨收)视为买点触发",昨收10.09,板块退潮补跌/资金承接不足/持续阴跌,1
2026-01-16,2026-01-19,defensive,lu,002339.SZ,积成电子,电网设备,90.25,"{'theme': 1.0, 'ladder': 0.55, 'seal': 1.0, 'time': 0.85, 'liq': 1.0, 'struct': 1.0}",涨停组: 电网设备方向 1板 封单比26.6% 涨停时间10:24 题材内涨停6家 成交7.2亿,电网设备+中标+特高压,1连板 换手承接量比1.58,"次日竞价与开盘承接: 高开幅度观察区间[-2%,+5%]; 开盘涨幅≤+3%且不破昨收-3%视为买点触发",昨收10.36,高位情绪兑现/次日低开大幅回撤/炸板断板,1
2026-01-16,2026-01-19,defensive,lu,603638.SH,艾迪精密,工程机械,87.25,"{'theme': 1.0, 'ladder': 0.55, 'seal': 1.0, 'time': 0.7, 'liq': 1.0, 'struct': 1.0}",涨停组: 人形机器人方向 1板 封单比17.2% 涨停时间10:36 题材内涨停7家 成交3.3亿,人形机器人+RV减速机+储能,1连板 换手承接量比1.97,"次日竞价与开盘承接: 高开幅度观察区间[-2%,+5%]; 开盘涨幅≤+3%且不破昨收-3%视为买点触发",昨收21.27,高位情绪兑现/次日低开大幅回撤/炸板断板,1
2026-01-16,2026-01-19,defensive,nlu,600869.SH,远东股份,电网设备,95.0484375,"{'sector': 0.9459375, 'trend': 0.8, 'pos': 1.0, 'mom': 1.0, 'liq': 1.0, 'recog': 1.0}","非涨停组: 趋势结构多头(MA20>MA60且上行), 处于活跃板块[电网设备](当日涨幅分位91%, 板块涨停8家) 距60日高点16.6% 20日涨幅28.8%",板块[电网设备]轮动延续/资金承接,收盘10.02 MA20上方 量比0.72,"次日开盘[-2%,+3%]为观察区间; 收盘站上max(开盘,昨收)视为买点触发",昨收10.02,板块退潮补跌/资金承接不足/持续阴跌,1
2026-01-19,2026-01-20,normal,lu,601616.SH,广电电气,电网设备,98.5,"{'theme': 1.0, 'ladder': 0.9, 'seal': 1.0, 'time': 1.0, 'liq': 1.0, 'struct': 1.0}",涨停组: 电网设备方向 2板 封单比17.9% 涨停时间09:31 题材内涨停6家 成交6.5亿,电网设备+数据中心+出口,2连板 换手承接量比1.62,"次日竞价与开盘承接: 高开幅度观察区间[-2%,+5%]; 开盘涨幅≤+3%且不破昨收-3%视为买点触发",昨收5.04,高位情绪兑现/次日低开大幅回撤/炸板断板,1
2026-01-19,2026-01-20,normal,lu,002339.SZ,积成电子,电网设备,98.5,"{'theme': 1.0, 'ladder': 0.9, 'seal': 1.0, 'time': 1.0, 'liq': 1.0, 'struct': 1.0}",涨停组: 电网设备方向 2板 封单比15.3% 涨停时间09:34 题材内涨停6家 成交7.5亿,电网设备+中标+特高压,2连板 换手承接量比1.35,"次日竞价与开盘承接: 高开幅度观察区间[-2%,+5%]; 开盘涨幅≤+3%且不破昨收-3%视为买点触发",昨收11.4,高位情绪兑现/次日低开大幅回撤/炸板断板,1
2026-01-19,2026-01-20,normal,nlu,002707.SZ,众信旅游,旅游及酒店,92.740625,"{'sector': 0.8456250000000001, 'trend': 1.0, 'pos': 0.8, 'mom': 1.0, 'liq': 1.0, 'recog': 1.0}","非涨停组: 趋势结构多头(MA20>MA60且上行), 处于活跃板块[旅游及酒店](当日涨幅分位93%, 板块涨停2家) 距60日高点7.8% 20日涨幅19.4%",板块[旅游及酒店]轮动延续/资金承接,收盘8.38 MA20上方 量比1.08,"次日开盘[-2%,+3%]为观察区间; 收盘站上max(开盘,昨收)视为买点触发",昨收8.38,板块退潮补跌/资金承接不足/持续阴跌,1
2026-01-19,2026-01-20,normal,nlu,002927.SZ,泰永长征,电网设备,91.7265625,"{'sector': 0.9890625000000001, 'trend': 1.0, 'pos': 1.0, 'mom': 1.0, 'liq': 1.0, 'recog': 0.6}","非涨停组: 趋势结构多头(MA20>MA60且上行), 处于活跃板块[电网设备](当日涨幅分位98%, 板块涨停21家) 距60日高点12.0% 20日涨幅17.5%",板块[电网设备]轮动延续/资金承接,收盘22.62 MA20上方 量比1.17,"次日开盘[-2%,+3%]为观察区间; 收盘站上max(开盘,昨收)视为买点触发",昨收22.62,板块退潮补跌/资金承接不足/持续阴跌,1
2026-01-20,2026-01-21,defensive,lu,601616.SH,广电电气,电网设备,85.0,"{'theme': 0.4, 'ladder': 1.0, 'seal': 1.0, 'time': 1.0, 'liq': 1.0, 'struct': 1.0}",涨停组: 电网设备方向 3板 封单比45.4% 涨停时间09:30 题材内涨停3家 成交4.0亿,电网设备+数据中心+出口,3连板 换手承接量比0.90,"次日竞价与开盘承接: 高开幅度观察区间[-2%,+5%]; 开盘涨幅≤+3%且不破昨收-3%视为买点触发",昨收5.54,高位情绪兑现/次日低开大幅回撤/炸板断板,1
2026-01-20,2026-01-21,defensive,lu,002165.SZ,红宝丽,化学制品,75.25,"{'theme': 0.4, 'ladder': 0.55, 'seal': 1.0, 'time': 0.85, 'liq': 1.0, 'struct': 1.0}",涨停组: 环氧丙烷方向 1板 封单比25.5% 涨停时间10:08 题材内涨停3家 成交7.3亿,环氧丙烷+硬泡聚醚+异丙醇胺,1连板 换手承接量比2.13,"次日竞价与开盘承接: 高开幅度观察区间[-2%,+5%]; 开盘涨幅≤+3%且不破昨收-3%视为买点触发",昨收8.72,高位情绪兑现/次日低开大幅回撤/炸板断板,1
2026-01-20,2026-01-21,defensive,nlu,600133.SH,东湖高新,环境治理,92.9921875,"{'sector': 0.7196875, 'trend': 1.0, 'pos': 1.0, 'mom': 1.0, 'liq': 1.0, 'recog': 1.0}","非涨停组: 趋势结构多头(MA20>MA60且上行), 处于活跃板块[环境治理](当日涨幅分位75%, 板块涨停2家) 距60日高点11.3% 20日涨幅12.9%",板块[环境治理]轮动延续/资金承接,收盘10.02 MA20上方 量比0.64,"次日开盘[-2%,+3%]为观察区间; 收盘站上max(开盘,昨收)视为买点触发",昨收10.02,板块退潮补跌/资金承接不足/持续阴跌,1
2026-01-21,2026-01-22,aggressive,lu,002809.SZ,红墙股份,化学制品,78.5,"{'theme': 0.2, 'ladder': 0.9, 'seal': 1.0, 'time': 1.0, 'liq': 1.0, 'struct': 1.0}",涨停组: 环氧丙烷方向 2板 封单比16.9% 涨停时间09:30 题材内涨停2家 成交3.6亿,环氧丙烷+化工+装配式建筑,2连板 换手承接量比2.45,"次日竞价与开盘承接: 高开幅度观察区间[-2%,+5%]; 开盘涨幅≤+3%且不破昨收-3%视为买点触发",昨收13.31,高位情绪兑现/次日低开大幅回撤/炸板断板,1
2026-01-21,2026-01-22,aggressive,lu,301031.SZ,中熔电气,其他电子,78.25,"{'theme': 0.4, 'ladder': 0.55, 'seal': 1.0, 'time': 1.0, 'liq': 1.0, 'struct': 1.0}",涨停组: 2025年报预增方向 1板 封单比30.3% 涨停时间09:30 题材内涨停3家 成交7.2亿,2025年报预增+储能+数据中心+熔断器龙头,1连板 换手承接量比1.24,"次日竞价与开盘承接: 高开幅度观察区间[-2%,+5%]; 开盘涨幅≤+3%且不破昨收-3%视为买点触发",昨收143.4,高位情绪兑现/次日低开大幅回撤/炸板断板,1
2026-01-21,2026-01-22,aggressive,nlu,002130.SZ,沃尔核材,其他电子,91.5359375,"{'sector': 0.9334375, 'trend': 1.0, 'pos': 0.6, 'mom': 1.0, 'liq': 1.0, 'recog': 1.0}","非涨停组: 趋势结构多头(MA20>MA60且上行), 处于活跃板块[其他电子](当日涨幅分位92%, 板块涨停3家) 距60日高点3.1% 20日涨幅16.6%",板块[其他电子]轮动延续/资金承接,收盘30.65 MA20上方 量比0.85,"次日开盘[-2%,+3%]为观察区间; 收盘站上max(开盘,昨收)视为买点触发",昨收30.65,板块退潮补跌/资金承接不足/持续阴跌,1
2026-01-22,2026-01-23,normal,lu,002342.SZ,巨力索具,通用设备,94.5,"{'theme': 1.0, 'ladder': 0.9, 'seal': 1.0, 'time': 1.0, 'liq': 1.0, 'struct': 0.6}",涨停组: 商业航天方向 2板 封单比17.3% 涨停时间09:31 题材内涨停8家 成交12.7亿,商业航天+深海系泊+索具龙头,2连板 换手承接量比0.71,"次日竞价与开盘承接: 高开幅度观察区间[-2%,+5%]; 开盘涨幅≤+3%且不破昨收-3%视为买点触发",昨收12.31,高位情绪兑现/次日低开大幅回撤/炸板断板,1
2026-01-22,2026-01-23,normal,lu,002297.SZ,博云新材,军工装备,87.25,"{'theme': 1.0, 'ladder': 0.55, 'seal': 1.0, 'time': 0.7, 'liq': 1.0, 'struct': 1.0}",涨停组: 商业航天方向 1板 封单比19.4% 涨停时间10:36 题材内涨停8家 成交8.1亿,商业航天+C919+湖南国资+硬质合金,1连板 换手承接量比1.21,"次日竞价与开盘承接: 高开幅度观察区间[-2%,+5%]; 开盘涨幅≤+3%且不破昨收-3%视为买点触发",昨收13.13,高位情绪兑现/次日低开大幅回撤/炸板断板,1
2026-01-22,2026-01-23,normal,nlu,688503.SH,聚和材料,光伏设备,91.3359375,"{'sector': 0.7734375, 'trend': 1.0, 'pos': 1.0, 'mom': 1.0, 'liq': 1.0, 'recog': 0.85}","非涨停组: 趋势结构多头(MA20>MA60且上行), 处于活跃板块[光伏设备](当日涨幅分位95%, 板块涨停2家) 距60日高点11.5% 20日涨幅28.5%",板块[光伏设备]轮动延续/资金承接,收盘77.33 MA20上方 量比0.70,"次日开盘[-2%,+3%]为观察区间; 收盘站上max(开盘,昨收)视为买点触发",昨收77.33,板块退潮补跌/资金承接不足/持续阴跌,1
2026-01-22,2026-01-23,normal,nlu,600316.SH,洪都航空,军工装备,88.31875,"{'sector': 0.90875, 'trend': 1.0, 'pos': 0.8, 'mom': 0.7, 'liq': 1.0, 'recog': 0.85}","非涨停组: 趋势结构多头(MA20>MA60且上行), 处于活跃板块[军工装备](当日涨幅分位98%, 板块涨停4家) 距60日高点5.4% 20日涨幅33.1%",板块[军工装备]轮动延续/资金承接,收盘40.97 MA20上方 量比0.72,"次日开盘[-2%,+3%]为观察区间; 收盘站上max(开盘,昨收)视为买点触发",昨收40.97,板块退潮补跌/资金承接不足/持续阴跌,1
2026-01-23,2026-01-26,aggressive,lu,002342.SZ,巨力索具,通用设备,96.0,"{'theme': 1.0, 'ladder': 1.0, 'seal': 1.0, 'time': 1.0, 'liq': 1.0, 'struct': 0.6}",涨停组: 商业航天方向 3板 封单比29.9% 涨停时间09:30 题材内涨停20家 成交9.2亿,商业航天+深海系泊+索具龙头,3连板 换手承接量比0.43,"次日竞价与开盘承接: 高开幅度观察区间[-2%,+5%]; 开盘涨幅≤+3%且不破昨收-3%视为买点触发",昨收13.54,高位情绪兑现/次日低开大幅回撤/炸板断板,1
2026-01-23,2026-01-26,aggressive,lu,001316.SZ,润贝航科,石油加工贸易,95.5,"{'theme': 1.0, 'ladder': 0.9, 'seal': 1.0, 'time': 0.85, 'liq': 1.0, 'struct': 1.0}",涨停组: 商业航天方向 2板 封单比15.8% 涨停时间10:24 题材内涨停20家 成交3.7亿,商业航天+低空经济+航材分销,2连板 换手承接量比1.27,"次日竞价与开盘承接: 高开幅度观察区间[-2%,+5%]; 开盘涨幅≤+3%且不破昨收-3%视为买点触发",昨收53.0,高位情绪兑现/次日低开大幅回撤/炸板断板,1
2026-01-23,2026-01-26,aggressive,nlu,002270.SZ,华明装备,电网设备,95.421875,"{'sector': 0.816875, 'trend': 1.0, 'pos': 1.0, 'mom': 1.0, 'liq': 1.0, 'recog': 1.0}","非涨停组: 趋势结构多头(MA20>MA60且上行), 处于活跃板块[电网设备](当日涨幅分位74%, 板块涨停3家) 距60日高点11.5% 20日涨幅21.4%",板块[电网设备]轮动延续/资金承接,收盘31.12 MA20上方 量比0.86,"次日开盘[-2%,+3%]为观察区间; 收盘站上max(开盘,昨收)视为买点触发",昨收31.12,板块退潮补跌/资金承接不足/持续阴跌,1
2026-01-26,2026-01-27,defensive,lu,600916.SH,中国黄金,服装家纺,88.5,"{'theme': 0.6, 'ladder': 0.9, 'seal': 1.0, 'time': 1.0, 'liq': 1.0, 'struct': 1.0}",涨停组: 金价新高方向 2板 封单比17.2% 涨停时间09:42 题材内涨停4家 成交15.7亿,金价新高+黄金销售+央企,2连板 换手承接量比1.57,"次日竞价与开盘承接: 高开幅度观察区间[-2%,+5%]; 开盘涨幅≤+3%且不破昨收-3%视为买点触发",昨收10.14,高位情绪兑现/次日低开大幅回撤/炸板断板,1
2026-01-26,2026-01-27,defensive,lu,000603.SZ,盛达资源,工业金属,88.5,"{'theme': 1.0, 'ladder': 0.9, 'seal': 0.7, 'time': 1.0, 'liq': 1.0, 'struct': 0.6}",涨停组: 黄金方向 2板 封单比12.0% 涨停时间09:30 题材内涨停6家 成交8.1亿,黄金+白银+并购扩张,2连板 换手承接量比0.37,"次日竞价与开盘承接: 高开幅度观察区间[-2%,+5%]; 开盘涨幅≤+3%且不破昨收-3%视为买点触发",昨收56.65,高位情绪兑现/次日低开大幅回撤/炸板断板,1
2026-01-26,2026-01-27,defensive,nlu,603360.SH,百傲化学,农化制品,91.9984375,"{'sector': 0.8159375, 'trend': 1.0, 'pos': 0.8, 'mom': 1.0, 'liq': 1.0, 'recog': 1.0}","非涨停组: 趋势结构多头(MA20>MA60且上行), 处于活跃板块[农化制品](当日涨幅分位88%, 板块涨停2家) 距60日高点9.8% 20日涨幅17.0%",板块[农化制品]轮动延续/资金承接,收盘35.16 MA20上方 量比0.68,"次日开盘[-2%,+3%]为观察区间; 收盘站上max(开盘,昨收)视为买点触发",昨收35.16,板块退潮补跌/资金承接不足/持续阴跌,1
2026-01-27,2026-01-28,defensive,lu,002291.SZ,遥望科技,文化传媒,73.25,"{'theme': 0.2, 'ladder': 0.55, 'seal': 1.0, 'time': 1.0, 'liq': 1.0, 'struct': 1.0}",涨停组: AI应用方向 1板 封单比18.7% 涨停时间09:25 题材内涨停2家 成交12.6亿,AI应用+直播电商+剥离鞋业,1连板 换手承接量比1.02,"次日竞价与开盘承接: 高开幅度观察区间[-2%,+5%]; 开盘涨幅≤+3%且不破昨收-3%视为买点触发",昨收8.28,高位情绪兑现/次日低开大幅回撤/炸板断板,1
2026-01-27,2026-01-28,defensive,lu,003031.SZ,中瓷电子,通信设备,70.25,"{'theme': 0.2, 'ladder': 0.55, 'seal': 1.0, 'time': 0.85, 'liq': 1.0, 'struct': 1.0}",涨停组: 光模块方向 1板 封单比16.9% 涨停时间10:18 题材内涨停2家 成交9.1亿,光模块+SiC芯片+电子陶瓷+央企,1连板 换手承接量比1.21,"次日竞价与开盘承接: 高开幅度观察区间[-2%,+5%]; 开盘涨幅≤+3%且不破昨收-3%视为买点触发",昨收84.79,高位情绪兑现/次日低开大幅回撤/炸板断板,1
2026-01-27,2026-01-28,defensive,nlu,688352.SH,颀中科技,半导体,98.890625,"{'sector': 0.955625, 'trend': 1.0, 'pos': 1.0, 'mom': 1.0, 'liq': 1.0, 'recog': 1.0}","非涨停组: 趋势结构多头(MA20>MA60且上行), 处于活跃板块[半导体](当日涨幅分位98%, 板块涨停6家) 距60日高点11.7% 20日涨幅18.3%",板块[半导体]轮动延续/资金承接,收盘15.05 MA20上方 量比0.84,"次日开盘[-2%,+3%]为观察区间; 收盘站上max(开盘,昨收)视为买点触发",昨收15.05,板块退潮补跌/资金承接不足/持续阴跌,1
2026-01-28,2026-01-29,defensive,lu,601388.SH,怡球资源,工业金属,93.25,"{'theme': 1.0, 'ladder': 0.55, 'seal': 1.0, 'time': 1.0, 'liq': 1.0, 'struct': 1.0}",涨停组: 2025年报预增方向 1板 封单比24.0% 涨停时间09:34 题材内涨停10家 成交4.5亿,2025年报预增+再生铝龙头+汽车拆解,1连板 换手承接量比0.98,"次日竞价与开盘承接: 高开幅度观察区间[-2%,+5%]; 开盘涨幅≤+3%且不破昨收-3%视为买点触发",昨收3.97,高位情绪兑现/次日低开大幅回撤/炸板断板,1
2026-01-28,2026-01-29,defensive,lu,000573.SZ,粤宏远A,房地产,90.25,"{'theme': 1.0, 'ladder': 0.55, 'seal': 1.0, 'time': 0.85, 'liq': 1.0, 'struct': 1.0}",涨停组: 2025年报预增方向 1板 封单比33.5% 涨停时间10:19 题材内涨停10家 成交4.9亿,2025年报预增+金属铅+东莞地产,1连板 换手承接量比2.77,"次日竞价与开盘承接: 高开幅度观察区间[-2%,+5%]; 开盘涨幅≤+3%且不破昨收-3%视为买点触发",昨收4.85,高位情绪兑现/次日低开大幅回撤/炸板断板,1
2026-01-28,2026-01-29,defensive,nlu,002182.SZ,宝武镁业,小金属,92.9203125,"{'sector': 0.9728125, 'trend': 1.0, 'pos': 0.8, 'mom': 1.0, 'liq': 1.0, 'recog': 0.85}","非涨停组: 趋势结构多头(MA20>MA60且上行), 处于活跃板块[小金属](当日涨幅分位96%, 板块涨停3家) 距60日高点5.7% 20日涨幅29.3%",板块[小金属]轮动延续/资金承接,收盘19.80 MA20上方 量比1.07,"次日开盘[-2%,+3%]为观察区间; 收盘站上max(开盘,昨收)视为买点触发",昨收19.80,板块退潮补跌/资金承接不足/持续阴跌,1
2026-01-29,2026-01-30,defensive,lu,000995.SZ,皇台酒业,白酒,83.25,"{'theme': 1.0, 'ladder': 0.55, 'seal': 1.0, 'time': 0.5, 'liq': 1.0, 'struct': 1.0}",涨停组: 白酒方向 1板 封单比34.1% 涨停时间13:26 题材内涨停16家 成交3.6亿,白酒+区域强牌+控股股东增持,1连板 换手承接量比2.33,"次日竞价与开盘承接: 高开幅度观察区间[-2%,+5%]; 开盘涨幅≤+3%且不破昨收-3%视为买点触发",昨收14.48,高位情绪兑现/次日低开大幅回撤/炸板断板,1
2026-01-29,2026-01-30,defensive,lu,600199.SH,金种子酒,白酒,79.25,"{'theme': 1.0, 'ladder': 0.55, 'seal': 1.0, 'time': 0.3, 'liq': 1.0, 'struct': 1.0}",涨停组: 白酒方向 1板 封单比16.5% 涨停时间14:06 题材内涨停16家 成交5.8亿,白酒+亏损收窄+国企改革,1连板 换手承接量比2.97,"次日竞价与开盘承接: 高开幅度观察区间[-2%,+5%]; 开盘涨幅≤+3%且不破昨收-3%视为买点触发",昨收10.3,高位情绪兑现/次日低开大幅回撤/炸板断板,1
2026-01-29,2026-01-30,defensive,nlu,301313.SZ,凡拓数创,文化传媒,91.984375,"{'sector': 0.959375, 'trend': 1.0, 'pos': 1.0, 'mom': 1.0, 'liq': 0.6, 'recog': 0.85}","非涨停组: 趋势结构多头(MA20>MA60且上行), 处于活跃板块[文化传媒](当日涨幅分位96%, 板块涨停6家) 距60日高点11.3% 20日涨幅28.3%",板块[文化传媒]轮动延续/资金承接,收盘33.00 MA20上方 量比1.17,"次日开盘[-2%,+3%]为观察区间; 收盘站上max(开盘,昨收)视为买点触发",昨收33.00,板块退潮补跌/资金承接不足/持续阴跌,1
2026-01-30,2026-02-02,defensive,lu,002137.SZ,实益达,光学光电子,74.25,"{'theme': 0.8, 'ladder': 0.55, 'seal': 1.0, 'time': 0.3, 'liq': 1.0, 'struct': 1.0}",涨停组: 业绩预增方向 1板 封单比35.7% 涨停时间14:12 题材内涨停5家 成交4.5亿,业绩预增+半导体设备+汽车电子,1连板 换手承接量比1.55,"次日竞价与开盘承接: 高开幅度观察区间[-2%,+5%]; 开盘涨幅≤+3%且不破昨收-3%视为买点触发",昨收10.14,高位情绪兑现/次日低开大幅回撤/炸板断板,1
2026-01-30,2026-02-02,defensive,lu,300805.SZ,电声股份,文化传媒,73.25,"{'theme': 0.8, 'ladder': 0.55, 'seal': 0.4, 'time': 0.85, 'liq': 1.0, 'struct': 1.0}",涨停组: 业绩预增方向 1板 封单比7.5% 涨停时间10:11 题材内涨停5家 成交7.6亿,业绩预增+AI营销+拼多多概念,1连板 换手承接量比1.94,"次日竞价与开盘承接: 高开幅度观察区间[-2%,+5%]; 开盘涨幅≤+3%且不破昨收-3%视为买点触发",昨收15.67,高位情绪兑现/次日低开大幅回撤/炸板断板,1
2026-01-30,2026-02-02,defensive,nlu,002400.SZ,省广集团,文化传媒,89.9765625,"{'sector': 0.7190625, 'trend': 1.0, 'pos': 1.0, 'mom': 0.7, 'liq': 1.0, 'recog': 1.0}","非涨停组: 趋势结构多头(MA20>MA60且上行), 处于活跃板块[文化传媒](当日涨幅分位50%, 板块涨停3家) 距60日高点12.8% 20日涨幅36.6%",板块[文化传媒]轮动延续/资金承接,收盘12.11 MA20上方 量比0.95,"次日开盘[-2%,+3%]为观察区间; 收盘站上max(开盘,昨收)视为买点触发",昨收12.11,板块退潮补跌/资金承接不足/持续阴跌,1
2026-02-02,2026-02-03,defensive,lu,601616.SH,广电电气,电网设备,85.25,"{'theme': 0.8, 'ladder': 0.55, 'seal': 1.0, 'time': 0.85, 'liq': 1.0, 'struct': 1.0}",涨停组: 电网设备方向 1板 封单比19.1% 涨停时间09:57 题材内涨停5家 成交6.1亿,电网设备+数据中心+变压器,1连板 换手承接量比1.08,"次日竞价与开盘承接: 高开幅度观察区间[-2%,+5%]; 开盘涨幅≤+3%且不破昨收-3%视为买点触发",昨收5.39,高位情绪兑现/次日低开大幅回撤/炸板断板,1
2026-02-02,2026-02-03,defensive,lu,002112.SZ,三变科技,电网设备,84.25,"{'theme': 0.8, 'ladder': 0.55, 'seal': 1.0, 'time': 1.0, 'liq': 1.0, 'struct': 0.6}",涨停组: 电网设备方向 1板 封单比46.2% 涨停时间09:30 题材内涨停5家 成交4.8亿,电网设备+变压器+欧洲设子公司+地方国资,1连板 换手承接量比0.34,"次日竞价与开盘承接: 高开幅度观察区间[-2%,+5%]; 开盘涨幅≤+3%且不破昨收-3%视为买点触发",昨收21.63,高位情绪兑现/次日低开大幅回撤/炸板断板,1
2026-02-02,2026-02-03,defensive,nlu,002400.SZ,省广集团,文化传媒,91.84375,"{'sector': 0.6737500000000001, 'trend': 1.0, 'pos': 1.0, 'mom': 1.0, 'liq': 1.0, 'recog': 1.0}","非涨停组: 趋势结构多头(MA20>MA60且上行), 处于活跃板块[文化传媒](当日涨幅分位77%, 板块涨停1家) 距60日高点13.8% 20日涨幅28.7%",板块[文化传媒]轮动延续/资金承接,收盘11.97 MA20上方 量比0.80,"次日开盘[-2%,+3%]为观察区间; 收盘站上max(开盘,昨收)视为买点触发",昨收11.97,板块退潮补跌/资金承接不足/持续阴跌,1
2026-02-03,2026-02-04,normal,lu,600266.SH,城建发展,房地产,89.25,"{'theme': 1.0, 'ladder': 0.55, 'seal': 1.0, 'time': 1.0, 'liq': 1.0, 'struct': 0.6}",涨停组: 商业航天方向 1板 封单比38.5% 涨停时间09:25 题材内涨停10家 成交3.3亿,商业航天+北京国资+房地产,1连板 换手承接量比0.61,"次日竞价与开盘承接: 高开幅度观察区间[-2%,+5%]; 开盘涨幅≤+3%且不破昨收-3%视为买点触发",昨收6.0,高位情绪兑现/次日低开大幅回撤/炸板断板,1
2026-02-03,2026-02-04,normal,lu,001316.SZ,润贝航科,石油加工贸易,86.25,"{'theme': 1.0, 'ladder': 0.55, 'seal': 1.0, 'time': 0.85, 'liq': 0.6, 'struct': 1.0}",涨停组: 商业航天方向 1板 封单比43.8% 涨停时间10:00 题材内涨停10家 成交2.9亿,商业航天+业绩预增+低空经济,1连板 换手承接量比0.84,"次日竞价与开盘承接: 高开幅度观察区间[-2%,+5%]; 开盘涨幅≤+3%且不破昨收-3%视为买点触发",昨收56.33,高位情绪兑现/次日低开大幅回撤/炸板断板,1
2026-02-03,2026-02-04,normal,nlu,600230.SH,沧州大化,化学制品,94.9921875,"{'sector': 0.7996875, 'trend': 1.0, 'pos': 1.0, 'mom': 1.0, 'liq': 1.0, 'recog': 1.0}","非涨停组: 趋势结构多头(MA20>MA60且上行), 处于活跃板块[化学制品](当日涨幅分位73%, 板块涨停5家) 距60日高点14.9% 20日涨幅21.8%",板块[化学制品]轮动延续/资金承接,收盘20.22 MA20上方 量比0.80,"次日开盘[-2%,+3%]为观察区间; 收盘站上max(开盘,昨收)视为买点触发",昨收20.22,板块退潮补跌/资金承接不足/持续阴跌,1
2026-02-03,2026-02-04,normal,nlu,300179.SZ,四方达,通用设备,90.15625,"{'sector': 0.72625, 'trend': 1.0, 'pos': 1.0, 'mom': 1.0, 'liq': 1.0, 'recog': 0.85}","非涨停组: 趋势结构多头(MA20>MA60且上行), 处于活跃板块[通用设备](当日涨幅分位67%, 板块涨停4家) 距60日高点16.1% 20日涨幅26.5%",板块[通用设备]轮动延续/资金承接,收盘19.98 MA20上方 量比0.74,"次日开盘[-2%,+3%]为观察区间; 收盘站上max(开盘,昨收)视为买点触发",昨收19.98,板块退潮补跌/资金承接不足/持续阴跌,1
2026-02-04,2026-02-05,normal,lu,000723.SZ,美锦能源,煤炭开采加工,90.25,"{'theme': 1.0, 'ladder': 0.55, 'seal': 1.0, 'time': 0.85, 'liq': 1.0, 'struct': 1.0}",涨停组: 煤炭方向 1板 封单比17.6% 涨停时间10:04 题材内涨停6家 成交10.9亿,煤炭+氢能,1连板 换手承接量比1.11,"次日竞价与开盘承接: 高开幅度观察区间[-2%,+5%]; 开盘涨幅≤+3%且不破昨收-3%视为买点触发",昨收5.17,高位情绪兑现/次日低开大幅回撤/炸板断板,1
2026-02-04,2026-02-05,normal,lu,600188.SH,兖矿能源,煤炭开采加工,87.25,"{'theme': 1.0, 'ladder': 0.55, 'seal': 0.7, 'time': 1.0, 'liq': 1.0, 'struct': 1.0}",涨停组: 煤炭方向 1板 封单比9.4% 涨停时间09:36 题材内涨停6家 成交17.2亿,煤炭+产能扩张+国企改革,1连板 换手承接量比1.43,"次日竞价与开盘承接: 高开幅度观察区间[-2%,+5%]; 开盘涨幅≤+3%且不破昨收-3%视为买点触发",昨收15.27,高位情绪兑现/次日低开大幅回撤/炸板断板,1
2026-02-04,2026-02-05,normal,nlu,300763.SZ,锦浪科技,光伏设备,91.6875,"{'sector': 0.9874999999999999, 'trend': 1.0, 'pos': 1.0, 'mom': 1.0, 'liq': 1.0, 'recog': 0.6}","非涨停组: 趋势结构多头(MA20>MA60且上行), 处于活跃板块[光伏设备](当日涨幅分位98%, 板块涨停10家) 距60日高点11.6% 20日涨幅13.4%",板块[光伏设备]轮动延续/资金承接,收盘84.99 MA20上方 量比1.10,"次日开盘[-2%,+3%]为观察区间; 收盘站上max(开盘,昨收)视为买点触发",昨收84.99,板块退潮补跌/资金承接不足/持续阴跌,1
2026-02-04,2026-02-05,normal,nlu,002080.SZ,中材科技,建筑材料,88.990625,"{'sector': 0.815625, 'trend': 1.0, 'pos': 0.8, 'mom': 1.0, 'liq': 1.0, 'recog': 0.85}","非涨停组: 趋势结构多头(MA20>MA60且上行), 处于活跃板块[建筑材料](当日涨幅分位90%, 板块涨停2家) 距60日高点8.2% 20日涨幅12.2%",板块[建筑材料]轮动延续/资金承接,收盘40.99 MA20上方 量比0.91,"次日开盘[-2%,+3%]为观察区间; 收盘站上max(开盘,昨收)视为买点触发",昨收40.99,板块退潮补跌/资金承接不足/持续阴跌,1
2026-02-05,2026-02-06,defensive,lu,002905.SZ,金逸影视,影视院线,67.25,"{'theme': 0.2, 'ladder': 0.55, 'seal': 1.0, 'time': 0.7, 'liq': 1.0, 'struct': 1.0}",涨停组: 春节档方向 1板 封单比36.4% 涨停时间11:03 题材内涨停2家 成交3.6亿,春节档+票房增长+扭亏为盈,1连板 换手承接量比0.93,"次日竞价与开盘承接: 高开幅度观察区间[-2%,+5%]; 开盘涨幅≤+3%且不破昨收-3%视为买点触发",昨收13.33,高位情绪兑现/次日低开大幅回撤/炸板断板,1
2026-02-05,2026-02-06,defensive,lu,603103.SH,横店影视,影视院线,67.25,"{'theme': 0.2, 'ladder': 0.55, 'seal': 0.7, 'time': 1.0, 'liq': 1.0, 'struct': 1.0}",涨停组: 春节档方向 1板 封单比9.7% 涨停时间09:36 题材内涨停2家 成交9.0亿,春节档+影视院线+AI漫剧,1连板 换手承接量比1.41,"次日竞价与开盘承接: 高开幅度观察区间[-2%,+5%]; 开盘涨幅≤+3%且不破昨收-3%视为买点触发",昨收31.66,高位情绪兑现/次日低开大幅回撤/炸板断板,1
2026-02-05,2026-02-06,defensive,nlu,300418.SZ,昆仑万维,文化传媒,84.6328125,"{'sector': 0.8253125, 'trend': 1.0, 'pos': 1.0, 'mom': 0.7, 'liq': 1.0, 'recog': 0.6}","非涨停组: 趋势结构多头(MA20>MA60且上行), 处于活跃板块[文化传媒](当日涨幅分位87%, 板块涨停3家) 距60日高点17.8% 20日涨幅31.6%",板块[文化传媒]轮动延续/资金承接,收盘59.26 MA20上方 量比1.16,"次日开盘[-2%,+3%]为观察区间; 收盘站上max(开盘,昨收)视为买点触发",昨收59.26,板块退潮补跌/资金承接不足/持续阴跌,1
2026-02-06,2026-02-09,normal,lu,605488.SH,福莱新材,塑料制品,79.25,"{'theme': 0.8, 'ladder': 0.55, 'seal': 0.7, 'time': 0.85, 'liq': 1.0, 'struct': 1.0}",涨停组: 人形机器人方向 1板 封单比8.4% 涨停时间10:30 题材内涨停5家 成交8.0亿,人形机器人+10万套订单+柔性传感器,1连板 换手承接量比1.50,"次日竞价与开盘承接: 高开幅度观察区间[-2%,+5%]; 开盘涨幅≤+3%且不破昨收-3%视为买点触发",昨收43.05,高位情绪兑现/次日低开大幅回撤/炸板断板,1
2026-02-06,2026-02-09,normal,lu,002772.SZ,众兴菌业,种植业与林业,75.25,"{'theme': 0.4, 'ladder': 0.55, 'seal': 1.0, 'time': 0.85, 'liq': 1.0, 'struct': 1.0}",涨停组: 业绩预增方向 1板 封单比18.5% 涨停时间10:29 题材内涨停3家 成交4.2亿,业绩预增+冬虫夏草+金针菇龙头,1连板 换手承接量比1.11,"次日竞价与开盘承接: 高开幅度观察区间[-2%,+5%]; 开盘涨幅≤+3%且不破昨收-3%视为买点触发",昨收18.39,高位情绪兑现/次日低开大幅回撤/炸板断板,1
2026-02-06,2026-02-09,normal,nlu,603861.SH,白云电器,电网设备,97.2109375,"{'sector': 0.8884375, 'trend': 1.0, 'pos': 1.0, 'mom': 1.0, 'liq': 1.0, 'recog': 1.0}","非涨停组: 趋势结构多头(MA20>MA60且上行), 处于活跃板块[电网设备](当日涨幅分位80%, 板块涨停3家) 距60日高点17.1% 20日涨幅27.1%",板块[电网设备]轮动延续/资金承接,收盘16.56 MA20上方 量比0.84,"次日开盘[-2%,+3%]为观察区间; 收盘站上max(开盘,昨收)视为买点触发",昨收16.56,板块退潮补跌/资金承接不足/持续阴跌,1
2026-02-06,2026-02-09,normal,nlu,300227.SZ,光韵达,自动化设备,89.928125,"{'sector': 0.8531249999999999, 'trend': 1.0, 'pos': 0.8, 'mom': 1.0, 'liq': 1.0, 'recog': 0.85}","非涨停组: 趋势结构多头(MA20>MA60且上行), 处于活跃板块[自动化设备](当日涨幅分位80%, 板块涨停3家) 距60日高点5.0% 20日涨幅26.4%",板块[自动化设备]轮动延续/资金承接,收盘12.68 MA20上方 量比0.89,"次日开盘[-2%,+3%]为观察区间; 收盘站上max(开盘,昨收)视为买点触发",昨收12.68,板块退潮补跌/资金承接不足/持续阴跌,1
2026-02-09,2026-02-10,aggressive,lu,605598.SH,上海港湾,建筑装饰,81.25,"{'theme': 0.8, 'ladder': 0.55, 'seal': 1.0, 'time': 0.85, 'liq': 1.0, 'struct': 0.6}",涨停组: 商业航天方向 1板 封单比20.0% 涨停时间09:56 题材内涨停5家 成交3.4亿,商业航天+钙钛矿电池+一带一路,1连板 换手承接量比0.75,"次日竞价与开盘承接: 高开幅度观察区间[-2%,+5%]; 开盘涨幅≤+3%且不破昨收-3%视为买点触发",昨收63.89,高位情绪兑现/次日低开大幅回撤/炸板断板,1
2026-02-09,2026-02-10,aggressive,lu,603031.SH,安孚科技,电池,81.25,"{'theme': 0.8, 'ladder': 0.55, 'seal': 1.0, 'time': 0.85, 'liq': 1.0, 'struct': 0.6}",涨停组: 商业航天方向 1板 封单比16.1% 涨停时间10:14 题材内涨停5家 成交5.3亿,商业航天+CPO+南孚电池+业绩预增,1连板 换手承接量比0.65,"次日竞价与开盘承接: 高开幅度观察区间[-2%,+5%]; 开盘涨幅≤+3%且不破昨收-3%视为买点触发",昨收59.4,高位情绪兑现/次日低开大幅回撤/炸板断板,1
2026-02-09,2026-02-10,aggressive,nlu,300118.SZ,东方日升,光伏设备,96.375,"{'sector': 0.975, 'trend': 1.0, 'pos': 1.0, 'mom': 1.0, 'liq': 1.0, 'recog': 0.85}","非涨停组: 趋势结构多头(MA20>MA60且上行), 处于活跃板块[光伏设备](当日涨幅分位96%, 板块涨停5家) 距60日高点12.0% 20日涨幅17.3%",板块[光伏设备]轮动延续/资金承接,收盘22.87 MA20上方 量比0.88,"次日开盘[-2%,+3%]为观察区间; 收盘站上max(开盘,昨收)视为买点触发",昨收22.87,板块退潮补跌/资金承接不足/持续阴跌,1
2026-02-10,2026-02-11,defensive,lu,001330.SZ,博纳影业,影视院线,79.5,"{'theme': 0.4, 'ladder': 0.9, 'seal': 1.0, 'time': 1.0, 'liq': 1.0, 'struct': 0.6}",涨停组: AI短剧方向 2板 封单比43.9% 涨停时间09:32 题材内涨停3家 成交10.2亿,AI短剧+春节档IP+影视院线,2连板 换手承接量比0.52,"次日竞价与开盘承接: 高开幅度观察区间[-2%,+5%]; 开盘涨幅≤+3%且不破昨收-3%视为买点触发",昨收12.47,高位情绪兑现/次日低开大幅回撤/炸板断板,1
2026-02-10,2026-02-11,defensive,lu,600715.SH,文投控股,影视院线,78.25,"{'theme': 0.4, 'ladder': 0.55, 'seal': 1.0, 'time': 1.0, 'liq': 1.0, 'struct': 1.0}",涨停组: AI漫剧方向 1板 封单比15.9% 涨停时间09:35 题材内涨停3家 成交3.9亿,AI漫剧+小程序游戏+北京国资,1连板 换手承接量比1.93,"次日竞价与开盘承接: 高开幅度观察区间[-2%,+5%]; 开盘涨幅≤+3%且不破昨收-3%视为买点触发",昨收2.61,高位情绪兑现/次日低开大幅回撤/炸板断板,1
2026-02-10,2026-02-11,defensive,nlu,600986.SH,浙文互联,文化传媒,92.93125,"{'sector': 0.98125, 'trend': 0.8, 'pos': 1.0, 'mom': 1.0, 'liq': 1.0, 'recog': 0.85}","非涨停组: 趋势结构多头(MA20>MA60且上行), 处于活跃板块[文化传媒](当日涨幅分位99%, 板块涨停13家) 距60日高点15.1% 20日涨幅24.2%",板块[文化传媒]轮动延续/资金承接,收盘13.99 MA20上方 量比0.95,"次日开盘[-2%,+3%]为观察区间; 收盘站上max(开盘,昨收)视为买点触发",昨收13.99,板块退潮补跌/资金承接不足/持续阴跌,1
2026-02-11,2026-02-12,defensive,lu,002842.SZ,翔鹭钨业,小金属,69.25,"{'theme': 0.2, 'ladder': 0.55, 'seal': 1.0, 'time': 1.0, 'liq': 1.0, 'struct': 0.6}",涨停组: 钨价上涨方向 1板 封单比22.9% 涨停时间09:39 题材内涨停2家 成交8.4亿,钨价上涨+光伏钨丝+年报预增,1连板 换手承接量比0.50,"次日竞价与开盘承接: 高开幅度观察区间[-2%,+5%]; 开盘涨幅≤+3%且不破昨收-3%视为买点触发",昨收35.01,高位情绪兑现/次日低开大幅回撤/炸板断板,1
2026-02-11,2026-02-12,defensive,lu,600186.SH,莲花控股,食品加工制造,63.25,"{'theme': 0.4, 'ladder': 0.55, 'seal': 0.4, 'time': 0.85, 'liq': 1.0, 'struct': 1.0}",涨停组: 算力租赁方向 1板 封单比6.2% 涨停时间10:02 题材内涨停3家 成交13.7亿,算力租赁+味精+业绩预增,1连板 换手承接量比2.16,"次日竞价与开盘承接: 高开幅度观察区间[-2%,+5%]; 开盘涨幅≤+3%且不破昨收-3%视为买点触发",昨收6.63,高位情绪兑现/次日低开大幅回撤/炸板断板,1
2026-02-11,2026-02-12,defensive,nlu,600871.SH,石化油服,油气开采及服务,90.34375,"{'sector': 0.7337499999999999, 'trend': 1.0, 'pos': 1.0, 'mom': 1.0, 'liq': 1.0, 'recog': 0.85}","非涨停组: 趋势结构多头(MA20>MA60且上行), 处于活跃板块[油气开采及服务](当日涨幅分位95%, 板块涨停1家) 距60日高点13.2% 20日涨幅26.2%",板块[油气开采及服务]轮动延续/资金承接,收盘3.08 MA20上方 量比0.78,"次日开盘[-2%,+3%]为观察区间; 收盘站上max(开盘,昨收)视为买点触发",昨收3.08,板块退潮补跌/资金承接不足/持续阴跌,1
2026-02-12,2026-02-13,defensive,lu,002975.SZ,博杰股份,自动化设备,90.25,"{'theme': 1.0, 'ladder': 0.55, 'seal': 1.0, 'time': 0.85, 'liq': 1.0, 'struct': 1.0}",涨停组: 液冷服务器方向 1板 封单比22.2% 涨停时间10:00 题材内涨停6家 成交6.9亿,液冷服务器+AI服务器测试+人形机器人+业绩预增,1连板 换手承接量比1.73,"次日竞价与开盘承接: 高开幅度观察区间[-2%,+5%]; 开盘涨幅≤+3%且不破昨收-3%视为买点触发",昨收83.03,高位情绪兑现/次日低开大幅回撤/炸板断板,1
2026-02-12,2026-02-13,defensive,lu,002272.SZ,川润股份,通用设备,89.25,"{'theme': 1.0, 'ladder': 0.55, 'seal': 1.0, 'time': 1.0, 'liq': 1.0, 'struct': 0.6}",涨停组: 液冷服务器方向 1板 封单比30.7% 涨停时间09:30 题材内涨停6家 成交6.1亿,液冷服务器+北美订单+绿色算力,1连板 换手承接量比0.60,"次日竞价与开盘承接: 高开幅度观察区间[-2%,+5%]; 开盘涨幅≤+3%且不破昨收-3%视为买点触发",昨收18.12,高位情绪兑现/次日低开大幅回撤/炸板断板,1
2026-02-12,2026-02-13,defensive,nlu,601958.SH,金钼股份,小金属,96.609375,"{'sector': 0.984375, 'trend': 1.0, 'pos': 1.0, 'mom': 1.0, 'liq': 1.0, 'recog': 0.85}","非涨停组: 趋势结构多头(MA20>MA60且上行), 处于活跃板块[小金属](当日涨幅分位98%, 板块涨停3家) 距60日高点12.7% 20日涨幅12.8%",板块[小金属]轮动延续/资金承接,收盘20.89 MA20上方 量比1.24,"次日开盘[-2%,+3%]为观察区间; 收盘站上max(开盘,昨收)视为买点触发",昨收20.89,板块退潮补跌/资金承接不足/持续阴跌,1
2026-02-13,2026-02-24,defensive,nlu,002985.SZ,北摩高科,军工装备,89.678125,"{'sector': 0.963125, 'trend': 1.0, 'pos': 0.8, 'mom': 0.7, 'liq': 1.0, 'recog': 0.85}","非涨停组: 趋势结构多头(MA20>MA60且上行), 处于活跃板块[军工装备](当日涨幅分位99%, 板块涨停3家) 距60日高点5.9% 20日涨幅31.5%",板块[军工装备]轮动延续/资金承接,收盘44.07 MA20上方 量比0.83,"次日开盘[-2%,+3%]为观察区间; 收盘站上max(开盘,昨收)视为买点触发",昨收44.07,板块退潮补跌/资金承接不足/持续阴跌,1
2026-02-24,2026-02-25,normal,lu,002828.SZ,贝肯能源,油气开采及服务,88.25,"{'theme': 0.8, 'ladder': 0.55, 'seal': 1.0, 'time': 1.0, 'liq': 1.0, 'struct': 1.0}",涨停组: 油气开采方向 1板 封单比21.1% 涨停时间09:33 题材内涨停5家 成交3.5亿,油气开采+海外权益+地缘冲突,1连板 换手承接量比1.43,"次日竞价与开盘承接: 高开幅度观察区间[-2%,+5%]; 开盘涨幅≤+3%且不破昨收-3%视为买点触发",昨收13.89,高位情绪兑现/次日低开大幅回撤/炸板断板,1
2026-02-24,2026-02-25,normal,lu,600078.SH,澄星股份,农化制品,80.25,"{'theme': 0.8, 'ladder': 0.55, 'seal': 1.0, 'time': 1.0, 'liq': 0.6, 'struct': 0.6}",涨停组: 磷化工方向 1板 封单比78.1% 涨停时间09:33 题材内涨停5家 成交1.8亿,磷化工+新材料+扭亏,1连板 换手承接量比0.67,"次日竞价与开盘承接: 高开幅度观察区间[-2%,+5%]; 开盘涨幅≤+3%且不破昨收-3%视为买点触发",昨收12.24,高位情绪兑现/次日低开大幅回撤/炸板断板,1
2026-02-24,2026-02-25,normal,nlu,600490.SH,鹏欣资源,工业金属,94.40625,"{'sector': 0.77625, 'trend': 1.0, 'pos': 1.0, 'mom': 1.0, 'liq': 1.0, 'recog': 1.0}","非涨停组: 趋势结构多头(MA20>MA60且上行), 处于活跃板块[工业金属](当日涨幅分位85%, 板块涨停2家) 距60日高点19.7% 20日涨幅19.8%",板块[工业金属]轮动延续/资金承接,收盘9.64 MA20上方 量比1.15,"次日开盘[-2%,+3%]为观察区间; 收盘站上max(开盘,昨收)视为买点触发",昨收9.64,板块退潮补跌/资金承接不足/持续阴跌,1
2026-02-24,2026-02-25,normal,nlu,600477.SH,杭萧钢构,建筑装饰,93.625,"{'sector': 0.7450000000000001, 'trend': 1.0, 'pos': 1.0, 'mom': 1.0, 'liq': 1.0, 'recog': 1.0}","非涨停组: 趋势结构多头(MA20>MA60且上行), 处于活跃板块[建筑装饰](当日涨幅分位66%, 板块涨停5家) 距60日高点17.8% 20日涨幅15.8%",板块[建筑装饰]轮动延续/资金承接,收盘3.87 MA20上方 量比0.66,"次日开盘[-2%,+3%]为观察区间; 收盘站上max(开盘,昨收)视为买点触发",昨收3.87,板块退潮补跌/资金承接不足/持续阴跌,1
2026-02-25,2026-02-26,normal,lu,300437.SZ,清水源,环境治理,85.25,"{'theme': 0.8, 'ladder': 0.55, 'seal': 1.0, 'time': 0.85, 'liq': 1.0, 'struct': 1.0}",涨停组: 磷化工方向 1板 封单比17.2% 涨停时间09:52 题材内涨停5家 成交8.4亿,磷化工+水处理剂+超跌反弹,1连板 换手承接量比2.46,"次日竞价与开盘承接: 高开幅度观察区间[-2%,+5%]; 开盘涨幅≤+3%且不破昨收-3%视为买点触发",昨收18.98,高位情绪兑现/次日低开大幅回撤/炸板断板,1
2026-02-25,2026-02-26,normal,lu,600096.SH,云天化,农化制品,73.5,"{'theme': 0.8, 'ladder': 0.9, 'seal': 0.15, 'time': 0.85, 'liq': 1.0, 'struct': 1.0}",涨停组: 磷化工方向 2板 封单比0.2% 涨停时间10:06 题材内涨停5家 成交73.8亿,磷化工+聚甲醛+国企改革,2连板 换手承接量比2.38,"次日竞价与开盘承接: 高开幅度观察区间[-2%,+5%]; 开盘涨幅≤+3%且不破昨收-3%视为买点触发",昨收43.3,高位情绪兑现/次日低开大幅回撤/炸板断板,1
2026-02-25,2026-02-26,normal,nlu,603876.SH,鼎胜新材,工业金属,92.084375,"{'sector': 0.939375, 'trend': 1.0, 'pos': 0.8, 'mom': 1.0, 'liq': 1.0, 'recog': 0.85}","非涨停组: 趋势结构多头(MA20>MA60且上行), 处于活跃板块[工业金属](当日涨幅分位92%, 板块涨停4家) 距60日高点5.4% 20日涨幅24.8%",板块[工业金属]轮动延续/资金承接,收盘19.63 MA20上方 量比0.85,"次日开盘[-2%,+3%]为观察区间; 收盘站上max(开盘,昨收)视为买点触发",昨收19.63,板块退潮补跌/资金承接不足/持续阴跌,1
2026-02-25,2026-02-26,normal,nlu,002734.SZ,利民股份,农化制品,91.9828125,"{'sector': 0.9353125, 'trend': 1.0, 'pos': 0.8, 'mom': 1.0, 'liq': 1.0, 'recog': 0.85}","非涨停组: 趋势结构多头(MA20>MA60且上行), 处于活跃板块[农化制品](当日涨幅分位90%, 板块涨停8家) 距60日高点7.0% 20日涨幅13.7%",板块[农化制品]轮动延续/资金承接,收盘19.55 MA20上方 量比1.14,"次日开盘[-2%,+3%]为观察区间; 收盘站上max(开盘,昨收)视为买点触发",昨收19.55,板块退潮补跌/资金承接不足/持续阴跌,1
2026-02-26,2026-02-27,normal,lu,688025.SH,杰普特,自动化设备,67.25,"{'theme': 0.2, 'ladder': 0.55, 'seal': 0.7, 'time': 1.0, 'liq': 1.0, 'struct': 1.0}",涨停组: CPO方向 1板 封单比9.7% 涨停时间09:31 题材内涨停2家 成交14.4亿,CPO+激光器+业绩预增,1连板 换手承接量比0.89,"次日竞价与开盘承接: 高开幅度观察区间[-2%,+5%]; 开盘涨幅≤+3%且不破昨收-3%视为买点触发",昨收242.46,高位情绪兑现/次日低开大幅回撤/炸板断板,1
2026-02-26,2026-02-27,normal,lu,300943.SZ,春晖智控,通用设备,66.25,"{'theme': 0.4, 'ladder': 0.55, 'seal': 0.7, 'time': 0.7, 'liq': 1.0, 'struct': 1.0}",涨停组: 商业航天方向 1板 封单比11.9% 涨停时间11:29 题材内涨停3家 成交10.0亿,商业航天+军工传感器+供货BE+流体控制阀,1连板 换手承接量比1.60,"次日竞价与开盘承接: 高开幅度观察区间[-2%,+5%]; 开盘涨幅≤+3%且不破昨收-3%视为买点触发",昨收38.64,高位情绪兑现/次日低开大幅回撤/炸板断板,1
2026-02-26,2026-02-27,normal,nlu,600292.SH,电投水电,电力,93.6390625,"{'sector': 0.8815625, 'trend': 1.0, 'pos': 0.8, 'mom': 1.0, 'liq': 1.0, 'recog': 1.0}","非涨停组: 趋势结构多头(MA20>MA60且上行), 处于活跃板块[电力](当日涨幅分位85%, 板块涨停4家) 距60日高点7.2% 20日涨幅15.5%",板块[电力]轮动延续/资金承接,收盘15.39 MA20上方 量比0.78,"次日开盘[-2%,+3%]为观察区间; 收盘站上max(开盘,昨收)视为买点触发",昨收15.39,板块退潮补跌/资金承接不足/持续阴跌,1
2026-02-26,2026-02-27,normal,nlu,002266.SZ,浙富控股,环境治理,91.1078125,"{'sector': 0.9003125, 'trend': 1.0, 'pos': 0.8, 'mom': 1.0, 'liq': 1.0, 'recog': 0.85}","非涨停组: 趋势结构多头(MA20>MA60且上行), 处于活跃板块[环境治理](当日涨幅分位88%, 板块涨停4家) 距60日高点8.2% 20日涨幅13.7%",板块[环境治理]轮动延续/资金承接,收盘5.08 MA20上方 量比0.99,"次日开盘[-2%,+3%]为观察区间; 收盘站上max(开盘,昨收)视为买点触发",昨收5.08,板块退潮补跌/资金承接不足/持续阴跌,1
2026-02-27,2026-03-02,normal,lu,002182.SZ,宝武镁业,小金属,73.25,"{'theme': 0.2, 'ladder': 0.55, 'seal': 1.0, 'time': 1.0, 'liq': 1.0, 'struct': 1.0}",涨停组: 小金属方向 1板 封单比16.8% 涨停时间09:42 题材内涨停2家 成交6.7亿,小金属+人形机器人+商业航天+央企,1连板 换手承接量比1.00,"次日竞价与开盘承接: 高开幅度观察区间[-2%,+5%]; 开盘涨幅≤+3%且不破昨收-3%视为买点触发",昨收21.79,高位情绪兑现/次日低开大幅回撤/炸板断板,1
2026-02-27,2026-03-02,normal,lu,600744.SH,华银电力,电力,72.5,"{'theme': 0.2, 'ladder': 0.9, 'seal': 0.7, 'time': 1.0, 'liq': 1.0, 'struct': 1.0}",涨停组: 电力方向 2板 封单比10.6% 涨停时间09:31 题材内涨停2家 成交17.6亿,电力+年报预增+央企,2连板 换手承接量比1.81,"次日竞价与开盘承接: 高开幅度观察区间[-2%,+5%]; 开盘涨幅≤+3%且不破昨收-3%视为买点触发",昨收7.94,高位情绪兑现/次日低开大幅回撤/炸板断板,1
2026-02-27,2026-03-02,normal,nlu,002195.SZ,岩山科技,IT服务,91.875,"{'sector': 0.7949999999999999, 'trend': 1.0, 'pos': 1.0, 'mom': 1.0, 'liq': 1.0, 'recog': 0.85}","非涨停组: 趋势结构多头(MA20>MA60且上行), 处于活跃板块[IT服务](当日涨幅分位89%, 板块涨停3家) 距60日高点16.1% 20日涨幅11.8%",板块[IT服务]轮动延续/资金承接,收盘11.07 MA20上方 量比1.06,"次日开盘[-2%,+3%]为观察区间; 收盘站上max(开盘,昨收)视为买点触发",昨收11.07,板块退潮补跌/资金承接不足/持续阴跌,1
2026-02-27,2026-03-02,normal,nlu,002539.SZ,云图控股,农化制品,90.0609375,"{'sector': 0.8584375, 'trend': 1.0, 'pos': 0.8, 'mom': 1.0, 'liq': 1.0, 'recog': 0.85}","非涨停组: 趋势结构多头(MA20>MA60且上行), 处于活跃板块[农化制品](当日涨幅分位75%, 板块涨停3家) 距60日高点7.6% 20日涨幅16.1%",板块[农化制品]轮动延续/资金承接,收盘15.70 MA20上方 量比0.95,"次日开盘[-2%,+3%]为观察区间; 收盘站上max(开盘,昨收)视为买点触发",昨收15.70,板块退潮补跌/资金承接不足/持续阴跌,1
2026-03-02,2026-03-03,defensive,lu,600227.SH,赤天化,农化制品,75.25,"{'theme': 0.4, 'ladder': 0.55, 'seal': 1.0, 'time': 0.85, 'liq': 1.0, 'struct': 1.0}",涨停组: 甲醇方向 1板 封单比15.4% 涨停时间09:47 题材内涨停3家 成交4.7亿,甲醇+化工+煤炭+化肥,1连板 换手承接量比1.04,"次日竞价与开盘承接: 高开幅度观察区间[-2%,+5%]; 开盘涨幅≤+3%且不破昨收-3%视为买点触发",昨收3.17,高位情绪兑现/次日低开大幅回撤/炸板断板,1
2026-03-02,2026-03-03,defensive,lu,600871.SH,石化油服,油气开采及服务,69.25,"{'theme': 0.2, 'ladder': 0.55, 'seal': 1.0, 'time': 1.0, 'liq': 1.0, 'struct': 0.6}",涨停组: 油服工程方向 1板 封单比30.5% 涨停时间09:25 题材内涨停2家 成交8.4亿,油服工程+海外大单+CCUS+央企,1连板 换手承接量比0.62,"次日竞价与开盘承接: 高开幅度观察区间[-2%,+5%]; 开盘涨幅≤+3%且不破昨收-3%视为买点触发",昨收3.53,高位情绪兑现/次日低开大幅回撤/炸板断板,1
2026-03-02,2026-03-03,defensive,nlu,300065.SZ,海兰信,军工装备,95.015625,"{'sector': 0.920625, 'trend': 1.0, 'pos': 1.0, 'mom': 1.0, 'liq': 1.0, 'recog': 0.85}","非涨停组: 趋势结构多头(MA20>MA60且上行), 处于活跃板块[军工装备](当日涨幅分位92%, 板块涨停3家) 距60日高点10.8% 20日涨幅18.2%",板块[军工装备]轮动延续/资金承接,收盘28.65 MA20上方 量比1.05,"次日开盘[-2%,+3%]为观察区间; 收盘站上max(开盘,昨收)视为买点触发",昨收28.65,板块退潮补跌/资金承接不足/持续阴跌,1
2026-03-03,2026-03-04,defensive,lu,600681.SH,百川能源,燃气,93.25,"{'theme': 1.0, 'ladder': 0.55, 'seal': 1.0, 'time': 1.0, 'liq': 1.0, 'struct': 1.0}",涨停组: 天然气方向 1板 封单比16.3% 涨停时间09:38 题材内涨停18家 成交4.2亿,天然气+具身智能布局+高股息,1连板 换手承接量比1.94,"次日竞价与开盘承接: 高开幅度观察区间[-2%,+5%]; 开盘涨幅≤+3%且不破昨收-3%视为买点触发",昨收4.76,高位情绪兑现/次日低开大幅回撤/炸板断板,1
2026-03-03,2026-03-04,defensive,lu,000968.SZ,蓝焰控股,油气开采及服务,92.5,"{'theme': 1.0, 'ladder': 0.9, 'seal': 0.7, 'time': 1.0, 'liq': 1.0, 'struct': 1.0}",涨停组: 天然气方向 2板 封单比8.7% 涨停时间09:30 题材内涨停18家 成交9.2亿,天然气+煤层气+山西国资,2连板 换手承接量比1.47,"次日竞价与开盘承接: 高开幅度观察区间[-2%,+5%]; 开盘涨幅≤+3%且不破昨收-3%视为买点触发",昨收10.41,高位情绪兑现/次日低开大幅回撤/炸板断板,1
2026-03-03,2026-03-04,defensive,nlu,000582.SZ,北部湾港,港口航运,93.13125,"{'sector': 0.98125, 'trend': 1.0, 'pos': 0.8, 'mom': 1.0, 'liq': 1.0, 'recog': 0.85}","非涨停组: 趋势结构多头(MA20>MA60且上行), 处于活跃板块[港口航运](当日涨幅分位98%, 板块涨停8家) 距60日高点5.7% 20日涨幅12.7%",板块[港口航运]轮动延续/资金承接,收盘10.92 MA20上方 量比1.18,"次日开盘[-2%,+3%]为观察区间; 收盘站上max(开盘,昨收)视为买点触发",昨收10.92,板块退潮补跌/资金承接不足/持续阴跌,1
2026-03-04,2026-03-05,defensive,lu,002339.SZ,积成电子,电网设备,74.25,"{'theme': 0.4, 'ladder': 0.55, 'seal': 1.0, 'time': 1.0, 'liq': 1.0, 'struct': 0.6}",涨停组: 电网设备方向 1板 封单比29.8% 涨停时间09:36 题材内涨停3家 成交3.5亿,电网设备+中标+特高压,1连板 换手承接量比0.77,"次日竞价与开盘承接: 高开幅度观察区间[-2%,+5%]; 开盘涨幅≤+3%且不破昨收-3%视为买点触发",昨收11.54,高位情绪兑现/次日低开大幅回撤/炸板断板,1
2026-03-04,2026-03-05,defensive,lu,603530.SH,神马电力,电网设备,69.25,"{'theme': 0.4, 'ladder': 0.55, 'seal': 0.7, 'time': 0.85, 'liq': 1.0, 'struct': 1.0}",涨停组: 特高压方向 1板 封单比11.2% 涨停时间09:57 题材内涨停3家 成交10.2亿,特高压+越南建厂+电网设备,1连板 换手承接量比1.12,"次日竞价与开盘承接: 高开幅度观察区间[-2%,+5%]; 开盘涨幅≤+3%且不破昨收-3%视为买点触发",昨收67.21,高位情绪兑现/次日低开大幅回撤/炸板断板,1
2026-03-04,2026-03-05,defensive,nlu,600452.SH,涪陵电力,电力,95.0453125,"{'sector': 0.9378124999999999, 'trend': 1.0, 'pos': 0.8, 'mom': 1.0, 'liq': 1.0, 'recog': 1.0}","非涨停组: 趋势结构多头(MA20>MA60且上行), 处于活跃板块[电力](当日涨幅分位90%, 板块涨停4家) 距60日高点6.8% 20日涨幅14.6%",板块[电力]轮动延续/资金承接,收盘13.53 MA20上方 量比1.02,"次日开盘[-2%,+3%]为观察区间; 收盘站上max(开盘,昨收)视为买点触发",昨收13.53,板块退潮补跌/资金承接不足/持续阴跌,1
2026-03-05,2026-03-06,normal,lu,300162.SZ,雷曼光电,光学光电子,83.25,"{'theme': 0.6, 'ladder': 0.55, 'seal': 1.0, 'time': 1.0, 'liq': 1.0, 'struct': 1.0}",涨停组: Micro LED方向 1板 封单比22.5% 涨停时间09:34 题材内涨停4家 成交4.6亿,Micro LED+商业航天+北美市场,1连板 换手承接量比2.18,"次日竞价与开盘承接: 高开幅度观察区间[-2%,+5%]; 开盘涨幅≤+3%且不破昨收-3%视为买点触发",昨收9.48,高位情绪兑现/次日低开大幅回撤/炸板断板,1
2026-03-05,2026-03-06,normal,lu,002339.SZ,积成电子,电网设备,81.5,"{'theme': 0.8, 'ladder': 0.9, 'seal': 0.4, 'time': 1.0, 'liq': 1.0, 'struct': 1.0}",涨停组: 电网设备方向 2板 封单比5.3% 涨停时间09:32 题材内涨停5家 成交15.0亿,电网设备+中标+特高压,2连板 换手承接量比2.14,"次日竞价与开盘承接: 高开幅度观察区间[-2%,+5%]; 开盘涨幅≤+3%且不破昨收-3%视为买点触发",昨收12.69,高位情绪兑现/次日低开大幅回撤/炸板断板,1
2026-03-05,2026-03-06,normal,nlu,300442.SZ,润泽科技,通信服务,93.6640625,"{'sector': 0.7465625, 'trend': 1.0, 'pos': 1.0, 'mom': 1.0, 'liq': 1.0, 'recog': 1.0}","非涨停组: 趋势结构多头(MA20>MA60且上行), 处于活跃板块[通信服务](当日涨幅分位95%, 板块涨停2家) 距60日高点10.9% 20日涨幅25.6%",板块[通信服务]轮动延续/资金承接,收盘94.41 MA20上方 量比0.85,"次日开盘[-2%,+3%]为观察区间; 收盘站上max(开盘,昨收)视为买点触发",昨收94.41,板块退潮补跌/资金承接不足/持续阴跌,1
2026-03-05,2026-03-06,normal,nlu,301291.SZ,明阳电气,电网设备,92.975,"{'sector': 0.9749999999999999, 'trend': 1.0, 'pos': 0.8, 'mom': 1.0, 'liq': 1.0, 'recog': 0.85}","非涨停组: 趋势结构多头(MA20>MA60且上行), 处于活跃板块[电网设备](当日涨幅分位98%, 板块涨停8家) 距60日高点5.3% 20日涨幅24.1%",板块[电网设备]轮动延续/资金承接,收盘57.88 MA20上方 量比1.06,"次日开盘[-2%,+3%]为观察区间; 收盘站上max(开盘,昨收)视为买点触发",昨收57.88,板块退潮补跌/资金承接不足/持续阴跌,1
2026-03-06,2026-03-09,normal,lu,600590.SH,泰豪科技,其他电源设备,84.5,"{'theme': 0.6, 'ladder': 0.9, 'seal': 1.0, 'time': 1.0, 'liq': 1.0, 'struct': 0.6}",涨停组: 氢能源方向 2板 封单比49.1% 涨停时间09:30 题材内涨停4家 成交5.0亿,氢能源+军工电源+扭亏为盈,2连板 换手承接量比0.44,"次日竞价与开盘承接: 高开幅度观察区间[-2%,+5%]; 开盘涨幅≤+3%且不破昨收-3%视为买点触发",昨收16.18,高位情绪兑现/次日低开大幅回撤/炸板断板,1
2026-03-06,2026-03-09,normal,lu,002015.SZ,协鑫能科,电力,84.25,"{'theme': 0.8, 'ladder': 0.55, 'seal': 1.0, 'time': 1.0, 'liq': 1.0, 'struct': 0.6}",涨停组: 算电协同方向 1板 封单比20.0% 涨停时间09:40 题材内涨停5家 成交15.1亿,算电协同+虚拟电厂+分布式光伏,1连板 换手承接量比0.69,"次日竞价与开盘承接: 高开幅度观察区间[-2%,+5%]; 开盘涨幅≤+3%且不破昨收-3%视为买点触发",昨收15.62,高位情绪兑现/次日低开大幅回撤/炸板断板,1
2026-03-06,2026-03-09,normal,nlu,000510.SZ,新金路,化学原料,99.0703125,"{'sector': 0.9628125, 'trend': 1.0, 'pos': 1.0, 'mom': 1.0, 'liq': 1.0, 'recog': 1.0}","非涨停组: 趋势结构多头(MA20>MA60且上行), 处于活跃板块[化学原料](当日涨幅分位96%, 板块涨停5家) 距60日高点14.2% 20日涨幅21.3%",板块[化学原料]轮动延续/资金承接,收盘20.17 MA20上方 量比0.86,"次日开盘[-2%,+3%]为观察区间; 收盘站上max(开盘,昨收)视为买点触发",昨收20.17,板块退潮补跌/资金承接不足/持续阴跌,1
2026-03-06,2026-03-09,normal,nlu,603861.SH,白云电器,电网设备,90.1703125,"{'sector': 0.8628125, 'trend': 1.0, 'pos': 0.8, 'mom': 0.7, 'liq': 1.0, 'recog': 1.0}","非涨停组: 趋势结构多头(MA20>MA60且上行), 处于活跃板块[电网设备](当日涨幅分位74%, 板块涨停6家) 距60日高点9.4% 20日涨幅35.7%",板块[电网设备]轮动延续/资金承接,收盘20.36 MA20上方 量比0.97,"次日开盘[-2%,+3%]为观察区间; 收盘站上max(开盘,昨收)视为买点触发",昨收20.36,板块退潮补跌/资金承接不足/持续阴跌,1
2026-03-09,2026-03-10,defensive,lu,002575.SZ,群兴玩具,综合,82.25,"{'theme': 0.8, 'ladder': 0.55, 'seal': 1.0, 'time': 0.7, 'liq': 1.0, 'struct': 1.0}",涨停组: 算力租赁方向 1板 封单比25.0% 涨停时间11:06 题材内涨停5家 成交7.6亿,算力租赁+腾讯合作+酒类销售,1连板 换手承接量比1.74,"次日竞价与开盘承接: 高开幅度观察区间[-2%,+5%]; 开盘涨幅≤+3%且不破昨收-3%视为买点触发",昨收8.02,高位情绪兑现/次日低开大幅回撤/炸板断板,1
2026-03-09,2026-03-10,defensive,lu,002730.SZ,电光科技,专用设备,82.25,"{'theme': 0.8, 'ladder': 0.55, 'seal': 1.0, 'time': 0.7, 'liq': 1.0, 'struct': 1.0}",涨停组: 算力租赁方向 1板 封单比20.2% 涨停时间10:56 题材内涨停5家 成交5.5亿,算力租赁+智能矿山+矿用防爆电器,1连板 换手承接量比1.45,"次日竞价与开盘承接: 高开幅度观察区间[-2%,+5%]; 开盘涨幅≤+3%且不破昨收-3%视为买点触发",昨收19.17,高位情绪兑现/次日低开大幅回撤/炸板断板,1
2026-03-09,2026-03-10,defensive,nlu,603861.SH,白云电器,电网设备,96.0296875,"{'sector': 0.9771875, 'trend': 1.0, 'pos': 0.8, 'mom': 1.0, 'liq': 1.0, 'recog': 1.0}","非涨停组: 趋势结构多头(MA20>MA60且上行), 处于活跃板块[电网设备](当日涨幅分位96%, 板块涨停7家) 距60日高点9.6% 20日涨幅23.0%",板块[电网设备]轮动延续/资金承接,收盘20.31 MA20上方 量比0.85,"次日开盘[-2%,+3%]为观察区间; 收盘站上max(开盘,昨收)视为买点触发",昨收20.31,板块退潮补跌/资金承接不足/持续阴跌,1
2026-03-10,2026-03-11,normal,lu,603017.SH,中衡设计,建筑装饰,79.25,"{'theme': 0.6, 'ladder': 0.55, 'seal': 1.0, 'time': 1.0, 'liq': 0.6, 'struct': 1.0}",涨停组: 商业航天方向 1板 封单比37.2% 涨停时间09:44 题材内涨停4家 成交1.8亿,商业航天+低空经济+工程设计,1连板 换手承接量比1.25,"次日竞价与开盘承接: 高开幅度观察区间[-2%,+5%]; 开盘涨幅≤+3%且不破昨收-3%视为买点触发",昨收13.48,高位情绪兑现/次日低开大幅回撤/炸板断板,1
2026-03-10,2026-03-11,normal,lu,002025.SZ,航天电器,军工电子,77.25,"{'theme': 0.6, 'ladder': 0.55, 'seal': 0.7, 'time': 1.0, 'liq': 1.0, 'struct': 1.0}",涨停组: 商业航天方向 1板 封单比8.5% 涨停时间09:32 题材内涨停4家 成交15.6亿,商业航天+军工电子+光模块+央企,1连板 换手承接量比1.70,"次日竞价与开盘承接: 高开幅度观察区间[-2%,+5%]; 开盘涨幅≤+3%且不破昨收-3%视为买点触发",昨收56.03,高位情绪兑现/次日低开大幅回撤/炸板断板,1
2026-03-10,2026-03-11,normal,nlu,688027.SH,国盾量子,通信设备,95.8046875,"{'sector': 0.9521875, 'trend': 1.0, 'pos': 1.0, 'mom': 1.0, 'liq': 1.0, 'recog': 0.85}","非涨停组: 趋势结构多头(MA20>MA60且上行), 处于活跃板块[通信设备](当日涨幅分位98%, 板块涨停7家) 距60日高点10.2% 20日涨幅11.1%",板块[通信设备]轮动延续/资金承接,收盘682.96 MA20上方 量比0.68,"次日开盘[-2%,+3%]为观察区间; 收盘站上max(开盘,昨收)视为买点触发",昨收682.96,板块退潮补跌/资金承接不足/持续阴跌,1
2026-03-10,2026-03-11,normal,nlu,601611.SH,中国核建,建筑装饰,90.953125,"{'sector': 0.758125, 'trend': 1.0, 'pos': 1.0, 'mom': 1.0, 'liq': 1.0, 'recog': 0.85}","非涨停组: 趋势结构多头(MA20>MA60且上行), 处于活跃板块[建筑装饰](当日涨幅分位62%, 板块涨停3家) 距60日高点13.4% 20日涨幅13.5%",板块[建筑装饰]轮动延续/资金承接,收盘17.32 MA20上方 量比0.95,"次日开盘[-2%,+3%]为观察区间; 收盘站上max(开盘,昨收)视为买点触发",昨收17.32,板块退潮补跌/资金承接不足/持续阴跌,1
2026-03-11,2026-03-12,defensive,lu,601868.SH,中国能建,建筑装饰,67.25,"{'theme': 0.2, 'ladder': 0.55, 'seal': 0.7, 'time': 1.0, 'liq': 1.0, 'struct': 1.0}",涨停组: 算电协同方向 1板 封单比12.1% 涨停时间09:42 题材内涨停2家 成交62.9亿,算电协同+氢能+央企,1连板 换手承接量比0.83,"次日竞价与开盘承接: 高开幅度观察区间[-2%,+5%]; 开盘涨幅≤+3%且不破昨收-3%视为买点触发",昨收3.45,高位情绪兑现/次日低开大幅回撤/炸板断板,1
2026-03-11,2026-03-12,defensive,lu,603757.SH,大元泵业,通用设备,67.25,"{'theme': 0.2, 'ladder': 0.55, 'seal': 0.7, 'time': 1.0, 'liq': 1.0, 'struct': 1.0}",涨停组: 液冷服务器方向 1板 封单比8.6% 涨停时间09:34 题材内涨停2家 成交6.8亿,液冷服务器+屏蔽泵+维谛技术,1连板 换手承接量比1.49,"次日竞价与开盘承接: 高开幅度观察区间[-2%,+5%]; 开盘涨幅≤+3%且不破昨收-3%视为买点触发",昨收47.43,高位情绪兑现/次日低开大幅回撤/炸板断板,1
2026-03-11,2026-03-12,defensive,nlu,002491.SZ,通鼎互联,通信设备,95.8515625,"{'sector': 0.8340624999999999, 'trend': 1.0, 'pos': 1.0, 'mom': 1.0, 'liq': 1.0, 'recog': 1.0}","非涨停组: 趋势结构多头(MA20>MA60且上行), 处于活跃板块[通信设备](当日涨幅分位74%, 板块涨停3家) 距60日高点12.5% 20日涨幅24.8%",板块[通信设备]轮动延续/资金承接,收盘11.54 MA20上方 量比1.07,"次日开盘[-2%,+3%]为观察区间; 收盘站上max(开盘,昨收)视为买点触发",昨收11.54,板块退潮补跌/资金承接不足/持续阴跌,1
2026-03-12,2026-03-13,defensive,lu,000537.SZ,绿发电力,电力,85.0,"{'theme': 0.4, 'ladder': 1.0, 'seal': 1.0, 'time': 1.0, 'liq': 1.0, 'struct': 1.0}",涨停组: 算电协同方向 3板 封单比30.7% 涨停时间09:31 题材内涨停3家 成交9.1亿,算电协同+储能+绿电交易+央企,3连板 换手承接量比1.20,"次日竞价与开盘承接: 高开幅度观察区间[-2%,+5%]; 开盘涨幅≤+3%且不破昨收-3%视为买点触发",昨收12.51,高位情绪兑现/次日低开大幅回撤/炸板断板,1
2026-03-12,2026-03-13,defensive,lu,605305.SH,中际联合,工程机械,59.25,"{'theme': 0.2, 'ladder': 0.55, 'seal': 1.0, 'time': 0.3, 'liq': 1.0, 'struct': 1.0}",涨停组: 风电设备方向 1板 封单比15.4% 涨停时间14:09 题材内涨停2家 成交7.3亿,风电设备+储能消防,1连板 换手承接量比2.56,"次日竞价与开盘承接: 高开幅度观察区间[-2%,+5%]; 开盘涨幅≤+3%且不破昨收-3%视为买点触发",昨收42.58,高位情绪兑现/次日低开大幅回撤/炸板断板,1
2026-03-12,2026-03-13,defensive,nlu,000949.SZ,新乡化纤,化学纤维,92.99062500000001,"{'sector': 0.9756250000000001, 'trend': 1.0, 'pos': 0.8, 'mom': 1.0, 'liq': 1.0, 'recog': 0.85}","非涨停组: 趋势结构多头(MA20>MA60且上行), 处于活跃板块[化学纤维](当日涨幅分位97%, 板块涨停4家) 距60日高点5.8% 20日涨幅10.0%",板块[化学纤维]轮动延续/资金承接,收盘7.45 MA20上方 量比1.06,"次日开盘[-2%,+3%]为观察区间; 收盘站上max(开盘,昨收)视为买点触发",昨收7.45,板块退潮补跌/资金承接不足/持续阴跌,1
2026-03-13,2026-03-16,defensive,lu,603803.SH,瑞斯康达,通信设备,64.25,"{'theme': 0.2, 'ladder': 0.55, 'seal': 0.7, 'time': 0.85, 'liq': 1.0, 'struct': 1.0}",涨停组: CPO方向 1板 封单比9.1% 涨停时间09:53 题材内涨停2家 成交10.2亿,CPO+智算中心+高速光模块,1连板 换手承接量比1.44,"次日竞价与开盘承接: 高开幅度观察区间[-2%,+5%]; 开盘涨幅≤+3%且不破昨收-3%视为买点触发",昨收13.75,高位情绪兑现/次日低开大幅回撤/炸板断板,1
2026-03-13,2026-03-16,defensive,lu,002438.SZ,江苏神通,通用设备,59.25,"{'theme': 0.2, 'ladder': 0.55, 'seal': 1.0, 'time': 0.3, 'liq': 1.0, 'struct': 1.0}",涨停组: 可控核聚变方向 1板 封单比18.4% 涨停时间13:35 题材内涨停2家 成交5.8亿,可控核聚变+氢能源+商业航天,1连板 换手承接量比1.96,"次日竞价与开盘承接: 高开幅度观察区间[-2%,+5%]; 开盘涨幅≤+3%且不破昨收-3%视为买点触发",昨收19.26,高位情绪兑现/次日低开大幅回撤/炸板断板,1
2026-03-13,2026-03-16,defensive,nlu,600623.SH,华谊集团,化学原料,90.146875,"{'sector': 0.861875, 'trend': 1.0, 'pos': 0.8, 'mom': 1.0, 'liq': 1.0, 'recog': 0.85}","非涨停组: 趋势结构多头(MA20>MA60且上行), 处于活跃板块[化学原料](当日涨幅分位79%, 板块涨停3家) 距60日高点5.3% 20日涨幅24.4%",板块[化学原料]轮动延续/资金承接,收盘11.46 MA20上方 量比0.67,"次日开盘[-2%,+3%]为观察区间; 收盘站上max(开盘,昨收)视为买点触发",昨收11.46,板块退潮补跌/资金承接不足/持续阴跌,1
2026-03-16,2026-03-17,defensive,lu,600667.SH,太极实业,建筑装饰,55.25,"{'theme': 0.2, 'ladder': 0.55, 'seal': 0.4, 'time': 0.7, 'liq': 1.0, 'struct': 1.0}",涨停组: 存储芯片方向 1板 封单比7.7% 涨停时间11:24 题材内涨停2家 成交23.9亿,存储芯片+先进封装+SK海力士+国企,1连板 换手承接量比1.28,"次日竞价与开盘承接: 高开幅度观察区间[-2%,+5%]; 开盘涨幅≤+3%且不破昨收-3%视为买点触发",昨收11.26,高位情绪兑现/次日低开大幅回撤/炸板断板,1
2026-03-16,2026-03-17,defensive,nlu,301606.SZ,绿联科技,消费电子,92.9609375,"{'sector': 0.7184375000000001, 'trend': 1.0, 'pos': 1.0, 'mom': 1.0, 'liq': 1.0, 'recog': 1.0}","非涨停组: 趋势结构多头(MA20>MA60且上行), 处于活跃板块[消费电子](当日涨幅分位79%, 板块涨停2家) 距60日高点18.9% 20日涨幅18.8%",板块[消费电子]轮动延续/资金承接,收盘74.84 MA20上方 量比0.59,"次日开盘[-2%,+3%]为观察区间; 收盘站上max(开盘,昨收)视为买点触发",昨收74.84,板块退潮补跌/资金承接不足/持续阴跌,1
2026-03-17,2026-03-18,freeze,nlu,601778.SH,晶科科技,电力,92.8671875,"{'sector': 0.8346875, 'trend': 1.0, 'pos': 1.0, 'mom': 1.0, 'liq': 1.0, 'recog': 0.85}","非涨停组: 趋势结构多头(MA20>MA60且上行), 处于活跃板块[电力](当日涨幅分位79%, 板块涨停4家) 距60日高点16.0% 20日涨幅15.5%",板块[电力]轮动延续/资金承接,收盘5.32 MA20上方 量比0.67,"次日开盘[-2%,+3%]为观察区间; 收盘站上max(开盘,昨收)视为买点触发",昨收5.32,板块退潮补跌/资金承接不足/持续阴跌,1
2026-03-18,2026-03-19,normal,lu,600666.SH,奥瑞德,IT服务,77.25,"{'theme': 0.6, 'ladder': 0.55, 'seal': 0.7, 'time': 1.0, 'liq': 1.0, 'struct': 1.0}",涨停组: 算力租赁方向 1板 封单比11.6% 涨停时间09:33 题材内涨停4家 成交10.6亿,算力租赁+年报预增+蓝宝石,1连板 换手承接量比1.01,"次日竞价与开盘承接: 高开幅度观察区间[-2%,+5%]; 开盘涨幅≤+3%且不破昨收-3%视为买点触发",昨收4.44,高位情绪兑现/次日低开大幅回撤/炸板断板,1
2026-03-18,2026-03-19,normal,lu,603912.SH,佳力图,通用设备,75.25,"{'theme': 0.4, 'ladder': 0.55, 'seal': 1.0, 'time': 0.85, 'liq': 1.0, 'struct': 1.0}",涨停组: 液冷方向 1板 封单比18.6% 涨停时间09:51 题材内涨停3家 成交4.6亿,液冷+算力+东数西算,1连板 换手承接量比1.08,"次日竞价与开盘承接: 高开幅度观察区间[-2%,+5%]; 开盘涨幅≤+3%且不破昨收-3%视为买点触发",昨收10.24,高位情绪兑现/次日低开大幅回撤/炸板断板,1
2026-03-18,2026-03-19,normal,nlu,603936.SH,博敏电子,元件,92.2328125,"{'sector': 0.9453125, 'trend': 1.0, 'pos': 0.8, 'mom': 1.0, 'liq': 1.0, 'recog': 0.85}","非涨停组: 趋势结构多头(MA20>MA60且上行), 处于活跃板块[元件](当日涨幅分位97%, 板块涨停3家) 距60日高点9.6% 20日涨幅21.8%",板块[元件]轮动延续/资金承接,收盘14.72 MA20上方 量比0.69,"次日开盘[-2%,+3%]为观察区间; 收盘站上max(开盘,昨收)视为买点触发",昨收14.72,板块退潮补跌/资金承接不足/持续阴跌,1
2026-03-18,2026-03-19,normal,nlu,000537.SZ,绿发电力,电力,87.6953125,"{'sector': 0.7478125, 'trend': 1.0, 'pos': 1.0, 'mom': 0.7, 'liq': 1.0, 'recog': 0.85}","非涨停组: 趋势结构多头(MA20>MA60且上行), 处于活跃板块[电力](当日涨幅分位71%, 板块涨停4家) 距60日高点16.5% 20日涨幅35.0%",板块[电力]轮动延续/资金承接,收盘11.31 MA20上方 量比0.84,"次日开盘[-2%,+3%]为观察区间; 收盘站上max(开盘,昨收)视为买点触发",昨收11.31,板块退潮补跌/资金承接不足/持续阴跌,1
2026-03-19,2026-03-20,defensive,lu,600666.SH,奥瑞德,IT服务,88.5,"{'theme': 0.6, 'ladder': 0.9, 'seal': 1.0, 'time': 1.0, 'liq': 1.0, 'struct': 1.0}",涨停组: 算力租赁方向 2板 封单比15.5% 涨停时间09:33 题材内涨停4家 成交13.5亿,算力租赁+年报预增+蓝宝石,2连板 换手承接量比1.25,"次日竞价与开盘承接: 高开幅度观察区间[-2%,+5%]; 开盘涨幅≤+3%且不破昨收-3%视为买点触发",昨收4.88,高位情绪兑现/次日低开大幅回撤/炸板断板,1
2026-03-19,2026-03-20,defensive,lu,600996.SH,贵广网络,文化传媒,80.25,"{'theme': 0.6, 'ladder': 0.55, 'seal': 1.0, 'time': 0.85, 'liq': 1.0, 'struct': 1.0}",涨停组: 算力租赁方向 1板 封单比15.2% 涨停时间09:56 题材内涨停4家 成交6.9亿,算力租赁+广电5G+贵州国资,1连板 换手承接量比1.56,"次日竞价与开盘承接: 高开幅度观察区间[-2%,+5%]; 开盘涨幅≤+3%且不破昨收-3%视为买点触发",昨收9.5,高位情绪兑现/次日低开大幅回撤/炸板断板,1
2026-03-19,2026-03-20,defensive,nlu,300185.SZ,通裕重工,风电设备,92.8671875,"{'sector': 0.7146875, 'trend': 1.0, 'pos': 1.0, 'mom': 1.0, 'liq': 1.0, 'recog': 1.0}","非涨停组: 趋势结构多头(MA20>MA60且上行), 处于活跃板块[风电设备](当日涨幅分位88%, 板块涨停1家) 距60日高点11.6% 20日涨幅27.3%",板块[风电设备]轮动延续/资金承接,收盘3.87 MA20上方 量比0.61,"次日开盘[-2%,+3%]为观察区间; 收盘站上max(开盘,昨收)视为买点触发",昨收3.87,板块退潮补跌/资金承接不足/持续阴跌,1
2026-03-20,2026-03-23,defensive,lu,002150.SZ,正泰电源,光伏设备,73.25,"{'theme': 0.2, 'ladder': 0.55, 'seal': 1.0, 'time': 1.0, 'liq': 1.0, 'struct': 1.0}",涨停组: 光伏设备方向 1板 封单比16.4% 涨停时间09:37 题材内涨停2家 成交10.3亿,光伏设备+储能一体机+外销,1连板 换手承接量比0.87,"次日竞价与开盘承接: 高开幅度观察区间[-2%,+5%]; 开盘涨幅≤+3%且不破昨收-3%视为买点触发",昨收34.88,高位情绪兑现/次日低开大幅回撤/炸板断板,1
2026-03-20,2026-03-23,defensive,lu,301658.SZ,首航新能,光伏设备,61.25,"{'theme': 0.2, 'ladder': 0.55, 'seal': 0.7, 'time': 0.7, 'liq': 1.0, 'struct': 1.0}",涨停组: 储能方向 1板 封单比14.0% 涨停时间11:16 题材内涨停2家 成交12.7亿,储能+光伏逆变器+全球化布局,1连板 换手承接量比1.22,"次日竞价与开盘承接: 高开幅度观察区间[-2%,+5%]; 开盘涨幅≤+3%且不破昨收-3%视为买点触发",昨收60.35,高位情绪兑现/次日低开大幅回撤/炸板断板,1
2026-03-20,2026-03-23,defensive,nlu,002285.SZ,世联行,房地产,89.4296875,"{'sector': 0.7371875, 'trend': 1.0, 'pos': 1.0, 'mom': 1.0, 'liq': 0.6, 'recog': 1.0}","非涨停组: 趋势结构多头(MA20>MA60且上行), 处于活跃板块[房地产](当日涨幅分位77%, 板块涨停2家) 距60日高点11.4% 20日涨幅14.4%",板块[房地产]轮动延续/资金承接,收盘3.25 MA20上方 量比0.77,"次日开盘[-2%,+3%]为观察区间; 收盘站上max(开盘,昨收)视为买点触发",昨收3.25,板块退潮补跌/资金承接不足/持续阴跌,1
2026-03-23,2026-03-24,defensive,lu,600396.SH,华电辽能,电力,69.0,"{'theme': 0.2, 'ladder': 0.6, 'seal': 1.0, 'time': 1.0, 'liq': 1.0, 'struct': 0.5}",涨停组: 绿电方向 6板 封单比15.9% 涨停时间09:30 题材内涨停2家 成交11.5亿,绿电+氢能+央企,6连板 换手承接量比0.85,"次日竞价与开盘承接: 高开幅度观察区间[-2%,+5%]; 开盘涨幅≤+3%且不破昨收-3%视为买点触发",昨收6.89,高位情绪兑现/次日低开大幅回撤/炸板断板,1
2026-03-23,2026-03-24,defensive,lu,600376.SH,首开股份,房地产,64.25,"{'theme': 0.2, 'ladder': 0.55, 'seal': 0.7, 'time': 0.85, 'liq': 1.0, 'struct': 1.0}",涨停组: 间接持股宇树科技方向 1板 封单比13.2% 涨停时间09:52 题材内涨停2家 成交12.8亿,间接持股宇树科技+城市更新+北京国资,1连板 换手承接量比2.07,"次日竞价与开盘承接: 高开幅度观察区间[-2%,+5%]; 开盘涨幅≤+3%且不破昨收-3%视为买点触发",昨收5.87,高位情绪兑现/次日低开大幅回撤/炸板断板,1
2026-03-23,2026-03-24,defensive,nlu,300332.SZ,天壕能源,燃气,91.25,"{'sector': 0.65, 'trend': 1.0, 'pos': 1.0, 'mom': 1.0, 'liq': 1.0, 'recog': 1.0}","非涨停组: 趋势结构多头(MA20>MA60且上行), 处于活跃板块[燃气](当日涨幅分位92%, 板块涨停0家) 距60日高点14.6% 20日涨幅26.4%",板块[燃气]轮动延续/资金承接,收盘6.70 MA20上方 量比1.19,"次日开盘[-2%,+3%]为观察区间; 收盘站上max(开盘,昨收)视为买点触发",昨收6.70,板块退潮补跌/资金承接不足/持续阴跌,1
2026-03-24,2026-03-25,defensive,lu,600396.SH,华电辽能,电力,78.0,"{'theme': 0.6, 'ladder': 0.6, 'seal': 0.7, 'time': 1.0, 'liq': 1.0, 'struct': 1.0}",涨停组: 绿电方向 7板 封单比8.1% 涨停时间09:38 题材内涨停4家 成交17.4亿,绿电+氢能+央企,7连板 换手承接量比1.13,"次日竞价与开盘承接: 高开幅度观察区间[-2%,+5%]; 开盘涨幅≤+3%且不破昨收-3%视为买点触发",昨收7.58,高位情绪兑现/次日低开大幅回撤/炸板断板,1
2026-03-24,2026-03-25,defensive,lu,601606.SH,长城军工,军工装备,70.25,"{'theme': 0.2, 'ladder': 0.55, 'seal': 1.0, 'time': 0.85, 'liq': 1.0, 'struct': 1.0}",涨停组: 兵装重组方向 1板 封单比31.0% 涨停时间09:53 题材内涨停2家 成交9.3亿,兵装重组+弹药装备+扭亏+央企,1连板 换手承接量比1.43,"次日竞价与开盘承接: 高开幅度观察区间[-2%,+5%]; 开盘涨幅≤+3%且不破昨收-3%视为买点触发",昨收39.34,高位情绪兑现/次日低开大幅回撤/炸板断板,1
2026-03-24,2026-03-25,defensive,nlu,003035.SZ,南网能源,电力,93.625,"{'sector': 0.985, 'trend': 1.0, 'pos': 1.0, 'mom': 0.7, 'liq': 1.0, 'recog': 0.85}","非涨停组: 趋势结构多头(MA20>MA60且上行), 处于活跃板块[电力](当日涨幅分位98%, 板块涨停13家) 距60日高点13.7% 20日涨幅32.4%",板块[电力]轮动延续/资金承接,收盘9.46 MA20上方 量比1.24,"次日开盘[-2%,+3%]为观察区间; 收盘站上max(开盘,昨收)视为买点触发",昨收9.46,板块退潮补跌/资金承接不足/持续阴跌,1
2026-03-25,2026-03-26,defensive,lu,600396.SH,华电辽能,电力,80.0,"{'theme': 0.6, 'ladder': 0.6, 'seal': 1.0, 'time': 1.0, 'liq': 1.0, 'struct': 0.6}",涨停组: 绿电方向 8板 封单比26.1% 涨停时间09:33 题材内涨停4家 成交8.2亿,绿电+氢能+央企,8连板 换手承接量比0.46,"次日竞价与开盘承接: 高开幅度观察区间[-2%,+5%]; 开盘涨幅≤+3%且不破昨收-3%视为买点触发",昨收8.34,高位情绪兑现/次日低开大幅回撤/炸板断板,1
2026-03-25,2026-03-26,defensive,lu,600589.SH,大位科技,IT服务,78.25,"{'theme': 0.8, 'ladder': 0.55, 'seal': 0.7, 'time': 1.0, 'liq': 1.0, 'struct': 0.6}",涨停组: 算力租赁方向 1板 封单比12.2% 涨停时间09:36 题材内涨停5家 成交11.9亿,算力租赁+IDC+东数西算,1连板 换手承接量比0.63,"次日竞价与开盘承接: 高开幅度观察区间[-2%,+5%]; 开盘涨幅≤+3%且不破昨收-3%视为买点触发",昨收11.14,高位情绪兑现/次日低开大幅回撤/炸板断板,1
2026-03-25,2026-03-26,defensive,nlu,003035.SZ,南网能源,电力,91.328125,"{'sector': 0.9731249999999999, 'trend': 1.0, 'pos': 1.0, 'mom': 1.0, 'liq': 1.0, 'recog': 0.6}","非涨停组: 趋势结构多头(MA20>MA60且上行), 处于活跃板块[电力](当日涨幅分位95%, 板块涨停14家) 距60日高点15.1% 20日涨幅29.0%",板块[电力]轮动延续/资金承接,收盘9.31 MA20上方 量比0.98,"次日开盘[-2%,+3%]为观察区间; 收盘站上max(开盘,昨收)视为买点触发",昨收9.31,板块退潮补跌/资金承接不足/持续阴跌,1
2026-03-26,2026-03-27,defensive,lu,000037.SZ,深南电A,电力,61.25,"{'theme': 0.2, 'ladder': 0.55, 'seal': 0.7, 'time': 0.7, 'liq': 1.0, 'struct': 1.0}",涨停组: 电力方向 1板 封单比11.0% 涨停时间11:15 题材内涨停2家 成交7.9亿,电力+储能+业绩预增,1连板 换手承接量比1.16,"次日竞价与开盘承接: 高开幅度观察区间[-2%,+5%]; 开盘涨幅≤+3%且不破昨收-3%视为买点触发",昨收11.99,高位情绪兑现/次日低开大幅回撤/炸板断板,1
2026-03-26,2026-03-27,defensive,lu,600310.SH,广西能源,电力,61.25,"{'theme': 0.2, 'ladder': 0.55, 'seal': 0.7, 'time': 0.7, 'liq': 1.0, 'struct': 1.0}",涨停组: 电力方向 1板 封单比10.8% 涨停时间10:31 题材内涨停2家 成交11.2亿,电力+绿色电力+广西国资,1连板 换手承接量比0.86,"次日竞价与开盘承接: 高开幅度观察区间[-2%,+5%]; 开盘涨幅≤+3%且不破昨收-3%视为买点触发",昨收6.0,高位情绪兑现/次日低开大幅回撤/炸板断板,1
2026-03-26,2026-03-27,defensive,nlu,600930.SH,华电新能,电力,91.6234375,"{'sector': 0.9209375, 'trend': 1.0, 'pos': 0.8, 'mom': 1.0, 'liq': 1.0, 'recog': 0.85}","非涨停组: 趋势结构多头(MA20>MA60且上行), 处于活跃板块[电力](当日涨幅分位85%, 板块涨停7家) 距60日高点8.2% 20日涨幅21.9%",板块[电力]轮动延续/资金承接,收盘7.19 MA20上方 量比0.96,"次日开盘[-2%,+3%]为观察区间; 收盘站上max(开盘,昨收)视为买点触发",昨收7.19,板块退潮补跌/资金承接不足/持续阴跌,1
2026-03-27,2026-03-30,normal,lu,300858.SZ,科拓生物,化学制品,86.25,"{'theme': 1.0, 'ladder': 0.55, 'seal': 1.0, 'time': 0.85, 'liq': 0.6, 'struct': 1.0}",涨停组: 创新药方向 1板 封单比17.0% 涨停时间10:07 题材内涨停7家 成交2.6亿,创新药+益生菌+国产替代,1连板 换手承接量比2.80,"次日竞价与开盘承接: 高开幅度观察区间[-2%,+5%]; 开盘涨幅≤+3%且不破昨收-3%视为买点触发",昨收18.19,高位情绪兑现/次日低开大幅回撤/炸板断板,1
2026-03-27,2026-03-30,normal,lu,600488.SH,津药药业,化学制药,80.25,"{'theme': 1.0, 'ladder': 0.55, 'seal': 0.7, 'time': 0.85, 'liq': 0.6, 'struct': 1.0}",涨停组: 创新药方向 1板 封单比14.9% 涨停时间10:19 题材内涨停7家 成交1.7亿,创新药+皮质激素+出口,1连板 换手承接量比2.43,"次日竞价与开盘承接: 高开幅度观察区间[-2%,+5%]; 开盘涨幅≤+3%且不破昨收-3%视为买点触发",昨收4.33,高位情绪兑现/次日低开大幅回撤/炸板断板,1
2026-03-27,2026-03-30,normal,nlu,002733.SZ,雄韬股份,电池,90.28125,"{'sector': 0.93125, 'trend': 1.0, 'pos': 1.0, 'mom': 1.0, 'liq': 1.0, 'recog': 0.6}","非涨停组: 趋势结构多头(MA20>MA60且上行), 处于活跃板块[电池](当日涨幅分位88%, 板块涨停4家) 距60日高点10.1% 20日涨幅21.8%",板块[电池]轮动延续/资金承接,收盘26.88 MA20上方 量比0.74,"次日开盘[-2%,+3%]为观察区间; 收盘站上max(开盘,昨收)视为买点触发",昨收26.88,板块退潮补跌/资金承接不足/持续阴跌,1
2026-03-27,2026-03-30,normal,nlu,600468.SH,百利电气,电网设备,87.359375,"{'sector': 0.614375, 'trend': 1.0, 'pos': 1.0, 'mom': 1.0, 'liq': 1.0, 'recog': 0.85}","非涨停组: 趋势结构多头(MA20>MA60且上行), 处于活跃板块[电网设备](当日涨幅分位38%, 板块涨停3家) 距60日高点11.3% 20日涨幅18.6%",板块[电网设备]轮动延续/资金承接,收盘9.19 MA20上方 量比0.59,"次日开盘[-2%,+3%]为观察区间; 收盘站上max(开盘,昨收)视为买点触发",昨收9.19,板块退潮补跌/资金承接不足/持续阴跌,1
2026-03-30,2026-03-31,normal,lu,600488.SH,津药药业,化学制药,83.5,"{'theme': 0.4, 'ladder': 0.9, 'seal': 1.0, 'time': 1.0, 'liq': 1.0, 'struct': 1.0}",涨停组: 创新药方向 2板 封单比16.2% 涨停时间09:31 题材内涨停3家 成交3.3亿,创新药+原料药+出口,2连板 换手承接量比2.61,"次日竞价与开盘承接: 高开幅度观察区间[-2%,+5%]; 开盘涨幅≤+3%且不破昨收-3%视为买点触发",昨收4.76,高位情绪兑现/次日低开大幅回撤/炸板断板,1
2026-03-30,2026-03-31,normal,lu,002361.SZ,神剑股份,塑料制品,81.0,"{'theme': 0.6, 'ladder': 1.0, 'seal': 0.7, 'time': 0.85, 'liq': 1.0, 'struct': 1.0}",涨停组: 商业航天方向 3板 封单比8.6% 涨停时间10:29 题材内涨停4家 成交33.1亿,商业航天+无人机+聚酯树脂+地方国资,3连板 换手承接量比1.50,"次日竞价与开盘承接: 高开幅度观察区间[-2%,+5%]; 开盘涨幅≤+3%且不破昨收-3%视为买点触发",昨收15.0,高位情绪兑现/次日低开大幅回撤/炸板断板,1
2026-03-30,2026-03-31,normal,nlu,301205.SZ,联特科技,通信设备,89.140625,"{'sector': 0.8856249999999999, 'trend': 1.0, 'pos': 1.0, 'mom': 1.0, 'liq': 1.0, 'recog': 0.6}","非涨停组: 趋势结构多头(MA20>MA60且上行), 处于活跃板块[通信设备](当日涨幅分位86%, 板块涨停3家) 距60日高点17.3% 20日涨幅17.9%",板块[通信设备]轮动延续/资金承接,收盘223.48 MA20上方 量比0.81,"次日开盘[-2%,+3%]为观察区间; 收盘站上max(开盘,昨收)视为买点触发",昨收223.48,板块退潮补跌/资金承接不足/持续阴跌,1
2026-03-30,2026-03-31,normal,nlu,603929.SH,亚翔集成,建筑装饰,87.6015625,"{'sector': 0.7440625, 'trend': 1.0, 'pos': 1.0, 'mom': 0.7, 'liq': 1.0, 'recog': 0.85}","非涨停组: 趋势结构多头(MA20>MA60且上行), 处于活跃板块[建筑装饰](当日涨幅分位66%, 板块涨停3家) 距60日高点10.9% 20日涨幅30.9%",板块[建筑装饰]轮动延续/资金承接,收盘185.79 MA20上方 量比0.81,"次日开盘[-2%,+3%]为观察区间; 收盘站上max(开盘,昨收)视为买点触发",昨收185.79,板块退潮补跌/资金承接不足/持续阴跌,1
2026-03-31,2026-04-01,defensive,lu,600502.SH,安徽建工,建筑装饰,84.5,"{'theme': 0.8, 'ladder': 0.9, 'seal': 0.7, 'time': 0.85, 'liq': 1.0, 'struct': 1.0}",涨停组: 年报增长方向 2板 封单比8.7% 涨停时间10:09 题材内涨停5家 成交9.5亿,年报增长+基建龙头+低空经济+国企改革,2连板 换手承接量比2.77,"次日竞价与开盘承接: 高开幅度观察区间[-2%,+5%]; 开盘涨幅≤+3%且不破昨收-3%视为买点触发",昨收5.63,高位情绪兑现/次日低开大幅回撤/炸板断板,1
2026-03-31,2026-04-01,defensive,lu,603039.SH,泛微网络,软件开发,84.25,"{'theme': 0.8, 'ladder': 0.55, 'seal': 1.0, 'time': 1.0, 'liq': 0.6, 'struct': 1.0}",涨停组: 年报增长方向 1板 封单比21.7% 涨停时间09:30 题材内涨停5家 成交2.7亿,年报增长+AI智能体+信创,1连板 换手承接量比1.88,"次日竞价与开盘承接: 高开幅度观察区间[-2%,+5%]; 开盘涨幅≤+3%且不破昨收-3%视为买点触发",昨收43.45,高位情绪兑现/次日低开大幅回撤/炸板断板,1
2026-03-31,2026-04-01,defensive,nlu,002594.SZ,比亚迪,汽车整车,86.8578125,"{'sector': 0.7303124999999999, 'trend': 1.0, 'pos': 0.8, 'mom': 1.0, 'liq': 1.0, 'recog': 0.85}","非涨停组: 趋势结构多头(MA20>MA60且上行), 处于活跃板块[汽车整车](当日涨幅分位97%, 板块涨停1家) 距60日高点5.9% 20日涨幅10.5%",板块[汽车整车]轮动延续/资金承接,收盘104.86 MA20上方 量比0.85,"次日开盘[-2%,+3%]为观察区间; 收盘站上max(开盘,昨收)视为买点触发",昨收104.86,板块退潮补跌/资金承接不足/持续阴跌,1
2026-04-01,2026-04-02,normal,lu,600488.SH,津药药业,化学制药,84.0,"{'theme': 0.8, 'ladder': 0.8, 'seal': 1.0, 'time': 1.0, 'liq': 0.6, 'struct': 0.6}",涨停组: 创新药方向 4板 封单比87.0% 涨停时间09:30 题材内涨停5家 成交2.1亿,创新药+原料药+出口,4连板 换手承接量比0.76,"次日竞价与开盘承接: 高开幅度观察区间[-2%,+5%]; 开盘涨幅≤+3%且不破昨收-3%视为买点触发",昨收5.76,高位情绪兑现/次日低开大幅回撤/炸板断板,1
2026-04-01,2026-04-02,normal,lu,000788.SZ,北大医药,化学制药,82.25,"{'theme': 0.8, 'ladder': 0.55, 'seal': 1.0, 'time': 0.7, 'liq': 1.0, 'struct': 1.0}",涨停组: 创新药方向 1板 封单比24.5% 涨停时间10:36 题材内涨停5家 成交4.2亿,创新药+右酮洛芬+抗感染镇痛+原料药获上市批件,1连板 换手承接量比2.74,"次日竞价与开盘承接: 高开幅度观察区间[-2%,+5%]; 开盘涨幅≤+3%且不破昨收-3%视为买点触发",昨收6.56,高位情绪兑现/次日低开大幅回撤/炸板断板,1
2026-04-01,2026-04-02,normal,nlu,603301.SH,振德医疗,医疗器械,86.45,"{'sector': 0.8500000000000001, 'trend': 1.0, 'pos': 0.6, 'mom': 1.0, 'liq': 1.0, 'recog': 0.85}","非涨停组: 趋势结构多头(MA20>MA60且上行), 处于活跃板块[医疗器械](当日涨幅分位93%, 板块涨停2家) 距60日高点2.7% 20日涨幅10.4%",板块[医疗器械]轮动延续/资金承接,收盘99.88 MA20上方 量比1.19,"次日开盘[-2%,+3%]为观察区间; 收盘站上max(开盘,昨收)视为买点触发",昨收99.88,板块退潮补跌/资金承接不足/持续阴跌,1
2026-04-01,2026-04-02,normal,nlu,301200.SZ,大族数控,自动化设备,85.509375,"{'sector': 0.6843750000000001, 'trend': 0.8, 'pos': 1.0, 'mom': 1.0, 'liq': 1.0, 'recog': 0.85}","非涨停组: 趋势结构多头(MA20>MA60且上行), 处于活跃板块[自动化设备](当日涨幅分位90%, 板块涨停1家) 距60日高点13.1% 20日涨幅10.6%",板块[自动化设备]轮动延续/资金承接,收盘159.32 MA20上方 量比0.91,"次日开盘[-2%,+3%]为观察区间; 收盘站上max(开盘,昨收)视为买点触发",昨收159.32,板块退潮补跌/资金承接不足/持续阴跌,1
2026-04-02,2026-04-03,freeze,nlu,300497.SZ,富祥股份,化学制药,92.7796875,"{'sector': 0.9671875, 'trend': 1.0, 'pos': 0.8, 'mom': 1.0, 'liq': 1.0, 'recog': 0.85}","非涨停组: 趋势结构多头(MA20>MA60且上行), 处于活跃板块[化学制药](当日涨幅分位94%, 板块涨停3家) 距60日高点9.8% 20日涨幅21.5%",板块[化学制药]轮动延续/资金承接,收盘18.49 MA20上方 量比0.66,"次日开盘[-2%,+3%]为观察区间; 收盘站上max(开盘,昨收)视为买点触发",昨收18.49,板块退潮补跌/资金承接不足/持续阴跌,1
2026-04-03,2026-04-07,freeze,nlu,002902.SZ,铭普光磁,通信设备,93.053125,"{'sector': 0.9781249999999999, 'trend': 1.0, 'pos': 0.8, 'mom': 1.0, 'liq': 1.0, 'recog': 0.85}","非涨停组: 趋势结构多头(MA20>MA60且上行), 处于活跃板块[通信设备](当日涨幅分位98%, 板块涨停5家) 距60日高点9.6% 20日涨幅29.1%",板块[通信设备]轮动延续/资金承接,收盘27.00 MA20上方 量比1.15,"次日开盘[-2%,+3%]为观察区间; 收盘站上max(开盘,昨收)视为买点触发",昨收27.00,板块退潮补跌/资金承接不足/持续阴跌,1
2026-04-07,2026-04-08,aggressive,lu,600691.SH,潞化科技,农化制品,71.25,"{'theme': 0.4, 'ladder': 0.55, 'seal': 1.0, 'time': 0.85, 'liq': 0.6, 'struct': 1.0}",涨停组: 煤化工方向 1板 封单比26.0% 涨停时间10:30 题材内涨停3家 成交2.4亿,煤化工+氢能装备+山西国资,1连板 换手承接量比0.89,"次日竞价与开盘承接: 高开幅度观察区间[-2%,+5%]; 开盘涨幅≤+3%且不破昨收-3%视为买点触发",昨收3.34,高位情绪兑现/次日低开大幅回撤/炸板断板,1
2026-04-07,2026-04-08,aggressive,lu,600596.SH,新安股份,农化制品,70.25,"{'theme': 0.2, 'ladder': 0.55, 'seal': 1.0, 'time': 0.85, 'liq': 1.0, 'struct': 1.0}",涨停组: 草甘膦方向 1板 封单比38.8% 涨停时间09:46 题材内涨停2家 成交3.0亿,草甘膦+有机硅+硅能源+人形机器人,1连板 换手承接量比1.45,"次日竞价与开盘承接: 高开幅度观察区间[-2%,+5%]; 开盘涨幅≤+3%且不破昨收-3%视为买点触发",昨收11.5,高位情绪兑现/次日低开大幅回撤/炸板断板,1
2026-04-07,2026-04-08,aggressive,nlu,600502.SH,安徽建工,建筑装饰,92.8828125,"{'sector': 0.7153124999999999, 'trend': 1.0, 'pos': 1.0, 'mom': 1.0, 'liq': 1.0, 'recog': 1.0}","非涨停组: 趋势结构多头(MA20>MA60且上行), 处于活跃板块[建筑装饰](当日涨幅分位69%, 板块涨停5家) 距60日高点13.1% 20日涨幅11.2%",板块[建筑装饰]轮动延续/资金承接,收盘5.19 MA20上方 量比0.56,"次日开盘[-2%,+3%]为观察区间; 收盘站上max(开盘,昨收)视为买点触发",昨收5.19,板块退潮补跌/资金承接不足/持续阴跌,1
2026-04-08,2026-04-09,normal,lu,002181.SZ,粤传媒,文化传媒,94.5,"{'theme': 1.0, 'ladder': 0.9, 'seal': 1.0, 'time': 1.0, 'liq': 1.0, 'struct': 0.6}",涨停组: AI营销方向 2板 封单比18.3% 涨停时间09:31 题材内涨停6家 成交6.3亿,AI营销+全运会IP+广州国资+年报增长,2连板 换手承接量比0.70,"次日竞价与开盘承接: 高开幅度观察区间[-2%,+5%]; 开盘涨幅≤+3%且不破昨收-3%视为买点触发",昨收12.99,高位情绪兑现/次日低开大幅回撤/炸板断板,1
2026-04-08,2026-04-09,normal,lu,002995.SZ,天地在线,文化传媒,90.25,"{'theme': 1.0, 'ladder': 0.55, 'seal': 1.0, 'time': 0.85, 'liq': 1.0, 'struct': 1.0}",涨停组: AI营销方向 1板 封单比19.9% 涨停时间10:23 题材内涨停6家 成交4.8亿,AI营销+抖音概念+持股中书艺莲+VR文旅,1连板 换手承接量比0.98,"次日竞价与开盘承接: 高开幅度观察区间[-2%,+5%]; 开盘涨幅≤+3%且不破昨收-3%视为买点触发",昨收24.76,高位情绪兑现/次日低开大幅回撤/炸板断板,1
2026-04-08,2026-04-09,normal,nlu,603618.SH,杭电股份,电网设备,88.05624999999999,"{'sector': 0.7862499999999999, 'trend': 0.8, 'pos': 1.0, 'mom': 1.0, 'liq': 1.0, 'recog': 0.85}","非涨停组: 趋势结构多头(MA20>MA60且上行), 处于活跃板块[电网设备](当日涨幅分位76%, 板块涨停3家) 距60日高点13.7% 20日涨幅25.4%",板块[电网设备]轮动延续/资金承接,收盘25.98 MA20上方 量比1.02,"次日开盘[-2%,+3%]为观察区间; 收盘站上max(开盘,昨收)视为买点触发",昨收25.98,板块退潮补跌/资金承接不足/持续阴跌,1
2026-04-08,2026-04-09,normal,nlu,000688.SZ,国城矿业,小金属,87.6078125,"{'sector': 0.7603125, 'trend': 1.0, 'pos': 0.8, 'mom': 1.0, 'liq': 1.0, 'recog': 0.85}","非涨停组: 趋势结构多头(MA20>MA60且上行), 处于活跃板块[小金属](当日涨幅分位81%, 板块涨停2家) 距60日高点7.0% 20日涨幅15.4%",板块[小金属]轮动延续/资金承接,收盘40.26 MA20上方 量比1.00,"次日开盘[-2%,+3%]为观察区间; 收盘站上max(开盘,昨收)视为买点触发",昨收40.26,板块退潮补跌/资金承接不足/持续阴跌,1
2026-04-09,2026-04-10,defensive,lu,002975.SZ,博杰股份,自动化设备,77.5,"{'theme': 0.4, 'ladder': 0.9, 'seal': 0.7, 'time': 1.0, 'liq': 1.0, 'struct': 1.0}",涨停组: 液冷服务器方向 2板 封单比14.0% 涨停时间09:39 题材内涨停3家 成交9.8亿,液冷服务器+AI服务器测试+年报增长,2连板 换手承接量比1.88,"次日竞价与开盘承接: 高开幅度观察区间[-2%,+5%]; 开盘涨幅≤+3%且不破昨收-3%视为买点触发",昨收86.9,高位情绪兑现/次日低开大幅回撤/炸板断板,1
2026-04-09,2026-04-10,defensive,lu,002328.SZ,新朋股份,汽车零部件,69.25,"{'theme': 0.4, 'ladder': 0.55, 'seal': 0.7, 'time': 0.85, 'liq': 1.0, 'struct': 1.0}",涨停组: 液冷服务器方向 1板 封单比8.5% 涨停时间09:48 题材内涨停3家 成交8.2亿,液冷服务器+汽车零部件+特斯拉+回购,1连板 换手承接量比1.09,"次日竞价与开盘承接: 高开幅度观察区间[-2%,+5%]; 开盘涨幅≤+3%且不破昨收-3%视为买点触发",昨收9.19,高位情绪兑现/次日低开大幅回撤/炸板断板,1
2026-04-09,2026-04-10,defensive,nlu,603803.SH,瑞斯康达,通信设备,91.3203125,"{'sector': 0.9728125000000001, 'trend': 1.0, 'pos': 1.0, 'mom': 1.0, 'liq': 1.0, 'recog': 0.6}","非涨停组: 趋势结构多头(MA20>MA60且上行), 处于活跃板块[通信设备](当日涨幅分位95%, 板块涨停5家) 距60日高点10.4% 20日涨幅18.5%",板块[通信设备]轮动延续/资金承接,收盘14.34 MA20上方 量比1.18,"次日开盘[-2%,+3%]为观察区间; 收盘站上max(开盘,昨收)视为买点触发",昨收14.34,板块退潮补跌/资金承接不足/持续阴跌,1
2026-04-10,2026-04-13,normal,lu,600707.SH,彩虹股份,光学光电子,78.5,"{'theme': 0.2, 'ladder': 0.9, 'seal': 1.0, 'time': 1.0, 'liq': 1.0, 'struct': 1.0}",涨停组: 玻璃基板方向 2板 封单比18.0% 涨停时间09:30 题材内涨停2家 成交6.5亿,玻璃基板+ITC胜诉+国企改革,2连板 换手承接量比2.38,"次日竞价与开盘承接: 高开幅度观察区间[-2%,+5%]; 开盘涨幅≤+3%且不破昨收-3%视为买点触发",昨收7.02,高位情绪兑现/次日低开大幅回撤/炸板断板,1
2026-04-10,2026-04-13,normal,lu,603200.SH,上海洗霸,环境治理,75.25,"{'theme': 0.4, 'ladder': 0.55, 'seal': 1.0, 'time': 0.85, 'liq': 1.0, 'struct': 1.0}",涨停组: 固态电池方向 1板 封单比35.5% 涨停时间10:02 题材内涨停3家 成交5.1亿,固态电池+液冷服务器+业绩预增,1连板 换手承接量比1.53,"次日竞价与开盘承接: 高开幅度观察区间[-2%,+5%]; 开盘涨幅≤+3%且不破昨收-3%视为买点触发",昨收61.71,高位情绪兑现/次日低开大幅回撤/炸板断板,1
2026-04-10,2026-04-13,normal,nlu,600110.SH,诺德股份,电池,93.00625,"{'sector': 0.9762500000000001, 'trend': 1.0, 'pos': 0.8, 'mom': 1.0, 'liq': 1.0, 'recog': 0.85}","非涨停组: 趋势结构多头(MA20>MA60且上行), 处于活跃板块[电池](当日涨幅分位99%, 板块涨停4家) 距60日高点7.2% 20日涨幅20.2%",板块[电池]轮动延续/资金承接,收盘9.88 MA20上方 量比1.03,"次日开盘[-2%,+3%]为观察区间; 收盘站上max(开盘,昨收)视为买点触发",昨收9.88,板块退潮补跌/资金承接不足/持续阴跌,1
2026-04-10,2026-04-13,normal,nlu,000062.SZ,深圳华强,其他电子,89.840625,"{'sector': 0.865625, 'trend': 1.0, 'pos': 0.6, 'mom': 1.0, 'liq': 1.0, 'recog': 1.0}","非涨停组: 趋势结构多头(MA20>MA60且上行), 处于活跃板块[其他电子](当日涨幅分位94%, 板块涨停2家) 距60日高点1.9% 20日涨幅10.4%",板块[其他电子]轮动延续/资金承接,收盘28.50 MA20上方 量比1.01,"次日开盘[-2%,+3%]为观察区间; 收盘站上max(开盘,昨收)视为买点触发",昨收28.50,板块退潮补跌/资金承接不足/持续阴跌,1
2026-04-13,2026-04-14,defensive,lu,002439.SZ,启明星辰,软件开发,73.25,"{'theme': 0.2, 'ladder': 0.55, 'seal': 1.0, 'time': 1.0, 'liq': 1.0, 'struct': 1.0}",涨停组: 一季报预增方向 1板 封单比30.2% 涨停时间09:25 题材内涨停2家 成交3.9亿,一季报预增+AI安全+央企,1连板 换手承接量比2.01,"次日竞价与开盘承接: 高开幅度观察区间[-2%,+5%]; 开盘涨幅≤+3%且不破昨收-3%视为买点触发",昨收14.26,高位情绪兑现/次日低开大幅回撤/炸板断板,1
2026-04-13,2026-04-14,defensive,lu,002515.SZ,金字火腿,食品加工制造,69.25,"{'theme': 0.4, 'ladder': 0.55, 'seal': 0.7, 'time': 0.85, 'liq': 1.0, 'struct': 1.0}",涨停组: 光模块方向 1板 封单比9.2% 涨停时间09:57 题材内涨停3家 成交6.3亿,光模块+火腿,1连板 换手承接量比2.68,"次日竞价与开盘承接: 高开幅度观察区间[-2%,+5%]; 开盘涨幅≤+3%且不破昨收-3%视为买点触发",昨收6.24,高位情绪兑现/次日低开大幅回撤/炸板断板,1
2026-04-13,2026-04-14,defensive,nlu,688205.SH,德科立,通信设备,92.2890625,"{'sector': 0.6915625000000001, 'trend': 1.0, 'pos': 1.0, 'mom': 1.0, 'liq': 1.0, 'recog': 1.0}","非涨停组: 趋势结构多头(MA20>MA60且上行), 处于活跃板块[通信设备](当日涨幅分位63%, 板块涨停2家) 距60日高点10.2% 20日涨幅28.0%",板块[通信设备]轮动延续/资金承接,收盘233.50 MA20上方 量比0.75,"次日开盘[-2%,+3%]为观察区间; 收盘站上max(开盘,昨收)视为买点触发",昨收233.50,板块退潮补跌/资金承接不足/持续阴跌,1
2026-04-14,2026-04-15,normal,lu,000620.SZ,盈新发展,房地产,78.25,"{'theme': 0.4, 'ladder': 0.55, 'seal': 1.0, 'time': 1.0, 'liq': 1.0, 'struct': 1.0}",涨停组: 存储芯片方向 1板 封单比15.7% 涨停时间09:45 题材内涨停3家 成交6.7亿,存储芯片+拟收购长兴半导体+文旅地产,1连板 换手承接量比1.51,"次日竞价与开盘承接: 高开幅度观察区间[-2%,+5%]; 开盘涨幅≤+3%且不破昨收-3%视为买点触发",昨收3.11,高位情绪兑现/次日低开大幅回撤/炸板断板,1
2026-04-14,2026-04-15,normal,lu,002213.SZ,大为股份,半导体,74.25,"{'theme': 0.4, 'ladder': 0.55, 'seal': 1.0, 'time': 1.0, 'liq': 1.0, 'struct': 0.6}",涨停组: 存储芯片方向 1板 封单比16.9% 涨停时间09:43 题材内涨停3家 成交6.6亿,存储芯片+锂矿资源+拟定增,1连板 换手承接量比0.42,"次日竞价与开盘承接: 高开幅度观察区间[-2%,+5%]; 开盘涨幅≤+3%且不破昨收-3%视为买点触发",昨收38.08,高位情绪兑现/次日低开大幅回撤/炸板断板,1
2026-04-14,2026-04-15,normal,nlu,605056.SH,咸亨国际,通用设备,90.6234375,"{'sector': 0.7609375, 'trend': 1.0, 'pos': 0.8, 'mom': 1.0, 'liq': 1.0, 'recog': 1.0}","非涨停组: 趋势结构多头(MA20>MA60且上行), 处于活跃板块[通用设备](当日涨幅分位79%, 板块涨停2家) 距60日高点8.5% 20日涨幅15.8%",板块[通用设备]轮动延续/资金承接,收盘27.64 MA20上方 量比1.11,"次日开盘[-2%,+3%]为观察区间; 收盘站上max(开盘,昨收)视为买点触发",昨收27.64,板块退潮补跌/资金承接不足/持续阴跌,1
2026-04-14,2026-04-15,normal,nlu,688167.SH,炬光科技,半导体,90.115625,"{'sector': 0.860625, 'trend': 1.0, 'pos': 0.8, 'mom': 1.0, 'liq': 1.0, 'recog': 0.85}","非涨停组: 趋势结构多头(MA20>MA60且上行), 处于活跃板块[半导体](当日涨幅分位94%, 板块涨停2家) 距60日高点7.7% 20日涨幅18.5%",板块[半导体]轮动延续/资金承接,收盘267.85 MA20上方 量比1.26,"次日开盘[-2%,+3%]为观察区间; 收盘站上max(开盘,昨收)视为买点触发",昨收267.85,板块退潮补跌/资金承接不足/持续阴跌,1
2026-04-15,2026-04-16,defensive,lu,600267.SH,海正药业,化学制药,74.25,"{'theme': 0.6, 'ladder': 0.55, 'seal': 0.7, 'time': 0.85, 'liq': 1.0, 'struct': 1.0}",涨停组: 创新药方向 1板 封单比12.0% 涨停时间09:54 题材内涨停4家 成交5.5亿,创新药+合成生物+浙江国资,1连板 换手承接量比2.40,"次日竞价与开盘承接: 高开幅度观察区间[-2%,+5%]; 开盘涨幅≤+3%且不破昨收-3%视为买点触发",昨收11.39,高位情绪兑现/次日低开大幅回撤/炸板断板,1
2026-04-15,2026-04-16,defensive,lu,600664.SH,哈药股份,化学制药,73.5,"{'theme': 0.6, 'ladder': 0.9, 'seal': 0.4, 'time': 0.85, 'liq': 1.0, 'struct': 1.0}",涨停组: 创新药方向 2板 封单比7.2% 涨停时间09:59 题材内涨停4家 成交19.7亿,创新药+保健品+仿制药一致性评价,2连板 换手承接量比1.79,"次日竞价与开盘承接: 高开幅度观察区间[-2%,+5%]; 开盘涨幅≤+3%且不破昨收-3%视为买点触发",昨收4.44,高位情绪兑现/次日低开大幅回撤/炸板断板,1
2026-04-15,2026-04-16,defensive,nlu,300006.SZ,莱美药业,化学制药,91.1625,"{'sector': 0.9024999999999999, 'trend': 1.0, 'pos': 0.8, 'mom': 1.0, 'liq': 1.0, 'recog': 0.85}","非涨停组: 趋势结构多头(MA20>MA60且上行), 处于活跃板块[化学制药](当日涨幅分位98%, 板块涨停7家) 距60日高点6.6% 20日涨幅24.2%",板块[化学制药]轮动延续/资金承接,收盘6.21 MA20上方 量比1.00,"次日开盘[-2%,+3%]为观察区间; 收盘站上max(开盘,昨收)视为买点触发",昨收6.21,板块退潮补跌/资金承接不足/持续阴跌,1
2026-04-16,2026-04-17,normal,lu,600156.SH,华升股份,纺织制造,83.25,"{'theme': 1.0, 'ladder': 0.55, 'seal': 1.0, 'time': 0.7, 'liq': 0.6, 'struct': 1.0}",涨停组: 算力租赁方向 1板 封单比36.8% 涨停时间10:32 题材内涨停6家 成交1.7亿,算力租赁+拟收购易信科技+湖南国资,1连板 换手承接量比1.21,"次日竞价与开盘承接: 高开幅度观察区间[-2%,+5%]; 开盘涨幅≤+3%且不破昨收-3%视为买点触发",昨收8.42,高位情绪兑现/次日低开大幅回撤/炸板断板,1
2026-04-16,2026-04-17,normal,lu,605060.SH,联德股份,通用设备,83.25,"{'theme': 0.6, 'ladder': 0.55, 'seal': 1.0, 'time': 1.0, 'liq': 1.0, 'struct': 1.0}",涨停组: 燃气轮机方向 1板 封单比19.2% 涨停时间09:45 题材内涨停4家 成交5.0亿,燃气轮机+液冷+年报增长,1连板 换手承接量比0.82,"次日竞价与开盘承接: 高开幅度观察区间[-2%,+5%]; 开盘涨幅≤+3%且不破昨收-3%视为买点触发",昨收58.95,高位情绪兑现/次日低开大幅回撤/炸板断板,1
2026-04-16,2026-04-17,normal,nlu,002281.SZ,光迅科技,通信设备,93.7640625,"{'sector': 0.8865625, 'trend': 1.0, 'pos': 0.8, 'mom': 1.0, 'liq': 1.0, 'recog': 1.0}","非涨停组: 趋势结构多头(MA20>MA60且上行), 处于活跃板块[通信设备](当日涨幅分位92%, 板块涨停3家) 距60日高点8.3% 20日涨幅27.0%",板块[通信设备]轮动延续/资金承接,收盘106.21 MA20上方 量比0.64,"次日开盘[-2%,+3%]为观察区间; 收盘站上max(开盘,昨收)视为买点触发",昨收106.21,板块退潮补跌/资金承接不足/持续阴跌,1
2026-04-16,2026-04-17,normal,nlu,600110.SH,诺德股份,电池,92.271875,"{'sector': 0.946875, 'trend': 1.0, 'pos': 0.8, 'mom': 1.0, 'liq': 1.0, 'recog': 0.85}","非涨停组: 趋势结构多头(MA20>MA60且上行), 处于活跃板块[电池](当日涨幅分位90%, 板块涨停5家) 距60日高点7.6% 20日涨幅24.1%",板块[电池]轮动延续/资金承接,收盘10.05 MA20上方 量比0.82,"次日开盘[-2%,+3%]为观察区间; 收盘站上max(开盘,昨收)视为买点触发",昨收10.05,板块退潮补跌/资金承接不足/持续阴跌,1
2026-04-17,2026-04-20,defensive,lu,688227.SH,品高股份,IT服务,88.5,"{'theme': 0.6, 'ladder': 0.9, 'seal': 1.0, 'time': 1.0, 'liq': 1.0, 'struct': 1.0}",涨停组: 算力租赁方向 2板 封单比54.0% 涨停时间09:30 题材内涨停4家 成交4.9亿,算力租赁+AI一体机+国产芯片,2连板 换手承接量比1.04,"次日竞价与开盘承接: 高开幅度观察区间[-2%,+5%]; 开盘涨幅≤+3%且不破昨收-3%视为买点触发",昨收101.36,高位情绪兑现/次日低开大幅回撤/炸板断板,1
2026-04-17,2026-04-20,defensive,lu,600156.SH,华升股份,纺织制造,82.5,"{'theme': 0.6, 'ladder': 0.9, 'seal': 0.7, 'time': 1.0, 'liq': 1.0, 'struct': 1.0}",涨停组: 算力租赁方向 2板 封单比8.8% 涨停时间09:30 题材内涨停4家 成交3.8亿,算力租赁+拟收购易信科技+湖南国资,2连板 换手承接量比1.89,"次日竞价与开盘承接: 高开幅度观察区间[-2%,+5%]; 开盘涨幅≤+3%且不破昨收-3%视为买点触发",昨收9.26,高位情绪兑现/次日低开大幅回撤/炸板断板,1
2026-04-17,2026-04-20,defensive,nlu,600345.SH,长江通信,通信设备,95.796875,"{'sector': 0.951875, 'trend': 1.0, 'pos': 1.0, 'mom': 0.7, 'liq': 1.0, 'recog': 1.0}","非涨停组: 趋势结构多头(MA20>MA60且上行), 处于活跃板块[通信设备](当日涨幅分位94%, 板块涨停6家) 距60日高点11.3% 20日涨幅34.0%",板块[通信设备]轮动延续/资金承接,收盘50.53 MA20上方 量比0.71,"次日开盘[-2%,+3%]为观察区间; 收盘站上max(开盘,昨收)视为买点触发",昨收50.53,板块退潮补跌/资金承接不足/持续阴跌,1
2026-04-20,2026-04-21,normal,lu,300540.SZ,蜀道装备,专用设备,87.25,"{'theme': 1.0, 'ladder': 0.55, 'seal': 0.7, 'time': 1.0, 'liq': 1.0, 'struct': 1.0}",涨停组: 商业航天方向 1板 封单比12.9% 涨停时间09:45 题材内涨停8家 成交6.6亿,商业航天+氢能装备+燃料电池+四川国资,1连板 换手承接量比2.27,"次日竞价与开盘承接: 高开幅度观察区间[-2%,+5%]; 开盘涨幅≤+3%且不破昨收-3%视为买点触发",昨收26.64,高位情绪兑现/次日低开大幅回撤/炸板断板,1
2026-04-20,2026-04-21,normal,lu,603017.SH,中衡设计,建筑装饰,85.25,"{'theme': 1.0, 'ladder': 0.55, 'seal': 1.0, 'time': 1.0, 'liq': 0.6, 'struct': 0.6}",涨停组: 商业航天方向 1板 封单比26.1% 涨停时间09:33 题材内涨停8家 成交1.9亿,商业航天+低空经济+工程设计,1连板 换手承接量比0.74,"次日竞价与开盘承接: 高开幅度观察区间[-2%,+5%]; 开盘涨幅≤+3%且不破昨收-3%视为买点触发",昨收14.21,高位情绪兑现/次日低开大幅回撤/炸板断板,1
2026-04-20,2026-04-21,normal,nlu,000155.SZ,川能动力,电力,88.928125,"{'sector': 0.813125, 'trend': 1.0, 'pos': 0.8, 'mom': 1.0, 'liq': 1.0, 'recog': 0.85}","非涨停组: 趋势结构多头(MA20>MA60且上行), 处于活跃板块[电力](当日涨幅分位84%, 板块涨停4家) 距60日高点7.5% 20日涨幅22.4%",板块[电力]轮动延续/资金承接,收盘16.84 MA20上方 量比0.61,"次日开盘[-2%,+3%]为观察区间; 收盘站上max(开盘,昨收)视为买点触发",昨收16.84,板块退潮补跌/资金承接不足/持续阴跌,1
2026-04-20,2026-04-21,normal,nlu,688226.SH,威腾电气,电网设备,88.5984375,"{'sector': 0.9359375, 'trend': 1.0, 'pos': 0.6, 'mom': 1.0, 'liq': 1.0, 'recog': 0.85}","非涨停组: 趋势结构多头(MA20>MA60且上行), 处于活跃板块[电网设备](当日涨幅分位91%, 板块涨停5家) 距60日高点3.6% 20日涨幅26.5%",板块[电网设备]轮动延续/资金承接,收盘56.58 MA20上方 量比0.96,"次日开盘[-2%,+3%]为观察区间; 收盘站上max(开盘,昨收)视为买点触发",昨收56.58,板块退潮补跌/资金承接不足/持续阴跌,1
2026-04-21,2026-04-22,defensive,lu,603017.SH,中衡设计,建筑装饰,89.5,"{'theme': 0.8, 'ladder': 0.9, 'seal': 1.0, 'time': 1.0, 'liq': 0.6, 'struct': 1.0}",涨停组: 商业航天方向 2板 封单比40.5% 涨停时间09:30 题材内涨停5家 成交2.3亿,商业航天+低空经济+工程设计,2连板 换手承接量比0.87,"次日竞价与开盘承接: 高开幅度观察区间[-2%,+5%]; 开盘涨幅≤+3%且不破昨收-3%视为买点触发",昨收15.63,高位情绪兑现/次日低开大幅回撤/炸板断板,1
2026-04-21,2026-04-22,defensive,lu,600736.SH,苏州高新,房地产,85.25,"{'theme': 0.8, 'ladder': 0.55, 'seal': 1.0, 'time': 0.85, 'liq': 1.0, 'struct': 1.0}",涨停组: 商业航天方向 1板 封单比40.1% 涨停时间09:52 题材内涨停5家 成交3.3亿,商业航天+产业园运营+脑机接口+国企,1连板 换手承接量比2.10,"次日竞价与开盘承接: 高开幅度观察区间[-2%,+5%]; 开盘涨幅≤+3%且不破昨收-3%视为买点触发",昨收6.92,高位情绪兑现/次日低开大幅回撤/炸板断板,1
2026-04-21,2026-04-22,defensive,nlu,601778.SH,晶科科技,电力,98.453125,"{'sector': 0.9381249999999999, 'trend': 1.0, 'pos': 1.0, 'mom': 1.0, 'liq': 1.0, 'recog': 1.0}","非涨停组: 趋势结构多头(MA20>MA60且上行), 处于活跃板块[电力](当日涨幅分位95%, 板块涨停5家) 距60日高点13.4% 20日涨幅18.0%",板块[电力]轮动延续/资金承接,收盘6.31 MA20上方 量比0.88,"次日开盘[-2%,+3%]为观察区间; 收盘站上max(开盘,昨收)视为买点触发",昨收6.31,板块退潮补跌/资金承接不足/持续阴跌,1
2026-04-22,2026-04-23,normal,lu,603618.SH,杭电股份,电网设备,58.25,"{'theme': 0.2, 'ladder': 0.55, 'seal': 0.4, 'time': 0.85, 'liq': 1.0, 'struct': 1.0}",涨停组: 一季报增长方向 1板 封单比5.9% 涨停时间09:49 题材内涨停2家 成交20.3亿,一季报增长+光纤涨价+特高压+锂电铜箔,1连板 换手承接量比0.85,"次日竞价与开盘承接: 高开幅度观察区间[-2%,+5%]; 开盘涨幅≤+3%且不破昨收-3%视为买点触发",昨收28.55,高位情绪兑现/次日低开大幅回撤/炸板断板,1
2026-04-22,2026-04-23,normal,nlu,002962.SZ,五方光电,光学光电子,91.8109375,"{'sector': 0.9284374999999999, 'trend': 1.0, 'pos': 0.8, 'mom': 1.0, 'liq': 1.0, 'recog': 0.85}","非涨停组: 趋势结构多头(MA20>MA60且上行), 处于活跃板块[光学光电子](当日涨幅分位90%, 板块涨停4家) 距60日高点6.9% 20日涨幅28.2%",板块[光学光电子]轮动延续/资金承接,收盘17.79 MA20上方 量比0.82,"次日开盘[-2%,+3%]为观察区间; 收盘站上max(开盘,昨收)视为买点触发",昨收17.79,板块退潮补跌/资金承接不足/持续阴跌,1
2026-04-22,2026-04-23,normal,nlu,300814.SZ,中富电路,元件,91.5234375,"{'sector': 0.9809375, 'trend': 1.0, 'pos': 1.0, 'mom': 1.0, 'liq': 1.0, 'recog': 0.6}","非涨停组: 趋势结构多头(MA20>MA60且上行), 处于活跃板块[元件](当日涨幅分位97%, 板块涨停3家) 距60日高点13.9% 20日涨幅19.8%",板块[元件]轮动延续/资金承接,收盘99.90 MA20上方 量比0.97,"次日开盘[-2%,+3%]为观察区间; 收盘站上max(开盘,昨收)视为买点触发",昨收99.90,板块退潮补跌/资金承接不足/持续阴跌,1
2026-04-23,2026-04-24,defensive,lu,002793.SZ,罗欣药业,化学制药,81.25,"{'theme': 0.8, 'ladder': 0.55, 'seal': 1.0, 'time': 0.85, 'liq': 0.6, 'struct': 1.0}",涨停组: 一季报增长方向 1板 封单比28.5% 涨停时间09:50 题材内涨停5家 成交2.8亿,一季报增长+创新药+替戈拉生片+医保全覆盖,1连板 换手承接量比2.05,"次日竞价与开盘承接: 高开幅度观察区间[-2%,+5%]; 开盘涨幅≤+3%且不破昨收-3%视为买点触发",昨收5.63,高位情绪兑现/次日低开大幅回撤/炸板断板,1
2026-04-23,2026-04-24,defensive,lu,603618.SH,杭电股份,电网设备,76.5,"{'theme': 0.8, 'ladder': 0.9, 'seal': 0.15, 'time': 1.0, 'liq': 1.0, 'struct': 1.0}",涨停组: 一季报增长方向 2板 封单比2.7% 涨停时间09:35 题材内涨停5家 成交31.8亿,一季报增长+光纤涨价+特高压+锂电铜箔,2连板 换手承接量比1.14,"次日竞价与开盘承接: 高开幅度观察区间[-2%,+5%]; 开盘涨幅≤+3%且不破昨收-3%视为买点触发",昨收31.41,高位情绪兑现/次日低开大幅回撤/炸板断板,1
2026-04-23,2026-04-24,defensive,nlu,300798.SZ,锦鸡股份,化学制品,90.1328125,"{'sector': 0.7653125000000001, 'trend': 1.0, 'pos': 1.0, 'mom': 1.0, 'liq': 0.6, 'recog': 1.0}","非涨停组: 趋势结构多头(MA20>MA60且上行), 处于活跃板块[化学制品](当日涨幅分位67%, 板块涨停3家) 距60日高点15.2% 20日涨幅14.8%",板块[化学制品]轮动延续/资金承接,收盘11.38 MA20上方 量比0.62,"次日开盘[-2%,+3%]为观察区间; 收盘站上max(开盘,昨收)视为买点触发",昨收11.38,板块退潮补跌/资金承接不足/持续阴跌,1
2026-04-24,2026-04-27,defensive,lu,603967.SH,中创物流,物流,74.25,"{'theme': 0.4, 'ladder': 0.55, 'seal': 1.0, 'time': 1.0, 'liq': 0.6, 'struct': 1.0}",涨停组: 一季报增长方向 1板 封单比60.8% 涨停时间09:39 题材内涨停3家 成交1.6亿,一季报增长+工程物流+海外布局,1连板 换手承接量比2.45,"次日竞价与开盘承接: 高开幅度观察区间[-2%,+5%]; 开盘涨幅≤+3%且不破昨收-3%视为买点触发",昨收14.73,高位情绪兑现/次日低开大幅回撤/炸板断板,1
2026-04-24,2026-04-27,defensive,lu,300422.SZ,博世科,环境治理,74.25,"{'theme': 0.4, 'ladder': 0.55, 'seal': 1.0, 'time': 1.0, 'liq': 0.6, 'struct': 1.0}",涨停组: 一季报扭亏方向 1板 封单比28.7% 涨停时间09:31 题材内涨停3家 成交2.1亿,一季报扭亏+工业环境治理+海外订单+广西国资,1连板 换手承接量比2.87,"次日竞价与开盘承接: 高开幅度观察区间[-2%,+5%]; 开盘涨幅≤+3%且不破昨收-3%视为买点触发",昨收5.56,高位情绪兑现/次日低开大幅回撤/炸板断板,1
2026-04-24,2026-04-27,defensive,nlu,605376.SH,博迁新材,能源金属,90.3265625,"{'sector': 0.9890625, 'trend': 1.0, 'pos': 0.8, 'mom': 0.7, 'liq': 1.0, 'recog': 0.85}","非涨停组: 趋势结构多头(MA20>MA60且上行), 处于活跃板块[能源金属](当日涨幅分位100%, 板块涨停3家) 距60日高点7.1% 20日涨幅30.2%",板块[能源金属]轮动延续/资金承接,收盘117.96 MA20上方 量比0.93,"次日开盘[-2%,+3%]为观察区间; 收盘站上max(开盘,昨收)视为买点触发",昨收117.96,板块退潮补跌/资金承接不足/持续阴跌,1
2026-04-27,2026-04-28,normal,lu,002115.SZ,三维通信,通信服务,93.25,"{'theme': 1.0, 'ladder': 0.55, 'seal': 1.0, 'time': 1.0, 'liq': 1.0, 'struct': 1.0}",涨停组: 一季报增长方向 1板 封单比19.3% 涨停时间09:31 题材内涨停7家 成交8.6亿,一季报增长+商业航天+5G中标+AI营销,1连板 换手承接量比1.20,"次日竞价与开盘承接: 高开幅度观察区间[-2%,+5%]; 开盘涨幅≤+3%且不破昨收-3%视为买点触发",昨收13.33,高位情绪兑现/次日低开大幅回撤/炸板断板,1
2026-04-27,2026-04-28,normal,lu,002134.SZ,天津普林,元件,87.25,"{'theme': 1.0, 'ladder': 0.55, 'seal': 1.0, 'time': 0.7, 'liq': 1.0, 'struct': 1.0}",涨停组: 一季报增长方向 1板 封单比23.2% 涨停时间11:02 题材内涨停7家 成交4.8亿,一季报增长+PCB+玻璃芯基板+AI服务器,1连板 换手承接量比1.95,"次日竞价与开盘承接: 高开幅度观察区间[-2%,+5%]; 开盘涨幅≤+3%且不破昨收-3%视为买点触发",昨收24.98,高位情绪兑现/次日低开大幅回撤/炸板断板,1
2026-04-27,2026-04-28,normal,nlu,002866.SZ,传艺科技,消费电子,92.296875,"{'sector': 0.691875, 'trend': 1.0, 'pos': 1.0, 'mom': 1.0, 'liq': 1.0, 'recog': 1.0}","非涨停组: 趋势结构多头(MA20>MA60且上行), 处于活跃板块[消费电子](当日涨幅分位89%, 板块涨停1家) 距60日高点11.2% 20日涨幅21.4%",板块[消费电子]轮动延续/资金承接,收盘25.89 MA20上方 量比0.68,"次日开盘[-2%,+3%]为观察区间; 收盘站上max(开盘,昨收)视为买点触发",昨收25.89,板块退潮补跌/资金承接不足/持续阴跌,1
2026-04-27,2026-04-28,normal,nlu,603186.SH,华正新材,元件,91.0859375,"{'sector': 0.9634375, 'trend': 1.0, 'pos': 1.0, 'mom': 1.0, 'liq': 1.0, 'recog': 0.6}","非涨停组: 趋势结构多头(MA20>MA60且上行), 处于活跃板块[元件](当日涨幅分位95%, 板块涨停3家) 距60日高点14.6% 20日涨幅20.3%",板块[元件]轮动延续/资金承接,收盘75.21 MA20上方 量比0.98,"次日开盘[-2%,+3%]为观察区间; 收盘站上max(开盘,昨收)视为买点触发",昨收75.21,板块退潮补跌/资金承接不足/持续阴跌,1
2026-04-28,2026-04-29,defensive,lu,002412.SZ,汉森制药,中药,89.25,"{'theme': 1.0, 'ladder': 0.55, 'seal': 1.0, 'time': 1.0, 'liq': 0.6, 'struct': 1.0}",涨停组: 一季报增长方向 1板 封单比42.2% 涨停时间09:36 题材内涨停6家 成交1.9亿,一季报增长+四磨汤中选集采+中药独家品种,1连板 换手承接量比2.35,"次日竞价与开盘承接: 高开幅度观察区间[-2%,+5%]; 开盘涨幅≤+3%且不破昨收-3%视为买点触发",昨收7.14,高位情绪兑现/次日低开大幅回撤/炸板断板,1
2026-04-28,2026-04-29,defensive,lu,601177.SH,杭齿前进,通用设备,84.25,"{'theme': 1.0, 'ladder': 0.55, 'seal': 1.0, 'time': 0.7, 'liq': 1.0, 'struct': 0.7}",涨停组: 一季报增长方向 1板 封单比33.0% 涨停时间11:11 题材内涨停6家 成交3.6亿,一季报增长+船用齿轮箱+人形机器人+杭州国资,1连板 换手承接量比3.00,"次日竞价与开盘承接: 高开幅度观察区间[-2%,+5%]; 开盘涨幅≤+3%且不破昨收-3%视为买点触发",昨收16.25,高位情绪兑现/次日低开大幅回撤/炸板断板,1
2026-04-28,2026-04-29,defensive,nlu,000628.SZ,高新发展,建筑装饰,86.5375,"{'sector': 0.7175, 'trend': 1.0, 'pos': 0.8, 'mom': 1.0, 'liq': 1.0, 'recog': 0.85}","非涨停组: 趋势结构多头(MA20>MA60且上行), 处于活跃板块[建筑装饰](当日涨幅分位68%, 板块涨停7家) 距60日高点6.5% 20日涨幅18.7%",板块[建筑装饰]轮动延续/资金承接,收盘61.41 MA20上方 量比0.83,"次日开盘[-2%,+3%]为观察区间; 收盘站上max(开盘,昨收)视为买点触发",昨收61.41,板块退潮补跌/资金承接不足/持续阴跌,1
2026-04-29,2026-04-30,normal,lu,000551.SZ,创元科技,环保设备,93.25,"{'theme': 1.0, 'ladder': 0.55, 'seal': 1.0, 'time': 1.0, 'liq': 1.0, 'struct': 1.0}",涨停组: 一季报增长方向 1板 封单比41.3% 涨停时间09:30 题材内涨停9家 成交3.4亿,一季报增长+商业航天+洁净环保+苏州国资,1连板 换手承接量比1.11,"次日竞价与开盘承接: 高开幅度观察区间[-2%,+5%]; 开盘涨幅≤+3%且不破昨收-3%视为买点触发",昨收15.76,高位情绪兑现/次日低开大幅回撤/炸板断板,1
2026-04-29,2026-04-30,normal,lu,002354.SZ,天娱数科,文化传媒,93.25,"{'theme': 1.0, 'ladder': 0.55, 'seal': 1.0, 'time': 1.0, 'liq': 1.0, 'struct': 1.0}",涨停组: 一季报大增方向 1板 封单比40.5% 涨停时间09:30 题材内涨停10家 成交3.1亿,一季报大增+算力租赁+AI应用,1连板 换手承接量比1.20,"次日竞价与开盘承接: 高开幅度观察区间[-2%,+5%]; 开盘涨幅≤+3%且不破昨收-3%视为买点触发",昨收5.95,高位情绪兑现/次日低开大幅回撤/炸板断板,1
2026-04-29,2026-04-30,normal,nlu,600208.SH,衢州发展,房地产,93.75,"{'sector': 0.87, 'trend': 1.0, 'pos': 1.0, 'mom': 0.7, 'liq': 1.0, 'recog': 1.0}","非涨停组: 趋势结构多头(MA20>MA60且上行), 处于活跃板块[房地产](当日涨幅分位82%, 板块涨停3家) 距60日高点14.5% 20日涨幅31.4%",板块[房地产]轮动延续/资金承接,收盘4.14 MA20上方 量比0.68,"次日开盘[-2%,+3%]为观察区间; 收盘站上max(开盘,昨收)视为买点触发",昨收4.14,板块退潮补跌/资金承接不足/持续阴跌,1
2026-04-29,2026-04-30,normal,nlu,605376.SH,博迁新材,能源金属,93.35,"{'sector': 0.9899999999999999, 'trend': 1.0, 'pos': 0.8, 'mom': 1.0, 'liq': 1.0, 'recog': 0.85}","非涨停组: 趋势结构多头(MA20>MA60且上行), 处于活跃板块[能源金属](当日涨幅分位98%, 板块涨停3家) 距60日高点5.8% 20日涨幅29.7%",板块[能源金属]轮动延续/资金承接,收盘119.57 MA20上方 量比0.97,"次日开盘[-2%,+3%]为观察区间; 收盘站上max(开盘,昨收)视为买点触发",昨收119.57,板块退潮补跌/资金承接不足/持续阴跌,1
2026-04-30,2026-05-06,normal,lu,601086.SH,国芳集团,零售,89.25,"{'theme': 1.0, 'ladder': 0.55, 'seal': 1.0, 'time': 1.0, 'liq': 0.6, 'struct': 1.0}",涨停组: 一季报增长方向 1板 封单比25.8% 涨停时间09:44 题材内涨停14家 成交2.2亿,一季报增长+百货零售+IP经济+参股券商,1连板 换手承接量比2.13,"次日竞价与开盘承接: 高开幅度观察区间[-2%,+5%]; 开盘涨幅≤+3%且不破昨收-3%视为买点触发",昨收8.93,高位情绪兑现/次日低开大幅回撤/炸板断板,1
2026-04-30,2026-05-06,normal,lu,002591.SZ,恒大高新,化学制品,89.25,"{'theme': 1.0, 'ladder': 0.55, 'seal': 1.0, 'time': 1.0, 'liq': 0.6, 'struct': 1.0}",涨停组: 一季报增长方向 1板 封单比17.5% 涨停时间09:25 题材内涨停14家 成交1.8亿,一季报增长+钠电材料+硅碳负极,1连板 换手承接量比1.51,"次日竞价与开盘承接: 高开幅度观察区间[-2%,+5%]; 开盘涨幅≤+3%且不破昨收-3%视为买点触发",昨收8.36,高位情绪兑现/次日低开大幅回撤/炸板断板,1
2026-04-30,2026-05-06,normal,nlu,600736.SH,苏州高新,房地产,95.0078125,"{'sector': 0.9203125000000001, 'trend': 1.0, 'pos': 1.0, 'mom': 0.7, 'liq': 1.0, 'recog': 1.0}","非涨停组: 趋势结构多头(MA20>MA60且上行), 处于活跃板块[房地产](当日涨幅分位89%, 板块涨停4家) 距60日高点11.5% 20日涨幅32.7%",板块[房地产]轮动延续/资金承接,收盘8.13 MA20上方 量比0.85,"次日开盘[-2%,+3%]为观察区间; 收盘站上max(开盘,昨收)视为买点触发",昨收8.13,板块退潮补跌/资金承接不足/持续阴跌,1
2026-04-30,2026-05-06,normal,nlu,300042.SZ,朗科科技,计算机设备,89.8203125,"{'sector': 0.7128125, 'trend': 1.0, 'pos': 1.0, 'mom': 1.0, 'liq': 1.0, 'recog': 0.85}","非涨停组: 趋势结构多头(MA20>MA60且上行), 处于活跃板块[计算机设备](当日涨幅分位78%, 板块涨停2家) 距60日高点14.4% 20日涨幅21.1%",板块[计算机设备]轮动延续/资金承接,收盘52.21 MA20上方 量比1.26,"次日开盘[-2%,+3%]为观察区间; 收盘站上max(开盘,昨收)视为买点触发",昨收52.21,板块退潮补跌/资金承接不足/持续阴跌,1
2026-05-06,2026-05-07,normal,lu,603316.SH,诚邦股份,半导体,93.25,"{'theme': 1.0, 'ladder': 0.55, 'seal': 1.0, 'time': 1.0, 'liq': 1.0, 'struct': 1.0}",涨停组: 存储芯片方向 1板 封单比16.5% 涨停时间09:40 题材内涨停7家 成交4.2亿,存储芯片+业绩暴增+定增扩产,1连板 换手承接量比1.13,"次日竞价与开盘承接: 高开幅度观察区间[-2%,+5%]; 开盘涨幅≤+3%且不破昨收-3%视为买点触发",昨收17.15,高位情绪兑现/次日低开大幅回撤/炸板断板,1
2026-05-06,2026-05-07,normal,lu,001309.SZ,德明利,半导体,89.25,"{'theme': 1.0, 'ladder': 0.55, 'seal': 1.0, 'time': 1.0, 'liq': 1.0, 'struct': 0.6}",涨停组: 存储芯片方向 1板 封单比20.7% 涨停时间09:36 题材内涨停7家 成交45.2亿,存储芯片+业绩暴增+国产替代,1连板 换手承接量比0.57,"次日竞价与开盘承接: 高开幅度观察区间[-2%,+5%]; 开盘涨幅≤+3%且不破昨收-3%视为买点触发",昨收577.29,高位情绪兑现/次日低开大幅回撤/炸板断板,1
2026-05-06,2026-05-07,normal,nlu,300671.SZ,富满微,半导体,90.8359375,"{'sector': 0.9534375, 'trend': 1.0, 'pos': 1.0, 'mom': 1.0, 'liq': 1.0, 'recog': 0.6}","非涨停组: 趋势结构多头(MA20>MA60且上行), 处于活跃板块[半导体](当日涨幅分位92%, 板块涨停6家) 距60日高点17.0% 20日涨幅22.1%",板块[半导体]轮动延续/资金承接,收盘47.10 MA20上方 量比1.25,"次日开盘[-2%,+3%]为观察区间; 收盘站上max(开盘,昨收)视为买点触发",昨收47.10,板块退潮补跌/资金承接不足/持续阴跌,1
2026-05-06,2026-05-07,normal,nlu,002256.SZ,兆新股份,电力,89.2484375,"{'sector': 0.8259374999999999, 'trend': 1.0, 'pos': 0.8, 'mom': 1.0, 'liq': 1.0, 'recog': 0.85}","非涨停组: 趋势结构多头(MA20>MA60且上行), 处于活跃板块[电力](当日涨幅分位87%, 板块涨停7家) 距60日高点7.3% 20日涨幅24.9%",板块[电力]轮动延续/资金承接,收盘4.67 MA20上方 量比1.11,"次日开盘[-2%,+3%]为观察区间; 收盘站上max(开盘,昨收)视为买点触发",昨收4.67,板块退潮补跌/资金承接不足/持续阴跌,1
2026-05-07,2026-05-08,aggressive,lu,000889.SZ,中嘉博创,通信服务,90.5,"{'theme': 1.0, 'ladder': 0.9, 'seal': 1.0, 'time': 1.0, 'liq': 0.6, 'struct': 0.6}",涨停组: 算力租赁方向 2板 封单比50.6% 涨停时间09:30 题材内涨停6家 成交2.6亿,算力租赁+通信运维+5G消息+亏损收窄,2连板 换手承接量比0.30,"次日竞价与开盘承接: 高开幅度观察区间[-2%,+5%]; 开盘涨幅≤+3%且不破昨收-3%视为买点触发",昨收5.35,高位情绪兑现/次日低开大幅回撤/炸板断板,1
2026-05-07,2026-05-08,aggressive,lu,002031.SZ,巨轮智能,专用设备,90.25,"{'theme': 1.0, 'ladder': 0.55, 'seal': 1.0, 'time': 0.85, 'liq': 1.0, 'struct': 1.0}",涨停组: 人形机器人方向 1板 封单比33.2% 涨停时间09:51 题材内涨停8家 成交4.9亿,人形机器人+RV减速器+XT减速器,1连板 换手承接量比1.34,"次日竞价与开盘承接: 高开幅度观察区间[-2%,+5%]; 开盘涨幅≤+3%且不破昨收-3%视为买点触发",昨收6.42,高位情绪兑现/次日低开大幅回撤/炸板断板,1
2026-05-07,2026-05-08,aggressive,nlu,002654.SZ,万润科技,光学光电子,90.6234375,"{'sector': 0.8809375, 'trend': 1.0, 'pos': 0.8, 'mom': 1.0, 'liq': 1.0, 'recog': 0.85}","非涨停组: 趋势结构多头(MA20>MA60且上行), 处于活跃板块[光学光电子](当日涨幅分位89%, 板块涨停4家) 距60日高点9.8% 20日涨幅21.4%",板块[光学光电子]轮动延续/资金承接,收盘15.06 MA20上方 量比0.85,"次日开盘[-2%,+3%]为观察区间; 收盘站上max(开盘,昨收)视为买点触发",昨收15.06,板块退潮补跌/资金承接不足/持续阴跌,1
2026-05-08,2026-05-11,aggressive,lu,603278.SH,大业股份,通用设备,91.0,"{'theme': 1.0, 'ladder': 1.0, 'seal': 0.7, 'time': 0.85, 'liq': 1.0, 'struct': 1.0}",涨停组: 人形机器人方向 3板 封单比11.1% 涨停时间10:15 题材内涨停11家 成交8.7亿,人形机器人+腱绳+商业航天+胎圈钢丝,3连板 换手承接量比1.88,"次日竞价与开盘承接: 高开幅度观察区间[-2%,+5%]; 开盘涨幅≤+3%且不破昨收-3%视为买点触发",昨收14.91,高位情绪兑现/次日低开大幅回撤/炸板断板,1
2026-05-08,2026-05-11,aggressive,lu,002009.SZ,天奇股份,专用设备,90.25,"{'theme': 1.0, 'ladder': 0.55, 'seal': 1.0, 'time': 0.85, 'liq': 1.0, 'struct': 1.0}",涨停组: 人形机器人方向 1板 封单比17.2% 涨停时间10:26 题材内涨停11家 成交13.3亿,人形机器人+锂电循环+智能装备,1连板 换手承接量比1.95,"次日竞价与开盘承接: 高开幅度观察区间[-2%,+5%]; 开盘涨幅≤+3%且不破昨收-3%视为买点触发",昨收26.96,高位情绪兑现/次日低开大幅回撤/炸板断板,1
2026-05-08,2026-05-11,aggressive,nlu,603178.SH,圣龙股份,汽车零部件,91.71875,"{'sector': 0.90875, 'trend': 1.0, 'pos': 1.0, 'mom': 0.7, 'liq': 1.0, 'recog': 0.85}","非涨停组: 趋势结构多头(MA20>MA60且上行), 处于活跃板块[汽车零部件](当日涨幅分位92%, 板块涨停7家) 距60日高点12.8% 20日涨幅33.7%",板块[汽车零部件]轮动延续/资金承接,收盘20.22 MA20上方 量比1.11,"次日开盘[-2%,+3%]为观察区间; 收盘站上max(开盘,昨收)视为买点触发",昨收20.22,板块退潮补跌/资金承接不足/持续阴跌,1
2026-05-11,2026-05-12,aggressive,lu,688328.SH,深科达,专用设备,81.25,"{'theme': 1.0, 'ladder': 0.55, 'seal': 0.7, 'time': 0.7, 'liq': 1.0, 'struct': 1.0}",涨停组: 存储芯片方向 1板 封单比11.4% 涨停时间10:58 题材内涨停6家 成交7.3亿,存储芯片+半导体设备+业绩高增,1连板 换手承接量比1.04,"次日竞价与开盘承接: 高开幅度观察区间[-2%,+5%]; 开盘涨幅≤+3%且不破昨收-3%视为买点触发",昨收70.31,高位情绪兑现/次日低开大幅回撤/炸板断板,1
2026-05-11,2026-05-12,aggressive,lu,300302.SZ,同有科技,计算机设备,81.25,"{'theme': 1.0, 'ladder': 0.55, 'seal': 0.4, 'time': 1.0, 'liq': 1.0, 'struct': 1.0}",涨停组: 存储芯片方向 1板 封单比4.2% 涨停时间09:33 题材内涨停6家 成交27.7亿,存储芯片+AI智算+业绩暴增,1连板 换手承接量比1.00,"次日竞价与开盘承接: 高开幅度观察区间[-2%,+5%]; 开盘涨幅≤+3%且不破昨收-3%视为买点触发",昨收42.6,高位情绪兑现/次日低开大幅回撤/炸板断板,1
2026-05-11,2026-05-12,aggressive,nlu,688521.SH,芯原股份,半导体,92.3421875,"{'sector': 0.9896875, 'trend': 1.0, 'pos': 0.8, 'mom': 1.0, 'liq': 0.6, 'recog': 1.0}","非涨停组: 趋势结构多头(MA20>MA60且上行), 处于活跃板块[半导体](当日涨幅分位98%, 板块涨停4家) 距60日高点10.0% 20日涨幅11.1%",板块[半导体]轮动延续/资金承接,收盘267.40 MA20上方 量比0.87,"次日开盘[-2%,+3%]为观察区间; 收盘站上max(开盘,昨收)视为买点触发",昨收267.40,板块退潮补跌/资金承接不足/持续阴跌,1
2026-05-12,2026-05-13,defensive,lu,603331.SH,百达精工,通用设备,74.25,"{'theme': 0.4, 'ladder': 0.55, 'seal': 1.0, 'time': 1.0, 'liq': 0.6, 'struct': 1.0}",涨停组: 人形机器人方向 1板 封单比28.0% 涨停时间09:39 题材内涨停3家 成交2.2亿,人形机器人+银河通用合作+汽车零部件,1连板 换手承接量比0.98,"次日竞价与开盘承接: 高开幅度观察区间[-2%,+5%]; 开盘涨幅≤+3%且不破昨收-3%视为买点触发",昨收16.28,高位情绪兑现/次日低开大幅回撤/炸板断板,1
2026-05-12,2026-05-13,defensive,lu,603211.SH,晋拓股份,汽车零部件,71.25,"{'theme': 0.4, 'ladder': 0.55, 'seal': 1.0, 'time': 0.85, 'liq': 0.6, 'struct': 1.0}",涨停组: 人形机器人方向 1板 封单比28.2% 涨停时间09:46 题材内涨停3家 成交2.9亿,人形机器人+机器人零部件+定增扩产,1连板 换手承接量比0.96,"次日竞价与开盘承接: 高开幅度观察区间[-2%,+5%]; 开盘涨幅≤+3%且不破昨收-3%视为买点触发",昨收30.89,高位情绪兑现/次日低开大幅回撤/炸板断板,1
2026-05-12,2026-05-13,defensive,nlu,601016.SH,节能风电,电力,99.0703125,"{'sector': 0.9628125, 'trend': 1.0, 'pos': 1.0, 'mom': 1.0, 'liq': 1.0, 'recog': 1.0}","非涨停组: 趋势结构多头(MA20>MA60且上行), 处于活跃板块[电力](当日涨幅分位97%, 板块涨停6家) 距60日高点10.6% 20日涨幅27.4%",板块[电力]轮动延续/资金承接,收盘5.12 MA20上方 量比1.07,"次日开盘[-2%,+3%]为观察区间; 收盘站上max(开盘,昨收)视为买点触发",昨收5.12,板块退潮补跌/资金承接不足/持续阴跌,1
2026-05-13,2026-05-14,aggressive,lu,000601.SZ,韶能股份,电力,88.5,"{'theme': 0.6, 'ladder': 0.9, 'seal': 1.0, 'time': 1.0, 'liq': 1.0, 'struct': 1.0}",涨停组: 算电协同方向 2板 封单比40.9% 涨停时间09:30 题材内涨停4家 成交6.6亿,算电协同+储能+绿电直供,2连板 换手承接量比0.81,"次日竞价与开盘承接: 高开幅度观察区间[-2%,+5%]; 开盘涨幅≤+3%且不破昨收-3%视为买点触发",昨收8.9,高位情绪兑现/次日低开大幅回撤/炸板断板,1
2026-05-13,2026-05-14,aggressive,lu,000889.SZ,中嘉博创,通信服务,87.25,"{'theme': 1.0, 'ladder': 0.55, 'seal': 1.0, 'time': 0.7, 'liq': 1.0, 'struct': 1.0}",涨停组: 算力租赁方向 1板 封单比16.7% 涨停时间10:43 题材内涨停9家 成交8.3亿,算力租赁+5G消息+通信运维+亏损收窄,1连板 换手承接量比0.95,"次日竞价与开盘承接: 高开幅度观察区间[-2%,+5%]; 开盘涨幅≤+3%且不破昨收-3%视为买点触发",昨收5.57,高位情绪兑现/次日低开大幅回撤/炸板断板,1
2026-05-13,2026-05-14,aggressive,nlu,688411.SH,海博思创,其他电源设备,96.4296875,"{'sector': 0.9771875, 'trend': 1.0, 'pos': 1.0, 'mom': 1.0, 'liq': 1.0, 'recog': 0.85}","非涨停组: 趋势结构多头(MA20>MA60且上行), 处于活跃板块[其他电源设备](当日涨幅分位99%, 板块涨停4家) 距60日高点13.8% 20日涨幅12.4%",板块[其他电源设备]轮动延续/资金承接,收盘257.03 MA20上方 量比0.85,"次日开盘[-2%,+3%]为观察区间; 收盘站上max(开盘,昨收)视为买点触发",昨收257.03,板块退潮补跌/资金承接不足/持续阴跌,1
2026-05-14,2026-05-15,defensive,lu,688478.SH,晶升股份,半导体,69.25,"{'theme': 0.2, 'ladder': 0.55, 'seal': 1.0, 'time': 1.0, 'liq': 1.0, 'struct': 0.6}",涨停组: 碳化硅方向 1板 封单比19.7% 涨停时间09:38 题材内涨停2家 成交4.4亿,碳化硅+半导体设备+并购为准智能,1连板 换手承接量比0.67,"次日竞价与开盘承接: 高开幅度观察区间[-2%,+5%]; 开盘涨幅≤+3%且不破昨收-3%视为买点触发",昨收68.65,高位情绪兑现/次日低开大幅回撤/炸板断板,1
2026-05-14,2026-05-15,defensive,lu,002809.SZ,红墙股份,化学制品,66.25,"{'theme': 0.2, 'ladder': 0.55, 'seal': 1.0, 'time': 0.85, 'liq': 0.6, 'struct': 1.0}",涨停组: 环氧丙烷方向 1板 封单比20.1% 涨停时间10:22 题材内涨停2家 成交2.9亿,环氧丙烷+精细化工+产能爬坡,1连板 换手承接量比2.39,"次日竞价与开盘承接: 高开幅度观察区间[-2%,+5%]; 开盘涨幅≤+3%且不破昨收-3%视为买点触发",昨收11.46,高位情绪兑现/次日低开大幅回撤/炸板断板,1
2026-05-14,2026-05-15,defensive,nlu,300393.SZ,中来股份,光伏设备,89.6640625,"{'sector': 0.9065625, 'trend': 1.0, 'pos': 1.0, 'mom': 1.0, 'liq': 1.0, 'recog': 0.6}","非涨停组: 趋势结构多头(MA20>MA60且上行), 处于活跃板块[光伏设备](当日涨幅分位86%, 板块涨停4家) 距60日高点11.4% 20日涨幅25.0%",板块[光伏设备]轮动延续/资金承接,收盘12.09 MA20上方 量比0.74,"次日开盘[-2%,+3%]为观察区间; 收盘站上max(开盘,昨收)视为买点触发",昨收12.09,板块退潮补跌/资金承接不足/持续阴跌,1
2026-05-15,2026-05-18,defensive,lu,603386.SH,骏亚科技,元件,93.25,"{'theme': 1.0, 'ladder': 0.55, 'seal': 1.0, 'time': 1.0, 'liq': 1.0, 'struct': 1.0}",涨停组: 人形机器人方向 1板 封单比32.5% 涨停时间09:37 题材内涨停9家 成交3.7亿,人形机器人+PCB+光模块HDI,1连板 换手承接量比0.91,"次日竞价与开盘承接: 高开幅度观察区间[-2%,+5%]; 开盘涨幅≤+3%且不破昨收-3%视为买点触发",昨收16.92,高位情绪兑现/次日低开大幅回撤/炸板断板,1
2026-05-15,2026-05-18,defensive,lu,603082.SH,北自科技,通用设备,86.5,"{'theme': 1.0, 'ladder': 0.9, 'seal': 0.7, 'time': 0.85, 'liq': 1.0, 'struct': 0.7}",涨停组: 人形机器人方向 2板 封单比13.5% 涨停时间09:51 题材内涨停9家 成交5.3亿,人形机器人+智能物流+拟收购穗柯智能+央企,2连板 换手承接量比3.01,"次日竞价与开盘承接: 高开幅度观察区间[-2%,+5%]; 开盘涨幅≤+3%且不破昨收-3%视为买点触发",昨收42.3,高位情绪兑现/次日低开大幅回撤/炸板断板,1
2026-05-15,2026-05-18,defensive,nlu,000880.SZ,潍柴重机,通用设备,98.15625,"{'sector': 0.92625, 'trend': 1.0, 'pos': 1.0, 'mom': 1.0, 'liq': 1.0, 'recog': 1.0}","非涨停组: 趋势结构多头(MA20>MA60且上行), 处于活跃板块[通用设备](当日涨幅分位92%, 板块涨停4家) 距60日高点14.2% 20日涨幅16.3%",板块[通用设备]轮动延续/资金承接,收盘32.34 MA20上方 量比1.24,"次日开盘[-2%,+3%]为观察区间; 收盘站上max(开盘,昨收)视为买点触发",昨收32.34,板块退潮补跌/资金承接不足/持续阴跌,1
2026-05-18,2026-05-19,defensive,lu,603938.SH,三孚股份,化学原料,89.25,"{'theme': 1.0, 'ladder': 0.55, 'seal': 1.0, 'time': 1.0, 'liq': 1.0, 'struct': 0.6}",涨停组: 存储芯片方向 1板 封单比16.7% 涨停时间09:32 题材内涨停7家 成交5.7亿,存储芯片+光纤材料+电子特气,1连板 换手承接量比0.43,"次日竞价与开盘承接: 高开幅度观察区间[-2%,+5%]; 开盘涨幅≤+3%且不破昨收-3%视为买点触发",昨收44.43,高位情绪兑现/次日低开大幅回撤/炸板断板,1
2026-05-18,2026-05-19,defensive,lu,000021.SZ,深科技,消费电子,89.25,"{'theme': 1.0, 'ladder': 0.55, 'seal': 1.0, 'time': 1.0, 'liq': 1.0, 'struct': 0.6}",涨停组: 存储芯片方向 1板 封单比16.1% 涨停时间09:37 题材内涨停7家 成交34.6亿,存储芯片+先进封装+央企,1连板 换手承接量比0.67,"次日竞价与开盘承接: 高开幅度观察区间[-2%,+5%]; 开盘涨幅≤+3%且不破昨收-3%视为买点触发",昨收37.03,高位情绪兑现/次日低开大幅回撤/炸板断板,1
2026-05-18,2026-05-19,defensive,nlu,600589.SH,大位科技,IT服务,96.9609375,"{'sector': 0.8784375, 'trend': 1.0, 'pos': 1.0, 'mom': 1.0, 'liq': 1.0, 'recog': 1.0}","非涨停组: 趋势结构多头(MA20>MA60且上行), 处于活跃板块[IT服务](当日涨幅分位91%, 板块涨停4家) 距60日高点17.6% 20日涨幅12.8%",板块[IT服务]轮动延续/资金承接,收盘12.57 MA20上方 量比0.65,"次日开盘[-2%,+3%]为观察区间; 收盘站上max(开盘,昨收)视为买点触发",昨收12.57,板块退潮补跌/资金承接不足/持续阴跌,1
2026-05-19,2026-05-20,normal,lu,605488.SH,福莱新材,塑料制品,79.25,"{'theme': 0.6, 'ladder': 0.55, 'seal': 1.0, 'time': 1.0, 'liq': 0.6, 'struct': 1.0}",涨停组: 人形机器人方向 1板 封单比71.1% 涨停时间09:31 题材内涨停4家 成交2.7亿,人形机器人+柔性传感器+定增扩产,1连板 换手承接量比0.86,"次日竞价与开盘承接: 高开幅度观察区间[-2%,+5%]; 开盘涨幅≤+3%且不破昨收-3%视为买点触发",昨收38.52,高位情绪兑现/次日低开大幅回撤/炸板断板,1
2026-05-19,2026-05-20,normal,lu,603082.SH,北自科技,通用设备,79.0,"{'theme': 0.6, 'ladder': 0.8, 'seal': 1.0, 'time': 1.0, 'liq': 0.6, 'struct': 0.6}",涨停组: 人形机器人方向 4板 封单比61.3% 涨停时间09:30 题材内涨停4家 成交2.6亿,人形机器人+智能物流+拟收购穗柯智能+央企,4连板 换手承接量比0.58,"次日竞价与开盘承接: 高开幅度观察区间[-2%,+5%]; 开盘涨幅≤+3%且不破昨收-3%视为买点触发",昨收51.18,高位情绪兑现/次日低开大幅回撤/炸板断板,1
2026-05-19,2026-05-20,normal,nlu,000601.SZ,韶能股份,电力,98.9765625,"{'sector': 0.9590624999999999, 'trend': 1.0, 'pos': 1.0, 'mom': 1.0, 'liq': 1.0, 'recog': 1.0}","非涨停组: 趋势结构多头(MA20>MA60且上行), 处于活跃板块[电力](当日涨幅分位97%, 板块涨停8家) 距60日高点18.6% 20日涨幅20.0%",板块[电力]轮动延续/资金承接,收盘7.90 MA20上方 量比0.76,"次日开盘[-2%,+3%]为观察区间; 收盘站上max(开盘,昨收)视为买点触发",昨收7.90,板块退潮补跌/资金承接不足/持续阴跌,1
2026-05-19,2026-05-20,normal,nlu,300265.SZ,通光线缆,电网设备,97.3984375,"{'sector': 0.8959374999999999, 'trend': 1.0, 'pos': 1.0, 'mom': 1.0, 'liq': 1.0, 'recog': 1.0}","非涨停组: 趋势结构多头(MA20>MA60且上行), 处于活跃板块[电网设备](当日涨幅分位90%, 板块涨停3家) 距60日高点14.9% 20日涨幅16.7%",板块[电网设备]轮动延续/资金承接,收盘22.72 MA20上方 量比0.61,"次日开盘[-2%,+3%]为观察区间; 收盘站上max(开盘,昨收)视为买点触发",昨收22.72,板块退潮补跌/资金承接不足/持续阴跌,1
2026-05-20,2026-05-21,defensive,lu,603316.SH,诚邦股份,半导体,80.0,"{'theme': 0.6, 'ladder': 1.0, 'seal': 0.7, 'time': 1.0, 'liq': 1.0, 'struct': 0.6}",涨停组: 存储芯片方向 3板 封单比11.6% 涨停时间09:31 题材内涨停4家 成交3.6亿,存储芯片+定增扩产+业绩暴增,3连板 换手承接量比0.66,"次日竞价与开盘承接: 高开幅度观察区间[-2%,+5%]; 开盘涨幅≤+3%且不破昨收-3%视为买点触发",昨收24.77,高位情绪兑现/次日低开大幅回撤/炸板断板,1
2026-05-20,2026-05-21,defensive,lu,002272.SZ,川润股份,通用设备,79.0,"{'theme': 0.4, 'ladder': 1.0, 'seal': 0.7, 'time': 1.0, 'liq': 1.0, 'struct': 1.0}",涨停组: 液冷服务器方向 3板 封单比8.7% 涨停时间09:25 题材内涨停3家 成交15.1亿,液冷服务器+机器人+定增扩产,3连板 换手承接量比1.12,"次日竞价与开盘承接: 高开幅度观察区间[-2%,+5%]; 开盘涨幅≤+3%且不破昨收-3%视为买点触发",昨收24.94,高位情绪兑现/次日低开大幅回撤/炸板断板,1
2026-05-20,2026-05-21,defensive,nlu,300782.SZ,卓胜微,半导体,99.7109375,"{'sector': 0.9884375000000001, 'trend': 1.0, 'pos': 1.0, 'mom': 1.0, 'liq': 1.0, 'recog': 1.0}","非涨停组: 趋势结构多头(MA20>MA60且上行), 处于活跃板块[半导体](当日涨幅分位98%, 板块涨停7家) 距60日高点10.3% 20日涨幅22.6%",板块[半导体]轮动延续/资金承接,收盘130.00 MA20上方 量比0.77,"次日开盘[-2%,+3%]为观察区间; 收盘站上max(开盘,昨收)视为买点触发",昨收130.00,板块退潮补跌/资金承接不足/持续阴跌,1
2026-05-21,2026-05-22,freeze,nlu,000559.SZ,万向钱潮,汽车零部件,89.625,"{'sector': 0.905, 'trend': 1.0, 'pos': 1.0, 'mom': 1.0, 'liq': 1.0, 'recog': 0.6}","非涨停组: 趋势结构多头(MA20>MA60且上行), 处于活跃板块[汽车零部件](当日涨幅分位86%, 板块涨停4家) 距60日高点12.0% 20日涨幅10.2%",板块[汽车零部件]轮动延续/资金承接,收盘18.09 MA20上方 量比1.15,"次日开盘[-2%,+3%]为观察区间; 收盘站上max(开盘,昨收)视为买点触发",昨收18.09,板块退潮补跌/资金承接不足/持续阴跌,1
2026-05-22,2026-05-25,normal,lu,300907.SZ,康平科技,电机,72.25,"{'theme': 0.4, 'ladder': 0.55, 'seal': 1.0, 'time': 0.7, 'liq': 1.0, 'struct': 1.0}",涨停组: 机器人方向 1板 封单比15.2% 涨停时间10:54 题材内涨停3家 成交4.5亿,机器人+电机+股权激励,1连板 换手承接量比1.49,"次日竞价与开盘承接: 高开幅度观察区间[-2%,+5%]; 开盘涨幅≤+3%且不破昨收-3%视为买点触发",昨收41.11,高位情绪兑现/次日低开大幅回撤/炸板断板,1
2026-05-22,2026-05-25,normal,lu,603960.SH,克来机电,汽车零部件,66.25,"{'theme': 0.4, 'ladder': 0.55, 'seal': 0.7, 'time': 0.7, 'liq': 1.0, 'struct': 1.0}",涨停组: 机器人方向 1板 封单比14.1% 涨停时间11:16 题材内涨停3家 成交3.3亿,机器人+AI应用+汽车电子,1连板 换手承接量比1.44,"次日竞价与开盘承接: 高开幅度观察区间[-2%,+5%]; 开盘涨幅≤+3%且不破昨收-3%视为买点触发",昨收23.67,高位情绪兑现/次日低开大幅回撤/炸板断板,1
2026-05-22,2026-05-25,normal,nlu,002654.SZ,万润科技,光学光电子,97.28125,"{'sector': 0.89125, 'trend': 1.0, 'pos': 1.0, 'mom': 1.0, 'liq': 1.0, 'recog': 1.0}","非涨停组: 趋势结构多头(MA20>MA60且上行), 处于活跃板块[光学光电子](当日涨幅分位80%, 板块涨停4家) 距60日高点11.7% 20日涨幅14.4%",板块[光学光电子]轮动延续/资金承接,收盘17.73 MA20上方 量比0.79,"次日开盘[-2%,+3%]为观察区间; 收盘站上max(开盘,昨收)视为买点触发",昨收17.73,板块退潮补跌/资金承接不足/持续阴跌,1
2026-05-22,2026-05-25,normal,nlu,688662.SH,富信科技,其他电子,95.3984375,"{'sector': 0.9359375, 'trend': 1.0, 'pos': 1.0, 'mom': 1.0, 'liq': 1.0, 'recog': 0.85}","非涨停组: 趋势结构多头(MA20>MA60且上行), 处于活跃板块[其他电子](当日涨幅分位92%, 板块涨停3家) 距60日高点14.0% 20日涨幅21.2%",板块[其他电子]轮动延续/资金承接,收盘65.99 MA20上方 量比0.74,"次日开盘[-2%,+3%]为观察区间; 收盘站上max(开盘,昨收)视为买点触发",昨收65.99,板块退潮补跌/资金承接不足/持续阴跌,1
2026-05-25,2026-05-26,defensive,lu,600520.SH,三佳科技,专用设备,85.25,"{'theme': 0.8, 'ladder': 0.55, 'seal': 1.0, 'time': 0.85, 'liq': 1.0, 'struct': 1.0}",涨停组: 先进封装方向 1板 封单比17.2% 涨停时间10:21 题材内涨停5家 成交4.5亿,先进封装+半导体设备+合肥国资,1连板 换手承接量比0.89,"次日竞价与开盘承接: 高开幅度观察区间[-2%,+5%]; 开盘涨幅≤+3%且不破昨收-3%视为买点触发",昨收33.47,高位情绪兑现/次日低开大幅回撤/炸板断板,1
2026-05-25,2026-05-26,defensive,lu,002388.SZ,新亚制程,其他电子,71.25,"{'theme': 0.4, 'ladder': 0.55, 'seal': 1.0, 'time': 0.85, 'liq': 0.6, 'struct': 1.0}",涨停组: 人形机器人方向 1板 封单比35.3% 涨停时间10:04 题材内涨停3家 成交2.1亿,人形机器人+六氟磷酸锂+锂电池+华为客户,1连板 换手承接量比1.76,"次日竞价与开盘承接: 高开幅度观察区间[-2%,+5%]; 开盘涨幅≤+3%且不破昨收-3%视为买点触发",昨收5.85,高位情绪兑现/次日低开大幅回撤/炸板断板,1
2026-05-25,2026-05-26,defensive,nlu,002654.SZ,万润科技,光学光电子,97.9296875,"{'sector': 0.9171875, 'trend': 1.0, 'pos': 1.0, 'mom': 1.0, 'liq': 1.0, 'recog': 1.0}","非涨停组: 趋势结构多头(MA20>MA60且上行), 处于活跃板块[光学光电子](当日涨幅分位86%, 板块涨停5家) 距60日高点12.5% 20日涨幅14.0%",板块[光学光电子]轮动延续/资金承接,收盘17.56 MA20上方 量比0.63,"次日开盘[-2%,+3%]为观察区间; 收盘站上max(开盘,昨收)视为买点触发",昨收17.56,板块退潮补跌/资金承接不足/持续阴跌,1
2026-05-26,2026-05-27,defensive,lu,600520.SH,三佳科技,专用设备,70.5,"{'theme': 0.2, 'ladder': 0.9, 'seal': 1.0, 'time': 1.0, 'liq': 0.6, 'struct': 0.6}",涨停组: 先进封装方向 2板 封单比47.0% 涨停时间09:25 题材内涨停2家 成交3.0亿,先进封装+半导体设备+合肥国资+一季报扭亏,2连板 换手承接量比0.56,"次日竞价与开盘承接: 高开幅度观察区间[-2%,+5%]; 开盘涨幅≤+3%且不破昨收-3%视为买点触发",昨收36.82,高位情绪兑现/次日低开大幅回撤/炸板断板,1
2026-05-26,2026-05-27,defensive,lu,002185.SZ,华天科技,半导体,62.5,"{'theme': 0.2, 'ladder': 0.9, 'seal': 0.4, 'time': 1.0, 'liq': 0.6, 'struct': 1.0}",涨停组: 先进封装方向 2板 封单比7.4% 涨停时间09:25 题材内涨停2家 成交112.4亿,先进封装+30亿扩产+存储封测,2连板 换手承接量比1.37,"次日竞价与开盘承接: 高开幅度观察区间[-2%,+5%]; 开盘涨幅≤+3%且不破昨收-3%视为买点触发",昨收18.67,高位情绪兑现/次日低开大幅回撤/炸板断板,1
2026-05-26,2026-05-27,defensive,nlu,002273.SZ,水晶光电,光学光电子,93.865625,"{'sector': 0.890625, 'trend': 1.0, 'pos': 0.8, 'mom': 1.0, 'liq': 1.0, 'recog': 1.0}","非涨停组: 趋势结构多头(MA20>MA60且上行), 处于活跃板块[光学光电子](当日涨幅分位81%, 板块涨停3家) 距60日高点6.3% 20日涨幅17.4%",板块[光学光电子]轮动延续/资金承接,收盘39.09 MA20上方 量比0.73,"次日开盘[-2%,+3%]为观察区间; 收盘站上max(开盘,昨收)视为买点触发",昨收39.09,板块退潮补跌/资金承接不足/持续阴跌,1
2026-05-27,2026-05-28,defensive,lu,600758.SH,辽宁能源,煤炭开采加工,69.25,"{'theme': 0.4, 'ladder': 0.55, 'seal': 0.7, 'time': 0.85, 'liq': 1.0, 'struct': 1.0}",涨停组: 电力方向 1板 封单比8.7% 涨停时间10:23 题材内涨停3家 成交6.4亿,电力+煤炭+国企,1连板 换手承接量比0.88,"次日竞价与开盘承接: 高开幅度观察区间[-2%,+5%]; 开盘涨幅≤+3%且不破昨收-3%视为买点触发",昨收4.64,高位情绪兑现/次日低开大幅回撤/炸板断板,1
2026-05-27,2026-05-28,defensive,lu,000892.SZ,欢瑞世纪,影视院线,66.25,"{'theme': 0.2, 'ladder': 0.55, 'seal': 1.0, 'time': 0.85, 'liq': 0.6, 'struct': 1.0}",涨停组: 短剧游戏方向 1板 封单比29.6% 涨停时间09:49 题材内涨停2家 成交2.7亿,短剧游戏+互动影游+AIGC,1连板 换手承接量比1.74,"次日竞价与开盘承接: 高开幅度观察区间[-2%,+5%]; 开盘涨幅≤+3%且不破昨收-3%视为买点触发",昨收4.5,高位情绪兑现/次日低开大幅回撤/炸板断板,1
2026-05-27,2026-05-28,defensive,nlu,600509.SH,天富能源,电力,96.3828125,"{'sector': 0.9753125, 'trend': 1.0, 'pos': 1.0, 'mom': 1.0, 'liq': 1.0, 'recog': 0.85}","非涨停组: 趋势结构多头(MA20>MA60且上行), 处于活跃板块[电力](当日涨幅分位97%, 板块涨停5家) 距60日高点13.4% 20日涨幅21.2%",板块[电力]轮动延续/资金承接,收盘9.74 MA20上方 量比1.09,"次日开盘[-2%,+3%]为观察区间; 收盘站上max(开盘,昨收)视为买点触发",昨收9.74,板块退潮补跌/资金承接不足/持续阴跌,1
2026-05-28,2026-05-29,normal,lu,000539.SZ,粤电力A,电力,83.5,"{'theme': 0.4, 'ladder': 0.9, 'seal': 1.0, 'time': 1.0, 'liq': 1.0, 'struct': 1.0}",涨停组: 电力方向 2板 封单比15.6% 涨停时间09:30 题材内涨停3家 成交12.0亿,电力+业绩减亏+广东国资,2连板 换手承接量比1.31,"次日竞价与开盘承接: 高开幅度观察区间[-2%,+5%]; 开盘涨幅≤+3%且不破昨收-3%视为买点触发",昨收8.07,高位情绪兑现/次日低开大幅回撤/炸板断板,1
2026-05-28,2026-05-29,normal,lu,603861.SH,白云电器,电网设备,73.25,"{'theme': 0.2, 'ladder': 0.55, 'seal': 1.0, 'time': 1.0, 'liq': 1.0, 'struct': 1.0}",涨停组: HVDC方向 1板 封单比31.4% 涨停时间09:43 题材内涨停2家 成交3.9亿,HVDC+数据中心+变压器出海,1连板 换手承接量比1.48,"次日竞价与开盘承接: 高开幅度观察区间[-2%,+5%]; 开盘涨幅≤+3%且不破昨收-3%视为买点触发",昨收16.72,高位情绪兑现/次日低开大幅回撤/炸板断板,1
2026-05-28,2026-05-29,normal,nlu,002938.SZ,鹏鼎控股,元件,93.359375,"{'sector': 0.974375, 'trend': 1.0, 'pos': 1.0, 'mom': 0.7, 'liq': 1.0, 'recog': 0.85}","非涨停组: 趋势结构多头(MA20>MA60且上行), 处于活跃板块[元件](当日涨幅分位96%, 板块涨停8家) 距60日高点13.8% 20日涨幅37.3%",板块[元件]轮动延续/资金承接,收盘105.00 MA20上方 量比1.13,"次日开盘[-2%,+3%]为观察区间; 收盘站上max(开盘,昨收)视为买点触发",昨收105.00,板块退潮补跌/资金承接不足/持续阴跌,1
2026-05-28,2026-05-29,normal,nlu,301312.SZ,智立方,自动化设备,92.6640625,"{'sector': 0.7065625, 'trend': 1.0, 'pos': 1.0, 'mom': 1.0, 'liq': 1.0, 'recog': 1.0}","非涨停组: 趋势结构多头(MA20>MA60且上行), 处于活跃板块[自动化设备](当日涨幅分位70%, 板块涨停2家) 距60日高点12.2% 20日涨幅17.4%",板块[自动化设备]轮动延续/资金承接,收盘96.34 MA20上方 量比0.60,"次日开盘[-2%,+3%]为观察区间; 收盘站上max(开盘,昨收)视为买点触发",昨收96.34,板块退潮补跌/资金承接不足/持续阴跌,1
2026-05-29,2026-06-01,defensive,lu,000539.SZ,粤电力A,电力,95.0,"{'theme': 0.8, 'ladder': 1.0, 'seal': 1.0, 'time': 1.0, 'liq': 1.0, 'struct': 1.0}",涨停组: 电力方向 3板 封单比18.8% 涨停时间09:31 题材内涨停5家 成交10.2亿,电力+业绩减亏+广东国资,3连板 换手承接量比0.94,"次日竞价与开盘承接: 高开幅度观察区间[-2%,+5%]; 开盘涨幅≤+3%且不破昨收-3%视为买点触发",昨收8.88,高位情绪兑现/次日低开大幅回撤/炸板断板,1
2026-05-29,2026-06-01,defensive,lu,000037.SZ,深南电A,电力,88.25,"{'theme': 0.8, 'ladder': 0.55, 'seal': 1.0, 'time': 1.0, 'liq': 1.0, 'struct': 1.0}",涨停组: 电力方向 1板 封单比16.1% 涨停时间09:35 题材内涨停5家 成交3.6亿,电力+综合能源+储能+一季报扭亏,1连板 换手承接量比1.26,"次日竞价与开盘承接: 高开幅度观察区间[-2%,+5%]; 开盘涨幅≤+3%且不破昨收-3%视为买点触发",昨收11.5,高位情绪兑现/次日低开大幅回撤/炸板断板,1
2026-05-29,2026-06-01,defensive,nlu,600719.SH,大连热电,电力,99.4140625,"{'sector': 0.9765625, 'trend': 1.0, 'pos': 1.0, 'mom': 1.0, 'liq': 1.0, 'recog': 1.0}","非涨停组: 趋势结构多头(MA20>MA60且上行), 处于活跃板块[电力](当日涨幅分位96%, 板块涨停7家) 距60日高点17.5% 20日涨幅26.7%",板块[电力]轮动延续/资金承接,收盘9.64 MA20上方 量比0.80,"次日开盘[-2%,+3%]为观察区间; 收盘站上max(开盘,昨收)视为买点触发",昨收9.64,板块退潮补跌/资金承接不足/持续阴跌,1
2026-06-01,2026-06-02,normal,lu,603341.SH,龙旗科技,消费电子,88.25,"{'theme': 0.8, 'ladder': 0.55, 'seal': 1.0, 'time': 1.0, 'liq': 1.0, 'struct': 1.0}",涨停组: AI PC方向 1板 封单比16.6% 涨停时间09:42 题材内涨停5家 成交5.1亿,AI PC+AI眼镜+机器人,1连板 换手承接量比1.34,"次日竞价与开盘承接: 高开幅度观察区间[-2%,+5%]; 开盘涨幅≤+3%且不破昨收-3%视为买点触发",昨收37.91,高位情绪兑现/次日低开大幅回撤/炸板断板,1
2026-06-01,2026-06-02,normal,lu,600403.SH,大有能源,煤炭开采加工,83.25,"{'theme': 1.0, 'ladder': 0.55, 'seal': 1.0, 'time': 0.7, 'liq': 0.6, 'struct': 1.0}",涨停组: 煤炭方向 1板 封单比27.2% 涨停时间10:57 题材内涨停6家 成交2.4亿,煤炭+河南国资重组+国企改革,1连板 换手承接量比1.79,"次日竞价与开盘承接: 高开幅度观察区间[-2%,+5%]; 开盘涨幅≤+3%且不破昨收-3%视为买点触发",昨收5.56,高位情绪兑现/次日低开大幅回撤/炸板断板,1
2026-06-01,2026-06-02,normal,nlu,600996.SH,贵广网络,文化传媒,94.4921875,"{'sector': 0.9396875, 'trend': 1.0, 'pos': 1.0, 'mom': 1.0, 'liq': 0.6, 'recog': 1.0}","非涨停组: 趋势结构多头(MA20>MA60且上行), 处于活跃板块[文化传媒](当日涨幅分位96%, 板块涨停5家) 距60日高点15.0% 20日涨幅12.6%",板块[文化传媒]轮动延续/资金承接,收盘9.44 MA20上方 量比0.90,"次日开盘[-2%,+3%]为观察区间; 收盘站上max(开盘,昨收)视为买点触发",昨收9.44,板块退潮补跌/资金承接不足/持续阴跌,1
2026-06-01,2026-06-02,normal,nlu,000601.SZ,韶能股份,电力,93.4453125,"{'sector': 0.7378125000000001, 'trend': 1.0, 'pos': 1.0, 'mom': 1.0, 'liq': 1.0, 'recog': 1.0}","非涨停组: 趋势结构多头(MA20>MA60且上行), 处于活跃板块[电力](当日涨幅分位48%, 板块涨停7家) 距60日高点16.5% 20日涨幅21.6%",板块[电力]轮动延续/资金承接,收盘8.10 MA20上方 量比0.95,"次日开盘[-2%,+3%]为观察区间; 收盘站上max(开盘,昨收)视为买点触发",昨收8.10,板块退潮补跌/资金承接不足/持续阴跌,1
2026-06-02,2026-06-03,defensive,lu,600403.SH,大有能源,煤炭开采加工,74.5,"{'theme': 0.2, 'ladder': 0.9, 'seal': 1.0, 'time': 1.0, 'liq': 0.6, 'struct': 1.0}",涨停组: 煤炭方向 2板 封单比120.4% 涨停时间09:30 题材内涨停2家 成交1.5亿,煤炭+河南国资重组+国企改革,2连板 换手承接量比0.99,"次日竞价与开盘承接: 高开幅度观察区间[-2%,+5%]; 开盘涨幅≤+3%且不破昨收-3%视为买点触发",昨收6.12,高位情绪兑现/次日低开大幅回撤/炸板断板,1
2026-06-02,2026-06-03,defensive,lu,600121.SH,郑州煤电,煤炭开采加工,72.5,"{'theme': 0.2, 'ladder': 0.9, 'seal': 0.7, 'time': 1.0, 'liq': 1.0, 'struct': 1.0}",涨停组: 煤炭方向 2板 封单比8.2% 涨停时间09:31 题材内涨停2家 成交10.4亿,煤炭+机器人+算力中心+郑州国资,2连板 换手承接量比1.93,"次日竞价与开盘承接: 高开幅度观察区间[-2%,+5%]; 开盘涨幅≤+3%且不破昨收-3%视为买点触发",昨收5.17,高位情绪兑现/次日低开大幅回撤/炸板断板,1
2026-06-02,2026-06-03,defensive,nlu,002636.SZ,金安国纪,元件,99.25,"{'sector': 0.97, 'trend': 1.0, 'pos': 1.0, 'mom': 1.0, 'liq': 1.0, 'recog': 1.0}","非涨停组: 趋势结构多头(MA20>MA60且上行), 处于活跃板块[元件](当日涨幅分位99%, 板块涨停3家) 距60日高点10.9% 20日涨幅13.1%",板块[元件]轮动延续/资金承接,收盘50.63 MA20上方 量比0.84,"次日开盘[-2%,+3%]为观察区间; 收盘站上max(开盘,昨收)视为买点触发",昨收50.63,板块退潮补跌/资金承接不足/持续阴跌,1
2026-06-03,2026-06-04,defensive,lu,002137.SZ,实益达,光学光电子,78.5,"{'theme': 0.2, 'ladder': 0.9, 'seal': 1.0, 'time': 1.0, 'liq': 1.0, 'struct': 1.0}",涨停组: 先进封装方向 2板 封单比53.1% 涨停时间09:30 题材内涨停2家 成交3.1亿,先进封装+间接投资宇树科技+智能硬件,2连板 换手承接量比0.97,"次日竞价与开盘承接: 高开幅度观察区间[-2%,+5%]; 开盘涨幅≤+3%且不破昨收-3%视为买点触发",昨收10.4,高位情绪兑现/次日低开大幅回撤/炸板断板,1
2026-06-03,2026-06-04,defensive,lu,600403.SH,大有能源,煤炭开采加工,74.0,"{'theme': 0.2, 'ladder': 1.0, 'seal': 0.7, 'time': 1.0, 'liq': 1.0, 'struct': 1.0}",涨停组: 煤炭方向 3板 封单比8.7% 涨停时间09:43 题材内涨停2家 成交6.4亿,煤炭+河南国资重组+国企改革,3连板 换手承接量比2.37,"次日竞价与开盘承接: 高开幅度观察区间[-2%,+5%]; 开盘涨幅≤+3%且不破昨收-3%视为买点触发",昨收6.73,高位情绪兑现/次日低开大幅回撤/炸板断板,1
2026-06-03,2026-06-04,defensive,nlu,601958.SH,金钼股份,小金属,94.0234375,"{'sector': 0.7609375, 'trend': 1.0, 'pos': 1.0, 'mom': 1.0, 'liq': 1.0, 'recog': 1.0}","非涨停组: 趋势结构多头(MA20>MA60且上行), 处于活跃板块[小金属](当日涨幅分位95%, 板块涨停1家) 距60日高点10.8% 20日涨幅16.5%",板块[小金属]轮动延续/资金承接,收盘23.54 MA20上方 量比0.73,"次日开盘[-2%,+3%]为观察区间; 收盘站上max(开盘,昨收)视为买点触发",昨收23.54,板块退潮补跌/资金承接不足/持续阴跌,1
2026-06-04,2026-06-05,defensive,lu,603135.SH,中重科技,专用设备,74.5,"{'theme': 0.2, 'ladder': 0.9, 'seal': 1.0, 'time': 1.0, 'liq': 0.6, 'struct': 1.0}",涨停组: 机器人方向 2板 封单比24.9% 涨停时间09:34 题材内涨停2家 成交1.9亿,机器人+出海+新增订单+到期赎回,2连板 换手承接量比1.85,"次日竞价与开盘承接: 高开幅度观察区间[-2%,+5%]; 开盘涨幅≤+3%且不破昨收-3%视为买点触发",昨收12.75,高位情绪兑现/次日低开大幅回撤/炸板断板,1
2026-06-04,2026-06-05,defensive,lu,002590.SZ,万安科技,汽车零部件,69.25,"{'theme': 0.2, 'ladder': 0.55, 'seal': 1.0, 'time': 1.0, 'liq': 0.6, 'struct': 1.0}",涨停组: 机器人方向 1板 封单比101.2% 涨停时间09:38 题材内涨停2家 成交1.9亿,机器人+智能驾驶+底盘系统,1连板 换手承接量比1.39,"次日竞价与开盘承接: 高开幅度观察区间[-2%,+5%]; 开盘涨幅≤+3%且不破昨收-3%视为买点触发",昨收12.44,高位情绪兑现/次日低开大幅回撤/炸板断板,1
2026-06-04,2026-06-05,defensive,nlu,688183.SH,生益电子,元件,96.484375,"{'sector': 0.979375, 'trend': 1.0, 'pos': 1.0, 'mom': 1.0, 'liq': 1.0, 'recog': 0.85}","非涨停组: 趋势结构多头(MA20>MA60且上行), 处于活跃板块[元件](当日涨幅分位98%, 板块涨停4家) 距60日高点11.2% 20日涨幅19.1%",板块[元件]轮动延续/资金承接,收盘128.00 MA20上方 量比0.67,"次日开盘[-2%,+3%]为观察区间; 收盘站上max(开盘,昨收)视为买点触发",昨收128.00,板块退潮补跌/资金承接不足/持续阴跌,1
2026-06-05,2026-06-08,normal,lu,300626.SZ,华瑞股份,电机,90.25,"{'theme': 1.0, 'ladder': 0.55, 'seal': 1.0, 'time': 0.85, 'liq': 1.0, 'struct': 1.0}",涨停组: 机器人方向 1板 封单比26.5% 涨停时间10:16 题材内涨停7家 成交4.8亿,机器人+换向器+地方国企+控股股东股权转让,1连板 换手承接量比1.14,"次日竞价与开盘承接: 高开幅度观察区间[-2%,+5%]; 开盘涨幅≤+3%且不破昨收-3%视为买点触发",昨收40.3,高位情绪兑现/次日低开大幅回撤/炸板断板,1
2026-06-05,2026-06-08,normal,lu,002194.SZ,武汉凡谷,通信设备,88.25,"{'theme': 0.8, 'ladder': 0.55, 'seal': 1.0, 'time': 1.0, 'liq': 1.0, 'struct': 1.0}",涨停组: 商业航天方向 1板 封单比36.4% 涨停时间09:39 题材内涨停5家 成交4.3亿,商业航天+6G预研+射频器件,1连板 换手承接量比0.94,"次日竞价与开盘承接: 高开幅度观察区间[-2%,+5%]; 开盘涨幅≤+3%且不破昨收-3%视为买点触发",昨收12.14,高位情绪兑现/次日低开大幅回撤/炸板断板,1
2026-06-05,2026-06-08,normal,nlu,688627.SH,精智达,专用设备,92.796875,"{'sector': 0.831875, 'trend': 1.0, 'pos': 1.0, 'mom': 1.0, 'liq': 1.0, 'recog': 0.85}","非涨停组: 趋势结构多头(MA20>MA60且上行), 处于活跃板块[专用设备](当日涨幅分位76%, 板块涨停8家) 距60日高点14.5% 20日涨幅28.5%",板块[专用设备]轮动延续/资金承接,收盘385.39 MA20上方 量比1.06,"次日开盘[-2%,+3%]为观察区间; 收盘站上max(开盘,昨收)视为买点触发",昨收385.39,板块退潮补跌/资金承接不足/持续阴跌,1
2026-06-05,2026-06-08,normal,nlu,300323.SZ,华灿光电,光学光电子,90.8671875,"{'sector': 0.8746875, 'trend': 1.0, 'pos': 1.0, 'mom': 0.7, 'liq': 1.0, 'recog': 0.85}","非涨停组: 趋势结构多头(MA20>MA60且上行), 处于活跃板块[光学光电子](当日涨幅分位77%, 板块涨停4家) 距60日高点13.7% 20日涨幅33.0%",板块[光学光电子]轮动延续/资金承接,收盘17.66 MA20上方 量比1.17,"次日开盘[-2%,+3%]为观察区间; 收盘站上max(开盘,昨收)视为买点触发",昨收17.66,板块退潮补跌/资金承接不足/持续阴跌,1
2026-06-08,2026-06-09,defensive,lu,002354.SZ,天娱数科,文化传媒,84.5,"{'theme': 0.6, 'ladder': 0.9, 'seal': 1.0, 'time': 1.0, 'liq': 1.0, 'struct': 0.6}",涨停组: 物理AI方向 2板 封单比31.9% 涨停时间09:30 题材内涨停4家 成交8.0亿,物理AI+具身智能+算力租赁+AI应用,2连板 换手承接量比0.64,"次日竞价与开盘承接: 高开幅度观察区间[-2%,+5%]; 开盘涨幅≤+3%且不破昨收-3%视为买点触发",昨收7.33,高位情绪兑现/次日低开大幅回撤/炸板断板,1
2026-06-08,2026-06-09,defensive,lu,301302.SZ,华如科技,军工电子,74.25,"{'theme': 0.6, 'ladder': 0.55, 'seal': 0.7, 'time': 0.85, 'liq': 1.0, 'struct': 1.0}",涨停组: 物理AI方向 1板 封单比10.9% 涨停时间10:26 题材内涨停4家 成交4.6亿,物理AI+模训器材+军事大模型+航天复合材料,1连板 换手承接量比1.92,"次日竞价与开盘承接: 高开幅度观察区间[-2%,+5%]; 开盘涨幅≤+3%且不破昨收-3%视为买点触发",昨收30.12,高位情绪兑现/次日低开大幅回撤/炸板断板,1
2026-06-08,2026-06-09,defensive,nlu,300276.SZ,三丰智能,自动化设备,93.5625,"{'sector': 0.8625, 'trend': 1.0, 'pos': 1.0, 'mom': 1.0, 'liq': 1.0, 'recog': 0.85}","非涨停组: 趋势结构多头(MA20>MA60且上行), 处于活跃板块[自动化设备](当日涨幅分位93%, 板块涨停2家) 距60日高点19.3% 20日涨幅15.8%",板块[自动化设备]轮动延续/资金承接,收盘8.49 MA20上方 量比1.20,"次日开盘[-2%,+3%]为观察区间; 收盘站上max(开盘,昨收)视为买点触发",昨收8.49,板块退潮补跌/资金承接不足/持续阴跌,1
2026-06-09,2026-06-10,normal,lu,603211.SH,晋拓股份,汽车零部件,83.25,"{'theme': 0.6, 'ladder': 0.55, 'seal': 1.0, 'time': 1.0, 'liq': 1.0, 'struct': 1.0}",涨停组: 人形机器人方向 1板 封单比15.5% 涨停时间09:30 题材内涨停4家 成交3.3亿,人形机器人+机器人零部件+定增扩产,1连板 换手承接量比1.40,"次日竞价与开盘承接: 高开幅度观察区间[-2%,+5%]; 开盘涨幅≤+3%且不破昨收-3%视为买点触发",昨收31.43,高位情绪兑现/次日低开大幅回撤/炸板断板,1
2026-06-09,2026-06-10,normal,lu,001696.SZ,宗申动力,通用设备,78.5,"{'theme': 0.2, 'ladder': 0.9, 'seal': 1.0, 'time': 1.0, 'liq': 1.0, 'struct': 1.0}",涨停组: 低空经济方向 2板 封单比16.2% 涨停时间09:37 题材内涨停2家 成交11.9亿,低空经济+航空发动机+资产置换+通用机械,2连板 换手承接量比2.05,"次日竞价与开盘承接: 高开幅度观察区间[-2%,+5%]; 开盘涨幅≤+3%且不破昨收-3%视为买点触发",昨收17.55,高位情绪兑现/次日低开大幅回撤/炸板断板,1
2026-06-09,2026-06-10,normal,nlu,000700.SZ,模塑科技,汽车零部件,92.8515625,"{'sector': 0.7140624999999999, 'trend': 1.0, 'pos': 1.0, 'mom': 1.0, 'liq': 1.0, 'recog': 1.0}","非涨停组: 趋势结构多头(MA20>MA60且上行), 处于活跃板块[汽车零部件](当日涨幅分位53%, 板块涨停5家) 距60日高点13.3% 20日涨幅16.2%",板块[汽车零部件]轮动延续/资金承接,收盘16.17 MA20上方 量比0.59,"次日开盘[-2%,+3%]为观察区间; 收盘站上max(开盘,昨收)视为买点触发",昨收16.17,板块退潮补跌/资金承接不足/持续阴跌,1
2026-06-09,2026-06-10,normal,nlu,002106.SZ,莱宝高科,光学光电子,90.94375,"{'sector': 0.8937499999999999, 'trend': 1.0, 'pos': 0.8, 'mom': 1.0, 'liq': 1.0, 'recog': 0.85}","非涨停组: 趋势结构多头(MA20>MA60且上行), 处于活跃板块[光学光电子](当日涨幅分位82%, 板块涨停3家) 距60日高点5.8% 20日涨幅20.4%",板块[光学光电子]轮动延续/资金承接,收盘13.14 MA20上方 量比0.80,"次日开盘[-2%,+3%]为观察区间; 收盘站上max(开盘,昨收)视为买点触发",昨收13.14,板块退潮补跌/资金承接不足/持续阴跌,1
2026-06-10,2026-06-11,defensive,lu,002971.SZ,和远气体,化学制品,74.5,"{'theme': 0.2, 'ladder': 0.9, 'seal': 1.0, 'time': 1.0, 'liq': 1.0, 'struct': 0.6}",涨停组: 六氟化钨方向 2板 封单比81.0% 涨停时间09:30 题材内涨停2家 成交3.6亿,六氟化钨+电子特气+硅基新材料,2连板 换手承接量比0.34,"次日竞价与开盘承接: 高开幅度观察区间[-2%,+5%]; 开盘涨幅≤+3%且不破昨收-3%视为买点触发",昨收47.95,高位情绪兑现/次日低开大幅回撤/炸板断板,1
2026-06-10,2026-06-11,defensive,lu,002165.SZ,红宝丽,化学制品,73.25,"{'theme': 0.2, 'ladder': 0.55, 'seal': 1.0, 'time': 1.0, 'liq': 1.0, 'struct': 1.0}",涨停组: 环氧丙烷方向 1板 封单比51.1% 涨停时间09:35 题材内涨停2家 成交3.1亿,环氧丙烷+技改临近+绿色建材+出海,1连板 换手承接量比0.95,"次日竞价与开盘承接: 高开幅度观察区间[-2%,+5%]; 开盘涨幅≤+3%且不破昨收-3%视为买点触发",昨收7.3,高位情绪兑现/次日低开大幅回撤/炸板断板,1
2026-06-10,2026-06-11,defensive,nlu,600246.SH,万通发展,房地产,90.2125,"{'sector': 0.7525000000000001, 'trend': 0.8, 'pos': 1.0, 'mom': 1.0, 'liq': 1.0, 'recog': 1.0}","非涨停组: 趋势结构多头(MA20>MA60且上行), 处于活跃板块[房地产](当日涨幅分位72%, 板块涨停3家) 距60日高点11.9% 20日涨幅26.6%",板块[房地产]轮动延续/资金承接,收盘16.63 MA20上方 量比0.73,"次日开盘[-2%,+3%]为观察区间; 收盘站上max(开盘,昨收)视为买点触发",昨收16.63,板块退潮补跌/资金承接不足/持续阴跌,1
2026-06-11,2026-06-12,defensive,lu,002971.SZ,和远气体,化学制品,79.0,"{'theme': 0.4, 'ladder': 1.0, 'seal': 0.7, 'time': 1.0, 'liq': 1.0, 'struct': 1.0}",涨停组: 六氟化钨方向 3板 封单比14.9% 涨停时间09:25 题材内涨停3家 成交12.5亿,六氟化钨+电子特气+硅基新材料,3连板 换手承接量比1.00,"次日竞价与开盘承接: 高开幅度观察区间[-2%,+5%]; 开盘涨幅≤+3%且不破昨收-3%视为买点触发",昨收52.75,高位情绪兑现/次日低开大幅回撤/炸板断板,1
2026-06-11,2026-06-12,defensive,lu,600378.SH,昊华科技,化学制品,71.5,"{'theme': 0.4, 'ladder': 0.9, 'seal': 0.4, 'time': 1.0, 'liq': 1.0, 'struct': 1.0}",涨停组: 六氟化钨方向 2板 封单比3.8% 涨停时间09:25 题材内涨停3家 成交50.6亿,六氟化钨+PCB概念+氟化工+央企,2连板 换手承接量比0.94,"次日竞价与开盘承接: 高开幅度观察区间[-2%,+5%]; 开盘涨幅≤+3%且不破昨收-3%视为买点触发",昨收63.89,高位情绪兑现/次日低开大幅回撤/炸板断板,1
2026-06-11,2026-06-12,defensive,nlu,002741.SZ,光华科技,电子化学品,93.040625,"{'sector': 0.985625, 'trend': 0.8, 'pos': 1.0, 'mom': 1.0, 'liq': 1.0, 'recog': 0.85}","非涨停组: 趋势结构多头(MA20>MA60且上行), 处于活跃板块[电子化学品](当日涨幅分位98%, 板块涨停3家) 距60日高点11.3% 20日涨幅21.3%",板块[电子化学品]轮动延续/资金承接,收盘27.63 MA20上方 量比0.96,"次日开盘[-2%,+3%]为观察区间; 收盘站上max(开盘,昨收)视为买点触发",昨收27.63,板块退潮补跌/资金承接不足/持续阴跌,1
2026-06-12,2026-06-15,normal,lu,003009.SZ,中天火箭,军工装备,79.25,"{'theme': 0.6, 'ladder': 0.55, 'seal': 1.0, 'time': 1.0, 'liq': 1.0, 'struct': 0.6}",涨停组: 商业航天方向 1板 封单比19.8% 涨停时间09:43 题材内涨停4家 成交3.4亿,商业航天+小型制导火箭+一季度扭亏+央企,1连板 换手承接量比0.59,"次日竞价与开盘承接: 高开幅度观察区间[-2%,+5%]; 开盘涨幅≤+3%且不破昨收-3%视为买点触发",昨收60.62,高位情绪兑现/次日低开大幅回撤/炸板断板,1
2026-06-12,2026-06-15,normal,lu,002935.SZ,天奥电子,军工电子,79.25,"{'theme': 0.6, 'ladder': 0.55, 'seal': 1.0, 'time': 1.0, 'liq': 0.6, 'struct': 1.0}",涨停组: 商业航天方向 1板 封单比16.4% 涨停时间09:39 题材内涨停4家 成交2.5亿,商业航天+原子钟+央企,1连板 换手承接量比1.27,"次日竞价与开盘承接: 高开幅度观察区间[-2%,+5%]; 开盘涨幅≤+3%且不破昨收-3%视为买点触发",昨收22.2,高位情绪兑现/次日低开大幅回撤/炸板断板,1
2026-06-12,2026-06-15,normal,nlu,600888.SH,新疆众和,工业金属,89.24374999999999,"{'sector': 0.9537499999999999, 'trend': 0.8, 'pos': 1.0, 'mom': 0.7, 'liq': 1.0, 'recog': 0.85}","非涨停组: 趋势结构多头(MA20>MA60且上行), 处于活跃板块[工业金属](当日涨幅分位98%, 板块涨停9家) 距60日高点10.8% 20日涨幅33.9%",板块[工业金属]轮动延续/资金承接,收盘10.92 MA20上方 量比1.12,"次日开盘[-2%,+3%]为观察区间; 收盘站上max(开盘,昨收)视为买点触发",昨收10.92,板块退潮补跌/资金承接不足/持续阴跌,1
2026-06-12,2026-06-15,normal,nlu,002125.SZ,湘潭电化,电池,87.8421875,"{'sector': 0.7696875, 'trend': 1.0, 'pos': 0.8, 'mom': 1.0, 'liq': 1.0, 'recog': 0.85}","非涨停组: 趋势结构多头(MA20>MA60且上行), 处于活跃板块[电池](当日涨幅分位87%, 板块涨停2家) 距60日高点6.8% 20日涨幅26.5%",板块[电池]轮动延续/资金承接,收盘18.06 MA20上方 量比1.04,"次日开盘[-2%,+3%]为观察区间; 收盘站上max(开盘,昨收)视为买点触发",昨收18.06,板块退潮补跌/资金承接不足/持续阴跌,1
2026-06-15,2026-06-16,aggressive,lu,301176.SZ,逸豪新材,元件,74.5,"{'theme': 0.2, 'ladder': 0.9, 'seal': 1.0, 'time': 1.0, 'liq': 1.0, 'struct': 0.6}",涨停组: PCB铜箔方向 2板 封单比38.8% 涨停时间09:32 题材内涨停2家 成交4.3亿,PCB铜箔+AI算力+产能扩张,2连板 换手承接量比0.55,"次日竞价与开盘承接: 高开幅度观察区间[-2%,+5%]; 开盘涨幅≤+3%且不破昨收-3%视为买点触发",昨收67.92,高位情绪兑现/次日低开大幅回撤/炸板断板,1
2026-06-15,2026-06-16,aggressive,lu,300588.SZ,熙菱信息,计算机设备,69.25,"{'theme': 0.2, 'ladder': 0.55, 'seal': 1.0, 'time': 1.0, 'liq': 0.6, 'struct': 1.0}",涨停组: AI应用方向 1板 封单比34.5% 涨停时间09:37 题材内涨停2家 成交1.6亿,AI应用+智慧政务+运营商业务+控制权变更进展,1连板 换手承接量比1.93,"次日竞价与开盘承接: 高开幅度观察区间[-2%,+5%]; 开盘涨幅≤+3%且不破昨收-3%视为买点触发",昨收22.09,高位情绪兑现/次日低开大幅回撤/炸板断板,1
2026-06-15,2026-06-16,aggressive,nlu,603078.SH,江化微,电子化学品,96.6875,"{'sector': 0.9874999999999999, 'trend': 1.0, 'pos': 1.0, 'mom': 0.7, 'liq': 1.0, 'recog': 1.0}","非涨停组: 趋势结构多头(MA20>MA60且上行), 处于活跃板块[电子化学品](当日涨幅分位98%, 板块涨停5家) 距60日高点11.3% 20日涨幅32.4%",板块[电子化学品]轮动延续/资金承接,收盘42.71 MA20上方 量比0.96,"次日开盘[-2%,+3%]为观察区间; 收盘站上max(开盘,昨收)视为买点触发",昨收42.71,板块退潮补跌/资金承接不足/持续阴跌,1
2026-06-16,2026-06-17,normal,lu,603186.SH,华正新材,元件,79.5,"{'theme': 0.4, 'ladder': 0.9, 'seal': 1.0, 'time': 1.0, 'liq': 1.0, 'struct': 0.6}",涨停组: 覆铜板方向 2板 封单比17.9% 涨停时间09:32 题材内涨停3家 成交11.8亿,覆铜板+AI算力+定增扩产,2连板 换手承接量比0.39,"次日竞价与开盘承接: 高开幅度观察区间[-2%,+5%]; 开盘涨幅≤+3%且不破昨收-3%视为买点触发",昨收206.06,高位情绪兑现/次日低开大幅回撤/炸板断板,1
2026-06-16,2026-06-17,normal,lu,002552.SZ,宝鼎科技,元件,75.5,"{'theme': 0.4, 'ladder': 0.9, 'seal': 1.0, 'time': 1.0, 'liq': 0.6, 'struct': 0.6}",涨停组: 覆铜板方向 2板 封单比16.1% 涨停时间09:34 题材内涨停3家 成交2.9亿,覆铜板+电子铜箔+黄金采选+Q1业绩大增,2连板 换手承接量比0.29,"次日竞价与开盘承接: 高开幅度观察区间[-2%,+5%]; 开盘涨幅≤+3%且不破昨收-3%视为买点触发",昨收70.93,高位情绪兑现/次日低开大幅回撤/炸板断板,1
2026-06-16,2026-06-17,normal,nlu,301458.SZ,钧崴电子,元件,93.0625,"{'sector': 0.9624999999999999, 'trend': 1.0, 'pos': 1.0, 'mom': 0.7, 'liq': 1.0, 'recog': 0.85}","非涨停组: 趋势结构多头(MA20>MA60且上行), 处于活跃板块[元件](当日涨幅分位96%, 板块涨停9家) 距60日高点14.3% 20日涨幅31.9%",板块[元件]轮动延续/资金承接,收盘56.43 MA20上方 量比0.88,"次日开盘[-2%,+3%]为观察区间; 收盘站上max(开盘,昨收)视为买点触发",昨收56.43,板块退潮补跌/资金承接不足/持续阴跌,1
2026-06-16,2026-06-17,normal,nlu,301626.SZ,苏州天脉,消费电子,92.0,"{'sector': 0.7999999999999999, 'trend': 1.0, 'pos': 1.0, 'mom': 1.0, 'liq': 1.0, 'recog': 0.85}","非涨停组: 趋势结构多头(MA20>MA60且上行), 处于活跃板块[消费电子](当日涨幅分位89%, 板块涨停2家) 距60日高点11.2% 20日涨幅15.9%",板块[消费电子]轮动延续/资金承接,收盘316.91 MA20上方 量比0.94,"次日开盘[-2%,+3%]为观察区间; 收盘站上max(开盘,昨收)视为买点触发",昨收316.91,板块退潮补跌/资金承接不足/持续阴跌,1
2026-06-17,2026-06-18,defensive,lu,688079.SH,美迪凯,光学光电子,79.25,"{'theme': 0.6, 'ladder': 0.55, 'seal': 1.0, 'time': 1.0, 'liq': 1.0, 'struct': 0.6}",涨停组: 玻璃基板方向 1板 封单比25.0% 涨停时间09:35 题材内涨停4家 成交4.9亿,玻璃基板+先进封装+三星供应链,1连板 换手承接量比0.49,"次日竞价与开盘承接: 高开幅度观察区间[-2%,+5%]; 开盘涨幅≤+3%且不破昨收-3%视为买点触发",昨收31.94,高位情绪兑现/次日低开大幅回撤/炸板断板,1
2026-06-17,2026-06-18,defensive,lu,002106.SZ,莱宝高科,光学光电子,77.25,"{'theme': 0.6, 'ladder': 0.55, 'seal': 0.7, 'time': 1.0, 'liq': 1.0, 'struct': 1.0}",涨停组: 玻璃基板方向 1板 封单比14.6% 涨停时间09:43 题材内涨停4家 成交6.0亿,玻璃基板+MED+AI PC,1连板 换手承接量比0.96,"次日竞价与开盘承接: 高开幅度观察区间[-2%,+5%]; 开盘涨幅≤+3%且不破昨收-3%视为买点触发",昨收14.78,高位情绪兑现/次日低开大幅回撤/炸板断板,1
2026-06-17,2026-06-18,defensive,nlu,003043.SZ,华亚智能,半导体,95.959375,"{'sector': 0.974375, 'trend': 1.0, 'pos': 0.8, 'mom': 1.0, 'liq': 1.0, 'recog': 1.0}","非涨停组: 趋势结构多头(MA20>MA60且上行), 处于活跃板块[半导体](当日涨幅分位97%, 板块涨停3家) 距60日高点5.7% 20日涨幅23.5%",板块[半导体]轮动延续/资金承接,收盘80.99 MA20上方 量比0.95,"次日开盘[-2%,+3%]为观察区间; 收盘站上max(开盘,昨收)视为买点触发",昨收80.99,板块退潮补跌/资金承接不足/持续阴跌,1
2026-06-18,2026-06-22,defensive,lu,603211.SH,晋拓股份,汽车零部件,71.25,"{'theme': 0.4, 'ladder': 0.55, 'seal': 1.0, 'time': 0.85, 'liq': 1.0, 'struct': 0.6}",涨停组: 人形机器人方向 1板 封单比33.5% 涨停时间09:49 题材内涨停3家 成交3.3亿,人形机器人+机器人零部件+汽车零部件,1连板 换手承接量比0.74,"次日竞价与开盘承接: 高开幅度观察区间[-2%,+5%]; 开盘涨幅≤+3%且不破昨收-3%视为买点触发",昨收36.44,高位情绪兑现/次日低开大幅回撤/炸板断板,1
2026-06-18,2026-06-22,defensive,lu,600353.SH,旭光电子,其他电子,70.0,"{'theme': 0.2, 'ladder': 0.8, 'seal': 1.0, 'time': 1.0, 'liq': 1.0, 'struct': 0.3}",涨停组: 氮化铝方向 4板 封单比25.6% 涨停时间09:31 题材内涨停2家 成交13.6亿,氮化铝+可控核聚变+定增受理,4连板 换手承接量比0.80,"次日竞价与开盘承接: 高开幅度观察区间[-2%,+5%]; 开盘涨幅≤+3%且不破昨收-3%视为买点触发",昨收42.01,高位情绪兑现/次日低开大幅回撤/炸板断板,1
2026-06-18,2026-06-22,defensive,nlu,603688.SH,石英股份,非金属材料,92.6765625,"{'sector': 0.9790625, 'trend': 1.0, 'pos': 0.6, 'mom': 1.0, 'liq': 1.0, 'recog': 1.0}","非涨停组: 趋势结构多头(MA20>MA60且上行), 处于活跃板块[非金属材料](当日涨幅分位99%, 板块涨停4家) 距60日高点3.0% 20日涨幅11.1%",板块[非金属材料]轮动延续/资金承接,收盘80.55 MA20上方 量比0.77,"次日开盘[-2%,+3%]为观察区间; 收盘站上max(开盘,昨收)视为买点触发",昨收80.55,板块退潮补跌/资金承接不足/持续阴跌,1
2026-06-22,2026-06-23,normal,lu,002312.SZ,川发龙蟒,农化制品,74.25,"{'theme': 0.4, 'ladder': 0.55, 'seal': 1.0, 'time': 1.0, 'liq': 0.6, 'struct': 1.0}",涨停组: 磷化工方向 1板 封单比32.3% 涨停时间09:34 题材内涨停3家 成交2.7亿,磷化工+锂矿,1连板 换手承接量比0.89,"次日竞价与开盘承接: 高开幅度观察区间[-2%,+5%]; 开盘涨幅≤+3%且不破昨收-3%视为买点触发",昨收9.26,高位情绪兑现/次日低开大幅回撤/炸板断板,1
2026-06-22,2026-06-23,normal,lu,002805.SZ,丰元股份,电池,73.5,"{'theme': 0.6, 'ladder': 0.9, 'seal': 0.4, 'time': 0.85, 'liq': 1.0, 'struct': 1.0}",涨停组: 磷酸铁锂方向 2板 封单比6.2% 涨停时间10:27 题材内涨停4家 成交10.5亿,磷酸铁锂+固态电池+定增扩产+一季报扭亏,2连板 换手承接量比1.11,"次日竞价与开盘承接: 高开幅度观察区间[-2%,+5%]; 开盘涨幅≤+3%且不破昨收-3%视为买点触发",昨收29.57,高位情绪兑现/次日低开大幅回撤/炸板断板,1
2026-06-22,2026-06-23,normal,nlu,300184.SZ,力源信息,其他电子,93.0703125,"{'sector': 0.8428125, 'trend': 1.0, 'pos': 1.0, 'mom': 1.0, 'liq': 1.0, 'recog': 0.85}","非涨停组: 趋势结构多头(MA20>MA60且上行), 处于活跃板块[其他电子](当日涨幅分位71%, 板块涨停3家) 距60日高点10.4% 20日涨幅16.1%",板块[其他电子]轮动延续/资金承接,收盘17.05 MA20上方 量比0.94,"次日开盘[-2%,+3%]为观察区间; 收盘站上max(开盘,昨收)视为买点触发",昨收17.05,板块退潮补跌/资金承接不足/持续阴跌,1
2026-06-22,2026-06-23,normal,nlu,603045.SH,福达合金,电网设备,89.50625,"{'sector': 0.83625, 'trend': 1.0, 'pos': 0.8, 'mom': 1.0, 'liq': 1.0, 'recog': 0.85}","非涨停组: 趋势结构多头(MA20>MA60且上行), 处于活跃板块[电网设备](当日涨幅分位78%, 板块涨停6家) 距60日高点8.2% 20日涨幅28.3%",板块[电网设备]轮动延续/资金承接,收盘83.64 MA20上方 量比1.08,"次日开盘[-2%,+3%]为观察区间; 收盘站上max(开盘,昨收)视为买点触发",昨收83.64,板块退潮补跌/资金承接不足/持续阴跌,1
2026-06-23,2026-06-24,defensive,lu,000813.SZ,德展健康,化学制药,81.25,"{'theme': 0.8, 'ladder': 0.55, 'seal': 1.0, 'time': 0.85, 'liq': 0.6, 'struct': 1.0}",涨停组: 创新药方向 1板 封单比15.9% 涨停时间09:49 题材内涨停5家 成交1.9亿,创新药+重组胶原蛋白+降血脂药,1连板 换手承接量比1.72,"次日竞价与开盘承接: 高开幅度观察区间[-2%,+5%]; 开盘涨幅≤+3%且不破昨收-3%视为买点触发",昨收3.19,高位情绪兑现/次日低开大幅回撤/炸板断板,1
2026-06-23,2026-06-24,defensive,lu,002031.SZ,巨轮智能,专用设备,75.25,"{'theme': 0.4, 'ladder': 0.55, 'seal': 1.0, 'time': 0.85, 'liq': 1.0, 'struct': 1.0}",涨停组: 人形机器人方向 1板 封单比20.5% 涨停时间10:03 题材内涨停3家 成交6.5亿,人形机器人+XT减速器+轮胎模具,1连板 换手承接量比1.05,"次日竞价与开盘承接: 高开幅度观察区间[-2%,+5%]; 开盘涨幅≤+3%且不破昨收-3%视为买点触发",昨收6.08,高位情绪兑现/次日低开大幅回撤/炸板断板,1
2026-06-23,2026-06-24,defensive,nlu,600246.SH,万通发展,房地产,89.515625,"{'sector': 0.7006249999999999, 'trend': 1.0, 'pos': 1.0, 'mom': 1.0, 'liq': 1.0, 'recog': 0.85}","非涨停组: 趋势结构多头(MA20>MA60且上行), 处于活跃板块[房地产](当日涨幅分位70%, 板块涨停3家) 距60日高点10.2% 20日涨幅12.2%",板块[房地产]轮动延续/资金承接,收盘17.39 MA20上方 量比0.68,"次日开盘[-2%,+3%]为观察区间; 收盘站上max(开盘,昨收)视为买点触发",昨收17.39,板块退潮补跌/资金承接不足/持续阴跌,1
2026-06-24,2026-06-25,defensive,lu,000566.SZ,海南海药,化学制药,79.5,"{'theme': 0.4, 'ladder': 0.9, 'seal': 1.0, 'time': 1.0, 'liq': 0.6, 'struct': 1.0}",涨停组: 创新药方向 2板 封单比80.3% 涨停时间09:32 题材内涨停3家 成交2.2亿,创新药+脑机接口+海南自贸区+国企,2连板 换手承接量比1.58,"次日竞价与开盘承接: 高开幅度观察区间[-2%,+5%]; 开盘涨幅≤+3%且不破昨收-3%视为买点触发",昨收4.49,高位情绪兑现/次日低开大幅回撤/炸板断板,1
2026-06-24,2026-06-25,defensive,lu,603386.SH,骏亚科技,元件,75.25,"{'theme': 0.4, 'ladder': 0.55, 'seal': 1.0, 'time': 0.85, 'liq': 1.0, 'struct': 1.0}",涨停组: PCB方向 1板 封单比23.0% 涨停时间10:02 题材内涨停3家 成交4.3亿,PCB+高多层HDI+拟15.57亿投建+人形机器人,1连板 换手承接量比0.98,"次日竞价与开盘承接: 高开幅度观察区间[-2%,+5%]; 开盘涨幅≤+3%且不破昨收-3%视为买点触发",昨收20.25,高位情绪兑现/次日低开大幅回撤/炸板断板,1
2026-06-24,2026-06-25,defensive,nlu,601958.SH,金钼股份,小金属,97.3359375,"{'sector': 0.8934375, 'trend': 1.0, 'pos': 1.0, 'mom': 1.0, 'liq': 1.0, 'recog': 1.0}","非涨停组: 趋势结构多头(MA20>MA60且上行), 处于活跃板块[小金属](当日涨幅分位85%, 板块涨停3家) 距60日高点13.4% 20日涨幅17.9%",板块[小金属]轮动延续/资金承接,收盘26.90 MA20上方 量比0.72,"次日开盘[-2%,+3%]为观察区间; 收盘站上max(开盘,昨收)视为买点触发",昨收26.90,板块退潮补跌/资金承接不足/持续阴跌,1
2026-06-25,2026-06-26,defensive,lu,300650.SZ,太龙股份,其他电子,85.25,"{'theme': 0.8, 'ladder': 0.55, 'seal': 1.0, 'time': 0.85, 'liq': 1.0, 'struct': 1.0}",涨停组: 存储芯片方向 1板 封单比16.8% 涨停时间09:54 题材内涨停5家 成交3.9亿,存储芯片+半导体分销+一季报增长,1连板 换手承接量比2.04,"次日竞价与开盘承接: 高开幅度观察区间[-2%,+5%]; 开盘涨幅≤+3%且不破昨收-3%视为买点触发",昨收14.86,高位情绪兑现/次日低开大幅回撤/炸板断板,1
2026-06-25,2026-06-26,defensive,lu,603335.SH,迪生力,汽车零部件,71.25,"{'theme': 0.8, 'ladder': 0.55, 'seal': 0.15, 'time': 1.0, 'liq': 1.0, 'struct': 1.0}",涨停组: 存储芯片方向 1板 封单比1.2% 涨停时间09:41 题材内涨停5家 成交9.2亿,存储芯片+收购半导体+汽车轮毂,1连板 换手承接量比1.18,"次日竞价与开盘承接: 高开幅度观察区间[-2%,+5%]; 开盘涨幅≤+3%且不破昨收-3%视为买点触发",昨收9.1,高位情绪兑现/次日低开大幅回撤/炸板断板,1
2026-06-25,2026-06-26,defensive,nlu,688079.SH,美迪凯,光学光电子,93.046875,"{'sector': 0.8418749999999999, 'trend': 1.0, 'pos': 1.0, 'mom': 1.0, 'liq': 1.0, 'recog': 0.85}","非涨停组: 趋势结构多头(MA20>MA60且上行), 处于活跃板块[光学光电子](当日涨幅分位82%, 板块涨停3家) 距60日高点15.4% 20日涨幅26.7%",板块[光学光电子]轮动延续/资金承接,收盘28.63 MA20上方 量比1.10,"次日开盘[-2%,+3%]为观察区间; 收盘站上max(开盘,昨收)视为买点触发",昨收28.63,板块退潮补跌/资金承接不足/持续阴跌,1
2026-06-26,2026-06-29,defensive,lu,001270.SZ,铖昌科技,军工电子,68.25,"{'theme': 0.6, 'ladder': 0.55, 'seal': 0.4, 'time': 0.85, 'liq': 1.0, 'struct': 1.0}",涨停组: 商业航天方向 1板 封单比5.9% 涨停时间10:21 题材内涨停4家 成交20.2亿,商业航天+相控阵T/R芯片+卫星通信+摘帽,1连板 换手承接量比1.42,"次日竞价与开盘承接: 高开幅度观察区间[-2%,+5%]; 开盘涨幅≤+3%且不破昨收-3%视为买点触发",昨收139.43,高位情绪兑现/次日低开大幅回撤/炸板断板,1
2026-06-26,2026-06-29,defensive,lu,600343.SH,航天动力,通用设备,65.25,"{'theme': 0.6, 'ladder': 0.55, 'seal': 0.4, 'time': 0.7, 'liq': 1.0, 'struct': 1.0}",涨停组: 商业航天方向 1板 封单比5.1% 涨停时间11:04 题材内涨停4家 成交15.7亿,商业航天+氢能+航天央企,1连板 换手承接量比1.75,"次日竞价与开盘承接: 高开幅度观察区间[-2%,+5%]; 开盘涨幅≤+3%且不破昨收-3%视为买点触发",昨收26.27,高位情绪兑现/次日低开大幅回撤/炸板断板,1
2026-06-26,2026-06-29,defensive,nlu,688625.SH,呈和科技,化学制品,89.2640625,"{'sector': 0.8265625, 'trend': 1.0, 'pos': 0.8, 'mom': 1.0, 'liq': 1.0, 'recog': 0.85}","非涨停组: 趋势结构多头(MA20>MA60且上行), 处于活跃板块[化学制品](当日涨幅分位72%, 板块涨停5家) 距60日高点7.9% 20日涨幅15.7%",板块[化学制品]轮动延续/资金承接,收盘92.00 MA20上方 量比0.84,"次日开盘[-2%,+3%]为观察区间; 收盘站上max(开盘,昨收)视为买点触发",昨收92.00,板块退潮补跌/资金承接不足/持续阴跌,1
2026-06-29,2026-06-30,defensive,lu,002653.SZ,海思科,化学制药,90.25,"{'theme': 1.0, 'ladder': 0.55, 'seal': 1.0, 'time': 0.85, 'liq': 1.0, 'struct': 1.0}",涨停组: 创新药方向 1板 封单比21.3% 涨停时间10:00 题材内涨停10家 成交4.5亿,创新药+海外授权+BRAF抑制剂,1连板 换手承接量比0.84,"次日竞价与开盘承接: 高开幅度观察区间[-2%,+5%]; 开盘涨幅≤+3%且不破昨收-3%视为买点触发",昨收61.06,高位情绪兑现/次日低开大幅回撤/炸板断板,1
2026-06-29,2026-06-30,defensive,lu,002639.SZ,雪人集团,通用设备,89.25,"{'theme': 1.0, 'ladder': 0.55, 'seal': 1.0, 'time': 1.0, 'liq': 1.0, 'struct': 0.6}",涨停组: 可控核聚变方向 1板 封单比42.0% 涨停时间09:32 题材内涨停7家 成交3.7亿,可控核聚变+压缩机龙头+氢能,1连板 换手承接量比0.61,"次日竞价与开盘承接: 高开幅度观察区间[-2%,+5%]; 开盘涨幅≤+3%且不破昨收-3%视为买点触发",昨收14.06,高位情绪兑现/次日低开大幅回撤/炸板断板,1
2026-06-29,2026-06-30,defensive,nlu,688478.SH,晶升股份,半导体,98.8828125,"{'sector': 0.9553125, 'trend': 1.0, 'pos': 1.0, 'mom': 1.0, 'liq': 1.0, 'recog': 1.0}","非涨停组: 趋势结构多头(MA20>MA60且上行), 处于活跃板块[半导体](当日涨幅分位92%, 板块涨停7家) 距60日高点10.5% 20日涨幅26.8%",板块[半导体]轮动延续/资金承接,收盘83.85 MA20上方 量比0.86,"次日开盘[-2%,+3%]为观察区间; 收盘站上max(开盘,昨收)视为买点触发",昨收83.85,板块退潮补跌/资金承接不足/持续阴跌,1
2026-06-30,2026-07-01,aggressive,lu,002779.SZ,中坚科技,专用设备,87.25,"{'theme': 1.0, 'ladder': 0.55, 'seal': 0.7, 'time': 1.0, 'liq': 1.0, 'struct': 1.0}",涨停组: 机器人方向 1板 封单比11.9% 涨停时间09:43 题材内涨停8家 成交3.6亿,机器人+智能割草机+一季度营收增长,1连板 换手承接量比1.17,"次日竞价与开盘承接: 高开幅度观察区间[-2%,+5%]; 开盘涨幅≤+3%且不破昨收-3%视为买点触发",昨收78.56,高位情绪兑现/次日低开大幅回撤/炸板断板,1
2026-06-30,2026-07-01,aggressive,lu,300980.SZ,祥源新材,塑料制品,86.25,"{'theme': 1.0, 'ladder': 0.55, 'seal': 1.0, 'time': 0.85, 'liq': 0.6, 'struct': 1.0}",涨停组: 人形机器人方向 1板 封单比49.7% 涨停时间09:53 题材内涨停11家 成交2.2亿,人形机器人+电子皮肤+聚烯烃发泡,1连板 换手承接量比1.32,"次日竞价与开盘承接: 高开幅度观察区间[-2%,+5%]; 开盘涨幅≤+3%且不破昨收-3%视为买点触发",昨收29.41,高位情绪兑现/次日低开大幅回撤/炸板断板,1
2026-06-30,2026-07-01,aggressive,nlu,603800.SH,洪田股份,专用设备,94.9453125,"{'sector': 0.7978124999999999, 'trend': 1.0, 'pos': 1.0, 'mom': 1.0, 'liq': 1.0, 'recog': 1.0}","非涨停组: 趋势结构多头(MA20>MA60且上行), 处于活跃板块[专用设备](当日涨幅分位72%, 板块涨停5家) 距60日高点11.9% 20日涨幅23.2%",板块[专用设备]轮动延续/资金承接,收盘81.29 MA20上方 量比0.91,"次日开盘[-2%,+3%]为观察区间; 收盘站上max(开盘,昨收)视为买点触发",昨收81.29,板块退潮补跌/资金承接不足/持续阴跌,1
2026-07-01,2026-07-02,aggressive,lu,600845.SH,宝信软件,IT服务,93.25,"{'theme': 1.0, 'ladder': 0.55, 'seal': 1.0, 'time': 1.0, 'liq': 1.0, 'struct': 1.0}",涨停组: 人形机器人方向 1板 封单比36.4% 涨停时间09:37 题材内涨停9家 成交3.6亿,人形机器人+算力租赁+工业软件,1连板 换手承接量比1.12,"次日竞价与开盘承接: 高开幅度观察区间[-2%,+5%]; 开盘涨幅≤+3%且不破昨收-3%视为买点触发",昨收18.29,高位情绪兑现/次日低开大幅回撤/炸板断板,1
2026-07-01,2026-07-02,aggressive,lu,000795.SZ,英洛华,金属新材料,93.25,"{'theme': 1.0, 'ladder': 0.55, 'seal': 1.0, 'time': 1.0, 'liq': 1.0, 'struct': 1.0}",涨停组: 机器人方向 1板 封单比23.1% 涨停时间09:36 题材内涨停9家 成交3.3亿,机器人+稀土永磁+回购注销,1连板 换手承接量比1.17,"次日竞价与开盘承接: 高开幅度观察区间[-2%,+5%]; 开盘涨幅≤+3%且不破昨收-3%视为买点触发",昨收9.52,高位情绪兑现/次日低开大幅回撤/炸板断板,1
2026-07-01,2026-07-02,aggressive,nlu,688690.SH,纳微科技,化学制药,92.725,"{'sector': 0.965, 'trend': 1.0, 'pos': 0.8, 'mom': 1.0, 'liq': 1.0, 'recog': 0.85}","非涨停组: 趋势结构多头(MA20>MA60且上行), 处于活跃板块[化学制药](当日涨幅分位98%, 板块涨停8家) 距60日高点6.2% 20日涨幅13.4%",板块[化学制药]轮动延续/资金承接,收盘45.03 MA20上方 量比1.10,"次日开盘[-2%,+3%]为观察区间; 收盘站上max(开盘,昨收)视为买点触发",昨收45.03,板块退潮补跌/资金承接不足/持续阴跌,1
2026-07-02,2026-07-03,defensive,lu,603416.SH,信捷电气,自动化设备,90.25,"{'theme': 1.0, 'ladder': 0.55, 'seal': 1.0, 'time': 0.85, 'liq': 1.0, 'struct': 1.0}",涨停组: 人形机器人方向 1板 封单比38.1% 涨停时间10:02 题材内涨停9家 成交3.1亿,人形机器人+PLC龙头+业绩增长,1连板 换手承接量比1.51,"次日竞价与开盘承接: 高开幅度观察区间[-2%,+5%]; 开盘涨幅≤+3%且不破昨收-3%视为买点触发",昨收59.87,高位情绪兑现/次日低开大幅回撤/炸板断板,1
2026-07-02,2026-07-03,defensive,lu,603337.SH,杰克科技,专用设备,86.25,"{'theme': 1.0, 'ladder': 0.55, 'seal': 1.0, 'time': 0.85, 'liq': 0.6, 'struct': 1.0}",涨停组: 人形机器人方向 1板 封单比41.9% 涨停时间10:16 题材内涨停9家 成交2.2亿,人形机器人+AI数字成套+缝制机械,1连板 换手承接量比1.22,"次日竞价与开盘承接: 高开幅度观察区间[-2%,+5%]; 开盘涨幅≤+3%且不破昨收-3%视为买点触发",昨收39.55,高位情绪兑现/次日低开大幅回撤/炸板断板,1
2026-07-02,2026-07-03,defensive,nlu,002536.SZ,飞龙股份,汽车零部件,94.4375,"{'sector': 0.7775, 'trend': 1.0, 'pos': 1.0, 'mom': 1.0, 'liq': 1.0, 'recog': 1.0}","非涨停组: 趋势结构多头(MA20>MA60且上行), 处于活跃板块[汽车零部件](当日涨幅分位74%, 板块涨停7家) 距60日高点11.3% 20日涨幅21.4%",板块[汽车零部件]轮动延续/资金承接,收盘47.24 MA20上方 量比0.82,"次日开盘[-2%,+3%]为观察区间; 收盘站上max(开盘,昨收)视为买点触发",昨收47.24,板块退潮补跌/资金承接不足/持续阴跌,1
2026-07-03,2026-07-06,normal,lu,603286.SH,日盈电子,汽车零部件,95.5,"{'theme': 1.0, 'ladder': 0.9, 'seal': 1.0, 'time': 0.85, 'liq': 1.0, 'struct': 1.0}",涨停组: 人形机器人方向 2板 封单比16.3% 涨停时间10:17 题材内涨停18家 成交4.0亿,人形机器人+电子皮肤+北美工厂+传感器,2连板 换手承接量比1.55,"次日竞价与开盘承接: 高开幅度观察区间[-2%,+5%]; 开盘涨幅≤+3%且不破昨收-3%视为买点触发",昨收56.96,高位情绪兑现/次日低开大幅回撤/炸板断板,1
2026-07-03,2026-07-06,normal,lu,000506.SZ,招金黄金,贵金属,89.5,"{'theme': 0.8, 'ladder': 0.9, 'seal': 1.0, 'time': 1.0, 'liq': 1.0, 'struct': 0.6}",涨停组: 黄金方向 2板 封单比39.8% 涨停时间09:30 题材内涨停5家 成交3.7亿,黄金+一季报扭亏+国企,2连板 换手承接量比0.72,"次日竞价与开盘承接: 高开幅度观察区间[-2%,+5%]; 开盘涨幅≤+3%且不破昨收-3%视为买点触发",昨收13.87,高位情绪兑现/次日低开大幅回撤/炸板断板,1
2026-07-03,2026-07-06,normal,nlu,600520.SH,三佳科技,专用设备,95.84375,"{'sector': 0.83375, 'trend': 1.0, 'pos': 1.0, 'mom': 1.0, 'liq': 1.0, 'recog': 1.0}","非涨停组: 趋势结构多头(MA20>MA60且上行), 处于活跃板块[专用设备](当日涨幅分位83%, 板块涨停3家) 距60日高点10.6% 20日涨幅24.8%",板块[专用设备]轮动延续/资金承接,收盘36.10 MA20上方 量比0.61,"次日开盘[-2%,+3%]为观察区间; 收盘站上max(开盘,昨收)视为买点触发",昨收36.10,板块退潮补跌/资金承接不足/持续阴跌,1
2026-07-03,2026-07-06,normal,nlu,002446.SZ,盛路通信,军工电子,91.25625,"{'sector': 0.90625, 'trend': 1.0, 'pos': 0.8, 'mom': 1.0, 'liq': 1.0, 'recog': 0.85}","非涨停组: 趋势结构多头(MA20>MA60且上行), 处于活跃板块[军工电子](当日涨幅分位91%, 板块涨停3家) 距60日高点9.2% 20日涨幅13.4%",板块[军工电子]轮动延续/资金承接,收盘11.09 MA20上方 量比0.74,"次日开盘[-2%,+3%]为观察区间; 收盘站上max(开盘,昨收)视为买点触发",昨收11.09,板块退潮补跌/资金承接不足/持续阴跌,1
2026-07-06,2026-07-07,defensive,lu,603090.SH,宏盛股份,通用设备,64.25,"{'theme': 0.2, 'ladder': 0.55, 'seal': 0.7, 'time': 0.85, 'liq': 1.0, 'struct': 1.0}",涨停组: 液冷服务器方向 1板 封单比8.6% 涨停时间09:52 题材内涨停2家 成交3.8亿,液冷服务器+氢能源+铝制板翅式换热器+海外扩张,1连板 换手承接量比1.88,"次日竞价与开盘承接: 高开幅度观察区间[-2%,+5%]; 开盘涨幅≤+3%且不破昨收-3%视为买点触发",昨收54.8,高位情绪兑现/次日低开大幅回撤/炸板断板,1
2026-07-06,2026-07-07,defensive,lu,001287.SZ,中电港,其他电子,63.25,"{'theme': 0.2, 'ladder': 0.55, 'seal': 0.7, 'time': 1.0, 'liq': 1.0, 'struct': 0.6}",涨停组: 中报预增方向 1板 封单比10.1% 涨停时间09:31 题材内涨停2家 成交9.6亿,中报预增+存储芯片分销+央企,1连板 换手承接量比0.68,"次日竞价与开盘承接: 高开幅度观察区间[-2%,+5%]; 开盘涨幅≤+3%且不破昨收-3%视为买点触发",昨收31.47,高位情绪兑现/次日低开大幅回撤/炸板断板,1
2026-07-06,2026-07-07,defensive,nlu,301500.SZ,飞南资源,环境治理,87.3671875,"{'sector': 0.6146874999999999, 'trend': 1.0, 'pos': 1.0, 'mom': 1.0, 'liq': 1.0, 'recog': 0.85}","非涨停组: 趋势结构多头(MA20>MA60且上行), 处于活跃板块[环境治理](当日涨幅分位58%, 板块涨停2家) 距60日高点14.4% 20日涨幅10.5%",板块[环境治理]轮动延续/资金承接,收盘28.32 MA20上方 量比0.96,"次日开盘[-2%,+3%]为观察区间; 收盘站上max(开盘,昨收)视为买点触发",昨收28.32,板块退潮补跌/资金承接不足/持续阴跌,1
2026-07-07,2026-07-08,defensive,nlu,301607.SZ,富特科技,汽车零部件,92.3828125,"{'sector': 0.6953125, 'trend': 1.0, 'pos': 1.0, 'mom': 1.0, 'liq': 1.0, 'recog': 1.0}","非涨停组: 趋势结构多头(MA20>MA60且上行), 处于活跃板块[汽车零部件](当日涨幅分位52%, 板块涨停3家) 距60日高点11.2% 20日涨幅29.6%",板块[汽车零部件]轮动延续/资金承接,收盘53.30 MA20上方 量比0.78,"次日开盘[-2%,+3%]为观察区间; 收盘站上max(开盘,昨收)视为买点触发",昨收53.30,板块退潮补跌/资金承接不足/持续阴跌,1
2026-07-08,2026-07-09,defensive,lu,603496.SH,恒为科技,计算机设备,83.25,"{'theme': 0.6, 'ladder': 0.55, 'seal': 1.0, 'time': 1.0, 'liq': 1.0, 'struct': 1.0}",涨停组: 算力租赁方向 1板 封单比39.1% 涨停时间09:37 题材内涨停4家 成交3.2亿,算力租赁+华为昇腾+拟收购数珩科技,1连板 换手承接量比0.89,"次日竞价与开盘承接: 高开幅度观察区间[-2%,+5%]; 开盘涨幅≤+3%且不破昨收-3%视为买点触发",昨收24.54,高位情绪兑现/次日低开大幅回撤/炸板断板,1
2026-07-08,2026-07-09,defensive,lu,603881.SH,数据港,通信服务,77.25,"{'theme': 0.6, 'ladder': 0.55, 'seal': 1.0, 'time': 0.7, 'liq': 1.0, 'struct': 1.0}",涨停组: 算力租赁方向 1板 封单比16.4% 涨停时间10:31 题材内涨停4家 成交9.9亿,算力租赁+智算业务+上海国资,1连板 换手承接量比1.29,"次日竞价与开盘承接: 高开幅度观察区间[-2%,+5%]; 开盘涨幅≤+3%且不破昨收-3%视为买点触发",昨收24.21,高位情绪兑现/次日低开大幅回撤/炸板断板,1
2026-07-08,2026-07-09,defensive,nlu,301269.SZ,华大九天,软件开发,93.703125,"{'sector': 0.8681249999999999, 'trend': 1.0, 'pos': 1.0, 'mom': 1.0, 'liq': 1.0, 'recog': 0.85}","非涨停组: 趋势结构多头(MA20>MA60且上行), 处于活跃板块[软件开发](当日涨幅分位95%, 板块涨停5家) 距60日高点14.7% 20日涨幅17.8%",板块[软件开发]轮动延续/资金承接,收盘117.18 MA20上方 量比1.00,"次日开盘[-2%,+3%]为观察区间; 收盘站上max(开盘,昨收)视为买点触发",昨收117.18,板块退潮补跌/资金承接不足/持续阴跌,1
2026-07-09,2026-07-10,defensive,lu,002274.SZ,华昌化工,化学原料,84.25,"{'theme': 0.8, 'ladder': 0.55, 'seal': 1.0, 'time': 1.0, 'liq': 0.6, 'struct': 1.0}",涨停组: 中报预增方向 1板 封单比16.1% 涨停时间09:30 题材内涨停5家 成交2.1亿,中报预增+多元醇+煤化工,1连板 换手承接量比2.24,"次日竞价与开盘承接: 高开幅度观察区间[-2%,+5%]; 开盘涨幅≤+3%且不破昨收-3%视为买点触发",昨收5.43,高位情绪兑现/次日低开大幅回撤/炸板断板,1
2026-07-09,2026-07-10,defensive,lu,002552.SZ,宝鼎科技,元件,82.25,"{'theme': 0.8, 'ladder': 0.55, 'seal': 0.7, 'time': 1.0, 'liq': 1.0, 'struct': 1.0}",涨停组: 中报预增方向 1板 封单比9.8% 涨停时间09:31 题材内涨停5家 成交7.9亿,中报预增+覆铜板+黄金+国企,1连板 换手承接量比0.90,"次日竞价与开盘承接: 高开幅度观察区间[-2%,+5%]; 开盘涨幅≤+3%且不破昨收-3%视为买点触发",昨收64.54,高位情绪兑现/次日低开大幅回撤/炸板断板,1
2026-07-09,2026-07-10,defensive,nlu,002979.SZ,雷赛智能,自动化设备,92.4609375,"{'sector': 0.8184374999999999, 'trend': 1.0, 'pos': 1.0, 'mom': 1.0, 'liq': 1.0, 'recog': 0.85}","非涨停组: 趋势结构多头(MA20>MA60且上行), 处于活跃板块[自动化设备](当日涨幅分位90%, 板块涨停3家) 距60日高点14.9% 20日涨幅24.0%",板块[自动化设备]轮动延续/资金承接,收盘64.88 MA20上方 量比0.59,"次日开盘[-2%,+3%]为观察区间; 收盘站上max(开盘,昨收)视为买点触发",昨收64.88,板块退潮补跌/资金承接不足/持续阴跌,1
2026-07-10,2026-07-13,normal,lu,600428.SH,中远海特,港口航运,93.25,"{'theme': 1.0, 'ladder': 0.55, 'seal': 1.0, 'time': 1.0, 'liq': 1.0, 'struct': 1.0}",涨停组: 中报预增方向 1板 封单比29.6% 涨停时间09:30 题材内涨停7家 成交3.6亿,中报预增+特种船运输+央企,1连板 换手承接量比1.34,"次日竞价与开盘承接: 高开幅度观察区间[-2%,+5%]; 开盘涨幅≤+3%且不破昨收-3%视为买点触发",昨收8.99,高位情绪兑现/次日低开大幅回撤/炸板断板,1
2026-07-10,2026-07-13,normal,lu,600664.SH,哈药股份,化学制药,93.25,"{'theme': 1.0, 'ladder': 0.55, 'seal': 1.0, 'time': 1.0, 'liq': 1.0, 'struct': 1.0}",涨停组: 中报预增方向 1板 封单比21.6% 涨停时间09:30 题材内涨停7家 成交3.4亿,中报预增+创新药+医药工业,1连板 换手承接量比1.77,"次日竞价与开盘承接: 高开幅度观察区间[-2%,+5%]; 开盘涨幅≤+3%且不破昨收-3%视为买点触发",昨收3.37,高位情绪兑现/次日低开大幅回撤/炸板断板,1
2026-07-10,2026-07-13,normal,nlu,603268.SH,松发股份,军工装备,90.834375,"{'sector': 0.889375, 'trend': 1.0, 'pos': 0.8, 'mom': 1.0, 'liq': 1.0, 'recog': 0.85}","非涨停组: 趋势结构多头(MA20>MA60且上行), 处于活跃板块[军工装备](当日涨幅分位97%, 板块涨停8家) 距60日高点7.7% 20日涨幅10.2%",板块[军工装备]轮动延续/资金承接,收盘159.68 MA20上方 量比0.86,"次日开盘[-2%,+3%]为观察区间; 收盘站上max(开盘,昨收)视为买点触发",昨收159.68,板块退潮补跌/资金承接不足/持续阴跌,1
2026-07-10,2026-07-13,normal,nlu,001270.SZ,铖昌科技,军工电子,87.1,"{'sector': 0.74, 'trend': 1.0, 'pos': 0.8, 'mom': 1.0, 'liq': 1.0, 'recog': 0.85}","非涨停组: 趋势结构多头(MA20>MA60且上行), 处于活跃板块[军工电子](当日涨幅分位89%, 板块涨停2家) 距60日高点7.9% 20日涨幅28.5%",板块[军工电子]轮动延续/资金承接,收盘166.30 MA20上方 量比1.14,"次日开盘[-2%,+3%]为观察区间; 收盘站上max(开盘,昨收)视为买点触发",昨收166.30,板块退潮补跌/资金承接不足/持续阴跌,1
2026-07-13,2026-07-14,defensive,lu,600664.SH,哈药股份,化学制药,87.5,"{'theme': 0.8, 'ladder': 0.9, 'seal': 0.7, 'time': 1.0, 'liq': 1.0, 'struct': 1.0}",涨停组: 中报预增方向 2板 封单比10.9% 涨停时间09:34 题材内涨停5家 成交7.4亿,中报预增+化学制药+创新药,2连板 换手承接量比2.37,"次日竞价与开盘承接: 高开幅度观察区间[-2%,+5%]; 开盘涨幅≤+3%且不破昨收-3%视为买点触发",昨收3.71,高位情绪兑现/次日低开大幅回撤/炸板断板,1
2026-07-13,2026-07-14,defensive,lu,000989.SZ,九芝堂,中药,79.25,"{'theme': 0.8, 'ladder': 0.55, 'seal': 0.7, 'time': 1.0, 'liq': 1.0, 'struct': 0.7}",涨停组: 中报预增方向 1板 封单比9.4% 涨停时间09:40 题材内涨停5家 成交6.7亿,中报预增+中药+多肽+黑龙江国资,1连板 换手承接量比3.05,"次日竞价与开盘承接: 高开幅度观察区间[-2%,+5%]; 开盘涨幅≤+3%且不破昨收-3%视为买点触发",昨收8.98,高位情绪兑现/次日低开大幅回撤/炸板断板,1
2026-07-13,2026-07-14,defensive,nlu,002422.SZ,科伦药业,化学制药,89.6328125,"{'sector': 0.9053125, 'trend': 1.0, 'pos': 1.0, 'mom': 1.0, 'liq': 1.0, 'recog': 0.6}","非涨停组: 趋势结构多头(MA20>MA60且上行), 处于活跃板块[化学制药](当日涨幅分位90%, 板块涨停4家) 距60日高点15.1% 20日涨幅20.1%",板块[化学制药]轮动延续/资金承接,收盘44.80 MA20上方 量比1.05,"次日开盘[-2%,+3%]为观察区间; 收盘站上max(开盘,昨收)视为买点触发",昨收44.80,板块退潮补跌/资金承接不足/持续阴跌,1
2026-07-14,2026-07-15,normal,lu,605189.SH,富春染织,纺织制造,90.25,"{'theme': 1.0, 'ladder': 0.55, 'seal': 1.0, 'time': 0.85, 'liq': 1.0, 'struct': 1.0}",涨停组: 半年报预增方向 1板 封单比43.0% 涨停时间10:26 题材内涨停7家 成交3.1亿,半年报预增+PEEK材料+人形机器人+筒子纱龙头,1连板 换手承接量比1.14,"次日竞价与开盘承接: 高开幅度观察区间[-2%,+5%]; 开盘涨幅≤+3%且不破昨收-3%视为买点触发",昨收14.22,高位情绪兑现/次日低开大幅回撤/炸板断板,1
2026-07-14,2026-07-15,normal,lu,603806.SH,福斯特,光伏设备,89.25,"{'theme': 1.0, 'ladder': 0.55, 'seal': 1.0, 'time': 1.0, 'liq': 1.0, 'struct': 0.6}",涨停组: 半年报预增方向 1板 封单比21.2% 涨停时间09:35 题材内涨停7家 成交4.1亿,半年报预增+光伏胶膜+感光干膜,1连板 换手承接量比0.78,"次日竞价与开盘承接: 高开幅度观察区间[-2%,+5%]; 开盘涨幅≤+3%且不破昨收-3%视为买点触发",昨收14.91,高位情绪兑现/次日低开大幅回撤/炸板断板,1
2026-07-14,2026-07-15,normal,nlu,301607.SZ,富特科技,汽车零部件,85.6953125,"{'sector': 0.5478125, 'trend': 1.0, 'pos': 1.0, 'mom': 0.7, 'liq': 1.0, 'recog': 1.0}","非涨停组: 趋势结构多头(MA20>MA60且上行), 处于活跃板块[汽车零部件](当日涨幅分位40%, 板块涨停6家) 距60日高点13.9% 20日涨幅37.3%",板块[汽车零部件]轮动延续/资金承接,收盘53.90 MA20上方 量比0.76,"次日开盘[-2%,+3%]为观察区间; 收盘站上max(开盘,昨收)视为买点触发",昨收53.90,板块退潮补跌/资金承接不足/持续阴跌,1
2026-07-14,2026-07-15,normal,nlu,300434.SZ,金石亚药,化学制药,83.6140625,"{'sector': 0.8965624999999999, 'trend': 1.0, 'pos': 0.6, 'mom': 1.0, 'liq': 0.6, 'recog': 0.85}","非涨停组: 趋势结构多头(MA20>MA60且上行), 处于活跃板块[化学制药](当日涨幅分位82%, 板块涨停3家) 距60日高点4.9% 20日涨幅29.3%",板块[化学制药]轮动延续/资金承接,收盘11.85 MA20上方 量比1.11,"次日开盘[-2%,+3%]为观察区间; 收盘站上max(开盘,昨收)视为买点触发",昨收11.85,板块退潮补跌/资金承接不足/持续阴跌,1
2026-07-15,2026-07-16,defensive,lu,603127.SH,昭衍新药,医疗服务,93.25,"{'theme': 1.0, 'ladder': 0.55, 'seal': 1.0, 'time': 1.0, 'liq': 1.0, 'struct': 1.0}",涨停组: 中报预增方向 1板 封单比17.0% 涨停时间09:25 题材内涨停7家 成交21.9亿,中报预增+实验猴涨价+CRO,1连板 换手承接量比0.83,"次日竞价与开盘承接: 高开幅度观察区间[-2%,+5%]; 开盘涨幅≤+3%且不破昨收-3%视为买点触发",昨收50.62,高位情绪兑现/次日低开大幅回撤/炸板断板,1
2026-07-15,2026-07-16,defensive,lu,600664.SH,哈药股份,化学制药,93.0,"{'theme': 1.0, 'ladder': 0.8, 'seal': 1.0, 'time': 1.0, 'liq': 1.0, 'struct': 0.6}",涨停组: 中报预增方向 4板 封单比89.1% 涨停时间09:30 题材内涨停7家 成交4.9亿,中报预增+基药目录+创新药+化学制药,4连板 换手承接量比0.63,"次日竞价与开盘承接: 高开幅度观察区间[-2%,+5%]; 开盘涨幅≤+3%且不破昨收-3%视为买点触发",昨收4.49,高位情绪兑现/次日低开大幅回撤/炸板断板,1
2026-07-16,2026-07-17,defensive,lu,000676.SZ,智度股份,文化传媒,75.5,"{'theme': 0.2, 'ladder': 0.9, 'seal': 1.0, 'time': 0.85, 'liq': 1.0, 'struct': 1.0}",涨停组: 中报预增方向 2板 封单比21.0% 涨停时间09:46 题材内涨停2家 成交4.9亿,中报预增+华为鲸鸿+互联网媒体+广告,2连板 换手承接量比1.72,"次日竞价与开盘承接: 高开幅度观察区间[-2%,+5%]; 开盘涨幅≤+3%且不破昨收-3%视为买点触发",昨收6.22,高位情绪兑现/次日低开大幅回撤/炸板断板,1
2026-07-16,2026-07-17,defensive,lu,300968.SZ,格林精密,消费电子,69.25,"{'theme': 0.2, 'ladder': 0.55, 'seal': 1.0, 'time': 1.0, 'liq': 0.6, 'struct': 1.0}",涨停组: AI手机方向 1板 封单比47.9% 涨停时间09:36 题材内涨停2家 成交1.6亿,AI手机+AI眼镜+联想供应链+精密结构件,1连板 换手承接量比1.97,"次日竞价与开盘承接: 高开幅度观察区间[-2%,+5%]; 开盘涨幅≤+3%且不破昨收-3%视为买点触发",昨收10.24,高位情绪兑现/次日低开大幅回撤/炸板断板,1
2026-07-16,2026-07-17,defensive,nlu,000759.SZ,中百集团,零售,91.2484375,"{'sector': 0.9059375, 'trend': 1.0, 'pos': 0.8, 'mom': 1.0, 'liq': 1.0, 'recog': 0.85}","非涨停组: 趋势结构多头(MA20>MA60且上行), 处于活跃板块[零售](当日涨幅分位87%, 板块涨停3家) 距60日高点7.8% 20日涨幅10.1%",板块[零售]轮动延续/资金承接,收盘6.66 MA20上方 量比0.91,"次日开盘[-2%,+3%]为观察区间; 收盘站上max(开盘,昨收)视为买点触发",昨收6.66,板块退潮补跌/资金承接不足/持续阴跌,1
2026-07-17,2026-07-20,defensive,lu,600644.SH,乐山电力,电力,73.25,"{'theme': 0.2, 'ladder': 0.55, 'seal': 1.0, 'time': 1.0, 'liq': 1.0, 'struct': 1.0}",涨停组: 电力方向 1板 封单比16.4% 涨停时间09:45 题材内涨停2家 成交3.9亿,电力+天然气+新型储能,1连板 换手承接量比2.13,"次日竞价与开盘承接: 高开幅度观察区间[-2%,+5%]; 开盘涨幅≤+3%且不破昨收-3%视为买点触发",昨收9.01,高位情绪兑现/次日低开大幅回撤/炸板断板,1
2026-07-17,2026-07-20,defensive,lu,000037.SZ,深南电A,电力,64.25,"{'theme': 0.2, 'ladder': 0.55, 'seal': 0.7, 'time': 0.85, 'liq': 1.0, 'struct': 1.0}",涨停组: 电力方向 1板 封单比10.2% 涨停时间10:00 题材内涨停2家 成交3.3亿,电力+储能+综合能源服务+中报扭亏,1连板 换手承接量比2.25,"次日竞价与开盘承接: 高开幅度观察区间[-2%,+5%]; 开盘涨幅≤+3%且不破昨收-3%视为买点触发",昨收9.2,高位情绪兑现/次日低开大幅回撤/炸板断板,1
2026-07-17,2026-07-20,defensive,nlu,601162.SH,天风证券,证券,86.3421875,"{'sector': 0.7096875, 'trend': 1.0, 'pos': 0.8, 'mom': 1.0, 'liq': 1.0, 'recog': 0.85}","非涨停组: 趋势结构多头(MA20>MA60且上行), 处于活跃板块[证券](当日涨幅分位90%, 板块涨停1家) 距60日高点6.7% 20日涨幅19.2%",板块[证券]轮动延续/资金承接,收盘3.78 MA20上方 量比1.26,"次日开盘[-2%,+3%]为观察区间; 收盘站上max(开盘,昨收)视为买点触发",昨收3.78,板块退潮补跌/资金承接不足/持续阴跌,1
2026-07-20,2026-07-21,defensive,lu,600744.SH,华银电力,电力,83.5,"{'theme': 0.4, 'ladder': 0.9, 'seal': 1.0, 'time': 1.0, 'liq': 1.0, 'struct': 1.0}",涨停组: 火电方向 2板 封单比16.9% 涨停时间09:35 题材内涨停3家 成交11.3亿,火电+新能源+定增获批+央企,2连板 换手承接量比2.19,"次日竞价与开盘承接: 高开幅度观察区间[-2%,+5%]; 开盘涨幅≤+3%且不破昨收-3%视为买点触发",昨收6.56,高位情绪兑现/次日低开大幅回撤/炸板断板,1
2026-07-20,2026-07-21,defensive,lu,600121.SH,郑州煤电,煤炭开采加工,81.25,"{'theme': 0.8, 'ladder': 0.55, 'seal': 1.0, 'time': 0.85, 'liq': 0.6, 'struct': 1.0}",涨停组: 煤炭方向 1板 封单比21.1% 涨停时间09:48 题材内涨停5家 成交2.2亿,煤炭+算力+国企改革,1连板 换手承接量比1.00,"次日竞价与开盘承接: 高开幅度观察区间[-2%,+5%]; 开盘涨幅≤+3%且不破昨收-3%视为买点触发",昨收3.76,高位情绪兑现/次日低开大幅回撤/炸板断板,1
2026-07-20,2026-07-21,defensive,nlu,601162.SH,天风证券,证券,84.334375,"{'sector': 0.629375, 'trend': 1.0, 'pos': 0.8, 'mom': 1.0, 'liq': 1.0, 'recog': 0.85}","非涨停组: 趋势结构多头(MA20>MA60且上行), 处于活跃板块[证券](当日涨幅分位92%, 板块涨停0家) 距60日高点6.4% 20日涨幅12.1%",板块[证券]轮动延续/资金承接,收盘3.79 MA20上方 量比0.88,"次日开盘[-2%,+3%]为观察区间; 收盘站上max(开盘,昨收)视为买点触发",昨收3.79,板块退潮补跌/资金承接不足/持续阴跌,1
2026-07-21,2026-07-22,defensive,lu,002371.SZ,北方华创,半导体,77.25,"{'theme': 1.0, 'ladder': 0.55, 'seal': 0.7, 'time': 0.7, 'liq': 0.6, 'struct': 1.0}",涨停组: 半导体设备方向 1板 封单比10.3% 涨停时间10:36 题材内涨停6家 成交105.9亿,半导体设备+平台型龙头+北京国资,1连板 换手承接量比0.99,"次日竞价与开盘承接: 高开幅度观察区间[-2%,+5%]; 开盘涨幅≤+3%且不破昨收-3%视为买点触发",昨收744.6,高位情绪兑现/次日低开大幅回撤/炸板断板,1
2026-07-21,2026-07-22,defensive,lu,002197.SZ,证通电子,IT服务,72.25,"{'theme': 0.4, 'ladder': 0.55, 'seal': 0.7, 'time': 1.0, 'liq': 1.0, 'struct': 1.0}",涨停组: 算力租赁方向 1板 封单比8.8% 涨停时间09:37 题材内涨停3家 成交4.1亿,算力租赁+数据中心REITs+金融科技+中报扭亏,1连板 换手承接量比1.73,"次日竞价与开盘承接: 高开幅度观察区间[-2%,+5%]; 开盘涨幅≤+3%且不破昨收-3%视为买点触发",昨收6.34,高位情绪兑现/次日低开大幅回撤/炸板断板,1
2026-07-21,2026-07-22,defensive,nlu,600352.SH,浙江龙盛,化学制品,81.96562499999999,"{'sector': 0.6706249999999999, 'trend': 1.0, 'pos': 0.6, 'mom': 1.0, 'liq': 1.0, 'recog': 0.85}","非涨停组: 趋势结构多头(MA20>MA60且上行), 处于活跃板块[化学制品](当日涨幅分位64%, 板块涨停3家) 距60日高点4.1% 20日涨幅12.8%",板块[化学制品]轮动延续/资金承接,收盘13.20 MA20上方 量比1.28,"次日开盘[-2%,+3%]为观察区间; 收盘站上max(开盘,昨收)视为买点触发",昨收13.20,板块退潮补跌/资金承接不足/持续阴跌,1
2026-07-22,2026-07-23,defensive,lu,603629.SH,利通电子,IT服务,89.5,"{'theme': 0.8, 'ladder': 0.9, 'seal': 1.0, 'time': 1.0, 'liq': 1.0, 'struct': 0.6}",涨停组: 算力租赁方向 2板 封单比26.6% 涨停时间09:32 题材内涨停5家 成交15.0亿,算力租赁+英伟达合作+中报预增,2连板 换手承接量比0.40,"次日竞价与开盘承接: 高开幅度观察区间[-2%,+5%]; 开盘涨幅≤+3%且不破昨收-3%视为买点触发",昨收118.34,高位情绪兑现/次日低开大幅回撤/炸板断板,1
2026-07-22,2026-07-23,defensive,lu,000815.SZ,美利云,通信服务,89.0,"{'theme': 0.8, 'ladder': 1.0, 'seal': 0.7, 'time': 1.0, 'liq': 1.0, 'struct': 1.0}",涨停组: 算力租赁方向 3板 封单比14.3% 涨停时间09:25 题材内涨停5家 成交14.5亿,算力租赁+东数西算+中国诚通旗下,3连板 换手承接量比2.31,"次日竞价与开盘承接: 高开幅度观察区间[-2%,+5%]; 开盘涨幅≤+3%且不破昨收-3%视为买点触发",昨收16.13,高位情绪兑现/次日低开大幅回撤/炸板断板,1
2026-07-22,2026-07-23,defensive,nlu,002653.SZ,海思科,化学制药,89.696875,"{'sector': 0.7318749999999999, 'trend': 0.8, 'pos': 1.0, 'mom': 1.0, 'liq': 1.0, 'recog': 1.0}","非涨停组: 趋势结构多头(MA20>MA60且上行), 处于活跃板块[化学制药](当日涨幅分位73%, 板块涨停3家) 距60日高点11.9% 20日涨幅22.7%",板块[化学制药]轮动延续/资金承接,收盘71.19 MA20上方 量比0.91,"次日开盘[-2%,+3%]为观察区间; 收盘站上max(开盘,昨收)视为买点触发",昨收71.19,板块退潮补跌/资金承接不足/持续阴跌,1
2026-07-23,2026-07-24,aggressive,lu,600550.SH,保变电气,电网设备,84.25,"{'theme': 1.0, 'ladder': 0.55, 'seal': 0.7, 'time': 0.85, 'liq': 1.0, 'struct': 1.0}",涨停组: 电网设备方向 1板 封单比13.2% 涨停时间10:19 题材内涨停6家 成交7.0亿,电网设备+中报预增+央企,1连板 换手承接量比1.34,"次日竞价与开盘承接: 高开幅度观察区间[-2%,+5%]; 开盘涨幅≤+3%且不破昨收-3%视为买点触发",昨收11.65,高位情绪兑现/次日低开大幅回撤/炸板断板,1
2026-07-23,2026-07-24,aggressive,lu,002560.SZ,通达股份,电网设备,83.25,"{'theme': 1.0, 'ladder': 0.55, 'seal': 1.0, 'time': 0.5, 'liq': 1.0, 'struct': 1.0}",涨停组: 电网设备方向 1板 封单比20.0% 涨停时间13:07 题材内涨停6家 成交3.2亿,电网设备+机器人线束+航空零部件,1连板 换手承接量比1.41,"次日竞价与开盘承接: 高开幅度观察区间[-2%,+5%]; 开盘涨幅≤+3%且不破昨收-3%视为买点触发",昨收5.96,高位情绪兑现/次日低开大幅回撤/炸板断板,1
2026-07-23,2026-07-24,aggressive,nlu,600886.SH,国投电力,电力,83.090625,"{'sector': 0.715625, 'trend': 1.0, 'pos': 0.6, 'mom': 1.0, 'liq': 1.0, 'recog': 0.85}","非涨停组: 趋势结构多头(MA20>MA60且上行), 处于活跃板块[电力](当日涨幅分位44%, 板块涨停8家) 距60日高点2.2% 20日涨幅16.4%",板块[电力]轮动延续/资金承接,收盘14.60 MA20上方 量比0.77,"次日开盘[-2%,+3%]为观察区间; 收盘站上max(开盘,昨收)视为买点触发",昨收14.60,板块退潮补跌/资金承接不足/持续阴跌,1
2026-07-24,2026-07-27,defensive,lu,002265.SZ,建设工业,军工装备,83.25,"{'theme': 0.6, 'ladder': 0.55, 'seal': 1.0, 'time': 1.0, 'liq': 1.0, 'struct': 1.0}",涨停组: 兵装重组方向 1板 封单比16.3% 涨停时间09:41 题材内涨停4家 成交4.0亿,兵装重组+军工装备+机器人概念+国企,1连板 换手承接量比1.57,"次日竞价与开盘承接: 高开幅度观察区间[-2%,+5%]; 开盘涨幅≤+3%且不破昨收-3%视为买点触发",昨收19.34,高位情绪兑现/次日低开大幅回撤/炸板断板,1
2026-07-24,2026-07-27,defensive,lu,600698.SH,湖南天雁,汽车零部件,82.5,"{'theme': 0.6, 'ladder': 0.9, 'seal': 0.7, 'time': 1.0, 'liq': 1.0, 'struct': 1.0}",涨停组: 兵装重组方向 2板 封单比9.1% 涨停时间09:43 题材内涨停4家 成交4.6亿,兵装重组+涡轮增压器+电子水泵+国企,2连板 换手承接量比2.50,"次日竞价与开盘承接: 高开幅度观察区间[-2%,+5%]; 开盘涨幅≤+3%且不破昨收-3%视为买点触发",昨收6.84,高位情绪兑现/次日低开大幅回撤/炸板断板,1
2026-07-24,2026-07-27,defensive,nlu,688702.SH,盛科通信-U,半导体,95.0234375,"{'sector': 0.9209375, 'trend': 1.0, 'pos': 1.0, 'mom': 1.0, 'liq': 1.0, 'recog': 0.85}","非涨停组: 趋势结构多头(MA20>MA60且上行), 处于活跃板块[半导体](当日涨幅分位98%, 板块涨停3家) 距60日高点14.8% 20日涨幅19.3%",板块[半导体]轮动延续/资金承接,收盘390.78 MA20上方 量比0.67,"次日开盘[-2%,+3%]为观察区间; 收盘站上max(开盘,昨收)视为买点触发",昨收390.78,板块退潮补跌/资金承接不足/持续阴跌,1
2026-07-27,2026-07-28,aggressive,lu,603630.SH,拉芳家化,美容护理,81.25,"{'theme': 0.8, 'ladder': 0.55, 'seal': 1.0, 'time': 0.85, 'liq': 0.6, 'struct': 1.0}",涨停组: 中报预增方向 1板 封单比19.1% 涨停时间10:01 题材内涨停5家 成交1.8亿,中报预增+洗护用品+降本增效,1连板 换手承接量比1.23,"次日竞价与开盘承接: 高开幅度观察区间[-2%,+5%]; 开盘涨幅≤+3%且不破昨收-3%视为买点触发",昨收14.43,高位情绪兑现/次日低开大幅回撤/炸板断板,1
2026-07-27,2026-07-28,aggressive,lu,002969.SZ,嘉美包装,包装印刷,80.25,"{'theme': 0.8, 'ladder': 0.55, 'seal': 1.0, 'time': 1.0, 'liq': 0.6, 'struct': 0.6}",涨停组: 中报预增方向 1板 封单比59.7% 涨停时间09:37 题材内涨停5家 成交2.1亿,中报预增+饮料包装+实控人变更,1连板 换手承接量比0.69,"次日竞价与开盘承接: 高开幅度观察区间[-2%,+5%]; 开盘涨幅≤+3%且不破昨收-3%视为买点触发",昨收11.46,高位情绪兑现/次日低开大幅回撤/炸板断板,1
2026-07-27,2026-07-28,aggressive,nlu,002440.SZ,闰土股份,化学制品,94.1171875,"{'sector': 0.7646875, 'trend': 1.0, 'pos': 1.0, 'mom': 1.0, 'liq': 1.0, 'recog': 1.0}","非涨停组: 趋势结构多头(MA20>MA60且上行), 处于活跃板块[化学制品](当日涨幅分位68%, 板块涨停5家) 距60日高点10.0% 20日涨幅12.8%",板块[化学制品]轮动延续/资金承接,收盘11.91 MA20上方 量比0.61,"次日开盘[-2%,+3%]为观察区间; 收盘站上max(开盘,昨收)视为买点触发",昨收11.91,板块退潮补跌/资金承接不足/持续阴跌,1
2026-07-28,2026-07-29,defensive,lu,603716.SH,塞力医疗,医药商业,88.5,"{'theme': 0.6, 'ladder': 0.9, 'seal': 1.0, 'time': 1.0, 'liq': 1.0, 'struct': 1.0}",涨停组: 脑机接口方向 2板 封单比22.4% 涨停时间09:35 题材内涨停4家 成交3.9亿,脑机接口+AI医疗+高血压疫苗+SPD,2连板 换手承接量比1.17,"次日竞价与开盘承接: 高开幅度观察区间[-2%,+5%]; 开盘涨幅≤+3%且不破昨收-3%视为买点触发",昨收16.43,高位情绪兑现/次日低开大幅回撤/炸板断板,1
2026-07-28,2026-07-29,defensive,lu,002173.SZ,创新医疗,医疗服务,84.5,"{'theme': 0.6, 'ladder': 0.9, 'seal': 1.0, 'time': 1.0, 'liq': 1.0, 'struct': 0.6}",涨停组: 脑机接口方向 2板 封单比29.5% 涨停时间09:30 题材内涨停4家 成交8.4亿,脑机接口+医疗器械注册证+医疗服务,2连板 换手承接量比0.69,"次日竞价与开盘承接: 高开幅度观察区间[-2%,+5%]; 开盘涨幅≤+3%且不破昨收-3%视为买点触发",昨收22.76,高位情绪兑现/次日低开大幅回撤/炸板断板,1
2026-07-28,2026-07-29,defensive,nlu,603129.SH,春风动力,汽车服务及其他,79.2078125,"{'sector': 0.5603125, 'trend': 1.0, 'pos': 0.6, 'mom': 1.0, 'liq': 1.0, 'recog': 0.85}","非涨停组: 趋势结构多头(MA20>MA60且上行), 处于活跃板块[汽车服务及其他](当日涨幅分位78%, 板块涨停0家) 距60日高点1.5% 20日涨幅17.5%",板块[汽车服务及其他]轮动延续/资金承接,收盘300.45 MA20上方 量比1.25,"次日开盘[-2%,+3%]为观察区间; 收盘站上max(开盘,昨收)视为买点触发",昨收300.45,板块退潮补跌/资金承接不足/持续阴跌,1
2026-07-29,2026-07-30,aggressive,lu,603178.SH,圣龙股份,汽车零部件,79.25,"{'theme': 0.6, 'ladder': 0.55, 'seal': 1.0, 'time': 1.0, 'liq': 0.6, 'struct': 1.0}",涨停组: 机器人方向 1板 封单比40.7% 涨停时间09:40 题材内涨停4家 成交1.9亿,机器人+飞行汽车+业绩扭亏+泵类龙头,1连板 换手承接量比1.03,"次日竞价与开盘承接: 高开幅度观察区间[-2%,+5%]; 开盘涨幅≤+3%且不破昨收-3%视为买点触发",昨收16.63,高位情绪兑现/次日低开大幅回撤/炸板断板,1
2026-07-29,2026-07-30,aggressive,lu,600429.SH,三元股份,饮料制造,79.25,"{'theme': 1.0, 'ladder': 0.55, 'seal': 1.0, 'time': 0.5, 'liq': 0.6, 'struct': 1.0}",涨停组: 乳业方向 1板 封单比18.9% 涨停时间13:16 题材内涨停6家 成交1.6亿,乳业+供应链优化+北京国资,1连板 换手承接量比1.94,"次日竞价与开盘承接: 高开幅度观察区间[-2%,+5%]; 开盘涨幅≤+3%且不破昨收-3%视为买点触发",昨收4.69,高位情绪兑现/次日低开大幅回撤/炸板断板,1
2026-07-29,2026-07-30,aggressive,nlu,002292.SZ,奥飞娱乐,影视院线,82.2859375,"{'sector': 0.6834375, 'trend': 1.0, 'pos': 0.6, 'mom': 1.0, 'liq': 1.0, 'recog': 0.85}","非涨停组: 趋势结构多头(MA20>MA60且上行), 处于活跃板块[影视院线](当日涨幅分位91%, 板块涨停1家) 距60日高点3.7% 20日涨幅21.3%",板块[影视院线]轮动延续/资金承接,收盘8.08 MA20上方 量比1.11,"次日开盘[-2%,+3%]为观察区间; 收盘站上max(开盘,昨收)视为买点触发",昨收8.08,板块退潮补跌/资金承接不足/持续阴跌,1
2026-07-30,2026-07-31,defensive,lu,603171.SH,税友股份,IT服务,78.25,"{'theme': 0.4, 'ladder': 0.55, 'seal': 1.0, 'time': 1.0, 'liq': 1.0, 'struct': 1.0}",涨停组: AI应用方向 1板 封单比18.7% 涨停时间09:44 题材内涨停3家 成交3.6亿,AI应用+财税SaaS+实控人增持,1连板 换手承接量比1.67,"次日竞价与开盘承接: 高开幅度观察区间[-2%,+5%]; 开盘涨幅≤+3%且不破昨收-3%视为买点触发",昨收41.47,高位情绪兑现/次日低开大幅回撤/炸板断板,1
2026-07-30,2026-07-31,defensive,lu,600228.SH,返利科技,文化传媒,74.5,"{'theme': 0.2, 'ladder': 0.9, 'seal': 1.0, 'time': 1.0, 'liq': 0.6, 'struct': 1.0}",涨停组: 控制权变更方向 2板 封单比36.8% 涨停时间09:37 题材内涨停2家 成交1.7亿,控制权变更+AI应用+在线导购,2连板 换手承接量比1.02,"次日竞价与开盘承接: 高开幅度观察区间[-2%,+5%]; 开盘涨幅≤+3%且不破昨收-3%视为买点触发",昨收7.33,高位情绪兑现/次日低开大幅回撤/炸板断板,1
2026-07-30,2026-07-31,defensive,nlu,300369.SZ,绿盟科技,软件开发,88.6640625,"{'sector': 0.6665625, 'trend': 1.0, 'pos': 1.0, 'mom': 1.0, 'liq': 1.0, 'recog': 0.85}","非涨停组: 趋势结构多头(MA20>MA60且上行), 处于活跃板块[软件开发](当日涨幅分位65%, 板块涨停2家) 距60日高点18.8% 20日涨幅18.4%",板块[软件开发]轮动延续/资金承接,收盘6.56 MA20上方 量比1.13,"次日开盘[-2%,+3%]为观察区间; 收盘站上max(开盘,昨收)视为买点触发",昨收6.56,板块退潮补跌/资金承接不足/持续阴跌,1
2026-07-31,2026-08-03,aggressive,lu,688095.SH,福昕软件,软件开发,90.25,"{'theme': 1.0, 'ladder': 0.55, 'seal': 1.0, 'time': 0.85, 'liq': 1.0, 'struct': 1.0}",涨停组: AI应用方向 1板 封单比20.2% 涨停时间10:03 题材内涨停15家 成交4.6亿,AI应用+引入战投+PDF软件,1连板 换手承接量比1.68,"次日竞价与开盘承接: 高开幅度观察区间[-2%,+5%]; 开盘涨幅≤+3%且不破昨收-3%视为买点触发",昨收67.03,高位情绪兑现/次日低开大幅回撤/炸板断板,1
2026-07-31,2026-08-03,aggressive,lu,603039.SH,泛微网络,软件开发,89.5,"{'theme': 1.0, 'ladder': 0.9, 'seal': 0.7, 'time': 0.85, 'liq': 1.0, 'struct': 1.0}",涨停组: AI应用方向 2板 封单比12.5% 涨停时间10:09 题材内涨停15家 成交8.6亿,AI应用+半年报预增+协同办公,2连板 换手承接量比1.63,"次日竞价与开盘承接: 高开幅度观察区间[-2%,+5%]; 开盘涨幅≤+3%且不破昨收-3%视为买点触发",昨收37.42,高位情绪兑现/次日低开大幅回撤/炸板断板,1
2026-07-31,2026-08-03,aggressive,nlu,601728.SH,中国电信,通信服务,93.4609375,"{'sector': 0.8584375000000001, 'trend': 1.0, 'pos': 1.0, 'mom': 1.0, 'liq': 1.0, 'recog': 0.85}","非涨停组: 趋势结构多头(MA20>MA60且上行), 处于活跃板块[通信服务](当日涨幅分位92%, 板块涨停3家) 距60日高点13.5% 20日涨幅16.0%",板块[通信服务]轮动延续/资金承接,收盘6.30 MA20上方 量比0.96,"次日开盘[-2%,+3%]为观察区间; 收盘站上max(开盘,昨收)视为买点触发",昨收6.30,板块退潮补跌/资金承接不足/持续阴跌,1
2026-08-03,2026-08-04,normal,lu,002896.SZ,中大力德,通用设备,88.5,"{'theme': 0.6, 'ladder': 0.9, 'seal': 1.0, 'time': 1.0, 'liq': 1.0, 'struct': 1.0}",涨停组: 人形机器人方向 2板 封单比39.6% 涨停时间09:31 题材内涨停4家 成交5.4亿,人形机器人+精密减速器+海外布局,2连板 换手承接量比1.13,"次日竞价与开盘承接: 高开幅度观察区间[-2%,+5%]; 开盘涨幅≤+3%且不破昨收-3%视为买点触发",昨收71.76,高位情绪兑现/次日低开大幅回撤/炸板断板,1
2026-08-03,2026-08-04,normal,lu,003001.SZ,中岩大地,建筑装饰,85.5,"{'theme': 0.8, 'ladder': 0.9, 'seal': 1.0, 'time': 1.0, 'liq': 0.6, 'struct': 0.6}",涨停组: 核电方向 2板 封单比43.1% 涨停时间09:30 题材内涨停5家 成交1.8亿,核电+可控核聚变+拟收购PCB刀具+岩土工程,2连板 换手承接量比0.49,"次日竞价与开盘承接: 高开幅度观察区间[-2%,+5%]; 开盘涨幅≤+3%且不破昨收-3%视为买点触发",昨收21.16,高位情绪兑现/次日低开大幅回撤/炸板断板,1
2026-08-03,2026-08-04,normal,nlu,600236.SH,桂冠电力,电力,87.6953125,"{'sector': 0.7878125, 'trend': 1.0, 'pos': 1.0, 'mom': 1.0, 'liq': 0.6, 'recog': 0.85}","非涨停组: 趋势结构多头(MA20>MA60且上行), 处于活跃板块[电力](当日涨幅分位83%, 板块涨停4家) 距60日高点10.7% 20日涨幅17.4%",板块[电力]轮动延续/资金承接,收盘11.05 MA20上方 量比1.06,"次日开盘[-2%,+3%]为观察区间; 收盘站上max(开盘,昨收)视为买点触发",昨收11.05,板块退潮补跌/资金承接不足/持续阴跌,1
2026-08-03,2026-08-04,normal,nlu,600941.SH,中国移动,通信服务,82.2390625,"{'sector': 0.6815625000000001, 'trend': 1.0, 'pos': 0.6, 'mom': 1.0, 'liq': 1.0, 'recog': 0.85}","非涨停组: 趋势结构多头(MA20>MA60且上行), 处于活跃板块[通信服务](当日涨幅分位91%, 板块涨停1家) 距60日高点2.1% 20日涨幅12.5%",板块[通信服务]轮动延续/资金承接,收盘98.97 MA20上方 量比0.91,"次日开盘[-2%,+3%]为观察区间; 收盘站上max(开盘,昨收)视为买点触发",昨收98.97,板块退潮补跌/资金承接不足/持续阴跌,1
2026-08-04,2026-08-05,aggressive,lu,000815.SZ,美利云,通信服务,96.0,"{'theme': 1.0, 'ladder': 1.0, 'seal': 1.0, 'time': 1.0, 'liq': 1.0, 'struct': 0.6}",涨停组: 算力租赁方向 3板 封单比44.5% 涨停时间09:30 题材内涨停8家 成交6.7亿,算力租赁+东数西算+央企,3连板 换手承接量比0.48,"次日竞价与开盘承接: 高开幅度观察区间[-2%,+5%]; 开盘涨幅≤+3%且不破昨收-3%视为买点触发",昨收18.37,高位情绪兑现/次日低开大幅回撤/炸板断板,1
2026-08-04,2026-08-05,aggressive,lu,600666.SH,奥瑞德,IT服务,93.25,"{'theme': 1.0, 'ladder': 0.55, 'seal': 1.0, 'time': 1.0, 'liq': 1.0, 'struct': 1.0}",涨停组: 算力租赁方向 1板 封单比26.1% 涨停时间09:37 题材内涨停8家 成交4.0亿,算力租赁+AI应用+蓝宝石,1连板 换手承接量比0.92,"次日竞价与开盘承接: 高开幅度观察区间[-2%,+5%]; 开盘涨幅≤+3%且不破昨收-3%视为买点触发",昨收3.78,高位情绪兑现/次日低开大幅回撤/炸板断板,1
2026-08-04,2026-08-05,aggressive,nlu,300002.SZ,神州泰岳,游戏,95.8515625,"{'sector': 0.9540624999999999, 'trend': 1.0, 'pos': 1.0, 'mom': 1.0, 'liq': 1.0, 'recog': 0.85}","非涨停组: 趋势结构多头(MA20>MA60且上行), 处于活跃板块[游戏](当日涨幅分位91%, 板块涨停3家) 距60日高点12.1% 20日涨幅12.0%",板块[游戏]轮动延续/资金承接,收盘8.78 MA20上方 量比0.90,"次日开盘[-2%,+3%]为观察区间; 收盘站上max(开盘,昨收)视为买点触发",昨收8.78,板块退潮补跌/资金承接不足/持续阴跌,1
2026-08-05,2026-08-06,aggressive,lu,300248.SZ,新开普,IT服务,80.25,"{'theme': 0.6, 'ladder': 0.55, 'seal': 1.0, 'time': 0.85, 'liq': 1.0, 'struct': 1.0}",涨停组: AI应用方向 1板 封单比19.0% 涨停时间09:50 题材内涨停4家 成交3.4亿,AI应用+星普大模型备案+智慧校园,1连板 换手承接量比2.13,"次日竞价与开盘承接: 高开幅度观察区间[-2%,+5%]; 开盘涨幅≤+3%且不破昨收-3%视为买点触发",昨收10.07,高位情绪兑现/次日低开大幅回撤/炸板断板,1
2026-08-05,2026-08-06,aggressive,lu,603186.SH,华正新材,元件,74.5,"{'theme': 0.4, 'ladder': 0.9, 'seal': 0.7, 'time': 0.85, 'liq': 1.0, 'struct': 1.0}",涨停组: 覆铜板方向 2板 封单比9.8% 涨停时间10:04 题材内涨停3家 成交16.5亿,覆铜板+AI算力+半年报预增,2连板 换手承接量比0.99,"次日竞价与开盘承接: 高开幅度观察区间[-2%,+5%]; 开盘涨幅≤+3%且不破昨收-3%视为买点触发",昨收119.31,高位情绪兑现/次日低开大幅回撤/炸板断板,1
2026-08-05,2026-08-06,aggressive,nlu,300628.SZ,亿联网络,通信设备,87.7234375,"{'sector': 0.9009375, 'trend': 1.0, 'pos': 0.6, 'mom': 1.0, 'liq': 1.0, 'recog': 0.85}","非涨停组: 趋势结构多头(MA20>MA60且上行), 处于活跃板块[通信设备](当日涨幅分位85%, 板块涨停5家) 距60日高点3.5% 20日涨幅13.9%",板块[通信设备]轮动延续/资金承接,收盘39.43 MA20上方 量比0.90,"次日开盘[-2%,+3%]为观察区间; 收盘站上max(开盘,昨收)视为买点触发",昨收39.43,板块退潮补跌/资金承接不足/持续阴跌,1
2026-08-06,2026-08-07,normal,lu,601101.SH,昊华能源,煤炭开采加工,88.25,"{'theme': 0.8, 'ladder': 0.55, 'seal': 1.0, 'time': 1.0, 'liq': 1.0, 'struct': 1.0}",涨停组: 煤炭方向 1板 封单比19.4% 涨停时间09:44 题材内涨停5家 成交3.9亿,煤炭+甲醇+中报预增+北京国资,1连板 换手承接量比1.08,"次日竞价与开盘承接: 高开幅度观察区间[-2%,+5%]; 开盘涨幅≤+3%且不破昨收-3%视为买点触发",昨收12.72,高位情绪兑现/次日低开大幅回撤/炸板断板,1
2026-08-06,2026-08-07,normal,lu,600403.SH,大有能源,煤炭开采加工,82.25,"{'theme': 0.8, 'ladder': 0.55, 'seal': 1.0, 'time': 0.7, 'liq': 1.0, 'struct': 1.0}",涨停组: 煤炭方向 1板 封单比17.3% 涨停时间11:27 题材内涨停5家 成交6.3亿,煤炭+中报减亏+河南国资,1连板 换手承接量比1.25,"次日竞价与开盘承接: 高开幅度观察区间[-2%,+5%]; 开盘涨幅≤+3%且不破昨收-3%视为买点触发",昨收6.41,高位情绪兑现/次日低开大幅回撤/炸板断板,1
2026-08-06,2026-08-07,normal,nlu,300628.SZ,亿联网络,通信设备,89.5359375,"{'sector': 0.9734375, 'trend': 1.0, 'pos': 0.6, 'mom': 1.0, 'liq': 1.0, 'recog': 0.85}","非涨停组: 趋势结构多头(MA20>MA60且上行), 处于活跃板块[通信设备](当日涨幅分位96%, 板块涨停8家) 距60日高点3.0% 20日涨幅15.7%",板块[通信设备]轮动延续/资金承接,收盘39.65 MA20上方 量比0.93,"次日开盘[-2%,+3%]为观察区间; 收盘站上max(开盘,昨收)视为买点触发",昨收39.65,板块退潮补跌/资金承接不足/持续阴跌,1
2026-08-06,2026-08-07,normal,nlu,002648.SZ,卫星化学,化学制品,88.1171875,"{'sector': 0.8446874999999999, 'trend': 1.0, 'pos': 1.0, 'mom': 1.0, 'liq': 1.0, 'recog': 0.6}","非涨停组: 趋势结构多头(MA20>MA60且上行), 处于活跃板块[化学制品](当日涨幅分位82%, 板块涨停7家) 距60日高点10.2% 20日涨幅11.6%",板块[化学制品]轮动延续/资金承接,收盘25.37 MA20上方 量比0.99,"次日开盘[-2%,+3%]为观察区间; 收盘站上max(开盘,昨收)视为买点触发",昨收25.37,板块退潮补跌/资金承接不足/持续阴跌,1
2026-08-07,2026-08-10,normal,lu,002900.SZ,哈三联,化学制药,90.25,"{'theme': 1.0, 'ladder': 0.55, 'seal': 1.0, 'time': 0.85, 'liq': 1.0, 'struct': 1.0}",涨停组: 创新药方向 1板 封单比18.8% 涨停时间09:48 题材内涨停8家 成交4.1亿,创新药+化学制药+中报预计减亏,1连板 换手承接量比1.22,"次日竞价与开盘承接: 高开幅度观察区间[-2%,+5%]; 开盘涨幅≤+3%且不破昨收-3%视为买点触发",昨收13.48,高位情绪兑现/次日低开大幅回撤/炸板断板,1
2026-08-07,2026-08-10,normal,lu,600664.SH,哈药股份,化学制药,89.25,"{'theme': 1.0, 'ladder': 0.55, 'seal': 1.0, 'time': 1.0, 'liq': 1.0, 'struct': 0.6}",涨停组: 创新药方向 1板 封单比19.8% 涨停时间09:33 题材内涨停8家 成交18.1亿,创新药+拟中标集采+业绩预增,1连板 换手承接量比0.62,"次日竞价与开盘承接: 高开幅度观察区间[-2%,+5%]; 开盘涨幅≤+3%且不破昨收-3%视为买点触发",昨收6.84,高位情绪兑现/次日低开大幅回撤/炸板断板,1
2026-08-07,2026-08-10,normal,nlu,000566.SZ,海南海药,化学制药,95.2734375,"{'sector': 0.9309375, 'trend': 1.0, 'pos': 1.0, 'mom': 1.0, 'liq': 1.0, 'recog': 0.85}","非涨停组: 趋势结构多头(MA20>MA60且上行), 处于活跃板块[化学制药](当日涨幅分位97%, 板块涨停6家) 距60日高点11.0% 20日涨幅21.0%",板块[化学制药]轮动延续/资金承接,收盘5.99 MA20上方 量比1.08,"次日开盘[-2%,+3%]为观察区间; 收盘站上max(开盘,昨收)视为买点触发",昨收5.99,板块退潮补跌/资金承接不足/持续阴跌,1
2026-08-07,2026-08-10,normal,nlu,301165.SZ,锐捷网络,通信设备,93.78125,"{'sector': 0.8712499999999999, 'trend': 1.0, 'pos': 1.0, 'mom': 1.0, 'liq': 1.0, 'recog': 0.85}","非涨停组: 趋势结构多头(MA20>MA60且上行), 处于活跃板块[通信设备](当日涨幅分位76%, 板块涨停4家) 距60日高点15.3% 20日涨幅14.1%",板块[通信设备]轮动延续/资金承接,收盘118.17 MA20上方 量比0.98,"次日开盘[-2%,+3%]为观察区间; 收盘站上max(开盘,昨收)视为买点触发",昨收118.17,板块退潮补跌/资金承接不足/持续阴跌,1
2026-08-10,2026-08-11,aggressive,lu,002589.SZ,瑞康医药,医药商业,98.5,"{'theme': 1.0, 'ladder': 0.9, 'seal': 1.0, 'time': 1.0, 'liq': 1.0, 'struct': 1.0}",涨停组: 创新药方向 2板 封单比18.7% 涨停时间09:41 题材内涨停7家 成交5.6亿,创新药+AI应用+医药流通,2连板 换手承接量比2.11,"次日竞价与开盘承接: 高开幅度观察区间[-2%,+5%]; 开盘涨幅≤+3%且不破昨收-3%视为买点触发",昨收3.34,高位情绪兑现/次日低开大幅回撤/炸板断板,1
2026-08-10,2026-08-11,aggressive,lu,600664.SH,哈药股份,化学制药,94.5,"{'theme': 1.0, 'ladder': 0.9, 'seal': 1.0, 'time': 1.0, 'liq': 1.0, 'struct': 0.6}",涨停组: 创新药方向 2板 封单比32.0% 涨停时间09:25 题材内涨停7家 成交9.9亿,创新药+集采拟中标+半年报预增,2连板 换手承接量比0.35,"次日竞价与开盘承接: 高开幅度观察区间[-2%,+5%]; 开盘涨幅≤+3%且不破昨收-3%视为买点触发",昨收7.52,高位情绪兑现/次日低开大幅回撤/炸板断板,1
2026-08-10,2026-08-11,aggressive,nlu,002173.SZ,创新医疗,医疗服务,93.5859375,"{'sector': 0.9834375, 'trend': 1.0, 'pos': 1.0, 'mom': 0.7, 'liq': 1.0, 'recog': 0.85}","非涨停组: 趋势结构多头(MA20>MA60且上行), 处于活跃板块[医疗服务](当日涨幅分位98%, 板块涨停6家) 距60日高点13.7% 20日涨幅32.1%",板块[医疗服务]轮动延续/资金承接,收盘21.92 MA20上方 量比1.09,"次日开盘[-2%,+3%]为观察区间; 收盘站上max(开盘,昨收)视为买点触发",昨收21.92,板块退潮补跌/资金承接不足/持续阴跌,1
2026-08-11,2026-08-12,defensive,lu,002329.SZ,皇氏集团,饮料制造,74.5,"{'theme': 0.2, 'ladder': 0.9, 'seal': 1.0, 'time': 1.0, 'liq': 0.6, 'struct': 1.0}",涨停组: 乳业方向 2板 封单比26.4% 涨停时间09:30 题材内涨停2家 成交2.0亿,乳业+新式茶饮+代工+种源突破,2连板 换手承接量比0.85,"次日竞价与开盘承接: 高开幅度观察区间[-2%,+5%]; 开盘涨幅≤+3%且不破昨收-3%视为买点触发",昨收3.82,高位情绪兑现/次日低开大幅回撤/炸板断板,1
2026-08-11,2026-08-12,defensive,lu,605288.SH,凯迪股份,自动化设备,73.25,"{'theme': 0.6, 'ladder': 0.55, 'seal': 1.0, 'time': 0.7, 'liq': 0.6, 'struct': 1.0}",涨停组: 机器人方向 1板 封单比24.2% 涨停时间11:16 题材内涨停4家 成交2.2亿,机器人+智能线性驱动+新能源汽车,1连板 换手承接量比1.22,"次日竞价与开盘承接: 高开幅度观察区间[-2%,+5%]; 开盘涨幅≤+3%且不破昨收-3%视为买点触发",昨收63.39,高位情绪兑现/次日低开大幅回撤/炸板断板,1
2026-08-11,2026-08-12,defensive,nlu,002173.SZ,创新医疗,医疗服务,93.5390625,"{'sector': 0.8615625, 'trend': 1.0, 'pos': 1.0, 'mom': 1.0, 'liq': 1.0, 'recog': 0.85}","非涨停组: 趋势结构多头(MA20>MA60且上行), 处于活跃板块[医疗服务](当日涨幅分位93%, 板块涨停2家) 距60日高点16.3% 20日涨幅25.8%",板块[医疗服务]轮动延续/资金承接,收盘21.24 MA20上方 量比0.80,"次日开盘[-2%,+3%]为观察区间; 收盘站上max(开盘,昨收)视为买点触发",昨收21.24,板块退潮补跌/资金承接不足/持续阴跌,1
2026-08-12,2026-08-13,aggressive,lu,002031.SZ,巨轮智能,专用设备,88.5,"{'theme': 0.6, 'ladder': 0.9, 'seal': 1.0, 'time': 1.0, 'liq': 1.0, 'struct': 1.0}",涨停组: 人形机器人方向 2板 封单比22.7% 涨停时间09:30 题材内涨停4家 成交13.5亿,人形机器人+RV减速器+轮胎模具,2连板 换手承接量比1.77,"次日竞价与开盘承接: 高开幅度观察区间[-2%,+5%]; 开盘涨幅≤+3%且不破昨收-3%视为买点触发",昨收6.42,高位情绪兑现/次日低开大幅回撤/炸板断板,1
2026-08-12,2026-08-13,aggressive,lu,000887.SZ,中鼎股份,汽车零部件,83.25,"{'theme': 0.6, 'ladder': 0.55, 'seal': 1.0, 'time': 1.0, 'liq': 1.0, 'struct': 1.0}",涨停组: 人形机器人方向 1板 封单比16.5% 涨停时间09:34 题材内涨停4家 成交11.8亿,人形机器人+液冷服务器+汽车零部件,1连板 换手承接量比1.54,"次日竞价与开盘承接: 高开幅度观察区间[-2%,+5%]; 开盘涨幅≤+3%且不破昨收-3%视为买点触发",昨收21.54,高位情绪兑现/次日低开大幅回撤/炸板断板,1
2026-08-12,2026-08-13,aggressive,nlu,300638.SZ,广和通,通信设备,95.8515625,"{'sector': 0.9540625, 'trend': 1.0, 'pos': 1.0, 'mom': 1.0, 'liq': 1.0, 'recog': 0.85}","非涨停组: 趋势结构多头(MA20>MA60且上行), 处于活跃板块[通信设备](当日涨幅分位95%, 板块涨停4家) 距60日高点13.6% 20日涨幅16.9%",板块[通信设备]轮动延续/资金承接,收盘21.26 MA20上方 量比0.89,"次日开盘[-2%,+3%]为观察区间; 收盘站上max(开盘,昨收)视为买点触发",昨收21.26,板块退潮补跌/资金承接不足/持续阴跌,1
2026-08-13,2026-08-14,defensive,lu,600881.SH,亚泰集团,综合,90.0,"{'theme': 0.6, 'ladder': 1.0, 'seal': 1.0, 'time': 1.0, 'liq': 1.0, 'struct': 1.0}",涨停组: 创新药方向 3板 封单比15.7% 涨停时间09:36 题材内涨停4家 成交6.4亿,创新药+预重整+重整投资人招募+长春国资,3连板 换手承接量比1.47,"次日竞价与开盘承接: 高开幅度观察区间[-2%,+5%]; 开盘涨幅≤+3%且不破昨收-3%视为买点触发",昨收2.27,高位情绪兑现/次日低开大幅回撤/炸板断板,1
2026-08-13,2026-08-14,defensive,lu,002219.SZ,新里程,医疗服务,74.25,"{'theme': 0.6, 'ladder': 0.55, 'seal': 0.7, 'time': 0.85, 'liq': 1.0, 'struct': 1.0}",涨停组: 创新药方向 1板 封单比10.6% 涨停时间10:02 题材内涨停4家 成交6.0亿,创新药+智能机器人+脑机接口+银发经济,1连板 换手承接量比1.78,"次日竞价与开盘承接: 高开幅度观察区间[-2%,+5%]; 开盘涨幅≤+3%且不破昨收-3%视为买点触发",昨收2.5,高位情绪兑现/次日低开大幅回撤/炸板断板,1
2026-08-13,2026-08-14,defensive,nlu,002173.SZ,创新医疗,医疗服务,99.9453125,"{'sector': 0.9978124999999999, 'trend': 1.0, 'pos': 1.0, 'mom': 1.0, 'liq': 1.0, 'recog': 1.0}","非涨停组: 趋势结构多头(MA20>MA60且上行), 处于活跃板块[医疗服务](当日涨幅分位100%, 板块涨停6家) 距60日高点11.7% 20日涨幅26.6%",板块[医疗服务]轮动延续/资金承接,收盘22.08 MA20上方 量比1.09,"次日开盘[-2%,+3%]为观察区间; 收盘站上max(开盘,昨收)视为买点触发",昨收22.08,板块退潮补跌/资金承接不足/持续阴跌,1
2026-08-14,2026-08-17,defensive,lu,603330.SH,天洋新材,塑料制品,81.0,"{'theme': 0.4, 'ladder': 1.0, 'seal': 1.0, 'time': 1.0, 'liq': 0.6, 'struct': 1.0}",涨停组: CPO方向 3板 封单比34.9% 涨停时间09:30 题材内涨停3家 成交2.7亿,CPO+电子胶+半年报预盈,3连板 换手承接量比0.82,"次日竞价与开盘承接: 高开幅度观察区间[-2%,+5%]; 开盘涨幅≤+3%且不破昨收-3%视为买点触发",昨收10.68,高位情绪兑现/次日低开大幅回撤/炸板断板,1
2026-08-14,2026-08-17,defensive,lu,301419.SZ,阿莱德,通信设备,72.25,"{'theme': 0.4, 'ladder': 0.55, 'seal': 1.0, 'time': 0.7, 'liq': 1.0, 'struct': 1.0}",涨停组: CPO方向 1板 封单比38.0% 涨停时间10:31 题材内涨停3家 成交4.4亿,CPO+存储芯片+导热材料,1连板 换手承接量比2.58,"次日竞价与开盘承接: 高开幅度观察区间[-2%,+5%]; 开盘涨幅≤+3%且不破昨收-3%视为买点触发",昨收37.62,高位情绪兑现/次日低开大幅回撤/炸板断板,1
2026-08-14,2026-08-17,defensive,nlu,301536.SZ,星宸科技,半导体,89.0859375,"{'sector': 0.8034375, 'trend': 1.0, 'pos': 1.0, 'mom': 0.7, 'liq': 1.0, 'recog': 0.85}","非涨停组: 趋势结构多头(MA20>MA60且上行), 处于活跃板块[半导体](当日涨幅分位93%, 板块涨停2家) 距60日高点16.6% 20日涨幅33.2%",板块[半导体]轮动延续/资金承接,收盘122.31 MA20上方 量比0.93,"次日开盘[-2%,+3%]为观察区间; 收盘站上max(开盘,昨收)视为买点触发",昨收122.31,板块退潮补跌/资金承接不足/持续阴跌,1
2026-08-17,2026-08-18,aggressive,lu,002448.SZ,中原内配,汽车零部件,70.25,"{'theme': 0.2, 'ladder': 0.55, 'seal': 1.0, 'time': 0.85, 'liq': 1.0, 'struct': 1.0}",涨停组: 人形机器人方向 1板 封单比17.1% 涨停时间09:58 题材内涨停2家 成交5.2亿,人形机器人+AIDC+气缸套龙头+中报预增,1连板 换手承接量比1.65,"次日竞价与开盘承接: 高开幅度观察区间[-2%,+5%]; 开盘涨幅≤+3%且不破昨收-3%视为买点触发",昨收13.63,高位情绪兑现/次日低开大幅回撤/炸板断板,1
2026-08-17,2026-08-18,aggressive,lu,600127.SH,金健米业,农产品加工,69.25,"{'theme': 0.2, 'ladder': 0.55, 'seal': 1.0, 'time': 1.0, 'liq': 0.6, 'struct': 1.0}",涨停组: 粮食概念方向 1板 封单比62.9% 涨停时间09:30 题材内涨停2家 成交2.5亿,粮食概念+大健康食品+湖南国资,1连板 换手承接量比1.21,"次日竞价与开盘承接: 高开幅度观察区间[-2%,+5%]; 开盘涨幅≤+3%且不破昨收-3%视为买点触发",昨收6.46,高位情绪兑现/次日低开大幅回撤/炸板断板,1
2026-08-17,2026-08-18,aggressive,nlu,603228.SH,景旺电子,元件,89.63125,"{'sector': 0.96125, 'trend': 1.0, 'pos': 0.8, 'mom': 0.7, 'liq': 1.0, 'recog': 0.85}","非涨停组: 趋势结构多头(MA20>MA60且上行), 处于活跃板块[元件](当日涨幅分位94%, 板块涨停4家) 距60日高点8.6% 20日涨幅35.0%",板块[元件]轮动延续/资金承接,收盘96.93 MA20上方 量比0.83,"次日开盘[-2%,+3%]为观察区间; 收盘站上max(开盘,昨收)视为买点触发",昨收96.93,板块退潮补跌/资金承接不足/持续阴跌,1
2026-08-18,2026-08-19,defensive,lu,600313.SH,农发种业,种植业与林业,88.5,"{'theme': 0.6, 'ladder': 0.9, 'seal': 1.0, 'time': 1.0, 'liq': 1.0, 'struct': 1.0}",涨停组: 种业方向 2板 封单比15.9% 涨停时间09:38 题材内涨停4家 成交6.3亿,种业+粮食概念+央企,2连板 换手承接量比2.26,"次日竞价与开盘承接: 高开幅度观察区间[-2%,+5%]; 开盘涨幅≤+3%且不破昨收-3%视为买点触发",昨收6.78,高位情绪兑现/次日低开大幅回撤/炸板断板,1
2026-08-18,2026-08-19,defensive,lu,600108.SH,亚盛集团,种植业与林业,79.25,"{'theme': 0.6, 'ladder': 0.55, 'seal': 1.0, 'time': 1.0, 'liq': 0.6, 'struct': 1.0}",涨停组: 粮食概念方向 1板 封单比44.8% 涨停时间09:36 题材内涨停4家 成交3.0亿,粮食概念+玉米制种+甘肃国资,1连板 换手承接量比1.22,"次日竞价与开盘承接: 高开幅度观察区间[-2%,+5%]; 开盘涨幅≤+3%且不破昨收-3%视为买点触发",昨收3.56,高位情绪兑现/次日低开大幅回撤/炸板断板,1
2026-08-18,2026-08-19,defensive,nlu,000048.SZ,京基智农,养殖业,95.3984375,"{'sector': 0.9359375, 'trend': 1.0, 'pos': 1.0, 'mom': 1.0, 'liq': 1.0, 'recog': 0.85}","非涨停组: 趋势结构多头(MA20>MA60且上行), 处于活跃板块[养殖业](当日涨幅分位94%, 板块涨停3家) 距60日高点10.5% 20日涨幅16.8%",板块[养殖业]轮动延续/资金承接,收盘23.61 MA20上方 量比0.97,"次日开盘[-2%,+3%]为观察区间; 收盘站上max(开盘,昨收)视为买点触发",昨收23.61,板块退潮补跌/资金承接不足/持续阴跌,1
2026-08-19,2026-08-20,defensive,lu,002900.SZ,哈三联,化学制药,79.25,"{'theme': 0.6, 'ladder': 0.55, 'seal': 1.0, 'time': 1.0, 'liq': 1.0, 'struct': 0.6}",涨停组: 创新药方向 1板 封单比46.1% 涨停时间09:31 题材内涨停4家 成交3.2亿,创新药+化学制药+中报预计减亏,1连板 换手承接量比0.70,"次日竞价与开盘承接: 高开幅度观察区间[-2%,+5%]; 开盘涨幅≤+3%且不破昨收-3%视为买点触发",昨收15.63,高位情绪兑现/次日低开大幅回撤/炸板断板,1
2026-08-19,2026-08-20,defensive,lu,002412.SZ,汉森制药,中药,79.25,"{'theme': 0.6, 'ladder': 0.55, 'seal': 1.0, 'time': 1.0, 'liq': 0.6, 'struct': 1.0}",涨停组: 创新药方向 1板 封单比32.8% 涨停时间09:33 题材内涨停4家 成交2.6亿,创新药+中药+中报预增,1连板 换手承接量比1.06,"次日竞价与开盘承接: 高开幅度观察区间[-2%,+5%]; 开盘涨幅≤+3%且不破昨收-3%视为买点触发",昨收8.42,高位情绪兑现/次日低开大幅回撤/炸板断板,1
2026-08-19,2026-08-20,defensive,nlu,600985.SH,淮北矿业,煤炭开采加工,89.71562499999999,"{'sector': 0.9806249999999999, 'trend': 1.0, 'pos': 0.6, 'mom': 1.0, 'liq': 1.0, 'recog': 0.85}","非涨停组: 趋势结构多头(MA20>MA60且上行), 处于活跃板块[煤炭开采加工](当日涨幅分位98%, 板块涨停4家) 距60日高点4.2% 20日涨幅11.4%",板块[煤炭开采加工]轮动延续/资金承接,收盘17.14 MA20上方 量比1.13,"次日开盘[-2%,+3%]为观察区间; 收盘站上max(开盘,昨收)视为买点触发",昨收17.14,板块退潮补跌/资金承接不足/持续阴跌,1
2026-08-20,2026-08-21,aggressive,lu,600613.SH,神奇制药,化学制药,93.25,"{'theme': 1.0, 'ladder': 0.55, 'seal': 1.0, 'time': 1.0, 'liq': 1.0, 'struct': 1.0}",涨停组: 创新药方向 1板 封单比65.9% 涨停时间09:30 题材内涨停12家 成交5.1亿,创新药+抗肿瘤+品牌OTC,1连板 换手承接量比0.87,"次日竞价与开盘承接: 高开幅度观察区间[-2%,+5%]; 开盘涨幅≤+3%且不破昨收-3%视为买点触发",昨收8.56,高位情绪兑现/次日低开大幅回撤/炸板断板,1
2026-08-20,2026-08-21,aggressive,lu,002940.SZ,昂利康,化学制药,93.25,"{'theme': 1.0, 'ladder': 0.55, 'seal': 1.0, 'time': 1.0, 'liq': 1.0, 'struct': 1.0}",涨停组: 创新药方向 1板 封单比21.2% 涨停时间09:30 题材内涨停12家 成交5.2亿,创新药+仿制药获批+定增过会,1连板 换手承接量比1.90,"次日竞价与开盘承接: 高开幅度观察区间[-2%,+5%]; 开盘涨幅≤+3%且不破昨收-3%视为买点触发",昨收28.41,高位情绪兑现/次日低开大幅回撤/炸板断板,1
2026-08-20,2026-08-21,aggressive,nlu,603236.SH,移远通信,通信设备,94.0921875,"{'sector': 0.8996875, 'trend': 1.0, 'pos': 0.8, 'mom': 1.0, 'liq': 1.0, 'recog': 1.0}","非涨停组: 趋势结构多头(MA20>MA60且上行), 处于活跃板块[通信设备](当日涨幅分位94%, 板块涨停3家) 距60日高点5.7% 20日涨幅21.2%",板块[通信设备]轮动延续/资金承接,收盘59.37 MA20上方 量比0.56,"次日开盘[-2%,+3%]为观察区间; 收盘站上max(开盘,昨收)视为买点触发",昨收59.37,板块退潮补跌/资金承接不足/持续阴跌,1
2026-08-21,2026-08-24,normal,lu,003018.SZ,金富科技,包装印刷,73.25,"{'theme': 0.2, 'ladder': 0.55, 'seal': 1.0, 'time': 1.0, 'liq': 1.0, 'struct': 1.0}",涨停组: 液冷服务器方向 1板 封单比15.5% 涨停时间09:45 题材内涨停2家 成交3.8亿,液冷服务器+定增扩产+中报预增,1连板 换手承接量比0.81,"次日竞价与开盘承接: 高开幅度观察区间[-2%,+5%]; 开盘涨幅≤+3%且不破昨收-3%视为买点触发",昨收43.02,高位情绪兑现/次日低开大幅回撤/炸板断板,1
2026-08-21,2026-08-24,normal,lu,002209.SZ,达意隆,专用设备,73.25,"{'theme': 0.6, 'ladder': 0.55, 'seal': 0.7, 'time': 1.0, 'liq': 0.6, 'struct': 1.0}",涨停组: 半年报增长方向 1板 封单比11.6% 涨停时间09:25 题材内涨停4家 成交2.1亿,半年报增长+机器人+液态包装装备,1连板 换手承接量比1.99,"次日竞价与开盘承接: 高开幅度观察区间[-2%,+5%]; 开盘涨幅≤+3%且不破昨收-3%视为买点触发",昨收13.16,高位情绪兑现/次日低开大幅回撤/炸板断板,1
2026-08-21,2026-08-24,normal,nlu,603236.SH,移远通信,通信设备,89.678125,"{'sector': 0.8431249999999999, 'trend': 1.0, 'pos': 0.8, 'mom': 1.0, 'liq': 1.0, 'recog': 0.85}","非涨停组: 趋势结构多头(MA20>MA60且上行), 处于活跃板块[通信设备](当日涨幅分位89%, 板块涨停6家) 距60日高点8.6% 20日涨幅18.7%",板块[通信设备]轮动延续/资金承接,收盘57.51 MA20上方 量比0.84,"次日开盘[-2%,+3%]为观察区间; 收盘站上max(开盘,昨收)视为买点触发",昨收57.51,板块退潮补跌/资金承接不足/持续阴跌,1
2026-08-21,2026-08-24,normal,nlu,600490.SH,鹏欣资源,工业金属,88.8109375,"{'sector': 0.9684375000000001, 'trend': 1.0, 'pos': 0.8, 'mom': 1.0, 'liq': 0.6, 'recog': 0.85}","非涨停组: 趋势结构多头(MA20>MA60且上行), 处于活跃板块[工业金属](当日涨幅分位98%, 板块涨停3家) 距60日高点8.7% 20日涨幅21.6%",板块[工业金属]轮动延续/资金承接,收盘7.37 MA20上方 量比1.03,"次日开盘[-2%,+3%]为观察区间; 收盘站上max(开盘,昨收)视为买点触发",昨收7.37,板块退潮补跌/资金承接不足/持续阴跌,1
2026-08-24,2026-08-25,defensive,lu,600508.SH,上海能源,煤炭开采加工,80.25,"{'theme': 0.6, 'ladder': 0.55, 'seal': 1.0, 'time': 0.85, 'liq': 1.0, 'struct': 1.0}",涨停组: 中报增长方向 1板 封单比21.4% 涨停时间09:52 题材内涨停4家 成交3.5亿,中报增长+煤炭+新能源,1连板 换手承接量比2.24,"次日竞价与开盘承接: 高开幅度观察区间[-2%,+5%]; 开盘涨幅≤+3%且不破昨收-3%视为买点触发",昨收9.88,高位情绪兑现/次日低开大幅回撤/炸板断板,1
2026-08-24,2026-08-25,defensive,lu,603032.SH,德新科技,电池,79.25,"{'theme': 0.6, 'ladder': 0.55, 'seal': 1.0, 'time': 1.0, 'liq': 0.6, 'struct': 1.0}",涨停组: 中报增长方向 1板 封单比28.5% 涨停时间09:37 题材内涨停4家 成交1.7亿,中报增长+锂电模具+机器人,1连板 换手承接量比1.48,"次日竞价与开盘承接: 高开幅度观察区间[-2%,+5%]; 开盘涨幅≤+3%且不破昨收-3%视为买点触发",昨收20.22,高位情绪兑现/次日低开大幅回撤/炸板断板,1
2026-08-24,2026-08-25,defensive,nlu,600313.SH,农发种业,种植业与林业,94.1640625,"{'sector': 0.7665625, 'trend': 1.0, 'pos': 1.0, 'mom': 1.0, 'liq': 1.0, 'recog': 1.0}","非涨停组: 趋势结构多头(MA20>MA60且上行), 处于活跃板块[种植业与林业](当日涨幅分位95%, 板块涨停1家) 距60日高点11.9% 20日涨幅21.4%",板块[种植业与林业]轮动延续/资金承接,收盘6.65 MA20上方 量比0.90,"次日开盘[-2%,+3%]为观察区间; 收盘站上max(开盘,昨收)视为买点触发",昨收6.65,板块退潮补跌/资金承接不足/持续阴跌,1
2026-08-25,2026-08-26,defensive,lu,000566.SZ,海南海药,化学制药,70.25,"{'theme': 0.2, 'ladder': 0.55, 'seal': 1.0, 'time': 0.85, 'liq': 1.0, 'struct': 1.0}",涨停组: 创新药方向 1板 封单比26.3% 涨停时间09:54 题材内涨停2家 成交4.9亿,创新药+集采药品+医药产业链+脑机接口,1连板 换手承接量比0.91,"次日竞价与开盘承接: 高开幅度观察区间[-2%,+5%]; 开盘涨幅≤+3%且不破昨收-3%视为买点触发",昨收4.97,高位情绪兑现/次日低开大幅回撤/炸板断板,1
2026-08-25,2026-08-26,defensive,lu,600371.SH,万向德农,种植业与林业,67.25,"{'theme': 0.2, 'ladder': 0.55, 'seal': 0.7, 'time': 1.0, 'liq': 1.0, 'struct': 1.0}",涨停组: 粮食概念方向 1板 封单比11.5% 涨停时间09:33 题材内涨停2家 成交4.1亿,粮食概念+转基因玉米+玉米种业,1连板 换手承接量比1.08,"次日竞价与开盘承接: 高开幅度观察区间[-2%,+5%]; 开盘涨幅≤+3%且不破昨收-3%视为买点触发",昨收8.67,高位情绪兑现/次日低开大幅回撤/炸板断板,1
2026-08-25,2026-08-26,defensive,nlu,601118.SH,海南橡胶,种植业与林业,91.4140625,"{'sector': 0.7765624999999999, 'trend': 1.0, 'pos': 1.0, 'mom': 1.0, 'liq': 1.0, 'recog': 0.85}","非涨停组: 趋势结构多头(MA20>MA60且上行), 处于活跃板块[种植业与林业](当日涨幅分位95%, 板块涨停2家) 距60日高点16.2% 20日涨幅29.2%",板块[种植业与林业]轮动延续/资金承接,收盘6.11 MA20上方 量比0.91,"次日开盘[-2%,+3%]为观察区间; 收盘站上max(开盘,昨收)视为买点触发",昨收6.11,板块退潮补跌/资金承接不足/持续阴跌,1
2026-08-26,2026-08-27,normal,lu,603979.SH,金诚信,工业金属,75.25,"{'theme': 0.4, 'ladder': 0.55, 'seal': 1.0, 'time': 0.85, 'liq': 1.0, 'struct': 1.0}",涨停组: 中报增长方向 1板 封单比24.1% 涨停时间09:47 题材内涨停3家 成交5.1亿,中报增长+铜矿开发+矿山服务,1连板 换手承接量比1.01,"次日竞价与开盘承接: 高开幅度观察区间[-2%,+5%]; 开盘涨幅≤+3%且不破昨收-3%视为买点触发",昨收80.71,高位情绪兑现/次日低开大幅回撤/炸板断板,1
2026-08-26,2026-08-27,normal,lu,605277.SH,新亚电子,消费电子,74.25,"{'theme': 0.4, 'ladder': 0.55, 'seal': 1.0, 'time': 1.0, 'liq': 0.6, 'struct': 1.0}",涨停组: 半年报增长方向 1板 封单比36.7% 涨停时间09:30 题材内涨停3家 成交1.8亿,半年报增长+高速铜缆+AI服务器,1连板 换手承接量比1.83,"次日竞价与开盘承接: 高开幅度观察区间[-2%,+5%]; 开盘涨幅≤+3%且不破昨收-3%视为买点触发",昨收16.69,高位情绪兑现/次日低开大幅回撤/炸板断板,1
2026-08-26,2026-08-27,normal,nlu,600490.SH,鹏欣资源,工业金属,87.9828125,"{'sector': 0.9753125, 'trend': 1.0, 'pos': 0.8, 'mom': 1.0, 'liq': 1.0, 'recog': 0.6}","非涨停组: 趋势结构多头(MA20>MA60且上行), 处于活跃板块[工业金属](当日涨幅分位97%, 板块涨停4家) 距60日高点6.9% 20日涨幅15.4%",板块[工业金属]轮动延续/资金承接,收盘7.51 MA20上方 量比1.01,"次日开盘[-2%,+3%]为观察区间; 收盘站上max(开盘,昨收)视为买点触发",昨收7.51,板块退潮补跌/资金承接不足/持续阴跌,1
2026-08-26,2026-08-27,normal,nlu,300945.SZ,曼卡龙,服装家纺,79.553125,"{'sector': 0.598125, 'trend': 1.0, 'pos': 0.8, 'mom': 1.0, 'liq': 0.6, 'recog': 0.85}","非涨停组: 趋势结构多头(MA20>MA60且上行), 处于活跃板块[服装家纺](当日涨幅分位38%, 板块涨停3家) 距60日高点7.6% 20日涨幅17.6%",板块[服装家纺]轮动延续/资金承接,收盘12.94 MA20上方 量比1.23,"次日开盘[-2%,+3%]为观察区间; 收盘站上max(开盘,昨收)视为买点触发",昨收12.94,板块退潮补跌/资金承接不足/持续阴跌,1
2026-08-27,2026-08-28,normal,lu,600654.SH,中安科,其他社会服务,83.25,"{'theme': 0.6, 'ladder': 0.55, 'seal': 1.0, 'time': 1.0, 'liq': 1.0, 'struct': 1.0}",涨停组: 半年报增长方向 1板 封单比24.7% 涨停时间09:38 题材内涨停4家 成交3.3亿,半年报增长+安保安防+AI算力,1连板 换手承接量比1.70,"次日竞价与开盘承接: 高开幅度观察区间[-2%,+5%]; 开盘涨幅≤+3%且不破昨收-3%视为买点触发",昨收3.3,高位情绪兑现/次日低开大幅回撤/炸板断板,1
2026-08-27,2026-08-28,normal,lu,000951.SZ,中国重汽,汽车整车,77.25,"{'theme': 0.6, 'ladder': 0.55, 'seal': 0.7, 'time': 1.0, 'liq': 1.0, 'struct': 1.0}",涨停组: 半年报增长方向 1板 封单比8.4% 涨停时间09:32 题材内涨停4家 成交6.9亿,半年报增长+新能源重卡+重卡出口,1连板 换手承接量比2.17,"次日竞价与开盘承接: 高开幅度观察区间[-2%,+5%]; 开盘涨幅≤+3%且不破昨收-3%视为买点触发",昨收22.39,高位情绪兑现/次日低开大幅回撤/炸板断板,1
2026-08-27,2026-08-28,normal,nlu,601069.SH,西部黄金,贵金属,93.421875,"{'sector': 0.736875, 'trend': 1.0, 'pos': 1.0, 'mom': 1.0, 'liq': 1.0, 'recog': 1.0}","非涨停组: 趋势结构多头(MA20>MA60且上行), 处于活跃板块[贵金属](当日涨幅分位89%, 板块涨停1家) 距60日高点11.1% 20日涨幅25.8%",板块[贵金属]轮动延续/资金承接,收盘30.71 MA20上方 量比0.84,"次日开盘[-2%,+3%]为观察区间; 收盘站上max(开盘,昨收)视为买点触发",昨收30.71,板块退潮补跌/资金承接不足/持续阴跌,1
2026-08-27,2026-08-28,normal,nlu,688037.SH,芯源微,半导体,92.0390625,"{'sector': 0.9215625, 'trend': 1.0, 'pos': 1.0, 'mom': 0.7, 'liq': 1.0, 'recog': 0.85}","非涨停组: 趋势结构多头(MA20>MA60且上行), 处于活跃板块[半导体](当日涨幅分位97%, 板块涨停6家) 距60日高点18.4% 20日涨幅31.2%",板块[半导体]轮动延续/资金承接,收盘375.00 MA20上方 量比0.97,"次日开盘[-2%,+3%]为观察区间; 收盘站上max(开盘,昨收)视为买点触发",昨收375.00,板块退潮补跌/资金承接不足/持续阴跌,1
2026-08-28,2026-08-31,normal,lu,600654.SH,中安科,其他社会服务,98.5,"{'theme': 1.0, 'ladder': 0.9, 'seal': 1.0, 'time': 1.0, 'liq': 1.0, 'struct': 1.0}",涨停组: 半年报增长方向 2板 封单比29.7% 涨停时间09:25 题材内涨停7家 成交4.2亿,半年报增长+安保安防+AI算力,2连板 换手承接量比1.52,"次日竞价与开盘承接: 高开幅度观察区间[-2%,+5%]; 开盘涨幅≤+3%且不破昨收-3%视为买点触发",昨收3.63,高位情绪兑现/次日低开大幅回撤/炸板断板,1
2026-08-28,2026-08-31,normal,lu,600378.SH,昊华科技,化学制品,92.5,"{'theme': 1.0, 'ladder': 0.9, 'seal': 0.7, 'time': 1.0, 'liq': 1.0, 'struct': 1.0}",涨停组: 半年报增长方向 2板 封单比14.5% 涨停时间09:25 题材内涨停7家 成交29.8亿,半年报增长+PTFE+AI液冷+氟化工,2连板 换手承接量比1.36,"次日竞价与开盘承接: 高开幅度观察区间[-2%,+5%]; 开盘涨幅≤+3%且不破昨收-3%视为买点触发",昨收53.31,高位情绪兑现/次日低开大幅回撤/炸板断板,1
2026-08-28,2026-08-31,normal,nlu,300970.SZ,华绿生物,种植业与林业,96.515625,"{'sector': 0.980625, 'trend': 1.0, 'pos': 1.0, 'mom': 1.0, 'liq': 1.0, 'recog': 0.85}","非涨停组: 趋势结构多头(MA20>MA60且上行), 处于活跃板块[种植业与林业](当日涨幅分位96%, 板块涨停4家) 距60日高点16.2% 20日涨幅29.0%",板块[种植业与林业]轮动延续/资金承接,收盘20.82 MA20上方 量比1.03,"次日开盘[-2%,+3%]为观察区间; 收盘站上max(开盘,昨收)视为买点触发",昨收20.82,板块退潮补跌/资金承接不足/持续阴跌,1
2026-08-28,2026-08-31,normal,nlu,000620.SZ,盈新发展,房地产,93.9765625,"{'sector': 0.7590625, 'trend': 1.0, 'pos': 1.0, 'mom': 1.0, 'liq': 1.0, 'recog': 1.0}","非涨停组: 趋势结构多头(MA20>MA60且上行), 处于活跃板块[房地产](当日涨幅分位82%, 板块涨停2家) 距60日高点14.6% 20日涨幅28.0%",板块[房地产]轮动延续/资金承接,收盘3.38 MA20上方 量比0.69,"次日开盘[-2%,+3%]为观察区间; 收盘站上max(开盘,昨收)视为买点触发",昨收3.38,板块退潮补跌/资金承接不足/持续阴跌,1
2026-08-31,2026-09-01,aggressive,lu,601086.SH,国芳集团,零售,84.5,"{'theme': 0.6, 'ladder': 0.9, 'seal': 1.0, 'time': 1.0, 'liq': 0.6, 'struct': 1.0}",涨停组: 半年报增长方向 2板 封单比36.3% 涨停时间09:25 题材内涨停4家 成交2.3亿,半年报增长+新零售+连锁零售,2连板 换手承接量比1.90,"次日竞价与开盘承接: 高开幅度观察区间[-2%,+5%]; 开盘涨幅≤+3%且不破昨收-3%视为买点触发",昨收9.17,高位情绪兑现/次日低开大幅回撤/炸板断板,1
2026-08-31,2026-09-01,aggressive,lu,601330.SH,绿色动力,环境治理,79.25,"{'theme': 0.6, 'ladder': 0.55, 'seal': 1.0, 'time': 1.0, 'liq': 0.6, 'struct': 1.0}",涨停组: 中报增长方向 1板 封单比21.8% 涨停时间09:36 题材内涨停4家 成交2.1亿,中报增长+绿色电力+垃圾焚烧+北京国资,1连板 换手承接量比2.56,"次日竞价与开盘承接: 高开幅度观察区间[-2%,+5%]; 开盘涨幅≤+3%且不破昨收-3%视为买点触发",昨收7.81,高位情绪兑现/次日低开大幅回撤/炸板断板,1
2026-08-31,2026-09-01,aggressive,nlu,002445.SZ,中南文化,通用设备,94.8203125,"{'sector': 0.9128125, 'trend': 1.0, 'pos': 1.0, 'mom': 1.0, 'liq': 1.0, 'recog': 0.85}","非涨停组: 趋势结构多头(MA20>MA60且上行), 处于活跃板块[通用设备](当日涨幅分位91%, 板块涨停7家) 距60日高点16.2% 20日涨幅17.5%",板块[通用设备]轮动延续/资金承接,收盘3.42 MA20上方 量比0.72,"次日开盘[-2%,+3%]为观察区间; 收盘站上max(开盘,昨收)视为买点触发",昨收3.42,板块退潮补跌/资金承接不足/持续阴跌,1
2026-09-01,2026-09-02,aggressive,lu,603123.SH,翠微股份,多元金融,75.25,"{'theme': 0.4, 'ladder': 0.55, 'seal': 1.0, 'time': 0.85, 'liq': 1.0, 'struct': 1.0}",涨停组: 数字人民币方向 1板 封单比17.0% 涨停时间09:57 题材内涨停3家 成交5.5亿,数字人民币+跨境支付+AI应用+北京国资,1连板 换手承接量比1.37,"次日竞价与开盘承接: 高开幅度观察区间[-2%,+5%]; 开盘涨幅≤+3%且不破昨收-3%视为买点触发",昨收10.44,高位情绪兑现/次日低开大幅回撤/炸板断板,1
2026-09-01,2026-09-02,aggressive,lu,002104.SZ,恒宝股份,通信设备,74.25,"{'theme': 0.4, 'ladder': 0.55, 'seal': 1.0, 'time': 1.0, 'liq': 1.0, 'struct': 0.6}",涨停组: 数字人民币方向 1板 封单比19.1% 涨停时间09:35 题材内涨停3家 成交4.9亿,数字人民币+eSIM+数据安全,1连板 换手承接量比0.63,"次日竞价与开盘承接: 高开幅度观察区间[-2%,+5%]; 开盘涨幅≤+3%且不破昨收-3%视为买点触发",昨收12.28,高位情绪兑现/次日低开大幅回撤/炸板断板,1
2026-09-01,2026-09-02,aggressive,nlu,601118.SH,海南橡胶,种植业与林业,93.5296875,"{'sector': 0.9971874999999999, 'trend': 1.0, 'pos': 0.8, 'mom': 1.0, 'liq': 1.0, 'recog': 0.85}","非涨停组: 趋势结构多头(MA20>MA60且上行), 处于活跃板块[种植业与林业](当日涨幅分位100%, 板块涨停9家) 距60日高点5.1% 20日涨幅24.8%",板块[种植业与林业]轮动延续/资金承接,收盘6.55 MA20上方 量比0.97,"次日开盘[-2%,+3%]为观察区间; 收盘站上max(开盘,昨收)视为买点触发",昨收6.55,板块退潮补跌/资金承接不足/持续阴跌,1
2026-09-02,2026-09-03,defensive,lu,002274.SZ,华昌化工,化学原料,67.25,"{'theme': 0.2, 'ladder': 0.55, 'seal': 0.7, 'time': 1.0, 'liq': 1.0, 'struct': 1.0}",涨停组: 控制权变更方向 1板 封单比12.5% 涨停时间09:25 题材内涨停2家 成交6.6亿,控制权变更+多元醇+业绩增长,1连板 换手承接量比1.51,"次日竞价与开盘承接: 高开幅度观察区间[-2%,+5%]; 开盘涨幅≤+3%且不破昨收-3%视为买点触发",昨收7.12,高位情绪兑现/次日低开大幅回撤/炸板断板,1
2026-09-02,2026-09-03,defensive,nlu,600316.SH,洪都航空,军工装备,89.5984375,"{'sector': 0.9759375, 'trend': 1.0, 'pos': 0.6, 'mom': 1.0, 'liq': 1.0, 'recog': 0.85}","非涨停组: 趋势结构多头(MA20>MA60且上行), 处于活跃板块[军工装备](当日涨幅分位98%, 板块涨停4家) 距60日高点1.7% 20日涨幅25.9%",板块[军工装备]轮动延续/资金承接,收盘32.16 MA20上方 量比1.01,"次日开盘[-2%,+3%]为观察区间; 收盘站上max(开盘,昨收)视为买点触发",昨收32.16,板块退潮补跌/资金承接不足/持续阴跌,1
