T,T1,regime,group,thscode,name,industry,concept,con_pct,con_lu_cnt,score,factors,reason,catalyst,tech,watch,watch_range,risk,priority
2026-01-05,2026-01-06,aggressive,lu,002925.SZ,盈趣科技,消费电子,脑机接口,13.697426730673602,28.0,91.0,"{'theme': 1.0, 'concept': 1.0, 'ladder': 0.55, 'seal': 1.0, 'time': 1.0, 'liq': 1.0, 'struct': 1.0}",涨停组: 脑机接口方向/脑机接口 1板 封单比25.4% 涨停时间09:30 题材内涨停29家 概念内涨停28家 驱动概念[脑机接口] 成交4.3亿,脑机接口+机器人+智能制造+摩尔线程,1连板 换手承接量比1.81,"次日竞价与开盘承接: 高开幅度观察区间[-2%,+5%]; 开盘涨幅≤+3%且不破昨收-3%视为买点触发",昨收18.63,高位情绪兑现/次日低开大幅回撤/炸板断板/概念退潮,1
2026-01-05,2026-01-06,aggressive,lu,002555.SZ,三七互娱,游戏,脑机接口,13.697426730673602,28.0,91.0,"{'theme': 1.0, 'concept': 1.0, 'ladder': 0.55, 'seal': 1.0, 'time': 1.0, 'liq': 1.0, 'struct': 1.0}",涨停组: 脑机接口方向/脑机接口 1板 封单比17.7% 涨停时间09:36 题材内涨停29家 概念内涨停28家 驱动概念[脑机接口] 成交12.1亿,脑机接口+AI游戏+小游戏流水,1连板 换手承接量比0.86,"次日竞价与开盘承接: 高开幅度观察区间[-2%,+5%]; 开盘涨幅≤+3%且不破昨收-3%视为买点触发",昨收25.96,高位情绪兑现/次日低开大幅回撤/炸板断板/概念退潮,1
2026-01-06,2026-01-07,aggressive,lu,600266.SH,城建发展,房地产,卫星导航,2.2833997428760577,12.0,100.0,"{'theme': 1.0, 'concept': 1.0, 'ladder': 1.0, 'seal': 1.0, 'time': 1.0, 'liq': 1.0, 'struct': 1.0}",涨停组: 商业航天方向/卫星导航 3板 封单比16.3% 涨停时间09:31 题材内涨停12家 概念内涨停12家 驱动概念[卫星导航] 成交7.6亿,商业航天+北京国资+房地产,3连板 换手承接量比1.11,"次日竞价与开盘承接: 高开幅度观察区间[-2%,+5%]; 开盘涨幅≤+3%且不破昨收-3%视为买点触发",昨收6.14,高位情绪兑现/次日低开大幅回撤/炸板断板/概念退潮,1
2026-01-06,2026-01-07,aggressive,lu,002925.SZ,盈趣科技,消费电子,脑机接口,5.7387487104539225,18.0,98.0,"{'theme': 1.0, 'concept': 1.0, 'ladder': 0.9, 'seal': 1.0, 'time': 1.0, 'liq': 1.0, 'struct': 1.0}",涨停组: 脑机接口方向/脑机接口 2板 封单比42.8% 涨停时间09:25 题材内涨停17家 概念内涨停18家 驱动概念[脑机接口] 成交4.7亿,脑机接口+机器人+智能制造+摩尔线程,2连板 换手承接量比1.50,"次日竞价与开盘承接: 高开幅度观察区间[-2%,+5%]; 开盘涨幅≤+3%且不破昨收-3%视为买点触发",昨收20.49,高位情绪兑现/次日低开大幅回撤/炸板断板/概念退潮,1
2026-01-07,2026-01-08,defensive,lu,600435.SH,北方导航,军工装备,高端装备,0.6999946943742064,7.0,94.0,"{'theme': 0.2, 'concept': 1.0, 'ladder': 0.9, 'seal': 1.0, 'time': 1.0, 'liq': 1.0, 'struct': 1.0}",涨停组: 卫星通信方向/高端装备 2板 封单比18.1% 涨停时间09:35 题材内涨停2家 概念内涨停7家 驱动概念[高端装备] 成交19.1亿,卫星通信+军工制导+央企,2连板 换手承接量比0.93,"次日竞价与开盘承接: 高开幅度观察区间[-2%,+5%]; 开盘涨幅≤+3%且不破昨收-3%视为买点触发",昨收19.82,高位情绪兑现/次日低开大幅回撤/炸板断板/概念退潮,1
2026-01-07,2026-01-08,defensive,lu,600266.SH,城建发展,房地产,商业航天,0.8007384926613792,17.0,88.0,"{'theme': 0.4, 'concept': 1.0, 'ladder': 1.0, 'seal': 0.4, 'time': 1.0, 'liq': 1.0, 'struct': 1.0}",涨停组: 商业航天方向/商业航天 4板 封单比6.6% 涨停时间09:25 题材内涨停3家 概念内涨停17家 驱动概念[商业航天] 成交16.1亿,商业航天+北京国资+房地产,4连板 换手承接量比1.68,"次日竞价与开盘承接: 高开幅度观察区间[-2%,+5%]; 开盘涨幅≤+3%且不破昨收-3%视为买点触发",昨收6.75,高位情绪兑现/次日低开大幅回撤/炸板断板/概念退潮,1
2026-01-07,2026-01-08,defensive,nlu,603011.SH,合锻智能,专用设备,可控核聚变,2.5305759668036165,8.0,90.609375,"{'sector': 0.774375, 'trend': 1.0, 'pos': 0.85, 'mom': 1.0, 'liq': 1.0, 'recog': 1.0}","非涨停组: 趋势结构多头(MA20>MA60且上行), 处于活跃板块[专用设备](当日涨幅分位75%, 板块涨停5家) 驱动概念[可控核聚变] 距60日高点10.2% 20日涨幅17.8%",板块[专用设备]轮动延续/资金承接/概念热度,收盘25.84 MA20上方 量比1.19,"次日开盘[-2%,+3%]为观察区间; 收盘站上max(开盘,昨收)视为买点触发",昨收25.84,板块退潮补跌/概念退潮/资金承接不足/持续阴跌,1
2026-01-08,2026-01-09,normal,lu,001400.SZ,江顺科技,专用设备,商业航天,3.562659386270295,37.0,95.5,"{'theme': 1.0, 'concept': 1.0, 'ladder': 1.0, 'seal': 0.7, 'time': 1.0, 'liq': 1.0, 'struct': 1.0}",涨停组: 商业航天方向/商业航天 3板 封单比10.9% 涨停时间09:35 题材内涨停18家 概念内涨停37家 驱动概念[商业航天] 成交3.1亿,商业航天+液冷服务器+铝挤压模具,3连板 换手承接量比0.84,"次日竞价与开盘承接: 高开幅度观察区间[-2%,+5%]; 开盘涨幅≤+3%且不破昨收-3%视为买点触发",昨收103.26,高位情绪兑现/次日低开大幅回撤/炸板断板/概念退潮,1
2026-01-08,2026-01-09,normal,lu,601399.SH,国机重装,专用设备,可控核聚变,3.0182086778254957,11.0,93.5,"{'theme': 1.0, 'concept': 1.0, 'ladder': 0.9, 'seal': 0.7, 'time': 1.0, 'liq': 1.0, 'struct': 1.0}",涨停组: 可控核聚变方向/可控核聚变 2板 封单比14.8% 涨停时间09:34 题材内涨停6家 概念内涨停11家 驱动概念[可控核聚变] 成交15.5亿,可控核聚变+工业母机+央企,2连板 换手承接量比0.85,"次日竞价与开盘承接: 高开幅度观察区间[-2%,+5%]; 开盘涨幅≤+3%且不破昨收-3%视为买点触发",昨收6.06,高位情绪兑现/次日低开大幅回撤/炸板断板/概念退潮,1
2026-01-08,2026-01-09,normal,nlu,000917.SZ,电广传媒,文化传媒,物联网,1.478250124642444,10.0,91.00390625,"{'sector': 0.79015625, 'trend': 1.0, 'pos': 0.85, 'mom': 1.0, 'liq': 1.0, 'recog': 1.0}","非涨停组: 趋势结构多头(MA20>MA60且上行), 处于活跃板块[文化传媒](当日涨幅分位85%, 板块涨停1家) 驱动概念[物联网] 距60日高点11.8% 20日涨幅18.6%",板块[文化传媒]轮动延续/资金承接/概念热度,收盘10.91 MA20上方 量比0.87,"次日开盘[-2%,+3%]为观察区间; 收盘站上max(开盘,昨收)视为买点触发",昨收10.91,板块退潮补跌/概念退潮/资金承接不足/持续阴跌,1
2026-01-08,2026-01-09,normal,nlu,002297.SZ,博云新材,军工装备,商业航天,3.562659386270295,37.0,89.63671875,"{'sector': 0.9854687500000001, 'trend': 1.0, 'pos': 0.6, 'mom': 1.0, 'liq': 1.0, 'recog': 1.0}","非涨停组: 趋势结构多头(MA20>MA60且上行), 处于活跃板块[军工装备](当日涨幅分位99%, 板块涨停7家) 驱动概念[商业航天] 距60日高点7.4% 20日涨幅23.0%",板块[军工装备]轮动延续/资金承接/概念热度,收盘12.62 MA20上方 量比1.11,"次日开盘[-2%,+3%]为观察区间; 收盘站上max(开盘,昨收)视为买点触发",昨收12.62,板块退潮补跌/概念退潮/资金承接不足/持续阴跌,1
2026-01-09,2026-01-12,aggressive,lu,001400.SZ,江顺科技,专用设备,商业航天,2.7324746281208068,23.0,92.5,"{'theme': 1.0, 'concept': 1.0, 'ladder': 1.0, 'seal': 0.7, 'time': 0.85, 'liq': 1.0, 'struct': 1.0}",涨停组: 商业航天方向/商业航天 4板 封单比10.3% 涨停时间09:49 题材内涨停16家 概念内涨停23家 驱动概念[商业航天] 成交4.4亿,商业航天+液冷服务器+铝挤压模具,4连板 换手承接量比1.05,"次日竞价与开盘承接: 高开幅度观察区间[-2%,+5%]; 开盘涨幅≤+3%且不破昨收-3%视为买点触发",昨收113.59,高位情绪兑现/次日低开大幅回撤/炸板断板/概念退潮,1
2026-01-09,2026-01-12,aggressive,lu,002519.SZ,银河电子,军工电子,军工信息化,2.7618094787904335,3.0,89.0,"{'theme': 1.0, 'concept': 0.8, 'ladder': 0.6, 'seal': 1.0, 'time': 1.0, 'liq': 1.0, 'struct': 1.0}",涨停组: 商业航天方向/军工信息化 5板 封单比37.9% 涨停时间09:31 题材内涨停16家 概念内涨停3家 驱动概念[军工信息化] 成交7.8亿,商业航天+军工电子+储能,5连板 换手承接量比0.83,"次日竞价与开盘承接: 高开幅度观察区间[-2%,+5%]; 开盘涨幅≤+3%且不破昨收-3%视为买点触发",昨收10.43,高位情绪兑现/次日低开大幅回撤/炸板断板/概念退潮,1
2026-01-12,2026-01-13,aggressive,lu,601106.SH,中国一重,专用设备,商业航天,6.307158848862082,47.0,95.5,"{'theme': 1.0, 'concept': 1.0, 'ladder': 1.0, 'seal': 0.7, 'time': 1.0, 'liq': 1.0, 'struct': 1.0}",涨停组: 商业航天方向/商业航天 4板 封单比12.0% 涨停时间09:37 题材内涨停34家 概念内涨停47家 驱动概念[商业航天] 成交22.4亿,商业航天+可控核聚变+资产出售,4连板 换手承接量比1.45,"次日竞价与开盘承接: 高开幅度观察区间[-2%,+5%]; 开盘涨幅≤+3%且不破昨收-3%视为买点触发",昨收5.95,高位情绪兑现/次日低开大幅回撤/炸板断板/概念退潮,1
2026-01-12,2026-01-13,aggressive,lu,000503.SZ,国新健康,软件开发,AI智能体,7.153599039340541,57.0,89.0,"{'theme': 1.0, 'concept': 1.0, 'ladder': 0.9, 'seal': 0.4, 'time': 1.0, 'liq': 1.0, 'struct': 1.0}",涨停组: AI智能体方向/AI智能体 2板 封单比5.0% 涨停时间09:25 题材内涨停21家 概念内涨停57家 驱动概念[AI智能体] 成交11.7亿,AI智能体+DRG/DIP+央企,2连板 换手承接量比2.72,"次日竞价与开盘承接: 高开幅度观察区间[-2%,+5%]; 开盘涨幅≤+3%且不破昨收-3%视为买点触发",昨收11.61,高位情绪兑现/次日低开大幅回撤/炸板断板/概念退潮,1
2026-01-13,2026-01-14,defensive,lu,601992.SH,金隅集团,建筑材料,装配式建筑,-0.5019756639819684,4.0,97.0,"{'theme': 0.8, 'concept': 1.0, 'ladder': 0.9, 'seal': 1.0, 'time': 1.0, 'liq': 1.0, 'struct': 1.0}",涨停组: 商业航天方向/装配式建筑 2板 封单比86.1% 涨停时间09:30 题材内涨停5家 概念内涨停4家 驱动概念[装配式建筑] 成交3.9亿,商业航天+可控核聚变+北京国资,2连板 换手承接量比1.10,"次日竞价与开盘承接: 高开幅度观察区间[-2%,+5%]; 开盘涨幅≤+3%且不破昨收-3%视为买点触发",昨收2.13,高位情绪兑现/次日低开大幅回撤/炸板断板/概念退潮,1
2026-01-13,2026-01-14,defensive,lu,002219.SZ,新里程,医疗服务,创新药,1.641959916488589,7.0,89.0,"{'theme': 0.6, 'concept': 1.0, 'ladder': 0.55, 'seal': 1.0, 'time': 1.0, 'liq': 1.0, 'struct': 1.0}",涨停组: AI医疗方向/创新药 1板 封单比21.5% 涨停时间09:30 题材内涨停4家 概念内涨停7家 驱动概念[创新药] 成交5.2亿,AI医疗+银发经济+资产注入+医疗服务,1连板 换手承接量比2.13,"次日竞价与开盘承接: 高开幅度观察区间[-2%,+5%]; 开盘涨幅≤+3%且不破昨收-3%视为买点触发",昨收2.5,高位情绪兑现/次日低开大幅回撤/炸板断板/概念退潮,1
2026-01-13,2026-01-14,defensive,nlu,603799.SH,华友钴业,能源金属,盐湖提锂,0.547316384180796,0.0,71.30859375,"{'sector': 0.57234375, 'trend': 1.0, 'pos': 0.6, 'mom': 1.0, 'liq': 1.0, 'recog': 0.2}","非涨停组: 趋势结构多头(MA20>MA60且上行), 处于活跃板块[能源金属](当日涨幅分位82%, 板块涨停0家) 驱动概念[盐湖提锂] 距60日高点5.6% 20日涨幅22.7%",板块[能源金属]轮动延续/资金承接/概念热度,收盘74.50 MA20上方 量比0.86,"次日开盘[-2%,+3%]为观察区间; 收盘站上max(开盘,昨收)视为买点触发",昨收74.50,板块退潮补跌/概念退潮/资金承接不足/持续阴跌,1
2026-01-14,2026-01-15,normal,lu,600662.SH,外服控股,其他社会服务,云办公,4.518103561332443,5.0,98.0,"{'theme': 1.0, 'concept': 1.0, 'ladder': 0.9, 'seal': 1.0, 'time': 1.0, 'liq': 1.0, 'struct': 1.0}",涨停组: AI应用方向/云办公 2板 封单比23.7% 涨停时间09:38 题材内涨停7家 概念内涨停5家 驱动概念[云办公] 成交4.6亿,AI应用+人力资源服务+上海国企改革,2连板 换手承接量比2.40,"次日竞价与开盘承接: 高开幅度观察区间[-2%,+5%]; 开盘涨幅≤+3%且不破昨收-3%视为买点触发",昨收6.25,高位情绪兑现/次日低开大幅回撤/炸板断板/概念退潮,1
2026-01-14,2026-01-15,normal,lu,002879.SZ,长缆科技,电网设备,数据中心(AIDC),1.795647005298151,18.0,91.0,"{'theme': 1.0, 'concept': 1.0, 'ladder': 0.55, 'seal': 1.0, 'time': 1.0, 'liq': 1.0, 'struct': 1.0}",涨停组: 商业航天方向/数据中心(AIDC) 1板 封单比23.2% 涨停时间09:25 题材内涨停11家 概念内涨停18家 驱动概念[数据中心(AIDC)] 成交3.0亿,商业航天+超高压电缆+液冷+股份支付费用冲回,1连板 换手承接量比1.15,"次日竞价与开盘承接: 高开幅度观察区间[-2%,+5%]; 开盘涨幅≤+3%且不破昨收-3%视为买点触发",昨收20.76,高位情绪兑现/次日低开大幅回撤/炸板断板/概念退潮,1
2026-01-14,2026-01-15,normal,nlu,601399.SH,国机重装,专用设备,创投,1.0089650183433996,16.0,90.19140625,"{'sector': 0.7576562499999999, 'trend': 1.0, 'pos': 0.85, 'mom': 1.0, 'liq': 1.0, 'recog': 1.0}","非涨停组: 趋势结构多头(MA20>MA60且上行), 处于活跃板块[专用设备](当日涨幅分位72%, 板块涨停4家) 驱动概念[创投] 距60日高点10.1% 20日涨幅11.2%",板块[专用设备]轮动延续/资金承接/概念热度,收盘5.98 MA20上方 量比0.74,"次日开盘[-2%,+3%]为观察区间; 收盘站上max(开盘,昨收)视为买点触发",昨收5.98,板块退潮补跌/概念退潮/资金承接不足/持续阴跌,1
2026-01-14,2026-01-15,normal,nlu,002027.SZ,分众传媒,文化传媒,AI应用,4.275546932373486,38.0,89.46875,"{'sector': 0.97875, 'trend': 1.0, 'pos': 0.6, 'mom': 1.0, 'liq': 1.0, 'recog': 1.0}","非涨停组: 趋势结构多头(MA20>MA60且上行), 处于活跃板块[文化传媒](当日涨幅分位97%, 板块涨停8家) 驱动概念[AI应用] 距60日高点6.3% 20日涨幅9.2%",板块[文化传媒]轮动延续/资金承接/概念热度,收盘7.42 MA20上方 量比1.16,"次日开盘[-2%,+3%]为观察区间; 收盘站上max(开盘,昨收)视为买点触发",昨收7.42,板块退潮补跌/概念退潮/资金承接不足/持续阴跌,1
2026-01-15,2026-01-16,defensive,lu,600662.SH,外服控股,其他社会服务,上海国企改革,0.22408882994444657,2.0,81.0,"{'theme': 0.2, 'concept': 0.6, 'ladder': 1.0, 'seal': 0.4, 'time': 1.0, 'liq': 1.0, 'struct': 1.0}",涨停组: AI应用方向/上海国企改革 3板 封单比5.2% 涨停时间09:30 题材内涨停2家 概念内涨停2家 驱动概念[上海国企改革] 成交9.9亿,AI应用+人力资源服务+上海国企改革,3连板 换手承接量比2.49,"次日竞价与开盘承接: 高开幅度观察区间[-2%,+5%]; 开盘涨幅≤+3%且不破昨收-3%视为买点触发",昨收6.88,高位情绪兑现/次日低开大幅回撤/炸板断板/概念退潮,1
2026-01-15,2026-01-16,defensive,lu,002119.SZ,康强电子,半导体,存储芯片,2.330094020890816,7.0,77.0,"{'theme': 0.2, 'concept': 1.0, 'ladder': 0.55, 'seal': 1.0, 'time': 0.5, 'liq': 1.0, 'struct': 1.0}",涨停组: 存储芯片方向/存储芯片 1板 封单比15.1% 涨停时间13:24 题材内涨停2家 概念内涨停7家 驱动概念[存储芯片] 成交9.9亿,存储芯片+封装材料+回购,1连板 换手承接量比1.12,"次日竞价与开盘承接: 高开幅度观察区间[-2%,+5%]; 开盘涨幅≤+3%且不破昨收-3%视为买点触发",昨收19.86,高位情绪兑现/次日低开大幅回撤/炸板断板/概念退潮,1
2026-01-15,2026-01-16,defensive,nlu,002156.SZ,通富微电,半导体,存储芯片,2.330094020890816,7.0,87.0,"{'sector': 0.8800000000000001, 'trend': 1.0, 'pos': 0.6, 'mom': 1.0, 'liq': 1.0, 'recog': 1.0}","非涨停组: 趋势结构多头(MA20>MA60且上行), 处于活跃板块[半导体](当日涨幅分位91%, 板块涨停4家) 驱动概念[存储芯片] 距60日高点8.1% 20日涨幅20.7%",板块[半导体]轮动延续/资金承接/概念热度,收盘42.55 MA20上方 量比0.90,"次日开盘[-2%,+3%]为观察区间; 收盘站上max(开盘,昨收)视为买点触发",昨收42.55,板块退潮补跌/概念退潮/资金承接不足/持续阴跌,1
2026-01-16,2026-01-19,defensive,lu,002119.SZ,康强电子,半导体,存储芯片,4.07495966310667,8.0,89.5,"{'theme': 0.2, 'concept': 1.0, 'ladder': 0.9, 'seal': 0.7, 'time': 1.0, 'liq': 1.0, 'struct': 1.0}",涨停组: 存储芯片方向/存储芯片 2板 封单比9.2% 涨停时间09:30 题材内涨停2家 概念内涨停8家 驱动概念[存储芯片] 成交15.5亿,存储芯片+封装材料+回购,2连板 换手承接量比1.55,"次日竞价与开盘承接: 高开幅度观察区间[-2%,+5%]; 开盘涨幅≤+3%且不破昨收-3%视为买点触发",昨收21.85,高位情绪兑现/次日低开大幅回撤/炸板断板/概念退潮,1
2026-01-16,2026-01-19,defensive,lu,002339.SZ,积成电子,电网设备,特高压,2.158697165276613,7.0,88.0,"{'theme': 1.0, 'concept': 1.0, 'ladder': 0.55, 'seal': 1.0, 'time': 0.85, 'liq': 1.0, 'struct': 1.0}",涨停组: 电网设备方向/特高压 1板 封单比26.6% 涨停时间10:24 题材内涨停6家 概念内涨停7家 驱动概念[特高压] 成交7.2亿,电网设备+中标+特高压,1连板 换手承接量比1.58,"次日竞价与开盘承接: 高开幅度观察区间[-2%,+5%]; 开盘涨幅≤+3%且不破昨收-3%视为买点触发",昨收10.36,高位情绪兑现/次日低开大幅回撤/炸板断板/概念退潮,1
2026-01-16,2026-01-19,defensive,nlu,603296.SH,华勤技术,消费电子,共封装光学(CPO),1.9773255256395617,5.0,89.9921875,"{'sector': 0.8696875, 'trend': 1.0, 'pos': 0.85, 'mom': 0.7, 'liq': 1.0, 'recog': 1.0}","非涨停组: 趋势结构多头(MA20>MA60且上行), 处于活跃板块[消费电子](当日涨幅分位88%, 板块涨停2家) 驱动概念[共封装光学(CPO)] 距60日高点12.0% 20日涨幅4.4%",板块[消费电子]轮动延续/资金承接/概念热度,收盘68.97 MA20上方 量比1.05,"次日开盘[-2%,+3%]为观察区间; 收盘站上max(开盘,昨收)视为买点触发",昨收68.97,板块退潮补跌/概念退潮/资金承接不足/持续阴跌,1
2026-01-19,2026-01-20,normal,lu,601616.SH,广电电气,电网设备,智能电网,2.9339805373246985,19.0,98.0,"{'theme': 1.0, 'concept': 1.0, 'ladder': 0.9, 'seal': 1.0, 'time': 1.0, 'liq': 1.0, 'struct': 1.0}",涨停组: 电网设备方向/智能电网 2板 封单比17.9% 涨停时间09:31 题材内涨停6家 概念内涨停19家 驱动概念[智能电网] 成交6.5亿,电网设备+数据中心+出口,2连板 换手承接量比1.62,"次日竞价与开盘承接: 高开幅度观察区间[-2%,+5%]; 开盘涨幅≤+3%且不破昨收-3%视为买点触发",昨收5.04,高位情绪兑现/次日低开大幅回撤/炸板断板/概念退潮,1
2026-01-19,2026-01-20,normal,lu,002339.SZ,积成电子,电网设备,特高压,4.286303761569954,18.0,98.0,"{'theme': 1.0, 'concept': 1.0, 'ladder': 0.9, 'seal': 1.0, 'time': 1.0, 'liq': 1.0, 'struct': 1.0}",涨停组: 电网设备方向/特高压 2板 封单比15.3% 涨停时间09:34 题材内涨停6家 概念内涨停18家 驱动概念[特高压] 成交7.5亿,电网设备+中标+特高压,2连板 换手承接量比1.35,"次日竞价与开盘承接: 高开幅度观察区间[-2%,+5%]; 开盘涨幅≤+3%且不破昨收-3%视为买点触发",昨收11.4,高位情绪兑现/次日低开大幅回撤/炸板断板/概念退潮,1
2026-01-19,2026-01-20,normal,nlu,002389.SZ,航天彩虹,军工装备,光伏概念,1.8712524858482071,18.0,84.9375,"{'sector': 0.7075, 'trend': 0.8, 'pos': 0.85, 'mom': 1.0, 'liq': 1.0, 'recog': 1.0}","非涨停组: 趋势结构多头(MA20>MA60且上行), 处于活跃板块[军工装备](当日涨幅分位92%, 板块涨停5家) 驱动概念[光伏概念] 距60日高点12.9% 20日涨幅9.6%",板块[军工装备]轮动延续/资金承接/概念热度,收盘25.62 MA20上方 量比0.70,"次日开盘[-2%,+3%]为观察区间; 收盘站上max(开盘,昨收)视为买点触发",昨收25.62,板块退潮补跌/概念退潮/资金承接不足/持续阴跌,1
2026-01-19,2026-01-20,normal,nlu,002738.SZ,中矿资源,小金属,一带一路,1.4768956742612804,13.0,83.828125,"{'sector': 0.663125, 'trend': 0.8, 'pos': 0.85, 'mom': 1.0, 'liq': 1.0, 'recog': 1.0}","非涨停组: 趋势结构多头(MA20>MA60且上行), 处于活跃板块[小金属](当日涨幅分位81%, 板块涨停0家) 驱动概念[一带一路] 距60日高点10.9% 20日涨幅26.2%",板块[小金属]轮动延续/资金承接/概念热度,收盘82.67 MA20上方 量比0.61,"次日开盘[-2%,+3%]为观察区间; 收盘站上max(开盘,昨收)视为买点触发",昨收82.67,板块退潮补跌/概念退潮/资金承接不足/持续阴跌,1
2026-01-20,2026-01-21,defensive,lu,601616.SH,广电电气,电网设备,绿色电力,0.29734546326809497,4.0,97.0,"{'theme': 0.4, 'concept': 1.0, 'ladder': 1.0, 'seal': 1.0, 'time': 1.0, 'liq': 1.0, 'struct': 1.0}",涨停组: 电网设备方向/绿色电力 3板 封单比45.4% 涨停时间09:30 题材内涨停3家 概念内涨停4家 驱动概念[绿色电力] 成交4.0亿,电网设备+数据中心+出口,3连板 换手承接量比0.90,"次日竞价与开盘承接: 高开幅度观察区间[-2%,+5%]; 开盘涨幅≤+3%且不破昨收-3%视为买点触发",昨收5.54,高位情绪兑现/次日低开大幅回撤/炸板断板/概念退潮,1
2026-01-20,2026-01-21,defensive,lu,600230.SH,沧州大化,化学制品,央企国企改革,-0.11613747002834351,5.0,87.5,"{'theme': 0.4, 'concept': 1.0, 'ladder': 0.9, 'seal': 0.7, 'time': 0.85, 'liq': 1.0, 'struct': 1.0}",涨停组: 化工方向/央企国企改革 2板 封单比9.6% 涨停时间10:14 题材内涨停3家 概念内涨停5家 驱动概念[央企国企改革] 成交5.7亿,化工+TDI涨价+聚碳酸酯（PC）+国企改革,2连板 换手承接量比1.66,"次日竞价与开盘承接: 高开幅度观察区间[-2%,+5%]; 开盘涨幅≤+3%且不破昨收-3%视为买点触发",昨收18.15,高位情绪兑现/次日低开大幅回撤/炸板断板/概念退潮,1
2026-01-20,2026-01-21,defensive,nlu,002354.SZ,天娱数科,文化传媒,小红书概念,0.3158129115224062,3.0,83.4765625,"{'sector': 0.6490625000000001, 'trend': 0.8, 'pos': 0.85, 'mom': 1.0, 'liq': 1.0, 'recog': 1.0}","非涨停组: 趋势结构多头(MA20>MA60且上行), 处于活跃板块[文化传媒](当日涨幅分位79%, 板块涨停4家) 驱动概念[小红书概念] 距60日高点12.9% 20日涨幅19.3%",板块[文化传媒]轮动延续/资金承接/概念热度,收盘7.41 MA20上方 量比0.52,"次日开盘[-2%,+3%]为观察区间; 收盘站上max(开盘,昨收)视为买点触发",昨收7.41,板块退潮补跌/概念退潮/资金承接不足/持续阴跌,1
2026-01-21,2026-01-22,aggressive,lu,002809.SZ,红墙股份,化学制品,专精特新,1.2936663684883332,15.0,94.0,"{'theme': 0.2, 'concept': 1.0, 'ladder': 0.9, 'seal': 1.0, 'time': 1.0, 'liq': 1.0, 'struct': 1.0}",涨停组: 环氧丙烷方向/专精特新 2板 封单比16.9% 涨停时间09:30 题材内涨停2家 概念内涨停15家 驱动概念[专精特新] 成交3.6亿,环氧丙烷+化工+装配式建筑,2连板 换手承接量比2.45,"次日竞价与开盘承接: 高开幅度观察区间[-2%,+5%]; 开盘涨幅≤+3%且不破昨收-3%视为买点触发",昨收13.31,高位情绪兑现/次日低开大幅回撤/炸板断板/概念退潮,1
2026-01-21,2026-01-22,aggressive,lu,603023.SH,威帝股份,汽车零部件,汽车电子,1.9852157711905738,11.0,82.5,"{'theme': 0.2, 'concept': 1.0, 'ladder': 0.55, 'seal': 0.7, 'time': 1.0, 'liq': 1.0, 'struct': 1.0}",涨停组: 重大资产重组方向/汽车电子 1板 封单比10.4% 涨停时间09:33 题材内涨停2家 概念内涨停11家 驱动概念[汽车电子] 成交4.1亿,重大资产重组+乘用车拓展+无人驾驶+国企改革,1连板 换手承接量比1.01,"次日竞价与开盘承接: 高开幅度观察区间[-2%,+5%]; 开盘涨幅≤+3%且不破昨收-3%视为买点触发",昨收6.11,高位情绪兑现/次日低开大幅回撤/炸板断板/概念退潮,1
2026-01-22,2026-01-23,normal,lu,002342.SZ,巨力索具,通用设备,商业航天,2.6550221376471006,26.0,92.0,"{'theme': 1.0, 'concept': 1.0, 'ladder': 0.9, 'seal': 1.0, 'time': 1.0, 'liq': 1.0, 'struct': 0.6}",涨停组: 商业航天方向/商业航天 2板 封单比17.3% 涨停时间09:31 题材内涨停8家 概念内涨停26家 驱动概念[商业航天] 成交12.7亿,商业航天+深海系泊+索具龙头,2连板 换手承接量比0.71,"次日竞价与开盘承接: 高开幅度观察区间[-2%,+5%]; 开盘涨幅≤+3%且不破昨收-3%视为买点触发",昨收12.31,高位情绪兑现/次日低开大幅回撤/炸板断板/概念退潮,1
2026-01-22,2026-01-23,normal,lu,601608.SH,中信重工,专用设备,国产航母,3.820108536197697,3.0,86.0,"{'theme': 0.6, 'concept': 0.8, 'ladder': 0.55, 'seal': 1.0, 'time': 1.0, 'liq': 1.0, 'struct': 1.0}",涨停组: 人形机器人方向/国产航母 1板 封单比21.7% 涨停时间09:36 题材内涨停4家 概念内涨停3家 驱动概念[国产航母] 成交7.1亿,人形机器人+商业航天+央企,1连板 换手承接量比1.31,"次日竞价与开盘承接: 高开幅度观察区间[-2%,+5%]; 开盘涨幅≤+3%且不破昨收-3%视为买点触发",昨收8.0,高位情绪兑现/次日低开大幅回撤/炸板断板/概念退潮,1
2026-01-22,2026-01-23,normal,nlu,600601.SH,方正科技,元件,共封装光学(CPO),1.6362953949106585,5.0,91.56640625,"{'sector': 0.93265625, 'trend': 1.0, 'pos': 0.85, 'mom': 0.7, 'liq': 1.0, 'recog': 1.0}","非涨停组: 趋势结构多头(MA20>MA60且上行), 处于活跃板块[元件](当日涨幅分位92%, 板块涨停5家) 驱动概念[共封装光学(CPO)] 距60日高点10.1% 20日涨幅2.7%",板块[元件]轮动延续/资金承接/概念热度,收盘12.52 MA20上方 量比0.99,"次日开盘[-2%,+3%]为观察区间; 收盘站上max(开盘,昨收)视为买点触发",昨收12.52,板块退潮补跌/概念退潮/资金承接不足/持续阴跌,1
2026-01-22,2026-01-23,normal,nlu,600760.SH,中航沈飞,军工装备,大飞机,3.0404763726015194,8.0,87.1953125,"{'sector': 0.8878124999999999, 'trend': 1.0, 'pos': 0.6, 'mom': 1.0, 'liq': 1.0, 'recog': 1.0}","非涨停组: 趋势结构多头(MA20>MA60且上行), 处于活跃板块[军工装备](当日涨幅分位98%, 板块涨停4家) 驱动概念[大飞机] 距60日高点7.1% 20日涨幅12.6%",板块[军工装备]轮动延续/资金承接/概念热度,收盘60.31 MA20上方 量比0.85,"次日开盘[-2%,+3%]为观察区间; 收盘站上max(开盘,昨收)视为买点触发",昨收60.31,板块退潮补跌/概念退潮/资金承接不足/持续阴跌,1
2026-01-23,2026-01-26,aggressive,lu,001316.SZ,润贝航科,石油加工贸易,商业航天,3.658741617787231,31.0,95.0,"{'theme': 1.0, 'concept': 1.0, 'ladder': 0.9, 'seal': 1.0, 'time': 0.85, 'liq': 1.0, 'struct': 1.0}",涨停组: 商业航天方向/商业航天 2板 封单比15.8% 涨停时间10:24 题材内涨停20家 概念内涨停31家 驱动概念[商业航天] 成交3.7亿,商业航天+低空经济+航材分销,2连板 换手承接量比1.27,"次日竞价与开盘承接: 高开幅度观察区间[-2%,+5%]; 开盘涨幅≤+3%且不破昨收-3%视为买点触发",昨收53.0,高位情绪兑现/次日低开大幅回撤/炸板断板/概念退潮,1
2026-01-23,2026-01-26,aggressive,lu,002342.SZ,巨力索具,通用设备,商业航天,3.658741617787231,31.0,94.0,"{'theme': 1.0, 'concept': 1.0, 'ladder': 1.0, 'seal': 1.0, 'time': 1.0, 'liq': 1.0, 'struct': 0.6}",涨停组: 商业航天方向/商业航天 3板 封单比29.9% 涨停时间09:30 题材内涨停20家 概念内涨停31家 驱动概念[商业航天] 成交9.2亿,商业航天+深海系泊+索具龙头,3连板 换手承接量比0.43,"次日竞价与开盘承接: 高开幅度观察区间[-2%,+5%]; 开盘涨幅≤+3%且不破昨收-3%视为买点触发",昨收13.54,高位情绪兑现/次日低开大幅回撤/炸板断板/概念退潮,1
2026-01-26,2026-01-27,defensive,lu,600916.SH,中国黄金,服装家纺,黄金概念,5.021349409083986,18.0,96.0,"{'theme': 0.6, 'concept': 1.0, 'ladder': 0.9, 'seal': 1.0, 'time': 1.0, 'liq': 1.0, 'struct': 1.0}",涨停组: 金价新高方向/黄金概念 2板 封单比17.2% 涨停时间09:42 题材内涨停4家 概念内涨停18家 驱动概念[黄金概念] 成交15.7亿,金价新高+黄金销售+央企,2连板 换手承接量比1.57,"次日竞价与开盘承接: 高开幅度观察区间[-2%,+5%]; 开盘涨幅≤+3%且不破昨收-3%视为买点触发",昨收10.14,高位情绪兑现/次日低开大幅回撤/炸板断板/概念退潮,1
2026-01-26,2026-01-27,defensive,lu,000603.SZ,盛达资源,工业金属,金属铅,6.2205685430882784,10.0,87.5,"{'theme': 1.0, 'concept': 1.0, 'ladder': 0.9, 'seal': 0.7, 'time': 1.0, 'liq': 1.0, 'struct': 0.6}",涨停组: 黄金方向/金属铅 2板 封单比12.0% 涨停时间09:30 题材内涨停6家 概念内涨停10家 驱动概念[金属铅] 成交8.1亿,黄金+白银+并购扩张,2连板 换手承接量比0.37,"次日竞价与开盘承接: 高开幅度观察区间[-2%,+5%]; 开盘涨幅≤+3%且不破昨收-3%视为买点触发",昨收56.65,高位情绪兑现/次日低开大幅回撤/炸板断板/概念退潮,1
2026-01-26,2026-01-27,defensive,nlu,002192.SZ,融捷股份,能源金属,锂电池概念,-1.2536409901560464,8.0,91.0546875,"{'sector': 0.7921875, 'trend': 1.0, 'pos': 0.85, 'mom': 1.0, 'liq': 1.0, 'recog': 1.0}","非涨停组: 趋势结构多头(MA20>MA60且上行), 处于活跃板块[能源金属](当日涨幅分位83%, 板块涨停1家) 驱动概念[锂电池概念] 距60日高点13.1% 20日涨幅13.6%",板块[能源金属]轮动延续/资金承接/概念热度,收盘59.72 MA20上方 量比0.95,"次日开盘[-2%,+3%]为观察区间; 收盘站上max(开盘,昨收)视为买点触发",昨收59.72,板块退潮补跌/概念退潮/资金承接不足/持续阴跌,1
2026-01-27,2026-01-28,defensive,lu,002291.SZ,遥望科技,文化传媒,快手概念,1.8641839009331473,3.0,84.0,"{'theme': 0.2, 'concept': 0.8, 'ladder': 0.55, 'seal': 1.0, 'time': 1.0, 'liq': 1.0, 'struct': 1.0}",涨停组: AI应用方向/快手概念 1板 封单比18.7% 涨停时间09:25 题材内涨停2家 概念内涨停3家 驱动概念[快手概念] 成交12.6亿,AI应用+直播电商+剥离鞋业,1连板 换手承接量比1.02,"次日竞价与开盘承接: 高开幅度观察区间[-2%,+5%]; 开盘涨幅≤+3%且不破昨收-3%视为买点触发",昨收8.28,高位情绪兑现/次日低开大幅回撤/炸板断板/概念退潮,1
2026-01-27,2026-01-28,defensive,lu,003031.SZ,中瓷电子,通信设备,第三代半导体,2.2966764171990617,5.0,84.0,"{'theme': 0.2, 'concept': 1.0, 'ladder': 0.55, 'seal': 1.0, 'time': 0.85, 'liq': 1.0, 'struct': 1.0}",涨停组: 光模块方向/第三代半导体 1板 封单比16.9% 涨停时间10:18 题材内涨停2家 概念内涨停5家 驱动概念[第三代半导体] 成交9.1亿,光模块+SiC芯片+电子陶瓷+央企,1连板 换手承接量比1.21,"次日竞价与开盘承接: 高开幅度观察区间[-2%,+5%]; 开盘涨幅≤+3%且不破昨收-3%视为买点触发",昨收84.79,高位情绪兑现/次日低开大幅回撤/炸板断板/概念退潮,1
2026-01-27,2026-01-28,defensive,nlu,002077.SZ,大港股份,半导体,汽车芯片,3.256676114099144,4.0,94.8984375,"{'sector': 0.9459374999999999, 'trend': 1.0, 'pos': 0.85, 'mom': 1.0, 'liq': 1.0, 'recog': 1.0}","非涨停组: 趋势结构多头(MA20>MA60且上行), 处于活跃板块[半导体](当日涨幅分位98%, 板块涨停6家) 驱动概念[汽车芯片] 距60日高点12.0% 20日涨幅19.9%",板块[半导体]轮动延续/资金承接/概念热度,收盘17.95 MA20上方 量比0.77,"次日开盘[-2%,+3%]为观察区间; 收盘站上max(开盘,昨收)视为买点触发",昨收17.95,板块退潮补跌/概念退潮/资金承接不足/持续阴跌,1
2026-01-28,2026-01-29,defensive,lu,601388.SH,怡球资源,工业金属,金属回收,3.515146590632079,14.0,91.0,"{'theme': 1.0, 'concept': 1.0, 'ladder': 0.55, 'seal': 1.0, 'time': 1.0, 'liq': 1.0, 'struct': 1.0}",涨停组: 2025年报预增方向/金属回收 1板 封单比24.0% 涨停时间09:34 题材内涨停10家 概念内涨停14家 驱动概念[金属回收] 成交4.5亿,2025年报预增+再生铝龙头+汽车拆解,1连板 换手承接量比0.98,"次日竞价与开盘承接: 高开幅度观察区间[-2%,+5%]; 开盘涨幅≤+3%且不破昨收-3%视为买点触发",昨收3.97,高位情绪兑现/次日低开大幅回撤/炸板断板/概念退潮,1
2026-01-28,2026-01-29,defensive,lu,000573.SZ,粤宏远A,房地产,金属铅,6.924664999246244,16.0,88.0,"{'theme': 1.0, 'concept': 1.0, 'ladder': 0.55, 'seal': 1.0, 'time': 0.85, 'liq': 1.0, 'struct': 1.0}",涨停组: 2025年报预增方向/金属铅 1板 封单比33.5% 涨停时间10:19 题材内涨停10家 概念内涨停16家 驱动概念[金属铅] 成交4.9亿,2025年报预增+金属铅+东莞地产,1连板 换手承接量比2.77,"次日竞价与开盘承接: 高开幅度观察区间[-2%,+5%]; 开盘涨幅≤+3%且不破昨收-3%视为买点触发",昨收4.85,高位情绪兑现/次日低开大幅回撤/炸板断板/概念退潮,1
2026-01-28,2026-01-29,defensive,nlu,002171.SZ,楚江新材,工业金属,金属铜,4.913995318032627,20.0,89.39453125,"{'sector': 0.97578125, 'trend': 1.0, 'pos': 0.6, 'mom': 1.0, 'liq': 1.0, 'recog': 1.0}","非涨停组: 趋势结构多头(MA20>MA60且上行), 处于活跃板块[工业金属](当日涨幅分位97%, 板块涨停19家) 驱动概念[金属铜] 距60日高点9.2% 20日涨幅9.1%",板块[工业金属]轮动延续/资金承接/概念热度,收盘14.34 MA20上方 量比0.99,"次日开盘[-2%,+3%]为观察区间; 收盘站上max(开盘,昨收)视为买点触发",昨收14.34,板块退潮补跌/概念退潮/资金承接不足/持续阴跌,1
2026-01-29,2026-01-30,defensive,lu,603958.SH,哈森股份,服装家纺,DeepSeek概念,0.04227277585380218,6.0,81.25,"{'theme': 0.2, 'concept': 1.0, 'ladder': 0.9, 'seal': 0.15, 'time': 1.0, 'liq': 1.0, 'struct': 1.0}",涨停组: 机器人方向/DeepSeek概念 2板 封单比1.8% 涨停时间09:31 题材内涨停2家 概念内涨停6家 驱动概念[DeepSeek概念] 成交5.5亿,机器人+消费电子+钛合金粉+重组进展,2连板 换手承接量比1.87,"次日竞价与开盘承接: 高开幅度观察区间[-2%,+5%]; 开盘涨幅≤+3%且不破昨收-3%视为买点触发",昨收17.38,高位情绪兑现/次日低开大幅回撤/炸板断板/概念退潮,1
2026-01-29,2026-01-30,defensive,lu,000995.SZ,皇台酒业,白酒,白酒概念,5.233827511055655,20.0,81.0,"{'theme': 1.0, 'concept': 1.0, 'ladder': 0.55, 'seal': 1.0, 'time': 0.5, 'liq': 1.0, 'struct': 1.0}",涨停组: 白酒方向/白酒概念 1板 封单比34.1% 涨停时间13:26 题材内涨停16家 概念内涨停20家 驱动概念[白酒概念] 成交3.6亿,白酒+区域强牌+控股股东增持,1连板 换手承接量比2.33,"次日竞价与开盘承接: 高开幅度观察区间[-2%,+5%]; 开盘涨幅≤+3%且不破昨收-3%视为买点触发",昨收14.48,高位情绪兑现/次日低开大幅回撤/炸板断板/概念退潮,1
2026-01-29,2026-01-30,defensive,nlu,002291.SZ,遥望科技,文化传媒,小红书概念,3.7518677340589557,3.0,95.05078125,"{'sector': 0.9520312500000001, 'trend': 1.0, 'pos': 0.85, 'mom': 1.0, 'liq': 1.0, 'recog': 1.0}","非涨停组: 趋势结构多头(MA20>MA60且上行), 处于活跃板块[文化传媒](当日涨幅分位96%, 板块涨停6家) 驱动概念[小红书概念] 距60日高点13.9% 20日涨幅27.2%",板块[文化传媒]轮动延续/资金承接/概念热度,收盘7.99 MA20上方 量比1.15,"次日开盘[-2%,+3%]为观察区间; 收盘站上max(开盘,昨收)视为买点触发",昨收7.99,板块退潮补跌/概念退潮/资金承接不足/持续阴跌,1
2026-01-30,2026-02-02,defensive,lu,002137.SZ,实益达,光学光电子,汽车电子,0.42282526668455667,5.0,76.0,"{'theme': 0.8, 'concept': 1.0, 'ladder': 0.55, 'seal': 1.0, 'time': 0.3, 'liq': 1.0, 'struct': 1.0}",涨停组: 业绩预增方向/汽车电子 1板 封单比35.7% 涨停时间14:12 题材内涨停5家 概念内涨停5家 驱动概念[汽车电子] 成交4.5亿,业绩预增+半导体设备+汽车电子,1连板 换手承接量比1.55,"次日竞价与开盘承接: 高开幅度观察区间[-2%,+5%]; 开盘涨幅≤+3%且不破昨收-3%视为买点触发",昨收10.14,高位情绪兑现/次日低开大幅回撤/炸板断板/概念退潮,1
2026-01-30,2026-02-02,defensive,nlu,003031.SZ,中瓷电子,通信设备,共封装光学(CPO),2.0433277877422107,4.0,93.68359375,"{'sector': 0.8973437500000001, 'trend': 1.0, 'pos': 0.85, 'mom': 1.0, 'liq': 1.0, 'recog': 1.0}","非涨停组: 趋势结构多头(MA20>MA60且上行), 处于活跃板块[通信设备](当日涨幅分位95%, 板块涨停5家) 驱动概念[共封装光学(CPO)] 距60日高点10.5% 20日涨幅8.3%",板块[通信设备]轮动延续/资金承接/概念热度,收盘79.01 MA20上方 量比1.10,"次日开盘[-2%,+3%]为观察区间; 收盘站上max(开盘,昨收)视为买点触发",昨收79.01,板块退潮补跌/概念退潮/资金承接不足/持续阴跌,1
2026-02-02,2026-02-03,defensive,lu,601616.SH,广电电气,电网设备,智能电网,-0.10832777459159892,12.0,87.0,"{'theme': 0.8, 'concept': 1.0, 'ladder': 0.55, 'seal': 1.0, 'time': 0.85, 'liq': 1.0, 'struct': 1.0}",涨停组: 电网设备方向/智能电网 1板 封单比19.1% 涨停时间09:57 题材内涨停5家 概念内涨停12家 驱动概念[智能电网] 成交6.1亿,电网设备+数据中心+变压器,1连板 换手承接量比1.08,"次日竞价与开盘承接: 高开幅度观察区间[-2%,+5%]; 开盘涨幅≤+3%且不破昨收-3%视为买点触发",昨收5.39,高位情绪兑现/次日低开大幅回撤/炸板断板/概念退潮,1
2026-02-02,2026-02-03,defensive,lu,002606.SZ,大连电瓷,电网设备,柔性直流输电,1.7933498220994881,8.0,86.0,"{'theme': 0.6, 'concept': 1.0, 'ladder': 0.55, 'seal': 1.0, 'time': 0.85, 'liq': 1.0, 'struct': 1.0}",涨停组: 特高压方向/柔性直流输电 1板 封单比21.2% 涨停时间10:00 题材内涨停4家 概念内涨停8家 驱动概念[柔性直流输电] 成交5.8亿,特高压+电网设备+海外订单+江西二期,1连板 换手承接量比1.18,"次日竞价与开盘承接: 高开幅度观察区间[-2%,+5%]; 开盘涨幅≤+3%且不破昨收-3%视为买点触发",昨收11.8,高位情绪兑现/次日低开大幅回撤/炸板断板/概念退潮,1
2026-02-03,2026-02-04,normal,lu,600266.SH,城建发展,房地产,商业航天,3.9546360333876374,23.0,85.0,"{'theme': 1.0, 'concept': 1.0, 'ladder': 0.55, 'seal': 1.0, 'time': 1.0, 'liq': 1.0, 'struct': 0.6}",涨停组: 商业航天方向/商业航天 1板 封单比38.5% 涨停时间09:25 题材内涨停10家 概念内涨停23家 驱动概念[商业航天] 成交3.3亿,商业航天+北京国资+房地产,1连板 换手承接量比0.61,"次日竞价与开盘承接: 高开幅度观察区间[-2%,+5%]; 开盘涨幅≤+3%且不破昨收-3%视为买点触发",昨收6.0,高位情绪兑现/次日低开大幅回撤/炸板断板/概念退潮,1
2026-02-03,2026-02-04,normal,lu,001316.SZ,润贝航科,石油加工贸易,航空发动机,4.2849575945306695,7.0,84.0,"{'theme': 1.0, 'concept': 1.0, 'ladder': 0.55, 'seal': 1.0, 'time': 0.85, 'liq': 0.6, 'struct': 1.0}",涨停组: 商业航天方向/航空发动机 1板 封单比43.8% 涨停时间10:00 题材内涨停10家 概念内涨停7家 驱动概念[航空发动机] 成交2.9亿,商业航天+业绩预增+低空经济,1连板 换手承接量比0.84,"次日竞价与开盘承接: 高开幅度观察区间[-2%,+5%]; 开盘涨幅≤+3%且不破昨收-3%视为买点触发",昨收56.33,高位情绪兑现/次日低开大幅回撤/炸板断板/概念退潮,1
2026-02-04,2026-02-05,normal,lu,000723.SZ,美锦能源,煤炭开采加工,煤炭概念,4.220230650627821,14.0,88.0,"{'theme': 1.0, 'concept': 1.0, 'ladder': 0.55, 'seal': 1.0, 'time': 0.85, 'liq': 1.0, 'struct': 1.0}",涨停组: 煤炭方向/煤炭概念 1板 封单比17.6% 涨停时间10:04 题材内涨停6家 概念内涨停14家 驱动概念[煤炭概念] 成交10.9亿,煤炭+氢能,1连板 换手承接量比1.11,"次日竞价与开盘承接: 高开幅度观察区间[-2%,+5%]; 开盘涨幅≤+3%且不破昨收-3%视为买点触发",昨收5.17,高位情绪兑现/次日低开大幅回撤/炸板断板/概念退潮,1
2026-02-04,2026-02-05,normal,lu,600188.SH,兖矿能源,煤炭开采加工,煤炭概念,4.220230650627821,14.0,86.5,"{'theme': 1.0, 'concept': 1.0, 'ladder': 0.55, 'seal': 0.7, 'time': 1.0, 'liq': 1.0, 'struct': 1.0}",涨停组: 煤炭方向/煤炭概念 1板 封单比9.4% 涨停时间09:36 题材内涨停6家 概念内涨停14家 驱动概念[煤炭概念] 成交17.2亿,煤炭+产能扩张+国企改革,1连板 换手承接量比1.43,"次日竞价与开盘承接: 高开幅度观察区间[-2%,+5%]; 开盘涨幅≤+3%且不破昨收-3%视为买点触发",昨收15.27,高位情绪兑现/次日低开大幅回撤/炸板断板/概念退潮,1
2026-02-05,2026-02-06,defensive,lu,603103.SH,横店影视,影视院线,短剧游戏,1.142859709783317,4.0,82.5,"{'theme': 0.2, 'concept': 1.0, 'ladder': 0.55, 'seal': 0.7, 'time': 1.0, 'liq': 1.0, 'struct': 1.0}",涨停组: 春节档方向/短剧游戏 1板 封单比9.7% 涨停时间09:36 题材内涨停2家 概念内涨停4家 驱动概念[短剧游戏] 成交9.0亿,春节档+影视院线+AI漫剧,1连板 换手承接量比1.41,"次日竞价与开盘承接: 高开幅度观察区间[-2%,+5%]; 开盘涨幅≤+3%且不破昨收-3%视为买点触发",昨收31.66,高位情绪兑现/次日低开大幅回撤/炸板断板/概念退潮,1
2026-02-05,2026-02-06,defensive,lu,002905.SZ,金逸影视,影视院线,文化传媒概念,0.7450590850448968,6.0,81.0,"{'theme': 0.2, 'concept': 1.0, 'ladder': 0.55, 'seal': 1.0, 'time': 0.7, 'liq': 1.0, 'struct': 1.0}",涨停组: 春节档方向/文化传媒概念 1板 封单比36.4% 涨停时间11:03 题材内涨停2家 概念内涨停6家 驱动概念[文化传媒概念] 成交3.6亿,春节档+票房增长+扭亏为盈,1连板 换手承接量比0.93,"次日竞价与开盘承接: 高开幅度观察区间[-2%,+5%]; 开盘涨幅≤+3%且不破昨收-3%视为买点触发",昨收13.33,高位情绪兑现/次日低开大幅回撤/炸板断板/概念退潮,1
2026-02-06,2026-02-09,normal,lu,002339.SZ,积成电子,电网设备,动力电池回收,1.5269318390112252,5.0,82.5,"{'theme': 0.2, 'concept': 1.0, 'ladder': 0.55, 'seal': 0.7, 'time': 1.0, 'liq': 1.0, 'struct': 1.0}",涨停组: 电网设备方向/动力电池回收 1板 封单比13.3% 涨停时间09:36 题材内涨停2家 概念内涨停5家 驱动概念[动力电池回收] 成交8.2亿,电网设备+中标+特高压,1连板 换手承接量比0.91,"次日竞价与开盘承接: 高开幅度观察区间[-2%,+5%]; 开盘涨幅≤+3%且不破昨收-3%视为买点触发",昨收12.76,高位情绪兑现/次日低开大幅回撤/炸板断板/概念退潮,1
2026-02-06,2026-02-09,normal,lu,605488.SH,福莱新材,塑料制品,人形机器人,0.7322195604123838,6.0,82.5,"{'theme': 0.8, 'concept': 1.0, 'ladder': 0.55, 'seal': 0.7, 'time': 0.85, 'liq': 1.0, 'struct': 1.0}",涨停组: 人形机器人方向/人形机器人 1板 封单比8.4% 涨停时间10:30 题材内涨停5家 概念内涨停6家 驱动概念[人形机器人] 成交8.0亿,人形机器人+10万套订单+柔性传感器,1连板 换手承接量比1.50,"次日竞价与开盘承接: 高开幅度观察区间[-2%,+5%]; 开盘涨幅≤+3%且不破昨收-3%视为买点触发",昨收43.05,高位情绪兑现/次日低开大幅回撤/炸板断板/概念退潮,1
2026-02-09,2026-02-10,aggressive,lu,002534.SZ,西子洁能,其他电源设备,钙钛矿电池,3.868875320762366,10.0,84.0,"{'theme': 0.2, 'concept': 1.0, 'ladder': 0.55, 'seal': 1.0, 'time': 0.85, 'liq': 1.0, 'struct': 1.0}",涨停组: 可控核聚变方向/钙钛矿电池 1板 封单比37.2% 涨停时间09:47 题材内涨停2家 概念内涨停10家 驱动概念[钙钛矿电池] 成交4.1亿,可控核聚变+余热锅炉+数据中心+光热储能,1连板 换手承接量比1.11,"次日竞价与开盘承接: 高开幅度观察区间[-2%,+5%]; 开盘涨幅≤+3%且不破昨收-3%视为买点触发",昨收19.54,高位情绪兑现/次日低开大幅回撤/炸板断板/概念退潮,1
2026-02-09,2026-02-10,aggressive,lu,002440.SZ,闰土股份,化学制品,染料,4.700595542584862,6.0,83.5,"{'theme': 0.2, 'concept': 1.0, 'ladder': 0.9, 'seal': 0.7, 'time': 1.0, 'liq': 1.0, 'struct': 0.6}",涨停组: 染料涨价方向/染料 2板 封单比8.2% 涨停时间09:32 题材内涨停2家 概念内涨停6家 驱动概念[染料] 成交7.3亿,染料涨价+年报预增+半导体投资,2连板 换手承接量比0.51,"次日竞价与开盘承接: 高开幅度观察区间[-2%,+5%]; 开盘涨幅≤+3%且不破昨收-3%视为买点触发",昨收14.53,高位情绪兑现/次日低开大幅回撤/炸板断板/概念退潮,1
2026-02-10,2026-02-11,normal,lu,001330.SZ,博纳影业,影视院线,短剧游戏,5.315083700064349,20.0,89.0,"{'theme': 0.4, 'concept': 1.0, 'ladder': 0.9, 'seal': 1.0, 'time': 1.0, 'liq': 1.0, 'struct': 0.6}",涨停组: AI短剧方向/短剧游戏 2板 封单比43.9% 涨停时间09:32 题材内涨停3家 概念内涨停20家 驱动概念[短剧游戏] 成交10.2亿,AI短剧+春节档IP+影视院线,2连板 换手承接量比0.52,"次日竞价与开盘承接: 高开幅度观察区间[-2%,+5%]; 开盘涨幅≤+3%且不破昨收-3%视为买点触发",昨收12.47,高位情绪兑现/次日低开大幅回撤/炸板断板/概念退潮,1
2026-02-10,2026-02-11,normal,lu,600715.SH,文投控股,影视院线,短剧游戏,5.315083700064349,20.0,88.0,"{'theme': 0.4, 'concept': 1.0, 'ladder': 0.55, 'seal': 1.0, 'time': 1.0, 'liq': 1.0, 'struct': 1.0}",涨停组: AI漫剧方向/短剧游戏 1板 封单比15.9% 涨停时间09:35 题材内涨停3家 概念内涨停20家 驱动概念[短剧游戏] 成交3.9亿,AI漫剧+小程序游戏+北京国资,1连板 换手承接量比1.93,"次日竞价与开盘承接: 高开幅度观察区间[-2%,+5%]; 开盘涨幅≤+3%且不破昨收-3%视为买点触发",昨收2.61,高位情绪兑现/次日低开大幅回撤/炸板断板/概念退潮,1
2026-02-11,2026-02-12,defensive,lu,002842.SZ,翔鹭钨业,小金属,金属铜,2.0318182721039246,6.0,81.0,"{'theme': 0.2, 'concept': 1.0, 'ladder': 0.55, 'seal': 1.0, 'time': 1.0, 'liq': 1.0, 'struct': 0.6}",涨停组: 钨价上涨方向/金属铜 1板 封单比22.9% 涨停时间09:39 题材内涨停2家 概念内涨停6家 驱动概念[金属铜] 成交8.4亿,钨价上涨+光伏钨丝+年报预增,1连板 换手承接量比0.50,"次日竞价与开盘承接: 高开幅度观察区间[-2%,+5%]; 开盘涨幅≤+3%且不破昨收-3%视为买点触发",昨收35.01,高位情绪兑现/次日低开大幅回撤/炸板断板/概念退潮,1
2026-02-11,2026-02-12,defensive,lu,002378.SZ,章源钨业,小金属,金属铜,2.0318182721039246,6.0,72.0,"{'theme': 0.2, 'concept': 1.0, 'ladder': 0.55, 'seal': 0.4, 'time': 1.0, 'liq': 1.0, 'struct': 0.6}",涨停组: 钨价上涨方向/金属铜 1板 封单比6.3% 涨停时间09:44 题材内涨停2家 概念内涨停6家 驱动概念[金属铜] 成交16.2亿,钨价上涨+钨产业链+商业航天+业绩预增,1连板 换手承接量比0.75,"次日竞价与开盘承接: 高开幅度观察区间[-2%,+5%]; 开盘涨幅≤+3%且不破昨收-3%视为买点触发",昨收27.64,高位情绪兑现/次日低开大幅回撤/炸板断板/概念退潮,1
2026-02-12,2026-02-13,defensive,lu,605006.SH,山东玻纤,建筑材料,风电,1.0129549372893898,17.0,89.5,"{'theme': 0.2, 'concept': 1.0, 'ladder': 0.9, 'seal': 0.7, 'time': 1.0, 'liq': 1.0, 'struct': 1.0}",涨停组: 涨价方向/风电 2板 封单比10.9% 涨停时间09:41 题材内涨停2家 概念内涨停17家 驱动概念[风电] 成交6.4亿,涨价+玻纤+山东国资,2连板 换手承接量比2.12,"次日竞价与开盘承接: 高开幅度观察区间[-2%,+5%]; 开盘涨幅≤+3%且不破昨收-3%视为买点触发",昨收10.2,高位情绪兑现/次日低开大幅回撤/炸板断板/概念退潮,1
2026-02-12,2026-02-13,defensive,lu,002975.SZ,博杰股份,自动化设备,液冷服务器,2.8553217805548536,11.0,88.0,"{'theme': 1.0, 'concept': 1.0, 'ladder': 0.55, 'seal': 1.0, 'time': 0.85, 'liq': 1.0, 'struct': 1.0}",涨停组: 液冷服务器方向/液冷服务器 1板 封单比22.2% 涨停时间10:00 题材内涨停6家 概念内涨停11家 驱动概念[液冷服务器] 成交6.9亿,液冷服务器+AI服务器测试+人形机器人+业绩预增,1连板 换手承接量比1.73,"次日竞价与开盘承接: 高开幅度观察区间[-2%,+5%]; 开盘涨幅≤+3%且不破昨收-3%视为买点触发",昨收83.03,高位情绪兑现/次日低开大幅回撤/炸板断板/概念退潮,1
2026-02-24,2026-02-25,aggressive,lu,002498.SZ,汉缆股份,电网设备,柔性直流输电,3.7449561142842924,5.0,92.5,"{'theme': 0.4, 'concept': 1.0, 'ladder': 1.0, 'seal': 0.7, 'time': 1.0, 'liq': 1.0, 'struct': 1.0}",涨停组: 特高压方向/柔性直流输电 3板 封单比10.1% 涨停时间09:31 题材内涨停3家 概念内涨停5家 驱动概念[柔性直流输电] 成交17.7亿,特高压+海上风电+电网设备,3连板 换手承接量比1.22,"次日竞价与开盘承接: 高开幅度观察区间[-2%,+5%]; 开盘涨幅≤+3%且不破昨收-3%视为买点触发",昨收7.45,高位情绪兑现/次日低开大幅回撤/炸板断板/概念退潮,1
2026-02-24,2026-02-25,aggressive,lu,002828.SZ,贝肯能源,油气开采及服务,页岩气,5.344849508060068,6.0,90.0,"{'theme': 0.8, 'concept': 1.0, 'ladder': 0.55, 'seal': 1.0, 'time': 1.0, 'liq': 1.0, 'struct': 1.0}",涨停组: 油气开采方向/页岩气 1板 封单比21.1% 涨停时间09:33 题材内涨停5家 概念内涨停6家 驱动概念[页岩气] 成交3.5亿,油气开采+海外权益+地缘冲突,1连板 换手承接量比1.43,"次日竞价与开盘承接: 高开幅度观察区间[-2%,+5%]; 开盘涨幅≤+3%且不破昨收-3%视为买点触发",昨收13.89,高位情绪兑现/次日低开大幅回撤/炸板断板/概念退潮,1
2026-02-25,2026-02-26,aggressive,lu,002428.SZ,云南锗业,小金属,小金属概念,3.999529356275011,16.0,87.0,"{'theme': 0.2, 'concept': 1.0, 'ladder': 0.55, 'seal': 1.0, 'time': 1.0, 'liq': 1.0, 'struct': 1.0}",涨停组: 商业航天方向/小金属概念 1板 封单比20.6% 涨停时间09:31 题材内涨停2家 概念内涨停16家 驱动概念[小金属概念] 成交14.7亿,商业航天+锗晶片+小金属,1连板 换手承接量比1.02,"次日竞价与开盘承接: 高开幅度观察区间[-2%,+5%]; 开盘涨幅≤+3%且不破昨收-3%视为买点触发",昨收40.35,高位情绪兑现/次日低开大幅回撤/炸板断板/概念退潮,1
2026-02-25,2026-02-26,aggressive,lu,000545.SZ,金浦钛业,化学原料,钛白粉概念,4.853775550441575,3.0,83.5,"{'theme': 0.2, 'concept': 0.8, 'ladder': 0.9, 'seal': 0.7, 'time': 0.85, 'liq': 1.0, 'struct': 1.0}",涨停组: 钛白粉方向/钛白粉概念 2板 封单比8.5% 涨停时间10:09 题材内涨停2家 概念内涨停3家 驱动概念[钛白粉概念] 成交5.4亿,钛白粉+减产+转型橡胶,2连板 换手承接量比2.10,"次日竞价与开盘承接: 高开幅度观察区间[-2%,+5%]; 开盘涨幅≤+3%且不破昨收-3%视为买点触发",昨收3.42,高位情绪兑现/次日低开大幅回撤/炸板断板/概念退潮,1
2026-02-26,2026-02-27,normal,lu,002272.SZ,川润股份,通用设备,液冷服务器,2.7271156810794617,7.0,79.5,"{'theme': 0.2, 'concept': 1.0, 'ladder': 0.55, 'seal': 0.7, 'time': 0.85, 'liq': 1.0, 'struct': 1.0}",涨停组: 液冷服务器方向/液冷服务器 1板 封单比10.2% 涨停时间10:19 题材内涨停2家 概念内涨停7家 驱动概念[液冷服务器] 成交15.4亿,液冷服务器+北美订单+绿色算力,1连板 换手承接量比1.17,"次日竞价与开盘承接: 高开幅度观察区间[-2%,+5%]; 开盘涨幅≤+3%且不破昨收-3%视为买点触发",昨收19.21,高位情绪兑现/次日低开大幅回撤/炸板断板/概念退潮,1
2026-02-26,2026-02-27,normal,lu,001400.SZ,江顺科技,专用设备,液冷服务器,2.7271156810794617,7.0,74.0,"{'theme': 0.4, 'concept': 1.0, 'ladder': 0.55, 'seal': 1.0, 'time': 0.5, 'liq': 0.6, 'struct': 1.0}",涨停组: 商业航天方向/液冷服务器 1板 封单比26.5% 涨停时间13:01 题材内涨停3家 概念内涨停7家 驱动概念[液冷服务器] 成交2.8亿,商业航天+3D打印+液冷+铝挤压模具,1连板 换手承接量比1.33,"次日竞价与开盘承接: 高开幅度观察区间[-2%,+5%]; 开盘涨幅≤+3%且不破昨收-3%视为买点触发",昨收116.12,高位情绪兑现/次日低开大幅回撤/炸板断板/概念退潮,1
2026-02-26,2026-02-27,normal,nlu,002703.SZ,浙江世宝,汽车零部件,汽车电子,1.541223310405604,9.0,88.984375,"{'sector': 0.7093750000000001, 'trend': 1.0, 'pos': 0.85, 'mom': 1.0, 'liq': 1.0, 'recog': 1.0}","非涨停组: 趋势结构多头(MA20>MA60且上行), 处于活跃板块[汽车零部件](当日涨幅分位66%, 板块涨停3家) 驱动概念[汽车电子] 距60日高点12.6% 20日涨幅11.9%",板块[汽车零部件]轮动延续/资金承接/概念热度,收盘25.05 MA20上方 量比1.00,"次日开盘[-2%,+3%]为观察区间; 收盘站上max(开盘,昨收)视为买点触发",昨收25.05,板块退潮补跌/概念退潮/资金承接不足/持续阴跌,1
2026-02-26,2026-02-27,normal,nlu,600549.SH,厦门钨业,小金属,可控核聚变,1.7063815274115823,6.0,86.6640625,"{'sector': 0.8665625000000001, 'trend': 1.0, 'pos': 0.6, 'mom': 1.0, 'liq': 1.0, 'recog': 1.0}","非涨停组: 趋势结构多头(MA20>MA60且上行), 处于活跃板块[小金属](当日涨幅分位77%, 板块涨停2家) 驱动概念[可控核聚变] 距60日高点7.8% 20日涨幅8.1%",板块[小金属]轮动延续/资金承接/概念热度,收盘63.37 MA20上方 量比1.17,"次日开盘[-2%,+3%]为观察区间; 收盘站上max(开盘,昨收)视为买点触发",昨收63.37,板块退潮补跌/概念退潮/资金承接不足/持续阴跌,1
2026-02-27,2026-03-02,aggressive,lu,600744.SH,华银电力,电力,超超临界发电,2.608367540619949,5.0,89.5,"{'theme': 0.2, 'concept': 1.0, 'ladder': 0.9, 'seal': 0.7, 'time': 1.0, 'liq': 1.0, 'struct': 1.0}",涨停组: 电力方向/超超临界发电 2板 封单比10.6% 涨停时间09:31 题材内涨停2家 概念内涨停5家 驱动概念[超超临界发电] 成交17.6亿,电力+年报预增+央企,2连板 换手承接量比1.81,"次日竞价与开盘承接: 高开幅度观察区间[-2%,+5%]; 开盘涨幅≤+3%且不破昨收-3%视为买点触发",昨收7.94,高位情绪兑现/次日低开大幅回撤/炸板断板/概念退潮,1
2026-02-27,2026-03-02,aggressive,lu,002182.SZ,宝武镁业,小金属,小金属概念,3.51621161454696,15.0,87.0,"{'theme': 0.2, 'concept': 1.0, 'ladder': 0.55, 'seal': 1.0, 'time': 1.0, 'liq': 1.0, 'struct': 1.0}",涨停组: 小金属方向/小金属概念 1板 封单比16.8% 涨停时间09:42 题材内涨停2家 概念内涨停15家 驱动概念[小金属概念] 成交6.7亿,小金属+人形机器人+商业航天+央企,1连板 换手承接量比1.00,"次日竞价与开盘承接: 高开幅度观察区间[-2%,+5%]; 开盘涨幅≤+3%且不破昨收-3%视为买点触发",昨收21.79,高位情绪兑现/次日低开大幅回撤/炸板断板/概念退潮,1
2026-03-02,2026-03-03,defensive,lu,600227.SH,赤天化,农化制品,煤化工概念,1.8102473096293537,8.0,85.0,"{'theme': 0.4, 'concept': 1.0, 'ladder': 0.55, 'seal': 1.0, 'time': 0.85, 'liq': 1.0, 'struct': 1.0}",涨停组: 甲醇方向/煤化工概念 1板 封单比15.4% 涨停时间09:47 题材内涨停3家 概念内涨停8家 驱动概念[煤化工概念] 成交4.7亿,甲醇+化工+煤炭+化肥,1连板 换手承接量比1.04,"次日竞价与开盘承接: 高开幅度观察区间[-2%,+5%]; 开盘涨幅≤+3%且不破昨收-3%视为买点触发",昨收3.17,高位情绪兑现/次日低开大幅回撤/炸板断板/概念退潮,1
2026-03-02,2026-03-03,defensive,lu,603353.SH,和顺石油,石油加工贸易,俄乌冲突概念,5.229179892051916,22.0,85.0,"{'theme': 0.2, 'concept': 1.0, 'ladder': 0.9, 'seal': 0.4, 'time': 1.0, 'liq': 1.0, 'struct': 1.0}",涨停组: 成品油方向/俄乌冲突概念 2板 封单比3.5% 涨停时间09:30 题材内涨停2家 概念内涨停22家 驱动概念[俄乌冲突概念] 成交9.4亿,成品油+铜官油库+拟收购奎芯+超快充,2连板 换手承接量比2.06,"次日竞价与开盘承接: 高开幅度观察区间[-2%,+5%]; 开盘涨幅≤+3%且不破昨收-3%视为买点触发",昨收46.34,高位情绪兑现/次日低开大幅回撤/炸板断板/概念退潮,1
2026-03-02,2026-03-03,defensive,nlu,603077.SH,和邦生物,农化制品,金属锌,3.2297022736952785,4.0,86.05859375,"{'sector': 0.84234375, 'trend': 1.0, 'pos': 0.6, 'mom': 1.0, 'liq': 1.0, 'recog': 1.0}","非涨停组: 趋势结构多头(MA20>MA60且上行), 处于活跃板块[农化制品](当日涨幅分位77%, 板块涨停3家) 驱动概念[金属锌] 距60日高点5.2% 20日涨幅9.3%",板块[农化制品]轮动延续/资金承接/概念热度,收盘2.94 MA20上方 量比1.02,"次日开盘[-2%,+3%]为观察区间; 收盘站上max(开盘,昨收)视为买点触发",昨收2.94,板块退潮补跌/概念退潮/资金承接不足/持续阴跌,1
2026-03-03,2026-03-04,defensive,lu,002828.SZ,贝肯能源,油气开采及服务,页岩气,5.981593422178322,16.0,96.0,"{'theme': 0.6, 'concept': 1.0, 'ladder': 0.9, 'seal': 1.0, 'time': 1.0, 'liq': 1.0, 'struct': 1.0}",涨停组: 油气开采方向/页岩气 2板 封单比15.1% 涨停时间09:30 题材内涨停4家 概念内涨停16家 驱动概念[页岩气] 成交4.0亿,油气开采+海外权益,2连板 换手承接量比0.85,"次日竞价与开盘承接: 高开幅度观察区间[-2%,+5%]; 开盘涨幅≤+3%且不破昨收-3%视为买点触发",昨收16.37,高位情绪兑现/次日低开大幅回撤/炸板断板/概念退潮,1
2026-03-03,2026-03-04,defensive,lu,000968.SZ,蓝焰控股,油气开采及服务,天然气,4.293827927864879,49.0,93.5,"{'theme': 1.0, 'concept': 1.0, 'ladder': 0.9, 'seal': 0.7, 'time': 1.0, 'liq': 1.0, 'struct': 1.0}",涨停组: 天然气方向/天然气 2板 封单比8.7% 涨停时间09:30 题材内涨停18家 概念内涨停49家 驱动概念[天然气] 成交9.2亿,天然气+煤层气+山西国资,2连板 换手承接量比1.47,"次日竞价与开盘承接: 高开幅度观察区间[-2%,+5%]; 开盘涨幅≤+3%且不破昨收-3%视为买点触发",昨收10.41,高位情绪兑现/次日低开大幅回撤/炸板断板/概念退潮,1
2026-03-03,2026-03-04,defensive,nlu,601619.SH,嘉泽新能,电力,碳交易,-1.790080939005123,7.0,81.734375,"{'sector': 0.669375, 'trend': 1.0, 'pos': 0.6, 'mom': 1.0, 'liq': 1.0, 'recog': 1.0}","非涨停组: 趋势结构多头(MA20>MA60且上行), 处于活跃板块[电力](当日涨幅分位81%, 板块涨停0家) 驱动概念[碳交易] 距60日高点5.8% 20日涨幅18.4%",板块[电力]轮动延续/资金承接/概念热度,收盘6.65 MA20上方 量比0.91,"次日开盘[-2%,+3%]为观察区间; 收盘站上max(开盘,昨收)视为买点触发",昨收6.65,板块退潮补跌/概念退潮/资金承接不足/持续阴跌,1
2026-03-04,2026-03-05,defensive,lu,002339.SZ,积成电子,电网设备,特高压,2.3615358737537395,8.0,82.0,"{'theme': 0.4, 'concept': 1.0, 'ladder': 0.55, 'seal': 1.0, 'time': 1.0, 'liq': 1.0, 'struct': 0.6}",涨停组: 电网设备方向/特高压 1板 封单比29.8% 涨停时间09:36 题材内涨停3家 概念内涨停8家 驱动概念[特高压] 成交3.5亿,电网设备+中标+特高压,1连板 换手承接量比0.77,"次日竞价与开盘承接: 高开幅度观察区间[-2%,+5%]; 开盘涨幅≤+3%且不破昨收-3%视为买点触发",昨收11.54,高位情绪兑现/次日低开大幅回撤/炸板断板/概念退潮,1
2026-03-04,2026-03-05,defensive,lu,603530.SH,神马电力,电网设备,柔性直流输电,2.967483083039224,3.0,77.5,"{'theme': 0.4, 'concept': 0.8, 'ladder': 0.55, 'seal': 0.7, 'time': 0.85, 'liq': 1.0, 'struct': 1.0}",涨停组: 特高压方向/柔性直流输电 1板 封单比11.2% 涨停时间09:57 题材内涨停3家 概念内涨停3家 驱动概念[柔性直流输电] 成交10.2亿,特高压+越南建厂+电网设备,1连板 换手承接量比1.12,"次日竞价与开盘承接: 高开幅度观察区间[-2%,+5%]; 开盘涨幅≤+3%且不破昨收-3%视为买点触发",昨收67.21,高位情绪兑现/次日低开大幅回撤/炸板断板/概念退潮,1
2026-03-04,2026-03-05,defensive,nlu,601877.SH,正泰电器,电网设备,智能电网,2.0411324566005584,13.0,89.08984375,"{'sector': 0.96359375, 'trend': 1.0, 'pos': 0.6, 'mom': 1.0, 'liq': 1.0, 'recog': 1.0}","非涨停组: 趋势结构多头(MA20>MA60且上行), 处于活跃板块[电网设备](当日涨幅分位99%, 板块涨停11家) 驱动概念[智能电网] 距60日高点5.2% 20日涨幅5.3%",板块[电网设备]轮动延续/资金承接/概念热度,收盘31.99 MA20上方 量比0.85,"次日开盘[-2%,+3%]为观察区间; 收盘站上max(开盘,昨收)视为买点触发",昨收31.99,板块退潮补跌/概念退潮/资金承接不足/持续阴跌,1
2026-03-05,2026-03-06,normal,lu,002339.SZ,积成电子,电网设备,特高压,3.0821283426214485,5.0,88.0,"{'theme': 0.8, 'concept': 1.0, 'ladder': 0.9, 'seal': 0.4, 'time': 1.0, 'liq': 1.0, 'struct': 1.0}",涨停组: 电网设备方向/特高压 2板 封单比5.3% 涨停时间09:32 题材内涨停5家 概念内涨停5家 驱动概念[特高压] 成交15.0亿,电网设备+中标+特高压,2连板 换手承接量比2.14,"次日竞价与开盘承接: 高开幅度观察区间[-2%,+5%]; 开盘涨幅≤+3%且不破昨收-3%视为买点触发",昨收12.69,高位情绪兑现/次日低开大幅回撤/炸板断板/概念退潮,1
2026-03-05,2026-03-06,normal,lu,600703.SH,三安光电,光学光电子,MicroLED概念,8.26256839961057,16.0,83.0,"{'theme': 0.6, 'concept': 1.0, 'ladder': 0.55, 'seal': 1.0, 'time': 1.0, 'liq': 1.0, 'struct': 0.6}",涨停组: Micro LED方向/MicroLED概念 1板 封单比38.4% 涨停时间09:30 题材内涨停4家 概念内涨停16家 驱动概念[MicroLED概念] 成交12.8亿,Micro LED+光芯片+碳化硅+商业航天,1连板 换手承接量比0.54,"次日竞价与开盘承接: 高开幅度观察区间[-2%,+5%]; 开盘涨幅≤+3%且不破昨收-3%视为买点触发",昨收16.13,高位情绪兑现/次日低开大幅回撤/炸板断板/概念退潮,1
2026-03-05,2026-03-06,normal,nlu,600869.SH,远东股份,电网设备,柔性直流输电,4.312035661218427,5.0,91.50390625,"{'sector': 0.97015625, 'trend': 0.8, 'pos': 0.85, 'mom': 1.0, 'liq': 1.0, 'recog': 1.0}","非涨停组: 趋势结构多头(MA20>MA60且上行), 处于活跃板块[电网设备](当日涨幅分位98%, 板块涨停8家) 驱动概念[柔性直流输电] 距60日高点13.0% 20日涨幅6.2%",板块[电网设备]轮动延续/资金承接/概念热度,收盘13.45 MA20上方 量比1.01,"次日开盘[-2%,+3%]为观察区间; 收盘站上max(开盘,昨收)视为买点触发",昨收13.45,板块退潮补跌/概念退潮/资金承接不足/持续阴跌,1
2026-03-05,2026-03-06,normal,nlu,002364.SZ,中恒电气,其他电源设备,特高压,3.0821283426214485,5.0,87.78515625,"{'sector': 0.94140625, 'trend': 0.8, 'pos': 0.85, 'mom': 0.7, 'liq': 1.0, 'recog': 1.0}","非涨停组: 趋势结构多头(MA20>MA60且上行), 处于活跃板块[其他电源设备](当日涨幅分位97%, 板块涨停3家) 驱动概念[特高压] 距60日高点11.3% 20日涨幅1.3%",板块[其他电源设备]轮动延续/资金承接/概念热度,收盘32.76 MA20上方 量比0.84,"次日开盘[-2%,+3%]为观察区间; 收盘站上max(开盘,昨收)视为买点触发",昨收32.76,板块退潮补跌/概念退潮/资金承接不足/持续阴跌,1
2026-03-06,2026-03-09,normal,lu,600590.SH,泰豪科技,其他电源设备,电力物联网,2.965428698378103,4.0,90.0,"{'theme': 0.6, 'concept': 1.0, 'ladder': 0.9, 'seal': 1.0, 'time': 1.0, 'liq': 1.0, 'struct': 0.6}",涨停组: 氢能源方向/电力物联网 2板 封单比49.1% 涨停时间09:30 题材内涨停4家 概念内涨停4家 驱动概念[电力物联网] 成交5.0亿,氢能源+军工电源+扭亏为盈,2连板 换手承接量比0.44,"次日竞价与开盘承接: 高开幅度观察区间[-2%,+5%]; 开盘涨幅≤+3%且不破昨收-3%视为买点触发",昨收16.18,高位情绪兑现/次日低开大幅回撤/炸板断板/概念退潮,1
2026-03-06,2026-03-09,normal,lu,605286.SH,同力天启,专用设备,虚拟电厂,2.5868096657963857,8.0,86.0,"{'theme': 0.8, 'concept': 1.0, 'ladder': 0.55, 'seal': 1.0, 'time': 1.0, 'liq': 0.6, 'struct': 1.0}",涨停组: 算电协同方向/虚拟电厂 1板 封单比18.9% 涨停时间09:32 题材内涨停5家 概念内涨停8家 驱动概念[虚拟电厂] 成交2.1亿,算电协同+储能中标+电梯部件,1连板 换手承接量比2.26,"次日竞价与开盘承接: 高开幅度观察区间[-2%,+5%]; 开盘涨幅≤+3%且不破昨收-3%视为买点触发",昨收42.49,高位情绪兑现/次日低开大幅回撤/炸板断板/概念退潮,1
2026-03-06,2026-03-09,normal,nlu,600367.SH,红星发展,化学原料,西部大开发,1.4942301735010988,11.0,95.1640625,"{'sector': 0.9565625, 'trend': 1.0, 'pos': 0.85, 'mom': 1.0, 'liq': 1.0, 'recog': 1.0}","非涨停组: 趋势结构多头(MA20>MA60且上行), 处于活跃板块[化学原料](当日涨幅分位96%, 板块涨停5家) 驱动概念[西部大开发] 距60日高点10.0% 20日涨幅13.2%",板块[化学原料]轮动延续/资金承接/概念热度,收盘23.79 MA20上方 量比0.78,"次日开盘[-2%,+3%]为观察区间; 收盘站上max(开盘,昨收)视为买点触发",昨收23.79,板块退潮补跌/概念退潮/资金承接不足/持续阴跌,1
2026-03-06,2026-03-09,normal,nlu,000792.SZ,盐湖股份,农化制品,化肥,2.998593198493804,4.0,88.6875,"{'sector': 0.9475, 'trend': 1.0, 'pos': 0.6, 'mom': 1.0, 'liq': 1.0, 'recog': 1.0}","非涨停组: 趋势结构多头(MA20>MA60且上行), 处于活跃板块[农化制品](当日涨幅分位98%, 板块涨停3家) 驱动概念[化肥] 距60日高点7.3% 20日涨幅7.6%",板块[农化制品]轮动延续/资金承接/概念热度,收盘36.79 MA20上方 量比0.67,"次日开盘[-2%,+3%]为观察区间; 收盘站上max(开盘,昨收)视为买点触发",昨收36.79,板块退潮补跌/概念退潮/资金承接不足/持续阴跌,1
2026-03-09,2026-03-10,defensive,lu,002015.SZ,协鑫能科,电力,算力租赁,2.602662861762095,12.0,89.5,"{'theme': 0.2, 'concept': 1.0, 'ladder': 0.9, 'seal': 0.7, 'time': 1.0, 'liq': 1.0, 'struct': 1.0}",涨停组: 算电协同方向/算力租赁 2板 封单比12.4% 涨停时间09:32 题材内涨停2家 概念内涨停12家 驱动概念[算力租赁] 成交19.6亿,算电协同+虚拟电厂+分布式光伏,2连板 换手承接量比0.85,"次日竞价与开盘承接: 高开幅度观察区间[-2%,+5%]; 开盘涨幅≤+3%且不破昨收-3%视为买点触发",昨收17.18,高位情绪兑现/次日低开大幅回撤/炸板断板/概念退潮,1
2026-03-09,2026-03-10,defensive,lu,002575.SZ,群兴玩具,综合,算力租赁,2.602662861762095,12.0,84.0,"{'theme': 0.8, 'concept': 1.0, 'ladder': 0.55, 'seal': 1.0, 'time': 0.7, 'liq': 1.0, 'struct': 1.0}",涨停组: 算力租赁方向/算力租赁 1板 封单比25.0% 涨停时间11:06 题材内涨停5家 概念内涨停12家 驱动概念[算力租赁] 成交7.6亿,算力租赁+腾讯合作+酒类销售,1连板 换手承接量比1.74,"次日竞价与开盘承接: 高开幅度观察区间[-2%,+5%]; 开盘涨幅≤+3%且不破昨收-3%视为买点触发",昨收8.02,高位情绪兑现/次日低开大幅回撤/炸板断板/概念退潮,1
2026-03-09,2026-03-10,defensive,nlu,600968.SH,海油发展,油气开采及服务,绿色电力,0.267003015253775,11.0,90.64453125,"{'sector': 0.7757812500000001, 'trend': 1.0, 'pos': 0.85, 'mom': 1.0, 'liq': 1.0, 'recog': 1.0}","非涨停组: 趋势结构多头(MA20>MA60且上行), 处于活跃板块[油气开采及服务](当日涨幅分位97%, 板块涨停0家) 驱动概念[绿色电力] 距60日高点13.1% 20日涨幅12.0%",板块[油气开采及服务]轮动延续/资金承接/概念热度,收盘4.85 MA20上方 量比0.93,"次日开盘[-2%,+3%]为观察区间; 收盘站上max(开盘,昨收)视为买点触发",昨收4.85,板块退潮补跌/概念退潮/资金承接不足/持续阴跌,1
2026-03-10,2026-03-11,normal,lu,603017.SH,中衡设计,建筑装饰,数据中心(AIDC),2.5703893888037177,22.0,85.0,"{'theme': 0.6, 'concept': 1.0, 'ladder': 0.55, 'seal': 1.0, 'time': 1.0, 'liq': 0.6, 'struct': 1.0}",涨停组: 商业航天方向/数据中心(AIDC) 1板 封单比37.2% 涨停时间09:44 题材内涨停4家 概念内涨停22家 驱动概念[数据中心(AIDC)] 成交1.8亿,商业航天+低空经济+工程设计,1连板 换手承接量比1.25,"次日竞价与开盘承接: 高开幅度观察区间[-2%,+5%]; 开盘涨幅≤+3%且不破昨收-3%视为买点触发",昨收13.48,高位情绪兑现/次日低开大幅回撤/炸板断板/概念退潮,1
2026-03-10,2026-03-11,normal,lu,002025.SZ,航天电器,军工电子,共封装光学(CPO),5.439390876655614,11.0,84.5,"{'theme': 0.6, 'concept': 1.0, 'ladder': 0.55, 'seal': 0.7, 'time': 1.0, 'liq': 1.0, 'struct': 1.0}",涨停组: 商业航天方向/共封装光学(CPO) 1板 封单比8.5% 涨停时间09:32 题材内涨停4家 概念内涨停11家 驱动概念[共封装光学(CPO)] 成交15.6亿,商业航天+军工电子+光模块+央企,1连板 换手承接量比1.70,"次日竞价与开盘承接: 高开幅度观察区间[-2%,+5%]; 开盘涨幅≤+3%且不破昨收-3%视为买点触发",昨收56.03,高位情绪兑现/次日低开大幅回撤/炸板断板/概念退潮,1
2026-03-10,2026-03-11,normal,nlu,000636.SZ,风华高科,元件,共封装光学(CPO),5.439390876655614,11.0,91.1171875,"{'sector': 0.9546875000000001, 'trend': 0.8, 'pos': 0.85, 'mom': 1.0, 'liq': 1.0, 'recog': 1.0}","非涨停组: 趋势结构多头(MA20>MA60且上行), 处于活跃板块[元件](当日涨幅分位98%, 板块涨停5家) 驱动概念[共封装光学(CPO)] 距60日高点13.1% 20日涨幅23.3%",板块[元件]轮动延续/资金承接/概念热度,收盘23.85 MA20上方 量比0.97,"次日开盘[-2%,+3%]为观察区间; 收盘站上max(开盘,昨收)视为买点触发",昨收23.85,板块退潮补跌/概念退潮/资金承接不足/持续阴跌,1
2026-03-10,2026-03-11,normal,nlu,600105.SH,永鼎股份,通信设备,共封装光学(CPO),5.439390876655614,11.0,90.796875,"{'sector': 0.941875, 'trend': 0.8, 'pos': 0.85, 'mom': 1.0, 'liq': 1.0, 'recog': 1.0}","非涨停组: 趋势结构多头(MA20>MA60且上行), 处于活跃板块[通信设备](当日涨幅分位98%, 板块涨停7家) 驱动概念[共封装光学(CPO)] 距60日高点13.4% 20日涨幅8.5%",板块[通信设备]轮动延续/资金承接/概念热度,收盘28.14 MA20上方 量比1.16,"次日开盘[-2%,+3%]为观察区间; 收盘站上max(开盘,昨收)视为买点触发",昨收28.14,板块退潮补跌/概念退潮/资金承接不足/持续阴跌,1
2026-03-11,2026-03-12,defensive,lu,601868.SH,中国能建,建筑装饰,水泥概念,1.607683097241619,4.0,82.5,"{'theme': 0.2, 'concept': 1.0, 'ladder': 0.55, 'seal': 0.7, 'time': 1.0, 'liq': 1.0, 'struct': 1.0}",涨停组: 算电协同方向/水泥概念 1板 封单比12.1% 涨停时间09:42 题材内涨停2家 概念内涨停4家 驱动概念[水泥概念] 成交62.9亿,算电协同+氢能+央企,1连板 换手承接量比0.83,"次日竞价与开盘承接: 高开幅度观察区间[-2%,+5%]; 开盘涨幅≤+3%且不破昨收-3%视为买点触发",昨收3.45,高位情绪兑现/次日低开大幅回撤/炸板断板/概念退潮,1
2026-03-11,2026-03-12,defensive,lu,603757.SH,大元泵业,通用设备,储能,0.6874514939416487,16.0,82.5,"{'theme': 0.2, 'concept': 1.0, 'ladder': 0.55, 'seal': 0.7, 'time': 1.0, 'liq': 1.0, 'struct': 1.0}",涨停组: 液冷服务器方向/储能 1板 封单比8.6% 涨停时间09:34 题材内涨停2家 概念内涨停16家 驱动概念[储能] 成交6.8亿,液冷服务器+屏蔽泵+维谛技术,1连板 换手承接量比1.49,"次日竞价与开盘承接: 高开幅度观察区间[-2%,+5%]; 开盘涨幅≤+3%且不破昨收-3%视为买点触发",昨收47.43,高位情绪兑现/次日低开大幅回撤/炸板断板/概念退潮,1
2026-03-11,2026-03-12,defensive,nlu,600105.SH,永鼎股份,通信设备,共封装光学(CPO),0.6965703290843006,4.0,88.55078125,"{'sector': 0.81203125, 'trend': 1.0, 'pos': 0.85, 'mom': 0.7, 'liq': 1.0, 'recog': 1.0}","非涨停组: 趋势结构多头(MA20>MA60且上行), 处于活跃板块[通信设备](当日涨幅分位74%, 板块涨停3家) 驱动概念[共封装光学(CPO)] 距60日高点12.4% 20日涨幅1.0%",板块[通信设备]轮动延续/资金承接/概念热度,收盘28.46 MA20上方 量比1.13,"次日开盘[-2%,+3%]为观察区间; 收盘站上max(开盘,昨收)视为买点触发",昨收28.46,板块退潮补跌/概念退潮/资金承接不足/持续阴跌,1
2026-03-12,2026-03-13,defensive,lu,000537.SZ,绿发电力,电力,绿色电力,0.5138304433130569,15.0,97.0,"{'theme': 0.4, 'concept': 1.0, 'ladder': 1.0, 'seal': 1.0, 'time': 1.0, 'liq': 1.0, 'struct': 1.0}",涨停组: 算电协同方向/绿色电力 3板 封单比30.7% 涨停时间09:31 题材内涨停3家 概念内涨停15家 驱动概念[绿色电力] 成交9.1亿,算电协同+储能+绿电交易+央企,3连板 换手承接量比1.20,"次日竞价与开盘承接: 高开幅度观察区间[-2%,+5%]; 开盘涨幅≤+3%且不破昨收-3%视为买点触发",昨收12.51,高位情绪兑现/次日低开大幅回撤/炸板断板/概念退潮,1
2026-03-12,2026-03-13,defensive,lu,605305.SH,中际联合,工程机械,风电,0.1088406506077666,23.0,73.0,"{'theme': 0.2, 'concept': 1.0, 'ladder': 0.55, 'seal': 1.0, 'time': 0.3, 'liq': 1.0, 'struct': 1.0}",涨停组: 风电设备方向/风电 1板 封单比15.4% 涨停时间14:09 题材内涨停2家 概念内涨停23家 驱动概念[风电] 成交7.3亿,风电设备+储能消防,1连板 换手承接量比2.56,"次日竞价与开盘承接: 高开幅度观察区间[-2%,+5%]; 开盘涨幅≤+3%且不破昨收-3%视为买点触发",昨收42.58,高位情绪兑现/次日低开大幅回撤/炸板断板/概念退潮,1
2026-03-12,2026-03-13,defensive,nlu,000875.SZ,电投绿能,电力,碳交易,0.6696593436353648,5.0,88.890625,"{'sector': 0.9556250000000002, 'trend': 1.0, 'pos': 0.6, 'mom': 1.0, 'liq': 1.0, 'recog': 1.0}","非涨停组: 趋势结构多头(MA20>MA60且上行), 处于活跃板块[电力](当日涨幅分位94%, 板块涨停9家) 驱动概念[碳交易] 距60日高点5.0% 20日涨幅8.0%",板块[电力]轮动延续/资金承接/概念热度,收盘7.93 MA20上方 量比0.97,"次日开盘[-2%,+3%]为观察区间; 收盘站上max(开盘,昨收)视为买点触发",昨收7.93,板块退潮补跌/概念退潮/资金承接不足/持续阴跌,1
2026-03-13,2026-03-16,defensive,lu,603803.SH,瑞斯康达,通信设备,新型城镇化,-0.2514851235041804,4.0,79.5,"{'theme': 0.2, 'concept': 1.0, 'ladder': 0.55, 'seal': 0.7, 'time': 0.85, 'liq': 1.0, 'struct': 1.0}",涨停组: CPO方向/新型城镇化 1板 封单比9.1% 涨停时间09:53 题材内涨停2家 概念内涨停4家 驱动概念[新型城镇化] 成交10.2亿,CPO+智算中心+高速光模块,1连板 换手承接量比1.44,"次日竞价与开盘承接: 高开幅度观察区间[-2%,+5%]; 开盘涨幅≤+3%且不破昨收-3%视为买点触发",昨收13.75,高位情绪兑现/次日低开大幅回撤/炸板断板/概念退潮,1
2026-03-13,2026-03-16,defensive,lu,002438.SZ,江苏神通,通用设备,氢能源,-0.9113003401346131,9.0,73.0,"{'theme': 0.2, 'concept': 1.0, 'ladder': 0.55, 'seal': 1.0, 'time': 0.3, 'liq': 1.0, 'struct': 1.0}",涨停组: 可控核聚变方向/氢能源 1板 封单比18.4% 涨停时间13:35 题材内涨停2家 概念内涨停9家 驱动概念[氢能源] 成交5.8亿,可控核聚变+氢能源+商业航天,1连板 换手承接量比1.96,"次日竞价与开盘承接: 高开幅度观察区间[-2%,+5%]; 开盘涨幅≤+3%且不破昨收-3%视为买点触发",昨收19.26,高位情绪兑现/次日低开大幅回撤/炸板断板/概念退潮,1
2026-03-13,2026-03-16,defensive,nlu,600426.SH,华鲁恒升,农化制品,化肥,1.5891733460067226,3.0,88.84375,"{'sector': 0.9537500000000001, 'trend': 1.0, 'pos': 0.6, 'mom': 1.0, 'liq': 1.0, 'recog': 1.0}","非涨停组: 趋势结构多头(MA20>MA60且上行), 处于活跃板块[农化制品](当日涨幅分位97%, 板块涨停3家) 驱动概念[化肥] 距60日高点6.1% 20日涨幅16.6%",板块[农化制品]轮动延续/资金承接/概念热度,收盘31.53 MA20上方 量比0.86,"次日开盘[-2%,+3%]为观察区间; 收盘站上max(开盘,昨收)视为买点触发",昨收31.53,板块退潮补跌/概念退潮/资金承接不足/持续阴跌,1
2026-03-16,2026-03-17,normal,lu,600667.SH,太极实业,建筑装饰,存储芯片,2.494191377509747,7.0,72.0,"{'theme': 0.2, 'concept': 1.0, 'ladder': 0.55, 'seal': 0.4, 'time': 0.7, 'liq': 1.0, 'struct': 1.0}",涨停组: 存储芯片方向/存储芯片 1板 封单比7.7% 涨停时间11:24 题材内涨停2家 概念内涨停7家 驱动概念[存储芯片] 成交23.9亿,存储芯片+先进封装+SK海力士+国企,1连板 换手承接量比1.28,"次日竞价与开盘承接: 高开幅度观察区间[-2%,+5%]; 开盘涨幅≤+3%且不破昨收-3%视为买点触发",昨收11.26,高位情绪兑现/次日低开大幅回撤/炸板断板/概念退潮,1
2026-03-16,2026-03-17,normal,nlu,000839.SZ,国安股份,通信服务,虚拟数字人,1.0699898734917612,3.0,86.92578125,"{'sector': 0.62703125, 'trend': 1.0, 'pos': 0.85, 'mom': 1.0, 'liq': 1.0, 'recog': 1.0}","非涨停组: 趋势结构多头(MA20>MA60且上行), 处于活跃板块[通信服务](当日涨幅分位88%, 板块涨停1家) 驱动概念[虚拟数字人] 距60日高点13.4% 20日涨幅27.7%",板块[通信服务]轮动延续/资金承接/概念热度,收盘3.69 MA20上方 量比0.66,"次日开盘[-2%,+3%]为观察区间; 收盘站上max(开盘,昨收)视为买点触发",昨收3.69,板块退潮补跌/概念退潮/资金承接不足/持续阴跌,1
2026-03-16,2026-03-17,normal,nlu,600703.SH,三安光电,光学光电子,汽车芯片,1.6409037796496273,3.0,82.625,"{'sector': 0.7050000000000001, 'trend': 1.0, 'pos': 0.6, 'mom': 1.0, 'liq': 1.0, 'recog': 1.0}","非涨停组: 趋势结构多头(MA20>MA60且上行), 处于活跃板块[光学光电子](当日涨幅分位60%, 板块涨停2家) 驱动概念[汽车芯片] 距60日高点5.2% 20日涨幅15.7%",板块[光学光电子]轮动延续/资金承接/概念热度,收盘17.80 MA20上方 量比0.68,"次日开盘[-2%,+3%]为观察区间; 收盘站上max(开盘,昨收)视为买点触发",昨收17.80,板块退潮补跌/概念退潮/资金承接不足/持续阴跌,1
2026-03-17,2026-03-18,defensive,lu,002150.SZ,正泰电源,光伏设备,乡村振兴,-1.7465655660499846,4.0,81.0,"{'theme': 0.2, 'concept': 1.0, 'ladder': 0.55, 'seal': 1.0, 'time': 0.7, 'liq': 1.0, 'struct': 1.0}",涨停组: 光伏设备方向/乡村振兴 1板 封单比16.2% 涨停时间10:55 题材内涨停2家 概念内涨停4家 驱动概念[乡村振兴] 成交9.5亿,光伏设备+储能一体机+外销,1连板 换手承接量比0.89,"次日竞价与开盘承接: 高开幅度观察区间[-2%,+5%]; 开盘涨幅≤+3%且不破昨收-3%视为买点触发",昨收34.87,高位情绪兑现/次日低开大幅回撤/炸板断板/概念退潮,1
2026-03-17,2026-03-18,defensive,lu,002506.SZ,协鑫集成,光伏设备,光伏建筑一体化,-1.0855572933015867,3.0,75.0,"{'theme': 0.2, 'concept': 0.8, 'ladder': 0.55, 'seal': 0.4, 'time': 1.0, 'liq': 1.0, 'struct': 1.0}",涨停组: 光伏设备方向/光伏建筑一体化 1板 封单比3.8% 涨停时间09:34 题材内涨停2家 概念内涨停3家 驱动概念[光伏建筑一体化] 成交53.2亿,光伏设备+TOPCon电池+储能系统,1连板 换手承接量比0.88,"次日竞价与开盘承接: 高开幅度观察区间[-2%,+5%]; 开盘涨幅≤+3%且不破昨收-3%视为买点触发",昨收5.63,高位情绪兑现/次日低开大幅回撤/炸板断板/概念退潮,1
2026-03-17,2026-03-18,defensive,nlu,002459.SZ,晶澳科技,光伏设备,HJT电池,-1.1881100787957122,3.0,83.34765625,"{'sector': 0.8539062500000001, 'trend': 1.0, 'pos': 0.6, 'mom': 0.7, 'liq': 1.0, 'recog': 1.0}","非涨停组: 趋势结构多头(MA20>MA60且上行), 处于活跃板块[光伏设备](当日涨幅分位84%, 板块涨停3家) 驱动概念[HJT电池] 距60日高点5.0% 20日涨幅0.1%",板块[光伏设备]轮动延续/资金承接/概念热度,收盘12.72 MA20上方 量比1.00,"次日开盘[-2%,+3%]为观察区间; 收盘站上max(开盘,昨收)视为买点触发",昨收12.72,板块退潮补跌/概念退潮/资金承接不足/持续阴跌,1
2026-03-18,2026-03-19,normal,lu,603912.SH,佳力图,通用设备,算力租赁,3.9362314461305337,8.0,85.0,"{'theme': 0.4, 'concept': 1.0, 'ladder': 0.55, 'seal': 1.0, 'time': 0.85, 'liq': 1.0, 'struct': 1.0}",涨停组: 液冷方向/算力租赁 1板 封单比18.6% 涨停时间09:51 题材内涨停3家 概念内涨停8家 驱动概念[算力租赁] 成交4.6亿,液冷+算力+东数西算,1连板 换手承接量比1.08,"次日竞价与开盘承接: 高开幅度观察区间[-2%,+5%]; 开盘涨幅≤+3%且不破昨收-3%视为买点触发",昨收10.24,高位情绪兑现/次日低开大幅回撤/炸板断板/概念退潮,1
2026-03-18,2026-03-19,normal,lu,603316.SH,诚邦股份,半导体,存储芯片,3.500456426890075,6.0,85.0,"{'theme': 0.4, 'concept': 1.0, 'ladder': 0.55, 'seal': 1.0, 'time': 0.85, 'liq': 1.0, 'struct': 1.0}",涨停组: 存储芯片方向/存储芯片 1板 封单比17.3% 涨停时间09:49 题材内涨停3家 概念内涨停6家 驱动概念[存储芯片] 成交3.1亿,存储芯片+拟更名+定增扩产,1连板 换手承接量比1.02,"次日竞价与开盘承接: 高开幅度观察区间[-2%,+5%]; 开盘涨幅≤+3%且不破昨收-3%视为买点触发",昨收16.39,高位情绪兑现/次日低开大幅回撤/炸板断板/概念退潮,1
2026-03-19,2026-03-20,defensive,lu,600666.SH,奥瑞德,IT服务,算力租赁,-0.3102795539023928,6.0,96.0,"{'theme': 0.6, 'concept': 1.0, 'ladder': 0.9, 'seal': 1.0, 'time': 1.0, 'liq': 1.0, 'struct': 1.0}",涨停组: 算力租赁方向/算力租赁 2板 封单比15.5% 涨停时间09:33 题材内涨停4家 概念内涨停6家 驱动概念[算力租赁] 成交13.5亿,算力租赁+年报预增+蓝宝石,2连板 换手承接量比1.25,"次日竞价与开盘承接: 高开幅度观察区间[-2%,+5%]; 开盘涨幅≤+3%且不破昨收-3%视为买点触发",昨收4.88,高位情绪兑现/次日低开大幅回撤/炸板断板/概念退潮,1
2026-03-19,2026-03-20,defensive,lu,000815.SZ,美利云,通信服务,国资云,0.3208079800911312,3.0,86.0,"{'theme': 0.4, 'concept': 0.8, 'ladder': 0.9, 'seal': 1.0, 'time': 1.0, 'liq': 1.0, 'struct': 0.6}",涨停组: 算电协同方向/国资云 2板 封单比22.6% 涨停时间09:31 题材内涨停3家 概念内涨停3家 驱动概念[国资云] 成交13.7亿,算电协同+东数西算+扭亏为盈+央企,2连板 换手承接量比0.75,"次日竞价与开盘承接: 高开幅度观察区间[-2%,+5%]; 开盘涨幅≤+3%且不破昨收-3%视为买点触发",昨收19.32,高位情绪兑现/次日低开大幅回撤/炸板断板/概念退潮,1
2026-03-20,2026-03-23,defensive,lu,002150.SZ,正泰电源,光伏设备,光伏概念,-1.350243444273902,8.0,87.0,"{'theme': 0.2, 'concept': 1.0, 'ladder': 0.55, 'seal': 1.0, 'time': 1.0, 'liq': 1.0, 'struct': 1.0}",涨停组: 光伏设备方向/光伏概念 1板 封单比16.4% 涨停时间09:37 题材内涨停2家 概念内涨停8家 驱动概念[光伏概念] 成交10.3亿,光伏设备+储能一体机+外销,1连板 换手承接量比0.87,"次日竞价与开盘承接: 高开幅度观察区间[-2%,+5%]; 开盘涨幅≤+3%且不破昨收-3%视为买点触发",昨收34.88,高位情绪兑现/次日低开大幅回撤/炸板断板/概念退潮,1
2026-03-20,2026-03-23,defensive,nlu,600157.SH,永泰能源,电力,超超临界发电,-1.029441683705068,3.0,91.18359375,"{'sector': 0.9573437499999999, 'trend': 0.8, 'pos': 0.85, 'mom': 1.0, 'liq': 1.0, 'recog': 1.0}","非涨停组: 趋势结构多头(MA20>MA60且上行), 处于活跃板块[电力](当日涨幅分位94%, 板块涨停6家) 驱动概念[超超临界发电] 距60日高点11.9% 20日涨幅11.4%",板块[电力]轮动延续/资金承接/概念热度,收盘1.85 MA20上方 量比0.98,"次日开盘[-2%,+3%]为观察区间; 收盘站上max(开盘,昨收)视为买点触发",昨收1.85,板块退潮补跌/概念退潮/资金承接不足/持续阴跌,1
2026-03-23,2026-03-24,defensive,lu,600376.SH,首开股份,房地产,雄安新区,-4.731526213793091,4.0,79.5,"{'theme': 0.2, 'concept': 1.0, 'ladder': 0.55, 'seal': 0.7, 'time': 0.85, 'liq': 1.0, 'struct': 1.0}",涨停组: 间接持股宇树科技方向/雄安新区 1板 封单比13.2% 涨停时间09:52 题材内涨停2家 概念内涨停4家 驱动概念[雄安新区] 成交12.8亿,间接持股宇树科技+城市更新+北京国资,1连板 换手承接量比2.07,"次日竞价与开盘承接: 高开幅度观察区间[-2%,+5%]; 开盘涨幅≤+3%且不破昨收-3%视为买点触发",昨收5.87,高位情绪兑现/次日低开大幅回撤/炸板断板/概念退潮,1
2026-03-23,2026-03-24,defensive,lu,603787.SH,新日股份,汽车服务及其他,共享单车,-2.4700237931250313,2.0,72.0,"{'theme': 0.2, 'concept': 0.6, 'ladder': 0.55, 'seal': 0.4, 'time': 1.0, 'liq': 1.0, 'struct': 1.0}",涨停组: 电动两轮车方向/共享单车 1板 封单比6.2% 涨停时间09:45 题材内涨停2家 概念内涨停2家 驱动概念[共享单车] 成交3.6亿,电动两轮车+共享单车+业绩预增,1连板 换手承接量比2.98,"次日竞价与开盘承接: 高开幅度观察区间[-2%,+5%]; 开盘涨幅≤+3%且不破昨收-3%视为买点触发",昨收14.82,高位情绪兑现/次日低开大幅回撤/炸板断板/概念退潮,1
2026-03-23,2026-03-24,defensive,nlu,002487.SZ,大金重工,风电设备,绿色电力,-3.759580176083177,8.0,88.12109375,"{'sector': 0.67484375, 'trend': 1.0, 'pos': 0.85, 'mom': 1.0, 'liq': 1.0, 'recog': 1.0}","非涨停组: 趋势结构多头(MA20>MA60且上行), 处于活跃板块[风电设备](当日涨幅分位84%, 板块涨停0家) 驱动概念[绿色电力] 距60日高点11.2% 20日涨幅18.3%",板块[风电设备]轮动延续/资金承接/概念热度,收盘73.18 MA20上方 量比1.03,"次日开盘[-2%,+3%]为观察区间; 收盘站上max(开盘,昨收)视为买点触发",昨收73.18,板块退潮补跌/概念退潮/资金承接不足/持续阴跌,1
2026-03-24,2026-03-25,aggressive,lu,600396.SH,华电辽能,电力,碳交易,4.327432413138976,9.0,85.5,"{'theme': 0.6, 'concept': 1.0, 'ladder': 0.6, 'seal': 0.7, 'time': 1.0, 'liq': 1.0, 'struct': 1.0}",涨停组: 绿电方向/碳交易 7板 封单比8.1% 涨停时间09:38 题材内涨停4家 概念内涨停9家 驱动概念[碳交易] 成交17.4亿,绿电+氢能+央企,7连板 换手承接量比1.13,"次日竞价与开盘承接: 高开幅度观察区间[-2%,+5%]; 开盘涨幅≤+3%且不破昨收-3%视为买点触发",昨收7.58,高位情绪兑现/次日低开大幅回撤/炸板断板/概念退潮,1
2026-03-24,2026-03-25,aggressive,lu,601606.SH,长城军工,军工装备,兵装重组概念,7.795991518025858,3.0,81.0,"{'theme': 0.2, 'concept': 0.8, 'ladder': 0.55, 'seal': 1.0, 'time': 0.85, 'liq': 1.0, 'struct': 1.0}",涨停组: 兵装重组方向/兵装重组概念 1板 封单比31.0% 涨停时间09:53 题材内涨停2家 概念内涨停3家 驱动概念[兵装重组概念] 成交9.3亿,兵装重组+弹药装备+扭亏+央企,1连板 换手承接量比1.43,"次日竞价与开盘承接: 高开幅度观察区间[-2%,+5%]; 开盘涨幅≤+3%且不破昨收-3%视为买点触发",昨收39.34,高位情绪兑现/次日低开大幅回撤/炸板断板/概念退潮,1
2026-03-25,2026-03-26,aggressive,lu,000601.SZ,韶能股份,电力,生物质能发电,3.131370029105973,4.0,90.5,"{'theme': 0.4, 'concept': 1.0, 'ladder': 0.9, 'seal': 0.7, 'time': 1.0, 'liq': 1.0, 'struct': 1.0}",涨停组: 算电协同方向/生物质能发电 2板 封单比8.3% 涨停时间09:30 题材内涨停3家 概念内涨停4家 驱动概念[生物质能发电] 成交20.4亿,算电协同+储能+生物质发电,2连板 换手承接量比1.18,"次日竞价与开盘承接: 高开幅度观察区间[-2%,+5%]; 开盘涨幅≤+3%且不破昨收-3%视为买点触发",昨收8.87,高位情绪兑现/次日低开大幅回撤/炸板断板/概念退潮,1
2026-03-25,2026-03-26,aggressive,lu,002418.SZ,康盛股份,白色家电,算力租赁,3.2477076530531113,9.0,87.0,"{'theme': 0.2, 'concept': 1.0, 'ladder': 0.55, 'seal': 1.0, 'time': 1.0, 'liq': 1.0, 'struct': 1.0}",涨停组: 液冷方向/算力租赁 1板 封单比26.1% 涨停时间09:41 题材内涨停2家 概念内涨停9家 驱动概念[算力租赁] 成交4.1亿,液冷+算力租赁+家电制冷,1连板 换手承接量比1.36,"次日竞价与开盘承接: 高开幅度观察区间[-2%,+5%]; 开盘涨幅≤+3%且不破昨收-3%视为买点触发",昨收4.6,高位情绪兑现/次日低开大幅回撤/炸板断板/概念退潮,1
2026-03-26,2026-03-27,defensive,lu,000037.SZ,深南电A,电力,一带一路,-1.5689499869055212,5.0,76.5,"{'theme': 0.2, 'concept': 1.0, 'ladder': 0.55, 'seal': 0.7, 'time': 0.7, 'liq': 1.0, 'struct': 1.0}",涨停组: 电力方向/一带一路 1板 封单比11.0% 涨停时间11:15 题材内涨停2家 概念内涨停5家 驱动概念[一带一路] 成交7.9亿,电力+储能+业绩预增,1连板 换手承接量比1.16,"次日竞价与开盘承接: 高开幅度观察区间[-2%,+5%]; 开盘涨幅≤+3%且不破昨收-3%视为买点触发",昨收11.99,高位情绪兑现/次日低开大幅回撤/炸板断板/概念退潮,1
2026-03-26,2026-03-27,defensive,lu,600310.SH,广西能源,电力,超超临界发电,-1.0520080885553562,3.0,73.5,"{'theme': 0.2, 'concept': 0.8, 'ladder': 0.55, 'seal': 0.7, 'time': 0.7, 'liq': 1.0, 'struct': 1.0}",涨停组: 电力方向/超超临界发电 1板 封单比10.8% 涨停时间10:31 题材内涨停2家 概念内涨停3家 驱动概念[超超临界发电] 成交11.2亿,电力+绿色电力+广西国资,1连板 换手承接量比0.86,"次日竞价与开盘承接: 高开幅度观察区间[-2%,+5%]; 开盘涨幅≤+3%且不破昨收-3%视为买点触发",昨收6.0,高位情绪兑现/次日低开大幅回撤/炸板断板/概念退潮,1
2026-03-27,2026-03-30,defensive,lu,000695.SZ,滨海能源,电池,固态电池,2.2952420817636376,11.0,87.0,"{'theme': 0.2, 'concept': 1.0, 'ladder': 0.55, 'seal': 1.0, 'time': 1.0, 'liq': 1.0, 'struct': 1.0}",涨停组: 固态电池方向/固态电池 1板 封单比19.7% 涨停时间09:32 题材内涨停2家 概念内涨停11家 驱动概念[固态电池] 成交4.2亿,固态电池+负极材料+绿电降本,1连板 换手承接量比1.54,"次日竞价与开盘承接: 高开幅度观察区间[-2%,+5%]; 开盘涨幅≤+3%且不破昨收-3%视为买点触发",昨收14.29,高位情绪兑现/次日低开大幅回撤/炸板断板/概念退潮,1
2026-03-27,2026-03-30,defensive,lu,002328.SZ,新朋股份,汽车零部件,创投,1.3326574721383322,9.0,85.0,"{'theme': 0.4, 'concept': 1.0, 'ladder': 0.55, 'seal': 1.0, 'time': 0.85, 'liq': 1.0, 'struct': 1.0}",涨停组: 液冷服务器方向/创投 1板 封单比23.7% 涨停时间10:17 题材内涨停3家 概念内涨停9家 驱动概念[创投] 成交4.1亿,液冷服务器+储能+特斯拉,1连板 换手承接量比1.27,"次日竞价与开盘承接: 高开幅度观察区间[-2%,+5%]; 开盘涨幅≤+3%且不破昨收-3%视为买点触发",昨收7.15,高位情绪兑现/次日低开大幅回撤/炸板断板/概念退潮,1
2026-03-30,2026-03-31,normal,lu,600488.SH,津药药业,化学制药,仿制药一致性评价,1.4473050702777268,5.0,95.0,"{'theme': 0.4, 'concept': 1.0, 'ladder': 0.9, 'seal': 1.0, 'time': 1.0, 'liq': 1.0, 'struct': 1.0}",涨停组: 创新药方向/仿制药一致性评价 2板 封单比16.2% 涨停时间09:31 题材内涨停3家 概念内涨停5家 驱动概念[仿制药一致性评价] 成交3.3亿,创新药+原料药+出口,2连板 换手承接量比2.61,"次日竞价与开盘承接: 高开幅度观察区间[-2%,+5%]; 开盘涨幅≤+3%且不破昨收-3%视为买点触发",昨收4.76,高位情绪兑现/次日低开大幅回撤/炸板断板/概念退潮,1
2026-03-30,2026-03-31,normal,lu,600513.SH,联环药业,化学制药,仿制药一致性评价,1.4473050702777268,5.0,86.0,"{'theme': 0.4, 'concept': 1.0, 'ladder': 0.9, 'seal': 0.4, 'time': 1.0, 'liq': 1.0, 'struct': 1.0}",涨停组: 创新药方向/仿制药一致性评价 2板 封单比6.5% 涨停时间09:33 题材内涨停3家 概念内涨停5家 驱动概念[仿制药一致性评价] 成交8.9亿,创新药+LH-1801揭盲+扬州国资,2连板 换手承接量比1.69,"次日竞价与开盘承接: 高开幅度观察区间[-2%,+5%]; 开盘涨幅≤+3%且不破昨收-3%视为买点触发",昨收28.17,高位情绪兑现/次日低开大幅回撤/炸板断板/概念退潮,1
2026-03-31,2026-04-01,defensive,lu,600488.SH,津药药业,化学制药,仿制药一致性评价,-0.5992074000451653,3.0,88.5,"{'theme': 0.2, 'concept': 0.8, 'ladder': 1.0, 'seal': 0.7, 'time': 1.0, 'liq': 1.0, 'struct': 1.0}",涨停组: 创新药方向/仿制药一致性评价 3板 封单比11.7% 涨停时间09:30 题材内涨停2家 概念内涨停3家 驱动概念[仿制药一致性评价] 成交4.7亿,创新药+原料药+出口,3连板 换手承接量比2.10,"次日竞价与开盘承接: 高开幅度观察区间[-2%,+5%]; 开盘涨幅≤+3%且不破昨收-3%视为买点触发",昨收5.24,高位情绪兑现/次日低开大幅回撤/炸板断板/概念退潮,1
2026-03-31,2026-04-01,defensive,lu,000927.SZ,中国铁物,物流,高铁,0.26125395084044545,9.0,84.0,"{'theme': 0.8, 'concept': 1.0, 'ladder': 0.55, 'seal': 1.0, 'time': 1.0, 'liq': 1.0, 'struct': 0.6}",涨停组: 年报增长方向/高铁 1板 封单比17.7% 涨停时间09:34 题材内涨停5家 概念内涨停9家 驱动概念[高铁] 成交6.1亿,年报增长+铁路物流+一带一路+央企,1连板 换手承接量比0.55,"次日竞价与开盘承接: 高开幅度观察区间[-2%,+5%]; 开盘涨幅≤+3%且不破昨收-3%视为买点触发",昨收3.34,高位情绪兑现/次日低开大幅回撤/炸板断板/概念退潮,1
2026-04-01,2026-04-02,normal,lu,600488.SH,津药药业,化学制药,仿制药一致性评价,4.091953333671627,7.0,89.0,"{'theme': 0.8, 'concept': 1.0, 'ladder': 1.0, 'seal': 1.0, 'time': 1.0, 'liq': 0.6, 'struct': 0.6}",涨停组: 创新药方向/仿制药一致性评价 4板 封单比87.0% 涨停时间09:30 题材内涨停5家 概念内涨停7家 驱动概念[仿制药一致性评价] 成交2.1亿,创新药+原料药+出口,4连板 换手承接量比0.76,"次日竞价与开盘承接: 高开幅度观察区间[-2%,+5%]; 开盘涨幅≤+3%且不破昨收-3%视为买点触发",昨收5.76,高位情绪兑现/次日低开大幅回撤/炸板断板/概念退潮,1
2026-04-01,2026-04-02,normal,lu,601579.SH,会稽山,饮料制造,共同富裕示范区,1.530073674244492,4.0,85.0,"{'theme': 0.4, 'concept': 1.0, 'ladder': 0.55, 'seal': 1.0, 'time': 0.85, 'liq': 1.0, 'struct': 1.0}",涨停组: 年报增长方向/共同富裕示范区 1板 封单比22.3% 涨停时间10:10 题材内涨停3家 概念内涨停4家 驱动概念[共同富裕示范区] 成交3.5亿,年报增长+黄酒+高端化+年轻化,1连板 换手承接量比2.34,"次日竞价与开盘承接: 高开幅度观察区间[-2%,+5%]; 开盘涨幅≤+3%且不破昨收-3%视为买点触发",昨收18.4,高位情绪兑现/次日低开大幅回撤/炸板断板/概念退潮,1
2026-04-01,2026-04-02,normal,nlu,002281.SZ,光迅科技,通信设备,共封装光学(CPO),3.650043148465665,6.0,89.25,"{'sector': 0.72, 'trend': 1.0, 'pos': 0.85, 'mom': 1.0, 'liq': 1.0, 'recog': 1.0}","非涨停组: 趋势结构多头(MA20>MA60且上行), 处于活跃板块[通信设备](当日涨幅分位78%, 板块涨停3家) 驱动概念[共封装光学(CPO)] 距60日高点13.6% 20日涨幅11.7%",板块[通信设备]轮动延续/资金承接/概念热度,收盘86.98 MA20上方 量比0.92,"次日开盘[-2%,+3%]为观察区间; 收盘站上max(开盘,昨收)视为买点触发",昨收86.98,板块退潮补跌/概念退潮/资金承接不足/持续阴跌,1
2026-04-01,2026-04-02,normal,nlu,600988.SH,赤峰黄金,贵金属,人民币贬值受益,2.0635354523814042,5.0,84.484375,"{'sector': 0.649375, 'trend': 1.0, 'pos': 0.85, 'mom': 0.7, 'liq': 1.0, 'recog': 1.0}","非涨停组: 趋势结构多头(MA20>MA60且上行), 处于活跃板块[贵金属](当日涨幅分位74%, 板块涨停0家) 驱动概念[人民币贬值受益] 距60日高点11.9% 20日涨幅3.3%",板块[贵金属]轮动延续/资金承接/概念热度,收盘44.97 MA20上方 量比1.11,"次日开盘[-2%,+3%]为观察区间; 收盘站上max(开盘,昨收)视为买点触发",昨收44.97,板块退潮补跌/概念退潮/资金承接不足/持续阴跌,1
2026-04-02,2026-04-03,defensive,lu,000788.SZ,北大医药,化学制药,仿制药一致性评价,0.9936592386433185,3.0,83.0,"{'theme': 0.4, 'concept': 0.8, 'ladder': 0.9, 'seal': 0.4, 'time': 1.0, 'liq': 1.0, 'struct': 1.0}",涨停组: 创新药方向/仿制药一致性评价 2板 封单比7.8% 涨停时间09:30 题材内涨停3家 概念内涨停3家 驱动概念[仿制药一致性评价] 成交9.9亿,创新药+右酮洛芬+帕利哌酮获批,2连板 换手承接量比2.77,"次日竞价与开盘承接: 高开幅度观察区间[-2%,+5%]; 开盘涨幅≤+3%且不破昨收-3%视为买点触发",昨收7.22,高位情绪兑现/次日低开大幅回撤/炸板断板/概念退潮,1
2026-04-03,2026-04-07,defensive,lu,002792.SZ,通宇通讯,通信设备,共封装光学(CPO),2.118026725272637,8.0,79.0,"{'theme': 0.4, 'concept': 1.0, 'ladder': 0.55, 'seal': 0.4, 'time': 1.0, 'liq': 1.0, 'struct': 1.0}",涨停组: 光模块方向/共封装光学(CPO) 1板 封单比6.1% 涨停时间09:31 题材内涨停3家 概念内涨停8家 驱动概念[共封装光学(CPO)] 成交28.6亿,光模块+卫星通信+商业航天+基站天线,1连板 换手承接量比1.11,"次日竞价与开盘承接: 高开幅度观察区间[-2%,+5%]; 开盘涨幅≤+3%且不破昨收-3%视为买点触发",昨收45.34,高位情绪兑现/次日低开大幅回撤/炸板断板/概念退潮,1
2026-04-07,2026-04-08,aggressive,lu,603260.SH,合盛硅业,化学制品,有机硅概念,4.3491105947902176,5.0,84.0,"{'theme': 0.2, 'concept': 1.0, 'ladder': 0.55, 'seal': 1.0, 'time': 0.85, 'liq': 1.0, 'struct': 1.0}",涨停组: 有机硅方向/有机硅概念 1板 封单比24.8% 涨停时间10:01 题材内涨停2家 概念内涨停5家 驱动概念[有机硅概念] 成交5.3亿,有机硅+碳化硅+定增热电,1连板 换手承接量比1.74,"次日竞价与开盘承接: 高开幅度观察区间[-2%,+5%]; 开盘涨幅≤+3%且不破昨收-3%视为买点触发",昨收43.02,高位情绪兑现/次日低开大幅回撤/炸板断板/概念退潮,1
2026-04-07,2026-04-08,aggressive,lu,002873.SZ,新天药业,中药,西部大开发,1.2760945735064588,12.0,82.5,"{'theme': 0.2, 'concept': 1.0, 'ladder': 0.55, 'seal': 0.7, 'time': 1.0, 'liq': 1.0, 'struct': 1.0}",涨停组: 创新药方向/西部大开发 1板 封单比9.4% 涨停时间09:32 题材内涨停2家 概念内涨停12家 驱动概念[西部大开发] 成交4.2亿,创新药+心脑血管+独家品种,1连板 换手承接量比1.92,"次日竞价与开盘承接: 高开幅度观察区间[-2%,+5%]; 开盘涨幅≤+3%且不破昨收-3%视为买点触发",昨收11.9,高位情绪兑现/次日低开大幅回撤/炸板断板/概念退潮,1
2026-04-08,2026-04-09,normal,lu,002181.SZ,粤传媒,文化传媒,AIGC概念,6.145515474377516,12.0,92.0,"{'theme': 1.0, 'concept': 1.0, 'ladder': 0.9, 'seal': 1.0, 'time': 1.0, 'liq': 1.0, 'struct': 0.6}",涨停组: AI营销方向/AIGC概念 2板 封单比18.3% 涨停时间09:31 题材内涨停6家 概念内涨停12家 驱动概念[AIGC概念] 成交6.3亿,AI营销+全运会IP+广州国资+年报增长,2连板 换手承接量比0.70,"次日竞价与开盘承接: 高开幅度观察区间[-2%,+5%]; 开盘涨幅≤+3%且不破昨收-3%视为买点触发",昨收12.99,高位情绪兑现/次日低开大幅回撤/炸板断板/概念退潮,1
2026-04-08,2026-04-09,normal,lu,002995.SZ,天地在线,文化传媒,快手概念,7.701184605438649,7.0,88.0,"{'theme': 1.0, 'concept': 1.0, 'ladder': 0.55, 'seal': 1.0, 'time': 0.85, 'liq': 1.0, 'struct': 1.0}",涨停组: AI营销方向/快手概念 1板 封单比19.9% 涨停时间10:23 题材内涨停6家 概念内涨停7家 驱动概念[快手概念] 成交4.8亿,AI营销+抖音概念+持股中书艺莲+VR文旅,1连板 换手承接量比0.98,"次日竞价与开盘承接: 高开幅度观察区间[-2%,+5%]; 开盘涨幅≤+3%且不破昨收-3%视为买点触发",昨收24.76,高位情绪兑现/次日低开大幅回撤/炸板断板/概念退潮,1
2026-04-08,2026-04-09,normal,nlu,000070.SZ,特发信息,通信设备,共封装光学(CPO),6.58915702651357,17.0,87.91796875,"{'sector': 0.91671875, 'trend': 1.0, 'pos': 0.6, 'mom': 1.0, 'liq': 1.0, 'recog': 1.0}","非涨停组: 趋势结构多头(MA20>MA60且上行), 处于活跃板块[通信设备](当日涨幅分位87%, 板块涨停6家) 驱动概念[共封装光学(CPO)] 距60日高点6.5% 20日涨幅8.7%",板块[通信设备]轮动延续/资金承接/概念热度,收盘18.98 MA20上方 量比0.88,"次日开盘[-2%,+3%]为观察区间; 收盘站上max(开盘,昨收)视为买点触发",昨收18.98,板块退潮补跌/概念退潮/资金承接不足/持续阴跌,1
2026-04-08,2026-04-09,normal,nlu,000688.SZ,国城矿业,小金属,金属铅,5.79697175154954,4.0,85.9921875,"{'sector': 0.8396874999999999, 'trend': 1.0, 'pos': 0.6, 'mom': 1.0, 'liq': 1.0, 'recog': 1.0}","非涨停组: 趋势结构多头(MA20>MA60且上行), 处于活跃板块[小金属](当日涨幅分位81%, 板块涨停2家) 驱动概念[金属铅] 距60日高点7.0% 20日涨幅15.4%",板块[小金属]轮动延续/资金承接/概念热度,收盘40.26 MA20上方 量比1.00,"次日开盘[-2%,+3%]为观察区间; 收盘站上max(开盘,昨收)视为买点触发",昨收40.26,板块退潮补跌/概念退潮/资金承接不足/持续阴跌,1
2026-04-09,2026-04-10,defensive,lu,002975.SZ,博杰股份,自动化设备,苹果概念,1.0503296296906495,6.0,90.5,"{'theme': 0.4, 'concept': 1.0, 'ladder': 0.9, 'seal': 0.7, 'time': 1.0, 'liq': 1.0, 'struct': 1.0}",涨停组: 液冷服务器方向/苹果概念 2板 封单比14.0% 涨停时间09:39 题材内涨停3家 概念内涨停6家 驱动概念[苹果概念] 成交9.8亿,液冷服务器+AI服务器测试+年报增长,2连板 换手承接量比1.88,"次日竞价与开盘承接: 高开幅度观察区间[-2%,+5%]; 开盘涨幅≤+3%且不破昨收-3%视为买点触发",昨收86.9,高位情绪兑现/次日低开大幅回撤/炸板断板/概念退潮,1
2026-04-09,2026-04-10,defensive,lu,002328.SZ,新朋股份,汽车零部件,液冷服务器,0.6077091309355076,7.0,80.5,"{'theme': 0.4, 'concept': 1.0, 'ladder': 0.55, 'seal': 0.7, 'time': 0.85, 'liq': 1.0, 'struct': 1.0}",涨停组: 液冷服务器方向/液冷服务器 1板 封单比8.5% 涨停时间09:48 题材内涨停3家 概念内涨停7家 驱动概念[液冷服务器] 成交8.2亿,液冷服务器+汽车零部件+特斯拉+回购,1连板 换手承接量比1.09,"次日竞价与开盘承接: 高开幅度观察区间[-2%,+5%]; 开盘涨幅≤+3%且不破昨收-3%视为买点触发",昨收9.19,高位情绪兑现/次日低开大幅回撤/炸板断板/概念退潮,1
2026-04-09,2026-04-10,defensive,nlu,603256.SH,宏和科技,电子化学品,苹果概念,1.0503296296906495,6.0,89.7109375,"{'sector': 0.8584375, 'trend': 1.0, 'pos': 0.85, 'mom': 0.7, 'liq': 1.0, 'recog': 1.0}","非涨停组: 趋势结构多头(MA20>MA60且上行), 处于活跃板块[电子化学品](当日涨幅分位93%, 板块涨停1家) 驱动概念[苹果概念] 距60日高点11.2% 20日涨幅4.3%",板块[电子化学品]轮动延续/资金承接/概念热度,收盘76.17 MA20上方 量比1.02,"次日开盘[-2%,+3%]为观察区间; 收盘站上max(开盘,昨收)视为买点触发",昨收76.17,板块退潮补跌/概念退潮/资金承接不足/持续阴跌,1
2026-04-10,2026-04-13,normal,lu,600707.SH,彩虹股份,光学光电子,人民币贬值受益,1.2484247382793745,9.0,94.0,"{'theme': 0.2, 'concept': 1.0, 'ladder': 0.9, 'seal': 1.0, 'time': 1.0, 'liq': 1.0, 'struct': 1.0}",涨停组: 玻璃基板方向/人民币贬值受益 2板 封单比18.0% 涨停时间09:30 题材内涨停2家 概念内涨停9家 驱动概念[人民币贬值受益] 成交6.5亿,玻璃基板+ITC胜诉+国企改革,2连板 换手承接量比2.38,"次日竞价与开盘承接: 高开幅度观察区间[-2%,+5%]; 开盘涨幅≤+3%且不破昨收-3%视为买点触发",昨收7.02,高位情绪兑现/次日低开大幅回撤/炸板断板/概念退潮,1
2026-04-10,2026-04-13,normal,lu,603200.SH,上海洗霸,环境治理,钠离子电池,2.5027416229820076,5.0,85.0,"{'theme': 0.4, 'concept': 1.0, 'ladder': 0.55, 'seal': 1.0, 'time': 0.85, 'liq': 1.0, 'struct': 1.0}",涨停组: 固态电池方向/钠离子电池 1板 封单比35.5% 涨停时间10:02 题材内涨停3家 概念内涨停5家 驱动概念[钠离子电池] 成交5.1亿,固态电池+液冷服务器+业绩预增,1连板 换手承接量比1.53,"次日竞价与开盘承接: 高开幅度观察区间[-2%,+5%]; 开盘涨幅≤+3%且不破昨收-3%视为买点触发",昨收61.71,高位情绪兑现/次日低开大幅回撤/炸板断板/概念退潮,1
2026-04-10,2026-04-13,normal,nlu,600110.SH,诺德股份,电池,固态电池,2.161148094429355,6.0,89.26953125,"{'sector': 0.9707812500000002, 'trend': 1.0, 'pos': 0.6, 'mom': 1.0, 'liq': 1.0, 'recog': 1.0}","非涨停组: 趋势结构多头(MA20>MA60且上行), 处于活跃板块[电池](当日涨幅分位99%, 板块涨停4家) 驱动概念[固态电池] 距60日高点7.2% 20日涨幅20.2%",板块[电池]轮动延续/资金承接/概念热度,收盘9.88 MA20上方 量比1.03,"次日开盘[-2%,+3%]为观察区间; 收盘站上max(开盘,昨收)视为买点触发",昨收9.88,板块退潮补跌/概念退潮/资金承接不足/持续阴跌,1
2026-04-10,2026-04-13,normal,nlu,603308.SH,应流股份,通用设备,无人机,1.0590861401609475,4.0,83.45703125,"{'sector': 0.73828125, 'trend': 1.0, 'pos': 0.6, 'mom': 1.0, 'liq': 1.0, 'recog': 1.0}","非涨停组: 趋势结构多头(MA20>MA60且上行), 处于活跃板块[通用设备](当日涨幅分位61%, 板块涨停2家) 驱动概念[无人机] 距60日高点7.2% 20日涨幅11.7%",板块[通用设备]轮动延续/资金承接/概念热度,收盘71.20 MA20上方 量比1.13,"次日开盘[-2%,+3%]为观察区间; 收盘站上max(开盘,昨收)视为买点触发",昨收71.20,板块退潮补跌/概念退潮/资金承接不足/持续阴跌,1
2026-04-13,2026-04-14,normal,lu,002439.SZ,启明星辰,软件开发,2026一季报预增,1.748647753217658,4.0,87.0,"{'theme': 0.2, 'concept': 1.0, 'ladder': 0.55, 'seal': 1.0, 'time': 1.0, 'liq': 1.0, 'struct': 1.0}",涨停组: 一季报预增方向/2026一季报预增 1板 封单比30.2% 涨停时间09:25 题材内涨停2家 概念内涨停4家 驱动概念[2026一季报预增] 成交3.9亿,一季报预增+AI安全+央企,1连板 换手承接量比2.01,"次日竞价与开盘承接: 高开幅度观察区间[-2%,+5%]; 开盘涨幅≤+3%且不破昨收-3%视为买点触发",昨收14.26,高位情绪兑现/次日低开大幅回撤/炸板断板/概念退潮,1
2026-04-13,2026-04-14,normal,lu,603897.SH,长城科技,电网设备,比亚迪概念,0.4776095608686193,10.0,82.5,"{'theme': 0.2, 'concept': 1.0, 'ladder': 0.55, 'seal': 0.7, 'time': 1.0, 'liq': 1.0, 'struct': 1.0}",涨停组: 机器人方向/比亚迪概念 1板 封单比9.0% 涨停时间09:43 题材内涨停2家 概念内涨停10家 驱动概念[比亚迪概念] 成交5.6亿,机器人+电磁线+新能源汽车,1连板 换手承接量比0.96,"次日竞价与开盘承接: 高开幅度观察区间[-2%,+5%]; 开盘涨幅≤+3%且不破昨收-3%视为买点触发",昨收40.87,高位情绪兑现/次日低开大幅回撤/炸板断板/概念退潮,1
2026-04-13,2026-04-14,normal,nlu,000815.SZ,美利云,通信服务,东数西算(算力),0.9311670388896687,11.0,91.08984375,"{'sector': 0.7935937500000001, 'trend': 1.0, 'pos': 0.85, 'mom': 1.0, 'liq': 1.0, 'recog': 1.0}","非涨停组: 趋势结构多头(MA20>MA60且上行), 处于活跃板块[通信服务](当日涨幅分位79%, 板块涨停2家) 驱动概念[东数西算(算力)] 距60日高点10.3% 20日涨幅19.6%",板块[通信服务]轮动延续/资金承接/概念热度,收盘20.28 MA20上方 量比1.05,"次日开盘[-2%,+3%]为观察区间; 收盘站上max(开盘,昨收)视为买点触发",昨收20.28,板块退潮补跌/概念退潮/资金承接不足/持续阴跌,1
2026-04-13,2026-04-14,normal,nlu,002463.SZ,沪电股份,元件,2026一季报预增,1.748647753217658,4.0,89.234375,"{'sector': 0.9693749999999999, 'trend': 1.0, 'pos': 0.6, 'mom': 1.0, 'liq': 1.0, 'recog': 1.0}","非涨停组: 趋势结构多头(MA20>MA60且上行), 处于活跃板块[元件](当日涨幅分位95%, 板块涨停2家) 驱动概念[2026一季报预增] 距60日高点5.6% 20日涨幅9.2%",板块[元件]轮动延续/资金承接/概念热度,收盘88.26 MA20上方 量比0.91,"次日开盘[-2%,+3%]为观察区间; 收盘站上max(开盘,昨收)视为买点触发",昨收88.26,板块退潮补跌/概念退潮/资金承接不足/持续阴跌,1
2026-04-14,2026-04-15,normal,lu,000620.SZ,盈新发展,房地产,存储芯片,3.0361327716070585,5.0,88.0,"{'theme': 0.4, 'concept': 1.0, 'ladder': 0.55, 'seal': 1.0, 'time': 1.0, 'liq': 1.0, 'struct': 1.0}",涨停组: 存储芯片方向/存储芯片 1板 封单比15.7% 涨停时间09:45 题材内涨停3家 概念内涨停5家 驱动概念[存储芯片] 成交6.7亿,存储芯片+拟收购长兴半导体+文旅地产,1连板 换手承接量比1.51,"次日竞价与开盘承接: 高开幅度观察区间[-2%,+5%]; 开盘涨幅≤+3%且不破昨收-3%视为买点触发",昨收3.11,高位情绪兑现/次日低开大幅回撤/炸板断板/概念退潮,1
2026-04-14,2026-04-15,normal,lu,002213.SZ,大为股份,半导体,存储芯片,3.0361327716070585,5.0,82.0,"{'theme': 0.4, 'concept': 1.0, 'ladder': 0.55, 'seal': 1.0, 'time': 1.0, 'liq': 1.0, 'struct': 0.6}",涨停组: 存储芯片方向/存储芯片 1板 封单比16.9% 涨停时间09:43 题材内涨停3家 概念内涨停5家 驱动概念[存储芯片] 成交6.6亿,存储芯片+锂矿资源+拟定增,1连板 换手承接量比0.42,"次日竞价与开盘承接: 高开幅度观察区间[-2%,+5%]; 开盘涨幅≤+3%且不破昨收-3%视为买点触发",昨收38.08,高位情绪兑现/次日低开大幅回撤/炸板断板/概念退潮,1
2026-04-14,2026-04-15,normal,nlu,603308.SH,应流股份,通用设备,商业航天,1.9717293124915436,4.0,92.296875,"{'sector': 0.8418749999999999, 'trend': 1.0, 'pos': 0.85, 'mom': 1.0, 'liq': 1.0, 'recog': 1.0}","非涨停组: 趋势结构多头(MA20>MA60且上行), 处于活跃板块[通用设备](当日涨幅分位79%, 板块涨停2家) 驱动概念[商业航天] 距60日高点13.2% 20日涨幅8.1%",板块[通用设备]轮动延续/资金承接/概念热度,收盘66.58 MA20上方 量比1.01,"次日开盘[-2%,+3%]为观察区间; 收盘站上max(开盘,昨收)视为买点触发",昨收66.58,板块退潮补跌/概念退潮/资金承接不足/持续阴跌,1
2026-04-14,2026-04-15,normal,nlu,000338.SZ,潍柴动力,汽车零部件,固态电池,2.0240228061914056,6.0,89.4453125,"{'sector': 0.7278125, 'trend': 1.0, 'pos': 0.85, 'mom': 1.0, 'liq': 1.0, 'recog': 1.0}","非涨停组: 趋势结构多头(MA20>MA60且上行), 处于活跃板块[汽车零部件](当日涨幅分位62%, 板块涨停3家) 驱动概念[固态电池] 距60日高点13.3% 20日涨幅6.6%",板块[汽车零部件]轮动延续/资金承接/概念热度,收盘25.87 MA20上方 量比1.08,"次日开盘[-2%,+3%]为观察区间; 收盘站上max(开盘,昨收)视为买点触发",昨收25.87,板块退潮补跌/概念退潮/资金承接不足/持续阴跌,1
2026-04-15,2026-04-16,defensive,lu,600664.SH,哈药股份,化学制药,仿制药一致性评价,2.4198791880719384,8.0,84.0,"{'theme': 0.6, 'concept': 1.0, 'ladder': 0.9, 'seal': 0.4, 'time': 0.85, 'liq': 1.0, 'struct': 1.0}",涨停组: 创新药方向/仿制药一致性评价 2板 封单比7.2% 涨停时间09:59 题材内涨停4家 概念内涨停8家 驱动概念[仿制药一致性评价] 成交19.7亿,创新药+保健品+仿制药一致性评价,2连板 换手承接量比1.79,"次日竞价与开盘承接: 高开幅度观察区间[-2%,+5%]; 开盘涨幅≤+3%且不破昨收-3%视为买点触发",昨收4.44,高位情绪兑现/次日低开大幅回撤/炸板断板/概念退潮,1
2026-04-15,2026-04-16,defensive,lu,600267.SH,海正药业,化学制药,仿制药一致性评价,2.4198791880719384,8.0,81.5,"{'theme': 0.6, 'concept': 1.0, 'ladder': 0.55, 'seal': 0.7, 'time': 0.85, 'liq': 1.0, 'struct': 1.0}",涨停组: 创新药方向/仿制药一致性评价 1板 封单比12.0% 涨停时间09:54 题材内涨停4家 概念内涨停8家 驱动概念[仿制药一致性评价] 成交5.5亿,创新药+合成生物+浙江国资,1连板 换手承接量比2.40,"次日竞价与开盘承接: 高开幅度观察区间[-2%,+5%]; 开盘涨幅≤+3%且不破昨收-3%视为买点触发",昨收11.39,高位情绪兑现/次日低开大幅回撤/炸板断板/概念退潮,1
2026-04-15,2026-04-16,defensive,nlu,000338.SZ,潍柴动力,汽车零部件,高股息精选,0.6794737006464269,3.0,87.44921875,"{'sector': 0.64796875, 'trend': 1.0, 'pos': 0.85, 'mom': 1.0, 'liq': 1.0, 'recog': 1.0}","非涨停组: 趋势结构多头(MA20>MA60且上行), 处于活跃板块[汽车零部件](当日涨幅分位63%, 板块涨停1家) 驱动概念[高股息精选] 距60日高点11.9% 20日涨幅7.7%",板块[汽车零部件]轮动延续/资金承接/概念热度,收盘26.28 MA20上方 量比0.99,"次日开盘[-2%,+3%]为观察区间; 收盘站上max(开盘,昨收)视为买点触发",昨收26.28,板块退潮补跌/概念退潮/资金承接不足/持续阴跌,1
2026-04-16,2026-04-17,aggressive,lu,605060.SH,联德股份,通用设备,液冷服务器,2.372657379044596,8.0,89.0,"{'theme': 0.6, 'concept': 1.0, 'ladder': 0.55, 'seal': 1.0, 'time': 1.0, 'liq': 1.0, 'struct': 1.0}",涨停组: 燃气轮机方向/液冷服务器 1板 封单比19.2% 涨停时间09:45 题材内涨停4家 概念内涨停8家 驱动概念[液冷服务器] 成交5.0亿,燃气轮机+液冷+年报增长,1连板 换手承接量比0.82,"次日竞价与开盘承接: 高开幅度观察区间[-2%,+5%]; 开盘涨幅≤+3%且不破昨收-3%视为买点触发",昨收58.95,高位情绪兑现/次日低开大幅回撤/炸板断板/概念退潮,1
2026-04-16,2026-04-17,aggressive,lu,600768.SH,宁波富邦,电网设备,2026一季报预增,3.287996137942617,7.0,84.0,"{'theme': 0.4, 'concept': 1.0, 'ladder': 0.55, 'seal': 1.0, 'time': 1.0, 'liq': 0.6, 'struct': 1.0}",涨停组: 一季报预增方向/2026一季报预增 1板 封单比58.5% 涨停时间09:35 题材内涨停3家 概念内涨停7家 驱动概念[2026一季报预增] 成交1.9亿,一季报预增+受益于银价上涨+电接触,1连板 换手承接量比1.30,"次日竞价与开盘承接: 高开幅度观察区间[-2%,+5%]; 开盘涨幅≤+3%且不破昨收-3%视为买点触发",昨收17.52,高位情绪兑现/次日低开大幅回撤/炸板断板/概念退潮,1
2026-04-17,2026-04-20,normal,lu,600156.SH,华升股份,纺织制造,消费电子概念,1.640387724513026,18.0,91.5,"{'theme': 0.6, 'concept': 1.0, 'ladder': 0.9, 'seal': 0.7, 'time': 1.0, 'liq': 1.0, 'struct': 1.0}",涨停组: 算力租赁方向/消费电子概念 2板 封单比8.8% 涨停时间09:30 题材内涨停4家 概念内涨停18家 驱动概念[消费电子概念] 成交3.8亿,算力租赁+拟收购易信科技+湖南国资,2连板 换手承接量比1.89,"次日竞价与开盘承接: 高开幅度观察区间[-2%,+5%]; 开盘涨幅≤+3%且不破昨收-3%视为买点触发",昨收9.26,高位情绪兑现/次日低开大幅回撤/炸板断板/概念退潮,1
2026-04-17,2026-04-20,normal,lu,600520.SH,三佳科技,专用设备,先进封装,2.909789433310772,11.0,85.0,"{'theme': 0.4, 'concept': 1.0, 'ladder': 0.55, 'seal': 1.0, 'time': 0.85, 'liq': 1.0, 'struct': 1.0}",涨停组: 先进封装方向/先进封装 1板 封单比17.0% 涨停时间10:25 题材内涨停3家 概念内涨停11家 驱动概念[先进封装] 成交3.3亿,先进封装+半导体设备+合肥国资,1连板 换手承接量比1.98,"次日竞价与开盘承接: 高开幅度观察区间[-2%,+5%]; 开盘涨幅≤+3%且不破昨收-3%视为买点触发",昨收27.81,高位情绪兑现/次日低开大幅回撤/炸板断板/概念退潮,1
2026-04-17,2026-04-20,normal,nlu,000973.SZ,佛塑科技,塑料制品,OLED,1.9250588664715185,10.0,94.07421875,"{'sector': 0.9129687500000001, 'trend': 1.0, 'pos': 0.85, 'mom': 1.0, 'liq': 1.0, 'recog': 1.0}","非涨停组: 趋势结构多头(MA20>MA60且上行), 处于活跃板块[塑料制品](当日涨幅分位93%, 板块涨停3家) 驱动概念[OLED] 距60日高点11.1% 20日涨幅23.0%",板块[塑料制品]轮动延续/资金承接/概念热度,收盘18.40 MA20上方 量比1.14,"次日开盘[-2%,+3%]为观察区间; 收盘站上max(开盘,昨收)视为买点触发",昨收18.40,板块退潮补跌/概念退潮/资金承接不足/持续阴跌,1
2026-04-17,2026-04-20,normal,nlu,600563.SH,法拉电子,元件,PCB概念,2.8027916489179905,11.0,92.48828125,"{'sector': 0.96953125, 'trend': 1.0, 'pos': 0.85, 'mom': 0.7, 'liq': 1.0, 'recog': 1.0}","非涨停组: 趋势结构多头(MA20>MA60且上行), 处于活跃板块[元件](当日涨幅分位95%, 板块涨停2家) 驱动概念[PCB概念] 距60日高点11.0% 20日涨幅3.6%",板块[元件]轮动延续/资金承接/概念热度,收盘125.39 MA20上方 量比1.05,"次日开盘[-2%,+3%]为观察区间; 收盘站上max(开盘,昨收)视为买点触发",昨收125.39,板块退潮补跌/概念退潮/资金承接不足/持续阴跌,1
2026-04-20,2026-04-21,aggressive,lu,600156.SH,华升股份,纺织制造,液冷服务器,1.7832701333603485,9.0,96.0,"{'theme': 0.2, 'concept': 1.0, 'ladder': 1.0, 'seal': 1.0, 'time': 1.0, 'liq': 1.0, 'struct': 1.0}",涨停组: 算力租赁方向/液冷服务器 3板 封单比27.2% 涨停时间09:31 题材内涨停2家 概念内涨停9家 驱动概念[液冷服务器] 成交3.6亿,算力租赁+液冷+拟收购易信科技+湖南国资,3连板 换手承接量比1.47,"次日竞价与开盘承接: 高开幅度观察区间[-2%,+5%]; 开盘涨幅≤+3%且不破昨收-3%视为买点触发",昨收10.19,高位情绪兑现/次日低开大幅回撤/炸板断板/概念退潮,1
2026-04-20,2026-04-21,aggressive,lu,600707.SH,彩虹股份,光学光电子,西部大开发,0.949289145786425,10.0,89.5,"{'theme': 0.2, 'concept': 1.0, 'ladder': 0.9, 'seal': 0.7, 'time': 1.0, 'liq': 1.0, 'struct': 1.0}",涨停组: 玻璃基板方向/西部大开发 2板 封单比12.6% 涨停时间09:32 题材内涨停2家 概念内涨停10家 驱动概念[西部大开发] 成交9.4亿,玻璃基板+ITC胜诉+国企改革,2连板 换手承接量比0.83,"次日竞价与开盘承接: 高开幅度观察区间[-2%,+5%]; 开盘涨幅≤+3%且不破昨收-3%视为买点触发",昨收8.57,高位情绪兑现/次日低开大幅回撤/炸板断板/概念退潮,1
2026-04-21,2026-04-22,defensive,lu,603017.SH,中衡设计,建筑装饰,建筑节能,0.22875891453437713,3.0,90.0,"{'theme': 0.8, 'concept': 0.8, 'ladder': 0.9, 'seal': 1.0, 'time': 1.0, 'liq': 0.6, 'struct': 1.0}",涨停组: 商业航天方向/建筑节能 2板 封单比40.5% 涨停时间09:30 题材内涨停5家 概念内涨停3家 驱动概念[建筑节能] 成交2.3亿,商业航天+低空经济+工程设计,2连板 换手承接量比0.87,"次日竞价与开盘承接: 高开幅度观察区间[-2%,+5%]; 开盘涨幅≤+3%且不破昨收-3%视为买点触发",昨收15.63,高位情绪兑现/次日低开大幅回撤/炸板断板/概念退潮,1
2026-04-21,2026-04-22,defensive,lu,002361.SZ,神剑股份,塑料制品,污水处理,0.3311195683439294,4.0,88.0,"{'theme': 0.8, 'concept': 1.0, 'ladder': 0.9, 'seal': 0.4, 'time': 1.0, 'liq': 1.0, 'struct': 1.0}",涨停组: 商业航天方向/污水处理 2板 封单比3.4% 涨停时间09:36 题材内涨停5家 概念内涨停4家 驱动概念[污水处理] 成交79.9亿,商业航天+无人机+聚酯树脂+地方国资,2连板 换手承接量比0.99,"次日竞价与开盘承接: 高开幅度观察区间[-2%,+5%]; 开盘涨幅≤+3%且不破昨收-3%视为买点触发",昨收22.69,高位情绪兑现/次日低开大幅回撤/炸板断板/概念退潮,1
2026-04-21,2026-04-22,defensive,nlu,601778.SH,晶科科技,电力,绿色电力,0.32034622687051595,7.0,94.41015625,"{'sector': 0.9264062499999999, 'trend': 1.0, 'pos': 0.85, 'mom': 1.0, 'liq': 1.0, 'recog': 1.0}","非涨停组: 趋势结构多头(MA20>MA60且上行), 处于活跃板块[电力](当日涨幅分位95%, 板块涨停5家) 驱动概念[绿色电力] 距60日高点13.4% 20日涨幅18.0%",板块[电力]轮动延续/资金承接/概念热度,收盘6.31 MA20上方 量比0.88,"次日开盘[-2%,+3%]为观察区间; 收盘站上max(开盘,昨收)视为买点触发",昨收6.31,板块退潮补跌/概念退潮/资金承接不足/持续阴跌,1
2026-04-22,2026-04-23,normal,lu,603618.SH,杭电股份,电网设备,光纤概念,3.6340745844638533,8.0,75.0,"{'theme': 0.2, 'concept': 1.0, 'ladder': 0.55, 'seal': 0.4, 'time': 0.85, 'liq': 1.0, 'struct': 1.0}",涨停组: 一季报增长方向/光纤概念 1板 封单比5.9% 涨停时间09:49 题材内涨停2家 概念内涨停8家 驱动概念[光纤概念] 成交20.3亿,一季报增长+光纤涨价+特高压+锂电铜箔,1连板 换手承接量比0.85,"次日竞价与开盘承接: 高开幅度观察区间[-2%,+5%]; 开盘涨幅≤+3%且不破昨收-3%视为买点触发",昨收28.55,高位情绪兑现/次日低开大幅回撤/炸板断板/概念退潮,1
2026-04-22,2026-04-23,normal,nlu,601179.SH,中国西电,电网设备,第三代半导体,2.274631431363394,6.0,90.58984375,"{'sector': 0.7735937500000001, 'trend': 1.0, 'pos': 0.85, 'mom': 1.0, 'liq': 1.0, 'recog': 1.0}","非涨停组: 趋势结构多头(MA20>MA60且上行), 处于活跃板块[电网设备](当日涨幅分位75%, 板块涨停3家) 驱动概念[第三代半导体] 距60日高点13.1% 20日涨幅9.7%",板块[电网设备]轮动延续/资金承接/概念热度,收盘17.89 MA20上方 量比0.83,"次日开盘[-2%,+3%]为观察区间; 收盘站上max(开盘,昨收)视为买点触发",昨收17.89,板块退潮补跌/概念退潮/资金承接不足/持续阴跌,1
2026-04-22,2026-04-23,normal,nlu,000973.SZ,佛塑科技,塑料制品,OLED,2.289450716811614,5.0,90.03125,"{'sector': 0.7512500000000001, 'trend': 1.0, 'pos': 0.85, 'mom': 1.0, 'liq': 1.0, 'recog': 1.0}","非涨停组: 趋势结构多头(MA20>MA60且上行), 处于活跃板块[塑料制品](当日涨幅分位81%, 板块涨停1家) 驱动概念[OLED] 距60日高点12.1% 20日涨幅10.2%",板块[塑料制品]轮动延续/资金承接/概念热度,收盘18.19 MA20上方 量比0.82,"次日开盘[-2%,+3%]为观察区间; 收盘站上max(开盘,昨收)视为买点触发",昨收18.19,板块退潮补跌/概念退潮/资金承接不足/持续阴跌,1
2026-04-23,2026-04-24,defensive,lu,603618.SH,杭电股份,电网设备,抽水蓄能,0.42959701349669643,3.0,81.25,"{'theme': 0.8, 'concept': 0.8, 'ladder': 0.9, 'seal': 0.15, 'time': 1.0, 'liq': 1.0, 'struct': 1.0}",涨停组: 一季报增长方向/抽水蓄能 2板 封单比2.7% 涨停时间09:35 题材内涨停5家 概念内涨停3家 驱动概念[抽水蓄能] 成交31.8亿,一季报增长+光纤涨价+特高压+锂电铜箔,2连板 换手承接量比1.14,"次日竞价与开盘承接: 高开幅度观察区间[-2%,+5%]; 开盘涨幅≤+3%且不破昨收-3%视为买点触发",昨收31.41,高位情绪兑现/次日低开大幅回撤/炸板断板/概念退潮,1
2026-04-23,2026-04-24,defensive,lu,600986.SH,浙文互联,文化传媒,算力租赁,-0.1864435207421633,7.0,79.0,"{'theme': 0.4, 'concept': 1.0, 'ladder': 0.55, 'seal': 0.4, 'time': 1.0, 'liq': 1.0, 'struct': 1.0}",涨停组: 算力租赁方向/算力租赁 1板 封单比4.6% 涨停时间09:44 题材内涨停3家 概念内涨停7家 驱动概念[算力租赁] 成交36.2亿,算力租赁+AI营销+浙江国资,1连板 换手承接量比1.52,"次日竞价与开盘承接: 高开幅度观察区间[-2%,+5%]; 开盘涨幅≤+3%且不破昨收-3%视为买点触发",昨收12.13,高位情绪兑现/次日低开大幅回撤/炸板断板/概念退潮,1
2026-04-23,2026-04-24,defensive,nlu,000155.SZ,川能动力,电力,绿色电力,-0.16884864986198567,13.0,85.1015625,"{'sector': 0.9640625, 'trend': 0.8, 'pos': 0.6, 'mom': 1.0, 'liq': 1.0, 'recog': 1.0}","非涨停组: 趋势结构多头(MA20>MA60且上行), 处于活跃板块[电力](当日涨幅分位95%, 板块涨停6家) 驱动概念[绿色电力] 距60日高点8.1% 20日涨幅15.1%",板块[电力]轮动延续/资金承接/概念热度,收盘16.73 MA20上方 量比1.00,"次日开盘[-2%,+3%]为观察区间; 收盘站上max(开盘,昨收)视为买点触发",昨收16.73,板块退潮补跌/概念退潮/资金承接不足/持续阴跌,1
2026-04-24,2026-04-27,defensive,lu,600726.SH,华电能源,煤炭开采加工,煤炭概念,-0.27606403320084016,3.0,79.25,"{'theme': 0.4, 'concept': 0.8, 'ladder': 0.9, 'seal': 0.15, 'time': 1.0, 'liq': 1.0, 'struct': 1.0}",涨停组: 一季报增长方向/煤炭概念 2板 封单比0.8% 涨停时间09:34 题材内涨停3家 概念内涨停3家 驱动概念[煤炭概念] 成交28.6亿,一季报增长+绿电转型+热电联产+煤炭,2连板 换手承接量比1.51,"次日竞价与开盘承接: 高开幅度观察区间[-2%,+5%]; 开盘涨幅≤+3%且不破昨收-3%视为买点触发",昨收5.8,高位情绪兑现/次日低开大幅回撤/炸板断板/概念退潮,1
2026-04-24,2026-04-27,defensive,lu,603967.SH,中创物流,物流,中韩自贸区,0.49796380307800536,1.0,75.0,"{'theme': 0.4, 'concept': 0.4, 'ladder': 0.55, 'seal': 1.0, 'time': 1.0, 'liq': 0.6, 'struct': 1.0}",涨停组: 一季报增长方向/中韩自贸区 1板 封单比60.8% 涨停时间09:39 题材内涨停3家 概念内涨停1家 驱动概念[中韩自贸区] 成交1.6亿,一季报增长+工程物流+海外布局,1连板 换手承接量比2.45,"次日竞价与开盘承接: 高开幅度观察区间[-2%,+5%]; 开盘涨幅≤+3%且不破昨收-3%视为买点触发",昨收14.73,高位情绪兑现/次日低开大幅回撤/炸板断板/概念退潮,1
2026-04-24,2026-04-27,defensive,nlu,000408.SZ,藏格矿业,农化制品,盐湖提锂,2.487305371384374,4.0,88.69921875,"{'sector': 0.94796875, 'trend': 1.0, 'pos': 0.6, 'mom': 1.0, 'liq': 1.0, 'recog': 1.0}","非涨停组: 趋势结构多头(MA20>MA60且上行), 处于活跃板块[农化制品](当日涨幅分位96%, 板块涨停2家) 驱动概念[盐湖提锂] 距60日高点5.6% 20日涨幅18.0%",板块[农化制品]轮动延续/资金承接/概念热度,收盘89.08 MA20上方 量比1.03,"次日开盘[-2%,+3%]为观察区间; 收盘站上max(开盘,昨收)视为买点触发",昨收89.08,板块退潮补跌/概念退潮/资金承接不足/持续阴跌,1
2026-04-27,2026-04-28,defensive,lu,002115.SZ,三维通信,通信服务,智慧灯杆,1.791825452920337,4.0,91.0,"{'theme': 1.0, 'concept': 1.0, 'ladder': 0.55, 'seal': 1.0, 'time': 1.0, 'liq': 1.0, 'struct': 1.0}",涨停组: 一季报增长方向/智慧灯杆 1板 封单比19.3% 涨停时间09:31 题材内涨停7家 概念内涨停4家 驱动概念[智慧灯杆] 成交8.6亿,一季报增长+商业航天+5G中标+AI营销,1连板 换手承接量比1.20,"次日竞价与开盘承接: 高开幅度观察区间[-2%,+5%]; 开盘涨幅≤+3%且不破昨收-3%视为买点触发",昨收13.33,高位情绪兑现/次日低开大幅回撤/炸板断板/概念退潮,1
2026-04-27,2026-04-28,defensive,lu,002134.SZ,天津普林,元件,先进封装,3.017163232675535,6.0,85.0,"{'theme': 1.0, 'concept': 1.0, 'ladder': 0.55, 'seal': 1.0, 'time': 0.7, 'liq': 1.0, 'struct': 1.0}",涨停组: 一季报增长方向/先进封装 1板 封单比23.2% 涨停时间11:02 题材内涨停7家 概念内涨停6家 驱动概念[先进封装] 成交4.8亿,一季报增长+PCB+玻璃芯基板+AI服务器,1连板 换手承接量比1.95,"次日竞价与开盘承接: 高开幅度观察区间[-2%,+5%]; 开盘涨幅≤+3%且不破昨收-3%视为买点触发",昨收24.98,高位情绪兑现/次日低开大幅回撤/炸板断板/概念退潮,1
2026-04-27,2026-04-28,defensive,nlu,001309.SZ,德明利,半导体,存储芯片,3.033599035658008,3.0,91.8671875,"{'sector': 0.9846875000000002, 'trend': 0.8, 'pos': 0.85, 'mom': 1.0, 'liq': 1.0, 'recog': 1.0}","非涨停组: 趋势结构多头(MA20>MA60且上行), 处于活跃板块[半导体](当日涨幅分位99%, 板块涨停3家) 驱动概念[存储芯片] 距60日高点10.4% 20日涨幅28.0%",板块[半导体]轮动延续/资金承接/概念热度,收盘488.15 MA20上方 量比0.80,"次日开盘[-2%,+3%]为观察区间; 收盘站上max(开盘,昨收)视为买点触发",昨收488.15,板块退潮补跌/概念退潮/资金承接不足/持续阴跌,1
2026-04-28,2026-04-29,defensive,lu,002210.SZ,飞马国际,环境治理,生物质能发电,0.11807925540610054,2.0,89.0,"{'theme': 0.4, 'concept': 0.6, 'ladder': 0.9, 'seal': 1.0, 'time': 1.0, 'liq': 1.0, 'struct': 1.0}",涨停组: 一季度扭亏方向/生物质能发电 2板 封单比46.3% 涨停时间09:42 题材内涨停3家 概念内涨停2家 驱动概念[生物质能发电] 成交4.9亿,一季度扭亏+固废处理+黄金供应链,2连板 换手承接量比2.14,"次日竞价与开盘承接: 高开幅度观察区间[-2%,+5%]; 开盘涨幅≤+3%且不破昨收-3%视为买点触发",昨收3.01,高位情绪兑现/次日低开大幅回撤/炸板断板/概念退潮,1
2026-04-28,2026-04-29,defensive,lu,601828.SH,美凯龙,零售,DeepSeek概念,-1.4544902707989138,7.0,84.0,"{'theme': 0.4, 'concept': 1.0, 'ladder': 0.55, 'seal': 1.0, 'time': 1.0, 'liq': 0.6, 'struct': 1.0}",涨停组: 一季度扭亏方向/DeepSeek概念 1板 封单比22.4% 涨停时间09:33 题材内涨停3家 概念内涨停7家 驱动概念[DeepSeek概念] 成交1.8亿,一季度扭亏+REITs+厦门国资,1连板 换手承接量比2.39,"次日竞价与开盘承接: 高开幅度观察区间[-2%,+5%]; 开盘涨幅≤+3%且不破昨收-3%视为买点触发",昨收2.7,高位情绪兑现/次日低开大幅回撤/炸板断板/概念退潮,1
2026-04-28,2026-04-29,defensive,nlu,600188.SH,兖矿能源,煤炭开采加工,煤炭概念,1.35881393040016,4.0,89.66796875,"{'sector': 0.9867187500000001, 'trend': 1.0, 'pos': 0.6, 'mom': 1.0, 'liq': 1.0, 'recog': 1.0}","非涨停组: 趋势结构多头(MA20>MA60且上行), 处于活跃板块[煤炭开采加工](当日涨幅分位98%, 板块涨停2家) 驱动概念[煤炭概念] 距60日高点6.0% 20日涨幅6.5%",板块[煤炭开采加工]轮动延续/资金承接/概念热度,收盘21.15 MA20上方 量比0.84,"次日开盘[-2%,+3%]为观察区间; 收盘站上max(开盘,昨收)视为买点触发",昨收21.15,板块退潮补跌/概念退潮/资金承接不足/持续阴跌,1
2026-04-29,2026-04-30,normal,lu,002847.SZ,盐津铺子,食品加工制造,乡村振兴,1.3903634385910468,8.0,91.0,"{'theme': 1.0, 'concept': 1.0, 'ladder': 0.55, 'seal': 1.0, 'time': 1.0, 'liq': 1.0, 'struct': 1.0}",涨停组: 一季报增长方向/乡村振兴 1板 封单比19.3% 涨停时间09:44 题材内涨停9家 概念内涨停8家 驱动概念[乡村振兴] 成交3.6亿,一季报增长+魔芋零食+渠道优化,1连板 换手承接量比1.86,"次日竞价与开盘承接: 高开幅度观察区间[-2%,+5%]; 开盘涨幅≤+3%且不破昨收-3%视为买点触发",昨收59.62,高位情绪兑现/次日低开大幅回撤/炸板断板/概念退潮,1
2026-04-29,2026-04-30,normal,lu,600156.SH,华升股份,纺织制造,柔性屏(折叠屏),2.0855552125560894,4.0,89.0,"{'theme': 0.4, 'concept': 1.0, 'ladder': 0.9, 'seal': 1.0, 'time': 1.0, 'liq': 1.0, 'struct': 0.6}",涨停组: 算力租赁方向/柔性屏(折叠屏) 2板 封单比25.0% 涨停时间09:33 题材内涨停3家 概念内涨停4家 驱动概念[柔性屏(折叠屏)] 成交3.5亿,算力租赁+液冷+拟收购易信科技+湖南国资,2连板 换手承接量比0.61,"次日竞价与开盘承接: 高开幅度观察区间[-2%,+5%]; 开盘涨幅≤+3%且不破昨收-3%视为买点触发",昨收11.17,高位情绪兑现/次日低开大幅回撤/炸板断板/概念退潮,1
2026-04-29,2026-04-30,normal,nlu,600989.SH,宝丰能源,化学原料,煤炭概念,1.7261185553020253,4.0,92.34375,"{'sector': 0.84375, 'trend': 1.0, 'pos': 0.85, 'mom': 1.0, 'liq': 1.0, 'recog': 1.0}","非涨停组: 趋势结构多头(MA20>MA60且上行), 处于活跃板块[化学原料](当日涨幅分位78%, 板块涨停4家) 驱动概念[煤炭概念] 距60日高点13.5% 20日涨幅8.6%",板块[化学原料]轮动延续/资金承接/概念热度,收盘30.60 MA20上方 量比0.85,"次日开盘[-2%,+3%]为观察区间; 收盘站上max(开盘,昨收)视为买点触发",昨收30.60,板块退潮补跌/概念退潮/资金承接不足/持续阴跌,1
2026-04-29,2026-04-30,normal,nlu,605376.SH,博迁新材,能源金属,小金属概念,3.7275377979336666,12.0,89.72265625,"{'sector': 0.9889062499999999, 'trend': 1.0, 'pos': 0.6, 'mom': 1.0, 'liq': 1.0, 'recog': 1.0}","非涨停组: 趋势结构多头(MA20>MA60且上行), 处于活跃板块[能源金属](当日涨幅分位98%, 板块涨停3家) 驱动概念[小金属概念] 距60日高点5.8% 20日涨幅29.7%",板块[能源金属]轮动延续/资金承接/概念热度,收盘119.57 MA20上方 量比0.97,"次日开盘[-2%,+3%]为观察区间; 收盘站上max(开盘,昨收)视为买点触发",昨收119.57,板块退潮补跌/概念退潮/资金承接不足/持续阴跌,1
2026-04-30,2026-05-06,normal,lu,002645.SZ,华宏科技,环境治理,高端装备,1.0230094144634494,9.0,89.0,"{'theme': 1.0, 'concept': 1.0, 'ladder': 0.9, 'seal': 0.4, 'time': 1.0, 'liq': 1.0, 'struct': 1.0}",涨停组: 一季报大增方向/高端装备 2板 封单比4.4% 涨停时间09:31 题材内涨停8家 概念内涨停9家 驱动概念[高端装备] 成交11.7亿,一季报大增+稀土回收+汽车拆解,2连板 换手承接量比1.46,"次日竞价与开盘承接: 高开幅度观察区间[-2%,+5%]; 开盘涨幅≤+3%且不破昨收-3%视为买点触发",昨收25.77,高位情绪兑现/次日低开大幅回撤/炸板断板/概念退潮,1
2026-04-30,2026-05-06,normal,lu,601086.SH,国芳集团,零售,家用电器,1.0794598384268106,4.0,87.0,"{'theme': 1.0, 'concept': 1.0, 'ladder': 0.55, 'seal': 1.0, 'time': 1.0, 'liq': 0.6, 'struct': 1.0}",涨停组: 一季报增长方向/家用电器 1板 封单比25.8% 涨停时间09:44 题材内涨停14家 概念内涨停4家 驱动概念[家用电器] 成交2.2亿,一季报增长+百货零售+IP经济+参股券商,1连板 换手承接量比2.13,"次日竞价与开盘承接: 高开幅度观察区间[-2%,+5%]; 开盘涨幅≤+3%且不破昨收-3%视为买点触发",昨收8.93,高位情绪兑现/次日低开大幅回撤/炸板断板/概念退潮,1
2026-04-30,2026-05-06,normal,nlu,002213.SZ,大为股份,半导体,汽车芯片,2.4172523279943903,4.0,89.37890625,"{'sector': 0.97515625, 'trend': 1.0, 'pos': 0.6, 'mom': 1.0, 'liq': 1.0, 'recog': 1.0}","非涨停组: 趋势结构多头(MA20>MA60且上行), 处于活跃板块[半导体](当日涨幅分位97%, 板块涨停4家) 驱动概念[汽车芯片] 距60日高点5.4% 20日涨幅27.3%",板块[半导体]轮动延续/资金承接/概念热度,收盘37.30 MA20上方 量比1.02,"次日开盘[-2%,+3%]为观察区间; 收盘站上max(开盘,昨收)视为买点触发",昨收37.30,板块退潮补跌/概念退潮/资金承接不足/持续阴跌,1
2026-04-30,2026-05-06,normal,nlu,603308.SH,应流股份,通用设备,航空发动机,1.5093197493240673,3.0,86.8359375,"{'sector': 0.7834375, 'trend': 0.8, 'pos': 0.85, 'mom': 1.0, 'liq': 1.0, 'recog': 1.0}","非涨停组: 趋势结构多头(MA20>MA60且上行), 处于活跃板块[通用设备](当日涨幅分位81%, 板块涨停4家) 驱动概念[航空发动机] 距60日高点10.7% 20日涨幅17.8%",板块[通用设备]轮动延续/资金承接/概念热度,收盘75.36 MA20上方 量比1.01,"次日开盘[-2%,+3%]为观察区间; 收盘站上max(开盘,昨收)视为买点触发",昨收75.36,板块退潮补跌/概念退潮/资金承接不足/持续阴跌,1
2026-05-06,2026-05-07,aggressive,lu,603316.SH,诚邦股份,半导体,存储芯片,4.411538100645029,13.0,91.0,"{'theme': 1.0, 'concept': 1.0, 'ladder': 0.55, 'seal': 1.0, 'time': 1.0, 'liq': 1.0, 'struct': 1.0}",涨停组: 存储芯片方向/存储芯片 1板 封单比16.5% 涨停时间09:40 题材内涨停7家 概念内涨停13家 驱动概念[存储芯片] 成交4.2亿,存储芯片+业绩暴增+定增扩产,1连板 换手承接量比1.13,"次日竞价与开盘承接: 高开幅度观察区间[-2%,+5%]; 开盘涨幅≤+3%且不破昨收-3%视为买点触发",昨收17.15,高位情绪兑现/次日低开大幅回撤/炸板断板/概念退潮,1
2026-05-06,2026-05-07,aggressive,lu,001309.SZ,德明利,半导体,存储芯片,4.411538100645029,13.0,85.0,"{'theme': 1.0, 'concept': 1.0, 'ladder': 0.55, 'seal': 1.0, 'time': 1.0, 'liq': 1.0, 'struct': 0.6}",涨停组: 存储芯片方向/存储芯片 1板 封单比20.7% 涨停时间09:36 题材内涨停7家 概念内涨停13家 驱动概念[存储芯片] 成交45.2亿,存储芯片+业绩暴增+国产替代,1连板 换手承接量比0.57,"次日竞价与开盘承接: 高开幅度观察区间[-2%,+5%]; 开盘涨幅≤+3%且不破昨收-3%视为买点触发",昨收577.29,高位情绪兑现/次日低开大幅回撤/炸板断板/概念退潮,1
2026-05-07,2026-05-08,aggressive,lu,600130.SH,波导股份,消费电子,摘帽,3.715059483509031,4.0,94.0,"{'theme': 0.2, 'concept': 1.0, 'ladder': 0.9, 'seal': 1.0, 'time': 1.0, 'liq': 1.0, 'struct': 1.0}",涨停组: 摘帽方向/摘帽 2板 封单比17.6% 涨停时间09:31 题材内涨停2家 概念内涨停4家 驱动概念[摘帽] 成交3.7亿,摘帽+参股华大北斗+汽车电子+消费电子,2连板 换手承接量比1.54,"次日竞价与开盘承接: 高开幅度观察区间[-2%,+5%]; 开盘涨幅≤+3%且不破昨收-3%视为买点触发",昨收5.59,高位情绪兑现/次日低开大幅回撤/炸板断板/概念退潮,1
2026-05-07,2026-05-08,aggressive,lu,002903.SZ,宇环数控,通用设备,富士康概念,3.763924791707929,6.0,94.0,"{'theme': 0.2, 'concept': 1.0, 'ladder': 0.9, 'seal': 1.0, 'time': 1.0, 'liq': 1.0, 'struct': 1.0}",涨停组: 机器人方向/富士康概念 2板 封单比15.2% 涨停时间09:35 题材内涨停2家 概念内涨停6家 驱动概念[富士康概念] 成交5.5亿,机器人+工业母机+半导体,2连板 换手承接量比1.03,"次日竞价与开盘承接: 高开幅度观察区间[-2%,+5%]; 开盘涨幅≤+3%且不破昨收-3%视为买点触发",昨收45.22,高位情绪兑现/次日低开大幅回撤/炸板断板/概念退潮,1
2026-05-08,2026-05-11,aggressive,lu,600936.SH,北投科技,IT服务,无人机,1.6204241325480595,10.0,94.0,"{'theme': 0.2, 'concept': 1.0, 'ladder': 0.9, 'seal': 1.0, 'time': 1.0, 'liq': 1.0, 'struct': 1.0}",涨停组: AI应用方向/无人机 2板 封单比31.5% 涨停时间09:31 题材内涨停2家 概念内涨停10家 驱动概念[无人机] 成交3.8亿,AI应用+智慧交通+机器人概念+广西国资,2连板 换手承接量比1.47,"次日竞价与开盘承接: 高开幅度观察区间[-2%,+5%]; 开盘涨幅≤+3%且不破昨收-3%视为买点触发",昨收5.17,高位情绪兑现/次日低开大幅回撤/炸板断板/概念退潮,1
2026-05-08,2026-05-11,aggressive,lu,603278.SH,大业股份,通用设备,人形机器人,2.07103455673574,14.0,92.5,"{'theme': 1.0, 'concept': 1.0, 'ladder': 1.0, 'seal': 0.7, 'time': 0.85, 'liq': 1.0, 'struct': 1.0}",涨停组: 人形机器人方向/人形机器人 3板 封单比11.1% 涨停时间10:15 题材内涨停11家 概念内涨停14家 驱动概念[人形机器人] 成交8.7亿,人形机器人+腱绳+商业航天+胎圈钢丝,3连板 换手承接量比1.88,"次日竞价与开盘承接: 高开幅度观察区间[-2%,+5%]; 开盘涨幅≤+3%且不破昨收-3%视为买点触发",昨收14.91,高位情绪兑现/次日低开大幅回撤/炸板断板/概念退潮,1
2026-05-11,2026-05-12,aggressive,lu,600748.SH,上实发展,房地产,物业管理,0.9257636954931314,6.0,85.5,"{'theme': 0.2, 'concept': 1.0, 'ladder': 0.9, 'seal': 0.7, 'time': 1.0, 'liq': 0.6, 'struct': 1.0}",涨停组: 房地产方向/物业管理 2板 封单比12.0% 涨停时间09:37 题材内涨停2家 概念内涨停6家 驱动概念[物业管理] 成交2.4亿,房地产+物业服务+上海国资,2连板 换手承接量比1.25,"次日竞价与开盘承接: 高开幅度观察区间[-2%,+5%]; 开盘涨幅≤+3%且不破昨收-3%视为买点触发",昨收6.03,高位情绪兑现/次日低开大幅回撤/炸板断板/概念退潮,1
2026-05-11,2026-05-12,aggressive,lu,603269.SH,海鸥股份,通用设备,液冷服务器,1.4229672635181156,11.0,82.5,"{'theme': 0.2, 'concept': 1.0, 'ladder': 0.55, 'seal': 0.7, 'time': 1.0, 'liq': 1.0, 'struct': 1.0}",涨停组: 液冷服务器方向/液冷服务器 1板 封单比14.8% 涨停时间09:34 题材内涨停2家 概念内涨停11家 驱动概念[液冷服务器] 成交3.5亿,液冷服务器+核电冷却塔+订单高增,1连板 换手承接量比0.81,"次日竞价与开盘承接: 高开幅度观察区间[-2%,+5%]; 开盘涨幅≤+3%且不破昨收-3%视为买点触发",昨收18.56,高位情绪兑现/次日低开大幅回撤/炸板断板/概念退潮,1
2026-05-12,2026-05-13,defensive,lu,603895.SH,天永智能,专用设备,储能,-0.43344760337789,17.0,81.0,"{'theme': 0.4, 'concept': 1.0, 'ladder': 0.55, 'seal': 1.0, 'time': 0.85, 'liq': 0.6, 'struct': 1.0}",涨停组: 人形机器人方向/储能 1板 封单比21.4% 涨停时间10:13 题材内涨停3家 概念内涨停17家 驱动概念[储能] 成交1.7亿,人形机器人+固态电池+锂电池装备,1连板 换手承接量比1.19,"次日竞价与开盘承接: 高开幅度观察区间[-2%,+5%]; 开盘涨幅≤+3%且不破昨收-3%视为买点触发",昨收36.5,高位情绪兑现/次日低开大幅回撤/炸板断板/概念退潮,1
2026-05-12,2026-05-13,defensive,lu,603331.SH,百达精工,通用设备,TOPCON电池,0.11803933748648632,2.0,78.0,"{'theme': 0.4, 'concept': 0.6, 'ladder': 0.55, 'seal': 1.0, 'time': 1.0, 'liq': 0.6, 'struct': 1.0}",涨停组: 人形机器人方向/TOPCON电池 1板 封单比28.0% 涨停时间09:39 题材内涨停3家 概念内涨停2家 驱动概念[TOPCON电池] 成交2.2亿,人形机器人+银河通用合作+汽车零部件,1连板 换手承接量比0.98,"次日竞价与开盘承接: 高开幅度观察区间[-2%,+5%]; 开盘涨幅≤+3%且不破昨收-3%视为买点触发",昨收16.28,高位情绪兑现/次日低开大幅回撤/炸板断板/概念退潮,1
2026-05-12,2026-05-13,defensive,nlu,601016.SH,节能风电,电力,绿色电力,-0.14786943731472935,9.0,95.15234375,"{'sector': 0.95609375, 'trend': 1.0, 'pos': 0.85, 'mom': 1.0, 'liq': 1.0, 'recog': 1.0}","非涨停组: 趋势结构多头(MA20>MA60且上行), 处于活跃板块[电力](当日涨幅分位97%, 板块涨停6家) 驱动概念[绿色电力] 距60日高点10.6% 20日涨幅27.4%",板块[电力]轮动延续/资金承接/概念热度,收盘5.10 MA20上方 量比1.07,"次日开盘[-2%,+3%]为观察区间; 收盘站上max(开盘,昨收)视为买点触发",昨收5.10,板块退潮补跌/概念退潮/资金承接不足/持续阴跌,1
2026-05-13,2026-05-14,aggressive,lu,000601.SZ,韶能股份,电力,东数西算(算力),2.6765887891524454,23.0,96.0,"{'theme': 0.6, 'concept': 1.0, 'ladder': 0.9, 'seal': 1.0, 'time': 1.0, 'liq': 1.0, 'struct': 1.0}",涨停组: 算电协同方向/东数西算(算力) 2板 封单比40.9% 涨停时间09:30 题材内涨停4家 概念内涨停23家 驱动概念[东数西算(算力)] 成交6.6亿,算电协同+储能+绿电直供,2连板 换手承接量比0.81,"次日竞价与开盘承接: 高开幅度观察区间[-2%,+5%]; 开盘涨幅≤+3%且不破昨收-3%视为买点触发",昨收8.9,高位情绪兑现/次日低开大幅回撤/炸板断板/概念退潮,1
2026-05-13,2026-05-14,aggressive,lu,000767.SZ,晋控电力,电力,超超临界发电,1.998040600079909,5.0,94.0,"{'theme': 0.2, 'concept': 1.0, 'ladder': 0.9, 'seal': 1.0, 'time': 1.0, 'liq': 1.0, 'struct': 1.0}",涨停组: 绿色电力方向/超超临界发电 2板 封单比20.3% 涨停时间09:33 题材内涨停2家 概念内涨停5家 驱动概念[超超临界发电] 成交9.3亿,绿色电力+火电盈利修复+山西国资,2连板 换手承接量比0.83,"次日竞价与开盘承接: 高开幅度观察区间[-2%,+5%]; 开盘涨幅≤+3%且不破昨收-3%视为买点触发",昨收5.12,高位情绪兑现/次日低开大幅回撤/炸板断板/概念退潮,1
2026-05-14,2026-05-15,defensive,lu,001210.SZ,金房能源,电力,建筑节能,-0.932360819056266,3.0,78.25,"{'theme': 0.2, 'concept': 0.8, 'ladder': 0.9, 'seal': 0.15, 'time': 1.0, 'liq': 1.0, 'struct': 1.0}",涨停组: 数据中心方向/建筑节能 2板 封单比1.0% 涨停时间09:38 题材内涨停2家 概念内涨停3家 驱动概念[建筑节能] 成交4.8亿,数据中心+供能+蓄冷储能,2连板 换手承接量比2.22,"次日竞价与开盘承接: 高开幅度观察区间[-2%,+5%]; 开盘涨幅≤+3%且不破昨收-3%视为买点触发",昨收29.4,高位情绪兑现/次日低开大幅回撤/炸板断板/概念退潮,1
2026-05-14,2026-05-15,defensive,lu,002973.SZ,侨银股份,环境治理,PPP概念,-1.6848821352035803,5.0,77.0,"{'theme': 0.2, 'concept': 1.0, 'ladder': 0.55, 'seal': 1.0, 'time': 0.7, 'liq': 0.6, 'struct': 1.0}",涨停组: 人形机器人方向/PPP概念 1板 封单比47.6% 涨停时间10:34 题材内涨停2家 概念内涨停5家 驱动概念[PPP概念] 成交1.9亿,人形机器人+环卫中标+智慧城服,1连板 换手承接量比2.05,"次日竞价与开盘承接: 高开幅度观察区间[-2%,+5%]; 开盘涨幅≤+3%且不破昨收-3%视为买点触发",昨收13.97,高位情绪兑现/次日低开大幅回撤/炸板断板/概念退潮,1
2026-05-14,2026-05-15,defensive,nlu,002922.SZ,伊戈尔,其他电子,智能家居,-1.4764569341399025,5.0,91.19921875,"{'sector': 0.79796875, 'trend': 1.0, 'pos': 0.85, 'mom': 1.0, 'liq': 1.0, 'recog': 1.0}","非涨停组: 趋势结构多头(MA20>MA60且上行), 处于活跃板块[其他电子](当日涨幅分位83%, 板块涨停1家) 驱动概念[智能家居] 距60日高点10.4% 20日涨幅17.0%",板块[其他电子]轮动延续/资金承接/概念热度,收盘44.01 MA20上方 量比1.16,"次日开盘[-2%,+3%]为观察区间; 收盘站上max(开盘,昨收)视为买点触发",昨收44.01,板块退潮补跌/概念退潮/资金承接不足/持续阴跌,1
2026-05-15,2026-05-18,defensive,lu,603386.SH,骏亚科技,元件,人形机器人,1.7160995969459414,7.0,91.0,"{'theme': 1.0, 'concept': 1.0, 'ladder': 0.55, 'seal': 1.0, 'time': 1.0, 'liq': 1.0, 'struct': 1.0}",涨停组: 人形机器人方向/人形机器人 1板 封单比32.5% 涨停时间09:37 题材内涨停9家 概念内涨停7家 驱动概念[人形机器人] 成交3.7亿,人形机器人+PCB+光模块HDI,1连板 换手承接量比0.91,"次日竞价与开盘承接: 高开幅度观察区间[-2%,+5%]; 开盘涨幅≤+3%且不破昨收-3%视为买点触发",昨收16.92,高位情绪兑现/次日低开大幅回撤/炸板断板/概念退潮,1
2026-05-15,2026-05-18,defensive,lu,603082.SH,北自科技,通用设备,新型工业化,1.2067445680941535,5.0,86.0,"{'theme': 1.0, 'concept': 1.0, 'ladder': 0.9, 'seal': 0.7, 'time': 0.85, 'liq': 1.0, 'struct': 0.7}",涨停组: 人形机器人方向/新型工业化 2板 封单比13.5% 涨停时间09:51 题材内涨停9家 概念内涨停5家 驱动概念[新型工业化] 成交5.3亿,人形机器人+智能物流+拟收购穗柯智能+央企,2连板 换手承接量比3.01,"次日竞价与开盘承接: 高开幅度观察区间[-2%,+5%]; 开盘涨幅≤+3%且不破昨收-3%视为买点触发",昨收42.3,高位情绪兑现/次日低开大幅回撤/炸板断板/概念退潮,1
2026-05-15,2026-05-18,defensive,nlu,600367.SH,红星发展,化学原料,锂电池概念,-0.5700749841016428,7.0,91.9609375,"{'sector': 0.8284374999999999, 'trend': 1.0, 'pos': 0.85, 'mom': 1.0, 'liq': 1.0, 'recog': 1.0}","非涨停组: 趋势结构多头(MA20>MA60且上行), 处于活跃板块[化学原料](当日涨幅分位85%, 板块涨停2家) 驱动概念[锂电池概念] 距60日高点14.0% 20日涨幅18.8%",板块[化学原料]轮动延续/资金承接/概念热度,收盘24.92 MA20上方 量比1.07,"次日开盘[-2%,+3%]为观察区间; 收盘站上max(开盘,昨收)视为买点触发",昨收24.92,板块退潮补跌/概念退潮/资金承接不足/持续阴跌,1
2026-05-18,2026-05-19,normal,lu,603082.SH,北自科技,通用设备,数字孪生,1.6996379005601137,10.0,88.0,"{'theme': 0.4, 'concept': 1.0, 'ladder': 1.0, 'seal': 0.4, 'time': 1.0, 'liq': 1.0, 'struct': 1.0}",涨停组: 人形机器人方向/数字孪生 3板 封单比7.4% 涨停时间09:32 题材内涨停3家 概念内涨停10家 驱动概念[数字孪生] 成交9.7亿,人形机器人+智能物流+拟收购穗柯智能+央企,3连板 换手承接量比2.60,"次日竞价与开盘承接: 高开幅度观察区间[-2%,+5%]; 开盘涨幅≤+3%且不破昨收-3%视为买点触发",昨收46.53,高位情绪兑现/次日低开大幅回撤/炸板断板/概念退潮,1
2026-05-18,2026-05-19,normal,lu,002272.SZ,川润股份,通用设备,智能电网,1.1763913210193655,8.0,87.0,"{'theme': 0.2, 'concept': 1.0, 'ladder': 0.55, 'seal': 1.0, 'time': 1.0, 'liq': 1.0, 'struct': 1.0}",涨停组: 液冷服务器方向/智能电网 1板 封单比20.2% 涨停时间09:35 题材内涨停2家 概念内涨停8家 驱动概念[智能电网] 成交8.5亿,液冷服务器+定增扩产+风电装备,1连板 换手承接量比0.87,"次日竞价与开盘承接: 高开幅度观察区间[-2%,+5%]; 开盘涨幅≤+3%且不破昨收-3%视为买点触发",昨收20.61,高位情绪兑现/次日低开大幅回撤/炸板断板/概念退潮,1
2026-05-18,2026-05-19,normal,nlu,600601.SH,方正科技,元件,共封装光学(CPO),1.5272544819739275,9.0,90.8984375,"{'sector': 0.9459374999999999, 'trend': 0.8, 'pos': 0.85, 'mom': 1.0, 'liq': 1.0, 'recog': 1.0}","非涨停组: 趋势结构多头(MA20>MA60且上行), 处于活跃板块[元件](当日涨幅分位95%, 板块涨停4家) 驱动概念[共封装光学(CPO)] 距60日高点13.4% 20日涨幅22.6%",板块[元件]轮动延续/资金承接/概念热度,收盘12.70 MA20上方 量比0.53,"次日开盘[-2%,+3%]为观察区间; 收盘站上max(开盘,昨收)视为买点触发",昨收12.70,板块退潮补跌/概念退潮/资金承接不足/持续阴跌,1
2026-05-18,2026-05-19,normal,nlu,603005.SH,晶方科技,半导体,传感器,1.1320904887696104,7.0,87.1015625,"{'sector': 0.8840625, 'trend': 1.0, 'pos': 0.6, 'mom': 1.0, 'liq': 1.0, 'recog': 1.0}","非涨停组: 趋势结构多头(MA20>MA60且上行), 处于活跃板块[半导体](当日涨幅分位81%, 板块涨停2家) 驱动概念[传感器] 距60日高点7.5% 20日涨幅11.8%",板块[半导体]轮动延续/资金承接/概念热度,收盘33.03 MA20上方 量比0.83,"次日开盘[-2%,+3%]为观察区间; 收盘站上max(开盘,昨收)视为买点触发",昨收33.03,板块退潮补跌/概念退潮/资金承接不足/持续阴跌,1
2026-05-19,2026-05-20,aggressive,lu,603206.SH,嘉环科技,通信服务,云计算,2.7046565974229386,10.0,94.0,"{'theme': 0.2, 'concept': 1.0, 'ladder': 0.9, 'seal': 1.0, 'time': 1.0, 'liq': 1.0, 'struct': 1.0}",涨停组: AI算力方向/云计算 2板 封单比31.6% 涨停时间09:37 题材内涨停2家 概念内涨停10家 驱动概念[云计算] 成交3.4亿,AI算力+华为合作+训推一体机,2连板 换手承接量比1.75,"次日竞价与开盘承接: 高开幅度观察区间[-2%,+5%]; 开盘涨幅≤+3%且不破昨收-3%视为买点触发",昨收21.03,高位情绪兑现/次日低开大幅回撤/炸板断板/概念退潮,1
2026-05-19,2026-05-20,aggressive,lu,603082.SH,北自科技,通用设备,数字孪生,2.3778947471088996,8.0,88.0,"{'theme': 0.6, 'concept': 1.0, 'ladder': 1.0, 'seal': 1.0, 'time': 1.0, 'liq': 0.6, 'struct': 0.6}",涨停组: 人形机器人方向/数字孪生 4板 封单比61.3% 涨停时间09:30 题材内涨停4家 概念内涨停8家 驱动概念[数字孪生] 成交2.6亿,人形机器人+智能物流+拟收购穗柯智能+央企,4连板 换手承接量比0.58,"次日竞价与开盘承接: 高开幅度观察区间[-2%,+5%]; 开盘涨幅≤+3%且不破昨收-3%视为买点触发",昨收51.18,高位情绪兑现/次日低开大幅回撤/炸板断板/概念退潮,1
2026-05-20,2026-05-21,defensive,lu,002272.SZ,川润股份,通用设备,液冷服务器,0.5617629583278827,7.0,92.5,"{'theme': 0.4, 'concept': 1.0, 'ladder': 1.0, 'seal': 0.7, 'time': 1.0, 'liq': 1.0, 'struct': 1.0}",涨停组: 液冷服务器方向/液冷服务器 3板 封单比8.7% 涨停时间09:25 题材内涨停3家 概念内涨停7家 驱动概念[液冷服务器] 成交15.1亿,液冷服务器+机器人+定增扩产,3连板 换手承接量比1.12,"次日竞价与开盘承接: 高开幅度观察区间[-2%,+5%]; 开盘涨幅≤+3%且不破昨收-3%视为买点触发",昨收24.94,高位情绪兑现/次日低开大幅回撤/炸板断板/概念退潮,1
2026-05-20,2026-05-21,defensive,lu,603316.SH,诚邦股份,半导体,存储芯片,3.0798562048416134,11.0,87.5,"{'theme': 0.6, 'concept': 1.0, 'ladder': 1.0, 'seal': 0.7, 'time': 1.0, 'liq': 1.0, 'struct': 0.6}",涨停组: 存储芯片方向/存储芯片 3板 封单比11.6% 涨停时间09:31 题材内涨停4家 概念内涨停11家 驱动概念[存储芯片] 成交3.6亿,存储芯片+定增扩产+业绩暴增,3连板 换手承接量比0.66,"次日竞价与开盘承接: 高开幅度观察区间[-2%,+5%]; 开盘涨幅≤+3%且不破昨收-3%视为买点触发",昨收24.77,高位情绪兑现/次日低开大幅回撤/炸板断板/概念退潮,1
2026-05-20,2026-05-21,defensive,nlu,002957.SZ,科瑞技术,自动化设备,共封装光学(CPO),1.0562031556914375,3.0,90.20703125,"{'sector': 0.8782812500000001, 'trend': 1.0, 'pos': 0.85, 'mom': 0.7, 'liq': 1.0, 'recog': 1.0}","非涨停组: 趋势结构多头(MA20>MA60且上行), 处于活跃板块[自动化设备](当日涨幅分位80%, 板块涨停2家) 驱动概念[共封装光学(CPO)] 距60日高点10.2% 20日涨幅0.7%",板块[自动化设备]轮动延续/资金承接/概念热度,收盘46.11 MA20上方 量比0.71,"次日开盘[-2%,+3%]为观察区间; 收盘站上max(开盘,昨收)视为买点触发",昨收46.11,板块退潮补跌/概念退潮/资金承接不足/持续阴跌,1
2026-05-21,2026-05-22,defensive,lu,000518.SZ,四环生物,生物制品,肝炎概念,-1.8425411070912334,2.0,83.5,"{'theme': 0.2, 'concept': 0.6, 'ladder': 0.9, 'seal': 0.7, 'time': 1.0, 'liq': 1.0, 'struct': 1.0}",涨停组: 摘帽方向/肝炎概念 2板 封单比10.0% 涨停时间09:32 题材内涨停2家 概念内涨停2家 驱动概念[肝炎概念] 成交6.7亿,摘帽+生物医药+园林绿化,2连板 换手承接量比2.76,"次日竞价与开盘承接: 高开幅度观察区间[-2%,+5%]; 开盘涨幅≤+3%且不破昨收-3%视为买点触发",昨收3.75,高位情绪兑现/次日低开大幅回撤/炸板断板/概念退潮,1
2026-05-21,2026-05-22,defensive,lu,002036.SZ,联创电子,光学光电子,华为汽车,-1.0706301715989075,2.0,82.0,"{'theme': 0.4, 'concept': 0.6, 'ladder': 0.55, 'seal': 1.0, 'time': 1.0, 'liq': 1.0, 'struct': 1.0}",涨停组: 无人驾驶方向/华为汽车 1板 封单比21.3% 涨停时间09:41 题材内涨停3家 概念内涨停2家 驱动概念[华为汽车] 成交6.5亿,无人驾驶+车载光学+机器视觉,1连板 换手承接量比1.66,"次日竞价与开盘承接: 高开幅度观察区间[-2%,+5%]; 开盘涨幅≤+3%且不破昨收-3%视为买点触发",昨收9.36,高位情绪兑现/次日低开大幅回撤/炸板断板/概念退潮,1
2026-05-21,2026-05-22,defensive,nlu,000559.SZ,万向钱潮,汽车零部件,人形机器人,-1.5558160520409037,1.0,86.5390625,"{'sector': 0.8915625, 'trend': 1.0, 'pos': 0.85, 'mom': 1.0, 'liq': 1.0, 'recog': 0.3}","非涨停组: 趋势结构多头(MA20>MA60且上行), 处于活跃板块[汽车零部件](当日涨幅分位86%, 板块涨停4家) 驱动概念[人形机器人] 距60日高点12.0% 20日涨幅10.2%",板块[汽车零部件]轮动延续/资金承接/概念热度,收盘18.09 MA20上方 量比1.15,"次日开盘[-2%,+3%]为观察区间; 收盘站上max(开盘,昨收)视为买点触发",昨收18.09,板块退潮补跌/概念退潮/资金承接不足/持续阴跌,1
2026-05-22,2026-05-25,normal,lu,603228.SH,景旺电子,元件,PCB概念,6.3257563189526245,29.0,78.0,"{'theme': 0.2, 'concept': 1.0, 'ladder': 0.55, 'seal': 0.4, 'time': 1.0, 'liq': 1.0, 'struct': 1.0}",涨停组: AI PCB方向/PCB概念 1板 封单比6.8% 涨停时间09:38 题材内涨停2家 概念内涨停29家 驱动概念[PCB概念] 成交36.6亿,AI PCB+汽车PCB+800G光模块,1连板 换手承接量比1.03,"次日竞价与开盘承接: 高开幅度观察区间[-2%,+5%]; 开盘涨幅≤+3%且不破昨收-3%视为买点触发",昨收82.5,高位情绪兑现/次日低开大幅回撤/炸板断板/概念退潮,1
2026-05-22,2026-05-25,normal,lu,605006.SH,山东玻纤,建筑材料,风电,1.8824476428984216,9.0,78.0,"{'theme': 0.2, 'concept': 1.0, 'ladder': 0.55, 'seal': 0.4, 'time': 1.0, 'liq': 1.0, 'struct': 1.0}",涨停组: 电子布方向/风电 1板 封单比5.3% 涨停时间09:44 题材内涨停2家 概念内涨停9家 驱动概念[风电] 成交11.2亿,电子布+玻纤+风电纱+山东国资,1连板 换手承接量比1.26,"次日竞价与开盘承接: 高开幅度观察区间[-2%,+5%]; 开盘涨幅≤+3%且不破昨收-3%视为买点触发",昨收15.74,高位情绪兑现/次日低开大幅回撤/炸板断板/概念退潮,1
2026-05-22,2026-05-25,normal,nlu,600580.SH,卧龙电驱,电机,小米概念,2.6865724311484485,14.0,94.15234375,"{'sector': 0.9160937499999999, 'trend': 1.0, 'pos': 0.85, 'mom': 1.0, 'liq': 1.0, 'recog': 1.0}","非涨停组: 趋势结构多头(MA20>MA60且上行), 处于活跃板块[电机](当日涨幅分位88%, 板块涨停3家) 驱动概念[小米概念] 距60日高点12.2% 20日涨幅7.7%",板块[电机]轮动延续/资金承接/概念热度,收盘41.09 MA20上方 量比0.91,"次日开盘[-2%,+3%]为观察区间; 收盘站上max(开盘,昨收)视为买点触发",昨收41.09,板块退潮补跌/概念退潮/资金承接不足/持续阴跌,1
2026-05-22,2026-05-25,normal,nlu,002654.SZ,万润科技,光学光电子,MiniLED,4.053470411334592,9.0,93.2265625,"{'sector': 0.8790625000000001, 'trend': 1.0, 'pos': 0.85, 'mom': 1.0, 'liq': 1.0, 'recog': 1.0}","非涨停组: 趋势结构多头(MA20>MA60且上行), 处于活跃板块[光学光电子](当日涨幅分位80%, 板块涨停4家) 驱动概念[MiniLED] 距60日高点11.7% 20日涨幅14.4%",板块[光学光电子]轮动延续/资金承接/概念热度,收盘17.73 MA20上方 量比0.79,"次日开盘[-2%,+3%]为观察区间; 收盘站上max(开盘,昨收)视为买点触发",昨收17.73,板块退潮补跌/概念退潮/资金承接不足/持续阴跌,1
2026-05-25,2026-05-26,defensive,lu,600520.SH,三佳科技,专用设备,先进封装,4.6284837331384,15.0,87.0,"{'theme': 0.8, 'concept': 1.0, 'ladder': 0.55, 'seal': 1.0, 'time': 0.85, 'liq': 1.0, 'struct': 1.0}",涨停组: 先进封装方向/先进封装 1板 封单比17.2% 涨停时间10:21 题材内涨停5家 概念内涨停15家 驱动概念[先进封装] 成交4.5亿,先进封装+半导体设备+合肥国资,1连板 换手承接量比0.89,"次日竞价与开盘承接: 高开幅度观察区间[-2%,+5%]; 开盘涨幅≤+3%且不破昨收-3%视为买点触发",昨收33.47,高位情绪兑现/次日低开大幅回撤/炸板断板/概念退潮,1
2026-05-25,2026-05-26,defensive,lu,600395.SH,盘江股份,煤炭开采加工,煤炭概念,1.9363341181061422,6.0,83.0,"{'theme': 0.2, 'concept': 1.0, 'ladder': 0.55, 'seal': 1.0, 'time': 1.0, 'liq': 0.6, 'struct': 1.0}",涨停组: 煤炭方向/煤炭概念 1板 封单比20.1% 涨停时间09:38 题材内涨停2家 概念内涨停6家 驱动概念[煤炭概念] 成交2.1亿,煤炭+煤电一体化+贵州国资,1连板 换手承接量比1.34,"次日竞价与开盘承接: 高开幅度观察区间[-2%,+5%]; 开盘涨幅≤+3%且不破昨收-3%视为买点触发",昨收5.67,高位情绪兑现/次日低开大幅回撤/炸板断板/概念退潮,1
2026-05-25,2026-05-26,defensive,nlu,002222.SZ,福晶科技,光学光电子,共封装光学(CPO),2.7045653279354154,13.0,93.92578125,"{'sector': 0.90703125, 'trend': 1.0, 'pos': 0.85, 'mom': 1.0, 'liq': 1.0, 'recog': 1.0}","非涨停组: 趋势结构多头(MA20>MA60且上行), 处于活跃板块[光学光电子](当日涨幅分位86%, 板块涨停5家) 驱动概念[共封装光学(CPO)] 距60日高点10.2% 20日涨幅13.8%",板块[光学光电子]轮动延续/资金承接/概念热度,收盘111.74 MA20上方 量比1.18,"次日开盘[-2%,+3%]为观察区间; 收盘站上max(开盘,昨收)视为买点触发",昨收111.74,板块退潮补跌/概念退潮/资金承接不足/持续阴跌,1
2026-05-26,2026-05-27,defensive,lu,600520.SH,三佳科技,专用设备,先进封装,-0.4384338680544553,7.0,84.0,"{'theme': 0.2, 'concept': 1.0, 'ladder': 0.9, 'seal': 1.0, 'time': 1.0, 'liq': 0.6, 'struct': 0.6}",涨停组: 先进封装方向/先进封装 2板 封单比47.0% 涨停时间09:25 题材内涨停2家 概念内涨停7家 驱动概念[先进封装] 成交3.0亿,先进封装+半导体设备+合肥国资+一季报扭亏,2连板 换手承接量比0.56,"次日竞价与开盘承接: 高开幅度观察区间[-2%,+5%]; 开盘涨幅≤+3%且不破昨收-3%视为买点触发",昨收36.82,高位情绪兑现/次日低开大幅回撤/炸板断板/概念退潮,1
2026-05-26,2026-05-27,defensive,lu,002185.SZ,华天科技,半导体,先进封装,-0.4384338680544553,7.0,81.0,"{'theme': 0.2, 'concept': 1.0, 'ladder': 0.9, 'seal': 0.4, 'time': 1.0, 'liq': 0.6, 'struct': 1.0}",涨停组: 先进封装方向/先进封装 2板 封单比7.4% 涨停时间09:25 题材内涨停2家 概念内涨停7家 驱动概念[先进封装] 成交112.4亿,先进封装+30亿扩产+存储封测,2连板 换手承接量比1.37,"次日竞价与开盘承接: 高开幅度观察区间[-2%,+5%]; 开盘涨幅≤+3%且不破昨收-3%视为买点触发",昨收18.67,高位情绪兑现/次日低开大幅回撤/炸板断板/概念退潮,1
2026-05-26,2026-05-27,defensive,nlu,000767.SZ,晋控电力,电力,碳交易,-0.6739613843636971,4.0,88.97265625,"{'sector': 0.7089062500000001, 'trend': 1.0, 'pos': 0.85, 'mom': 1.0, 'liq': 1.0, 'recog': 1.0}","非涨停组: 趋势结构多头(MA20>MA60且上行), 处于活跃板块[电力](当日涨幅分位71%, 板块涨停3家) 驱动概念[碳交易] 距60日高点11.4% 20日涨幅20.0%",板块[电力]轮动延续/资金承接/概念热度,收盘4.98 MA20上方 量比1.10,"次日开盘[-2%,+3%]为观察区间; 收盘站上max(开盘,昨收)视为买点触发",昨收4.98,板块退潮补跌/概念退潮/资金承接不足/持续阴跌,1
2026-05-27,2026-05-28,defensive,lu,600758.SH,辽宁能源,煤炭开采加工,煤炭概念,-0.4473913357576631,6.0,80.5,"{'theme': 0.4, 'concept': 1.0, 'ladder': 0.55, 'seal': 0.7, 'time': 0.85, 'liq': 1.0, 'struct': 1.0}",涨停组: 电力方向/煤炭概念 1板 封单比8.7% 涨停时间10:23 题材内涨停3家 概念内涨停6家 驱动概念[煤炭概念] 成交6.4亿,电力+煤炭+国企,1连板 换手承接量比0.88,"次日竞价与开盘承接: 高开幅度观察区间[-2%,+5%]; 开盘涨幅≤+3%且不破昨收-3%视为买点触发",昨收4.64,高位情绪兑现/次日低开大幅回撤/炸板断板/概念退潮,1
2026-05-27,2026-05-28,defensive,lu,000892.SZ,欢瑞世纪,影视院线,短剧游戏,-0.7395994287373253,3.0,77.0,"{'theme': 0.2, 'concept': 0.8, 'ladder': 0.55, 'seal': 1.0, 'time': 0.85, 'liq': 0.6, 'struct': 1.0}",涨停组: 短剧游戏方向/短剧游戏 1板 封单比29.6% 涨停时间09:49 题材内涨停2家 概念内涨停3家 驱动概念[短剧游戏] 成交2.7亿,短剧游戏+互动影游+AIGC,1连板 换手承接量比1.74,"次日竞价与开盘承接: 高开幅度观察区间[-2%,+5%]; 开盘涨幅≤+3%且不破昨收-3%视为买点触发",昨收4.5,高位情绪兑现/次日低开大幅回撤/炸板断板/概念退潮,1
2026-05-27,2026-05-28,defensive,nlu,002922.SZ,伊戈尔,其他电子,高压快充,-0.9212062655725606,3.0,85.2421875,"{'sector': 0.8096875, 'trend': 1.0, 'pos': 0.6, 'mom': 1.0, 'liq': 1.0, 'recog': 1.0}","非涨停组: 趋势结构多头(MA20>MA60且上行), 处于活跃板块[其他电子](当日涨幅分位88%, 板块涨停1家) 驱动概念[高压快充] 距60日高点7.7% 20日涨幅8.9%",板块[其他电子]轮动延续/资金承接/概念热度,收盘45.36 MA20上方 量比1.20,"次日开盘[-2%,+3%]为观察区间; 收盘站上max(开盘,昨收)视为买点触发",昨收45.36,板块退潮补跌/概念退潮/资金承接不足/持续阴跌,1
2026-05-28,2026-05-29,normal,lu,000539.SZ,粤电力A,电力,超超临界发电,1.8119172767661729,5.0,95.0,"{'theme': 0.4, 'concept': 1.0, 'ladder': 0.9, 'seal': 1.0, 'time': 1.0, 'liq': 1.0, 'struct': 1.0}",涨停组: 电力方向/超超临界发电 2板 封单比15.6% 涨停时间09:30 题材内涨停3家 概念内涨停5家 驱动概念[超超临界发电] 成交12.0亿,电力+业绩减亏+广东国资,2连板 换手承接量比1.31,"次日竞价与开盘承接: 高开幅度观察区间[-2%,+5%]; 开盘涨幅≤+3%且不破昨收-3%视为买点触发",昨收8.07,高位情绪兑现/次日低开大幅回撤/炸板断板/概念退潮,1
2026-05-28,2026-05-29,normal,lu,603861.SH,白云电器,电网设备,华为数字能源,2.4513045357168695,5.0,87.0,"{'theme': 0.2, 'concept': 1.0, 'ladder': 0.55, 'seal': 1.0, 'time': 1.0, 'liq': 1.0, 'struct': 1.0}",涨停组: HVDC方向/华为数字能源 1板 封单比31.4% 涨停时间09:43 题材内涨停2家 概念内涨停5家 驱动概念[华为数字能源] 成交3.9亿,HVDC+数据中心+变压器出海,1连板 换手承接量比1.48,"次日竞价与开盘承接: 高开幅度观察区间[-2%,+5%]; 开盘涨幅≤+3%且不破昨收-3%视为买点触发",昨收16.72,高位情绪兑现/次日低开大幅回撤/炸板断板/概念退潮,1
2026-05-28,2026-05-29,normal,nlu,600601.SH,方正科技,元件,PCB概念,3.4693376191910374,17.0,95.53125,"{'sector': 0.97125, 'trend': 1.0, 'pos': 0.85, 'mom': 1.0, 'liq': 1.0, 'recog': 1.0}","非涨停组: 趋势结构多头(MA20>MA60且上行), 处于活跃板块[元件](当日涨幅分位96%, 板块涨停8家) 驱动概念[PCB概念] 距60日高点11.6% 20日涨幅8.5%",板块[元件]轮动延续/资金承接/概念热度,收盘12.96 MA20上方 量比0.62,"次日开盘[-2%,+3%]为观察区间; 收盘站上max(开盘,昨收)视为买点触发",昨收12.96,板块退潮补跌/概念退潮/资金承接不足/持续阴跌,1
2026-05-28,2026-05-29,normal,nlu,002015.SZ,协鑫能科,电力,华为数字能源,2.4513045357168695,5.0,93.68359375,"{'sector': 0.8973437500000001, 'trend': 1.0, 'pos': 0.85, 'mom': 1.0, 'liq': 1.0, 'recog': 1.0}","非涨停组: 趋势结构多头(MA20>MA60且上行), 处于活跃板块[电力](当日涨幅分位84%, 板块涨停7家) 驱动概念[华为数字能源] 距60日高点10.3% 20日涨幅25.6%",板块[电力]轮动延续/资金承接/概念热度,收盘22.88 MA20上方 量比1.17,"次日开盘[-2%,+3%]为观察区间; 收盘站上max(开盘,昨收)视为买点触发",昨收22.88,板块退潮补跌/概念退潮/资金承接不足/持续阴跌,1
2026-05-29,2026-06-01,defensive,lu,000539.SZ,粤电力A,电力,期货概念,0.5143328981198625,1.0,90.0,"{'theme': 0.8, 'concept': 0.4, 'ladder': 1.0, 'seal': 1.0, 'time': 1.0, 'liq': 1.0, 'struct': 1.0}",涨停组: 电力方向/期货概念 3板 封单比18.8% 涨停时间09:31 题材内涨停5家 概念内涨停1家 驱动概念[期货概念] 成交10.2亿,电力+业绩减亏+广东国资,3连板 换手承接量比0.94,"次日竞价与开盘承接: 高开幅度观察区间[-2%,+5%]; 开盘涨幅≤+3%且不破昨收-3%视为买点触发",昨收8.88,高位情绪兑现/次日低开大幅回撤/炸板断板/概念退潮,1
2026-05-29,2026-06-01,defensive,lu,000037.SZ,深南电A,电力,固废处理,-1.21996247525753,3.0,87.0,"{'theme': 0.8, 'concept': 0.8, 'ladder': 0.55, 'seal': 1.0, 'time': 1.0, 'liq': 1.0, 'struct': 1.0}",涨停组: 电力方向/固废处理 1板 封单比16.1% 涨停时间09:35 题材内涨停5家 概念内涨停3家 驱动概念[固废处理] 成交3.6亿,电力+综合能源+储能+一季报扭亏,1连板 换手承接量比1.26,"次日竞价与开盘承接: 高开幅度观察区间[-2%,+5%]; 开盘涨幅≤+3%且不破昨收-3%视为买点触发",昨收11.5,高位情绪兑现/次日低开大幅回撤/炸板断板/概念退潮,1
2026-05-29,2026-06-01,defensive,nlu,000966.SZ,长源电力,电力,超超临界发电,0.1426766020798942,6.0,89.34375,"{'sector': 0.9737500000000001, 'trend': 1.0, 'pos': 0.6, 'mom': 1.0, 'liq': 1.0, 'recog': 1.0}","非涨停组: 趋势结构多头(MA20>MA60且上行), 处于活跃板块[电力](当日涨幅分位96%, 板块涨停7家) 驱动概念[超超临界发电] 距60日高点9.2% 20日涨幅15.6%",板块[电力]轮动延续/资金承接/概念热度,收盘5.40 MA20上方 量比1.06,"次日开盘[-2%,+3%]为观察区间; 收盘站上max(开盘,昨收)视为买点触发",昨收5.40,板块退潮补跌/概念退潮/资金承接不足/持续阴跌,1
2026-06-01,2026-06-02,defensive,lu,603341.SH,龙旗科技,消费电子,AIPC,3.3964165644269517,9.0,90.0,"{'theme': 0.8, 'concept': 1.0, 'ladder': 0.55, 'seal': 1.0, 'time': 1.0, 'liq': 1.0, 'struct': 1.0}",涨停组: AI PC方向/AIPC 1板 封单比16.6% 涨停时间09:42 题材内涨停5家 概念内涨停9家 驱动概念[AIPC] 成交5.1亿,AI PC+AI眼镜+机器人,1连板 换手承接量比1.34,"次日竞价与开盘承接: 高开幅度观察区间[-2%,+5%]; 开盘涨幅≤+3%且不破昨收-3%视为买点触发",昨收37.91,高位情绪兑现/次日低开大幅回撤/炸板断板/概念退潮,1
2026-06-01,2026-06-02,defensive,lu,002229.SZ,鸿博股份,IT服务,Web3.0,3.5918136840729087,5.0,87.0,"{'theme': 0.2, 'concept': 1.0, 'ladder': 0.55, 'seal': 1.0, 'time': 1.0, 'liq': 1.0, 'struct': 1.0}",涨停组: 算力方向/Web3.0 1板 封单比17.6% 涨停时间09:41 题材内涨停2家 概念内涨停5家 驱动概念[Web3.0] 成交6.4亿,算力+彩票印刷龙头+债务解除,1连板 换手承接量比1.06,"次日竞价与开盘承接: 高开幅度观察区间[-2%,+5%]; 开盘涨幅≤+3%且不破昨收-3%视为买点触发",昨收14.31,高位情绪兑现/次日低开大幅回撤/炸板断板/概念退潮,1
2026-06-02,2026-06-03,defensive,lu,600121.SH,郑州煤电,煤炭开采加工,机器人概念,-0.10864192592635602,21.0,89.5,"{'theme': 0.2, 'concept': 1.0, 'ladder': 0.9, 'seal': 0.7, 'time': 1.0, 'liq': 1.0, 'struct': 1.0}",涨停组: 煤炭方向/机器人概念 2板 封单比8.2% 涨停时间09:31 题材内涨停2家 概念内涨停21家 驱动概念[机器人概念] 成交10.4亿,煤炭+机器人+算力中心+郑州国资,2连板 换手承接量比1.93,"次日竞价与开盘承接: 高开幅度观察区间[-2%,+5%]; 开盘涨幅≤+3%且不破昨收-3%视为买点触发",昨收5.17,高位情绪兑现/次日低开大幅回撤/炸板断板/概念退潮,1
2026-06-02,2026-06-03,defensive,lu,600403.SH,大有能源,煤炭开采加工,煤炭概念,-0.36170175762867407,2.0,84.0,"{'theme': 0.2, 'concept': 0.6, 'ladder': 0.9, 'seal': 1.0, 'time': 1.0, 'liq': 0.6, 'struct': 1.0}",涨停组: 煤炭方向/煤炭概念 2板 封单比120.4% 涨停时间09:30 题材内涨停2家 概念内涨停2家 驱动概念[煤炭概念] 成交1.5亿,煤炭+河南国资重组+国企改革,2连板 换手承接量比0.99,"次日竞价与开盘承接: 高开幅度观察区间[-2%,+5%]; 开盘涨幅≤+3%且不破昨收-3%视为买点触发",昨收6.12,高位情绪兑现/次日低开大幅回撤/炸板断板/概念退潮,1
2026-06-03,2026-06-04,defensive,lu,002137.SZ,实益达,光学光电子,芯片概念,1.21335540987777,23.0,94.0,"{'theme': 0.2, 'concept': 1.0, 'ladder': 0.9, 'seal': 1.0, 'time': 1.0, 'liq': 1.0, 'struct': 1.0}",涨停组: 先进封装方向/芯片概念 2板 封单比53.1% 涨停时间09:30 题材内涨停2家 概念内涨停23家 驱动概念[芯片概念] 成交3.1亿,先进封装+间接投资宇树科技+智能硬件,2连板 换手承接量比0.97,"次日竞价与开盘承接: 高开幅度观察区间[-2%,+5%]; 开盘涨幅≤+3%且不破昨收-3%视为买点触发",昨收10.4,高位情绪兑现/次日低开大幅回撤/炸板断板/概念退潮,1
2026-06-03,2026-06-04,defensive,lu,600403.SH,大有能源,煤炭开采加工,煤炭概念,1.1454673282631056,4.0,91.5,"{'theme': 0.2, 'concept': 1.0, 'ladder': 1.0, 'seal': 0.7, 'time': 1.0, 'liq': 1.0, 'struct': 1.0}",涨停组: 煤炭方向/煤炭概念 3板 封单比8.7% 涨停时间09:43 题材内涨停2家 概念内涨停4家 驱动概念[煤炭概念] 成交6.4亿,煤炭+河南国资重组+国企改革,3连板 换手承接量比2.37,"次日竞价与开盘承接: 高开幅度观察区间[-2%,+5%]; 开盘涨幅≤+3%且不破昨收-3%视为买点触发",昨收6.73,高位情绪兑现/次日低开大幅回撤/炸板断板/概念退潮,1
2026-06-03,2026-06-04,defensive,nlu,600460.SH,士兰微,半导体,第三代半导体,2.1246553169870452,6.0,89.65234375,"{'sector': 0.7360937500000002, 'trend': 1.0, 'pos': 0.85, 'mom': 1.0, 'liq': 1.0, 'recog': 1.0}","非涨停组: 趋势结构多头(MA20>MA60且上行), 处于活跃板块[半导体](当日涨幅分位94%, 板块涨停2家) 驱动概念[第三代半导体] 距60日高点11.3% 20日涨幅17.0%",板块[半导体]轮动延续/资金承接/概念热度,收盘34.62 MA20上方 量比0.86,"次日开盘[-2%,+3%]为观察区间; 收盘站上max(开盘,昨收)视为买点触发",昨收34.62,板块退潮补跌/概念退潮/资金承接不足/持续阴跌,1
2026-06-04,2026-06-05,defensive,lu,603135.SH,中重科技,专用设备,高端装备,-0.22799435028247883,8.0,90.0,"{'theme': 0.2, 'concept': 1.0, 'ladder': 0.9, 'seal': 1.0, 'time': 1.0, 'liq': 0.6, 'struct': 1.0}",涨停组: 机器人方向/高端装备 2板 封单比24.9% 涨停时间09:34 题材内涨停2家 概念内涨停8家 驱动概念[高端装备] 成交1.9亿,机器人+出海+新增订单+到期赎回,2连板 换手承接量比1.85,"次日竞价与开盘承接: 高开幅度观察区间[-2%,+5%]; 开盘涨幅≤+3%且不破昨收-3%视为买点触发",昨收12.75,高位情绪兑现/次日低开大幅回撤/炸板断板/概念退潮,1
2026-06-04,2026-06-05,defensive,lu,002590.SZ,万安科技,汽车零部件,汽车电子,0.43745194799815756,9.0,83.0,"{'theme': 0.2, 'concept': 1.0, 'ladder': 0.55, 'seal': 1.0, 'time': 1.0, 'liq': 0.6, 'struct': 1.0}",涨停组: 机器人方向/汽车电子 1板 封单比101.2% 涨停时间09:38 题材内涨停2家 概念内涨停9家 驱动概念[汽车电子] 成交1.9亿,机器人+智能驾驶+底盘系统,1连板 换手承接量比1.39,"次日竞价与开盘承接: 高开幅度观察区间[-2%,+5%]; 开盘涨幅≤+3%且不破昨收-3%视为买点触发",昨收12.44,高位情绪兑现/次日低开大幅回撤/炸板断板/概念退潮,1
2026-06-05,2026-06-08,defensive,lu,600776.SH,东方通信,通信设备,卫星导航,1.2289594663983827,5.0,90.0,"{'theme': 0.8, 'concept': 1.0, 'ladder': 0.55, 'seal': 1.0, 'time': 1.0, 'liq': 1.0, 'struct': 1.0}",涨停组: 商业航天方向/卫星导航 1板 封单比17.6% 涨停时间09:44 题材内涨停5家 概念内涨停5家 驱动概念[卫星导航] 成交4.5亿,商业航天+AI智能体+央企,1连板 换手承接量比1.35,"次日竞价与开盘承接: 高开幅度观察区间[-2%,+5%]; 开盘涨幅≤+3%且不破昨收-3%视为买点触发",昨收15.94,高位情绪兑现/次日低开大幅回撤/炸板断板/概念退潮,1
2026-06-05,2026-06-08,defensive,lu,603135.SH,中重科技,专用设备,新型工业化,2.213262489279577,10.0,89.5,"{'theme': 1.0, 'concept': 1.0, 'ladder': 1.0, 'seal': 0.7, 'time': 0.7, 'liq': 1.0, 'struct': 1.0}",涨停组: 机器人方向/新型工业化 3板 封单比12.4% 涨停时间10:43 题材内涨停7家 概念内涨停10家 驱动概念[新型工业化] 成交4.6亿,机器人+出海+新增订单+到期赎回,3连板 换手承接量比2.51,"次日竞价与开盘承接: 高开幅度观察区间[-2%,+5%]; 开盘涨幅≤+3%且不破昨收-3%视为买点触发",昨收14.03,高位情绪兑现/次日低开大幅回撤/炸板断板/概念退潮,1
2026-06-05,2026-06-08,defensive,nlu,000988.SZ,华工科技,自动化设备,新型工业化,2.213262489279577,10.0,84.73828125,"{'sector': 0.85953125, 'trend': 0.8, 'pos': 0.85, 'mom': 1.0, 'liq': 0.6, 'recog': 1.0}","非涨停组: 趋势结构多头(MA20>MA60且上行), 处于活跃板块[自动化设备](当日涨幅分位96%, 板块涨停1家) 驱动概念[新型工业化] 距60日高点10.6% 20日涨幅15.0%",板块[自动化设备]轮动延续/资金承接/概念热度,收盘156.94 MA20上方 量比1.07,"次日开盘[-2%,+3%]为观察区间; 收盘站上max(开盘,昨收)视为买点触发",昨收156.94,板块退潮补跌/概念退潮/资金承接不足/持续阴跌,1
2026-06-08,2026-06-09,defensive,lu,002361.SZ,神剑股份,塑料制品,高铁,-1.9421836634473832,6.0,85.0,"{'theme': 0.2, 'concept': 1.0, 'ladder': 0.9, 'seal': 0.4, 'time': 1.0, 'liq': 1.0, 'struct': 1.0}",涨停组: 商业航天方向/高铁 2板 封单比6.1% 涨停时间09:32 题材内涨停2家 概念内涨停6家 驱动概念[高铁] 成交48.2亿,商业航天+聚酯树脂+芜湖国资,2连板 换手承接量比2.05,"次日竞价与开盘承接: 高开幅度观察区间[-2%,+5%]; 开盘涨幅≤+3%且不破昨收-3%视为买点触发",昨收18.49,高位情绪兑现/次日低开大幅回撤/炸板断板/概念退潮,1
2026-06-08,2026-06-09,defensive,lu,002354.SZ,天娱数科,文化传媒,AI视频,-1.0694612547205384,2.0,84.0,"{'theme': 0.6, 'concept': 0.6, 'ladder': 0.9, 'seal': 1.0, 'time': 1.0, 'liq': 1.0, 'struct': 0.6}",涨停组: 物理AI方向/AI视频 2板 封单比31.9% 涨停时间09:30 题材内涨停4家 概念内涨停2家 驱动概念[AI视频] 成交8.0亿,物理AI+具身智能+算力租赁+AI应用,2连板 换手承接量比0.64,"次日竞价与开盘承接: 高开幅度观察区间[-2%,+5%]; 开盘涨幅≤+3%且不破昨收-3%视为买点触发",昨收7.33,高位情绪兑现/次日低开大幅回撤/炸板断板/概念退潮,1
2026-06-08,2026-06-09,defensive,nlu,600188.SH,兖矿能源,煤炭开采加工,高股息精选,-1.4760869214599515,0.0,76.0390625,"{'sector': 0.7615625, 'trend': 1.0, 'pos': 0.6, 'mom': 1.0, 'liq': 1.0, 'recog': 0.2}","非涨停组: 趋势结构多头(MA20>MA60且上行), 处于活跃板块[煤炭开采加工](当日涨幅分位78%, 板块涨停1家) 驱动概念[高股息精选] 距60日高点9.4% 20日涨幅17.7%",板块[煤炭开采加工]轮动延续/资金承接/概念热度,收盘24.84 MA20上方 量比0.77,"次日开盘[-2%,+3%]为观察区间; 收盘站上max(开盘,昨收)视为买点触发",昨收24.84,板块退潮补跌/概念退潮/资金承接不足/持续阴跌,1
2026-06-09,2026-06-10,normal,lu,001696.SZ,宗申动力,通用设备,数据中心(AIDC),2.528170837343402,26.0,94.0,"{'theme': 0.2, 'concept': 1.0, 'ladder': 0.9, 'seal': 1.0, 'time': 1.0, 'liq': 1.0, 'struct': 1.0}",涨停组: 低空经济方向/数据中心(AIDC) 2板 封单比16.2% 涨停时间09:37 题材内涨停2家 概念内涨停26家 驱动概念[数据中心(AIDC)] 成交11.9亿,低空经济+航空发动机+资产置换+通用机械,2连板 换手承接量比2.05,"次日竞价与开盘承接: 高开幅度观察区间[-2%,+5%]; 开盘涨幅≤+3%且不破昨收-3%视为买点触发",昨收17.55,高位情绪兑现/次日低开大幅回撤/炸板断板/概念退潮,1
2026-06-09,2026-06-10,normal,lu,603211.SH,晋拓股份,汽车零部件,毫米波雷达,2.5729884692099914,7.0,89.0,"{'theme': 0.6, 'concept': 1.0, 'ladder': 0.55, 'seal': 1.0, 'time': 1.0, 'liq': 1.0, 'struct': 1.0}",涨停组: 人形机器人方向/毫米波雷达 1板 封单比15.5% 涨停时间09:30 题材内涨停4家 概念内涨停7家 驱动概念[毫米波雷达] 成交3.3亿,人形机器人+机器人零部件+定增扩产,1连板 换手承接量比1.40,"次日竞价与开盘承接: 高开幅度观察区间[-2%,+5%]; 开盘涨幅≤+3%且不破昨收-3%视为买点触发",昨收31.43,高位情绪兑现/次日低开大幅回撤/炸板断板/概念退潮,1
2026-06-10,2026-06-11,defensive,lu,002971.SZ,和远气体,化学制品,氟化工概念,1.2327484662462584,4.0,88.0,"{'theme': 0.2, 'concept': 1.0, 'ladder': 0.9, 'seal': 1.0, 'time': 1.0, 'liq': 1.0, 'struct': 0.6}",涨停组: 六氟化钨方向/氟化工概念 2板 封单比81.0% 涨停时间09:30 题材内涨停2家 概念内涨停4家 驱动概念[氟化工概念] 成交3.6亿,六氟化钨+电子特气+硅基新材料,2连板 换手承接量比0.34,"次日竞价与开盘承接: 高开幅度观察区间[-2%,+5%]; 开盘涨幅≤+3%且不破昨收-3%视为买点触发",昨收47.95,高位情绪兑现/次日低开大幅回撤/炸板断板/概念退潮,1
2026-06-10,2026-06-11,defensive,lu,002165.SZ,红宝丽,化学制品,环氧丙烷,3.836914861877183,4.0,87.0,"{'theme': 0.2, 'concept': 1.0, 'ladder': 0.55, 'seal': 1.0, 'time': 1.0, 'liq': 1.0, 'struct': 1.0}",涨停组: 环氧丙烷方向/环氧丙烷 1板 封单比51.1% 涨停时间09:35 题材内涨停2家 概念内涨停4家 驱动概念[环氧丙烷] 成交3.1亿,环氧丙烷+技改临近+绿色建材+出海,1连板 换手承接量比0.95,"次日竞价与开盘承接: 高开幅度观察区间[-2%,+5%]; 开盘涨幅≤+3%且不破昨收-3%视为买点触发",昨收7.3,高位情绪兑现/次日低开大幅回撤/炸板断板/概念退潮,1
2026-06-11,2026-06-12,defensive,lu,002971.SZ,和远气体,化学制品,氟化工概念,3.0203635118664085,8.0,92.5,"{'theme': 0.4, 'concept': 1.0, 'ladder': 1.0, 'seal': 0.7, 'time': 1.0, 'liq': 1.0, 'struct': 1.0}",涨停组: 六氟化钨方向/氟化工概念 3板 封单比14.9% 涨停时间09:25 题材内涨停3家 概念内涨停8家 驱动概念[氟化工概念] 成交12.5亿,六氟化钨+电子特气+硅基新材料,3连板 换手承接量比1.00,"次日竞价与开盘承接: 高开幅度观察区间[-2%,+5%]; 开盘涨幅≤+3%且不破昨收-3%视为买点触发",昨收52.75,高位情绪兑现/次日低开大幅回撤/炸板断板/概念退潮,1
2026-06-11,2026-06-12,defensive,lu,600378.SH,昊华科技,化学制品,中芯国际概念,3.3224953399211943,9.0,86.0,"{'theme': 0.4, 'concept': 1.0, 'ladder': 0.9, 'seal': 0.4, 'time': 1.0, 'liq': 1.0, 'struct': 1.0}",涨停组: 六氟化钨方向/中芯国际概念 2板 封单比3.8% 涨停时间09:25 题材内涨停3家 概念内涨停9家 驱动概念[中芯国际概念] 成交50.6亿,六氟化钨+PCB概念+氟化工+央企,2连板 换手承接量比0.94,"次日竞价与开盘承接: 高开幅度观察区间[-2%,+5%]; 开盘涨幅≤+3%且不破昨收-3%视为买点触发",昨收63.89,高位情绪兑现/次日低开大幅回撤/炸板断板/概念退潮,1
2026-06-12,2026-06-15,normal,lu,000099.SZ,中信海直,机场航运,中字头股票,1.9468536842674355,6.0,85.0,"{'theme': 0.4, 'concept': 1.0, 'ladder': 0.55, 'seal': 1.0, 'time': 0.85, 'liq': 1.0, 'struct': 1.0}",涨停组: 低空经济方向/中字头股票 1板 封单比18.4% 涨停时间09:52 题材内涨停3家 概念内涨停6家 驱动概念[中字头股票] 成交4.2亿,低空经济+海上油气直升机+央企,1连板 换手承接量比1.02,"次日竞价与开盘承接: 高开幅度观察区间[-2%,+5%]; 开盘涨幅≤+3%且不破昨收-3%视为买点触发",昨收17.41,高位情绪兑现/次日低开大幅回撤/炸板断板/概念退潮,1
2026-06-12,2026-06-15,normal,lu,002935.SZ,天奥电子,军工电子,军民融合,2.2520775833884565,8.0,85.0,"{'theme': 0.6, 'concept': 1.0, 'ladder': 0.55, 'seal': 1.0, 'time': 1.0, 'liq': 0.6, 'struct': 1.0}",涨停组: 商业航天方向/军民融合 1板 封单比16.4% 涨停时间09:39 题材内涨停4家 概念内涨停8家 驱动概念[军民融合] 成交2.5亿,商业航天+原子钟+央企,1连板 换手承接量比1.27,"次日竞价与开盘承接: 高开幅度观察区间[-2%,+5%]; 开盘涨幅≤+3%且不破昨收-3%视为买点触发",昨收22.2,高位情绪兑现/次日低开大幅回撤/炸板断板/概念退潮,1
2026-06-12,2026-06-15,normal,nlu,002125.SZ,湘潭电化,电池,金属镍,3.724534520845757,3.0,86.16796875,"{'sector': 0.84671875, 'trend': 1.0, 'pos': 0.6, 'mom': 1.0, 'liq': 1.0, 'recog': 1.0}","非涨停组: 趋势结构多头(MA20>MA60且上行), 处于活跃板块[电池](当日涨幅分位87%, 板块涨停2家) 驱动概念[金属镍] 距60日高点6.8% 20日涨幅26.5%",板块[电池]轮动延续/资金承接/概念热度,收盘18.06 MA20上方 量比1.04,"次日开盘[-2%,+3%]为观察区间; 收盘站上max(开盘,昨收)视为买点触发",昨收18.06,板块退潮补跌/概念退潮/资金承接不足/持续阴跌,1
2026-06-15,2026-06-16,aggressive,lu,002824.SZ,和胜股份,工业金属,柔性屏(折叠屏),6.097577575987878,8.0,81.0,"{'theme': 0.2, 'concept': 1.0, 'ladder': 0.55, 'seal': 1.0, 'time': 1.0, 'liq': 1.0, 'struct': 0.6}",涨停组: 折叠屏方向/柔性屏(折叠屏) 1板 封单比32.0% 涨停时间09:45 题材内涨停2家 概念内涨停8家 驱动概念[柔性屏(折叠屏)] 成交4.5亿,折叠屏+电池结构件+一季报增长,1连板 换手承接量比0.57,"次日竞价与开盘承接: 高开幅度观察区间[-2%,+5%]; 开盘涨幅≤+3%且不破昨收-3%视为买点触发",昨收31.74,高位情绪兑现/次日低开大幅回撤/炸板断板/概念退潮,1
2026-06-15,2026-06-16,aggressive,lu,600237.SH,铜峰电子,元件,PET铜箔,8.179071798510229,13.0,81.0,"{'theme': 0.2, 'concept': 1.0, 'ladder': 0.55, 'seal': 1.0, 'time': 1.0, 'liq': 1.0, 'struct': 0.6}",涨停组: 薄膜电容器方向/PET铜箔 1板 封单比16.8% 涨停时间09:38 题材内涨停2家 概念内涨停13家 驱动概念[PET铜箔] 成交4.9亿,薄膜电容器+PET铜箔+国企,1连板 换手承接量比0.62,"次日竞价与开盘承接: 高开幅度观察区间[-2%,+5%]; 开盘涨幅≤+3%且不破昨收-3%视为买点触发",昨收10.68,高位情绪兑现/次日低开大幅回撤/炸板断板/概念退潮,1
2026-06-16,2026-06-17,normal,lu,603186.SH,华正新材,元件,PCB概念,3.9694085211024577,20.0,89.0,"{'theme': 0.4, 'concept': 1.0, 'ladder': 0.9, 'seal': 1.0, 'time': 1.0, 'liq': 1.0, 'struct': 0.6}",涨停组: 覆铜板方向/PCB概念 2板 封单比17.9% 涨停时间09:32 题材内涨停3家 概念内涨停20家 驱动概念[PCB概念] 成交11.8亿,覆铜板+AI算力+定增扩产,2连板 换手承接量比0.39,"次日竞价与开盘承接: 高开幅度观察区间[-2%,+5%]; 开盘涨幅≤+3%且不破昨收-3%视为买点触发",昨收206.06,高位情绪兑现/次日低开大幅回撤/炸板断板/概念退潮,1
2026-06-16,2026-06-17,normal,lu,002552.SZ,宝鼎科技,元件,PCB概念,3.9694085211024577,20.0,85.0,"{'theme': 0.4, 'concept': 1.0, 'ladder': 0.9, 'seal': 1.0, 'time': 1.0, 'liq': 0.6, 'struct': 0.6}",涨停组: 覆铜板方向/PCB概念 2板 封单比16.1% 涨停时间09:34 题材内涨停3家 概念内涨停20家 驱动概念[PCB概念] 成交2.9亿,覆铜板+电子铜箔+黄金采选+Q1业绩大增,2连板 换手承接量比0.29,"次日竞价与开盘承接: 高开幅度观察区间[-2%,+5%]; 开盘涨幅≤+3%且不破昨收-3%视为买点触发",昨收70.93,高位情绪兑现/次日低开大幅回撤/炸板断板/概念退潮,1
2026-06-16,2026-06-17,normal,nlu,002938.SZ,鹏鼎控股,元件,PCB概念,3.9694085211024577,20.0,95.16015625,"{'sector': 0.9564062500000001, 'trend': 1.0, 'pos': 0.85, 'mom': 1.0, 'liq': 1.0, 'recog': 1.0}","非涨停组: 趋势结构多头(MA20>MA60且上行), 处于活跃板块[元件](当日涨幅分位96%, 板块涨停9家) 驱动概念[PCB概念] 距60日高点11.2% 20日涨幅16.0%",板块[元件]轮动延续/资金承接/概念热度,收盘108.19 MA20上方 量比1.07,"次日开盘[-2%,+3%]为观察区间; 收盘站上max(开盘,昨收)视为买点触发",昨收108.19,板块退潮补跌/概念退潮/资金承接不足/持续阴跌,1
2026-06-16,2026-06-17,normal,nlu,605358.SH,立昂微,半导体,共封装光学(CPO),3.435118121196945,9.0,93.9296875,"{'sector': 0.9071875, 'trend': 1.0, 'pos': 0.85, 'mom': 1.0, 'liq': 1.0, 'recog': 1.0}","非涨停组: 趋势结构多头(MA20>MA60且上行), 处于活跃板块[半导体](当日涨幅分位86%, 板块涨停2家) 驱动概念[共封装光学(CPO)] 距60日高点12.2% 20日涨幅23.5%",板块[半导体]轮动延续/资金承接/概念热度,收盘67.96 MA20上方 量比0.90,"次日开盘[-2%,+3%]为观察区间; 收盘站上max(开盘,昨收)视为买点触发",昨收67.96,板块退潮补跌/概念退潮/资金承接不足/持续阴跌,1
2026-06-17,2026-06-18,defensive,lu,002106.SZ,莱宝高科,光学光电子,电子纸,4.155466509448114,5.0,84.5,"{'theme': 0.6, 'concept': 1.0, 'ladder': 0.55, 'seal': 0.7, 'time': 1.0, 'liq': 1.0, 'struct': 1.0}",涨停组: 玻璃基板方向/电子纸 1板 封单比14.6% 涨停时间09:43 题材内涨停4家 概念内涨停5家 驱动概念[电子纸] 成交6.0亿,玻璃基板+MED+AI PC,1连板 换手承接量比0.96,"次日竞价与开盘承接: 高开幅度观察区间[-2%,+5%]; 开盘涨幅≤+3%且不破昨收-3%视为买点触发",昨收14.78,高位情绪兑现/次日低开大幅回撤/炸板断板/概念退潮,1
2026-06-17,2026-06-18,defensive,lu,002906.SZ,华阳集团,汽车零部件,共封装光学(CPO),2.79910153180265,10.0,84.0,"{'theme': 0.2, 'concept': 1.0, 'ladder': 0.55, 'seal': 1.0, 'time': 0.85, 'liq': 1.0, 'struct': 1.0}",涨停组: 人形机器人方向/共封装光学(CPO) 1板 封单比25.6% 涨停时间09:49 题材内涨停2家 概念内涨停10家 驱动概念[共封装光学(CPO)] 成交3.2亿,人形机器人+精密压铸+光模块+AI BOX,1连板 换手承接量比1.21,"次日竞价与开盘承接: 高开幅度观察区间[-2%,+5%]; 开盘涨幅≤+3%且不破昨收-3%视为买点触发",昨收28.9,高位情绪兑现/次日低开大幅回撤/炸板断板/概念退潮,1
2026-06-17,2026-06-18,defensive,nlu,603228.SH,景旺电子,元件,PCB概念,2.9832929580341228,21.0,95.828125,"{'sector': 0.983125, 'trend': 1.0, 'pos': 0.85, 'mom': 1.0, 'liq': 1.0, 'recog': 1.0}","非涨停组: 趋势结构多头(MA20>MA60且上行), 处于活跃板块[元件](当日涨幅分位98%, 板块涨停10家) 驱动概念[PCB概念] 距60日高点10.2% 20日涨幅5.9%",板块[元件]轮动延续/资金承接/概念热度,收盘80.76 MA20上方 量比1.17,"次日开盘[-2%,+3%]为观察区间; 收盘站上max(开盘,昨收)视为买点触发",昨收80.76,板块退潮补跌/概念退潮/资金承接不足/持续阴跌,1
2026-06-18,2026-06-22,defensive,lu,600353.SH,旭光电子,其他电子,航空发动机,1.7001325054725624,5.0,85.5,"{'theme': 0.2, 'concept': 1.0, 'ladder': 1.0, 'seal': 1.0, 'time': 1.0, 'liq': 1.0, 'struct': 0.3}",涨停组: 氮化铝方向/航空发动机 4板 封单比25.6% 涨停时间09:31 题材内涨停2家 概念内涨停5家 驱动概念[航空发动机] 成交13.6亿,氮化铝+可控核聚变+定增受理,4连板 换手承接量比0.80,"次日竞价与开盘承接: 高开幅度观察区间[-2%,+5%]; 开盘涨幅≤+3%且不破昨收-3%视为买点触发",昨收42.01,高位情绪兑现/次日低开大幅回撤/炸板断板/概念退潮,1
2026-06-18,2026-06-22,defensive,lu,002579.SZ,中京电子,元件,共封装光学(CPO),2.1397888218411376,6.0,83.5,"{'theme': 0.2, 'concept': 1.0, 'ladder': 0.9, 'seal': 0.7, 'time': 1.0, 'liq': 1.0, 'struct': 0.6}",涨停组: 定增通过方向/共封装光学(CPO) 2板 封单比11.7% 涨停时间09:32 题材内涨停2家 概念内涨停6家 驱动概念[共封装光学(CPO)] 成交14.2亿,定增通过+PCB+高阶HDI+AIPC,2连板 换手承接量比0.66,"次日竞价与开盘承接: 高开幅度观察区间[-2%,+5%]; 开盘涨幅≤+3%且不破昨收-3%视为买点触发",昨收20.32,高位情绪兑现/次日低开大幅回撤/炸板断板/概念退潮,1
2026-06-18,2026-06-22,defensive,nlu,600563.SH,法拉电子,元件,PCB概念,1.4187954275654446,13.0,88.84375,"{'sector': 0.9537500000000001, 'trend': 1.0, 'pos': 0.6, 'mom': 1.0, 'liq': 1.0, 'recog': 1.0}","非涨停组: 趋势结构多头(MA20>MA60且上行), 处于活跃板块[元件](当日涨幅分位92%, 板块涨停4家) 驱动概念[PCB概念] 距60日高点6.6% 20日涨幅7.9%",板块[元件]轮动延续/资金承接/概念热度,收盘168.19 MA20上方 量比0.96,"次日开盘[-2%,+3%]为观察区间; 收盘站上max(开盘,昨收)视为买点触发",昨收168.19,板块退潮补跌/概念退潮/资金承接不足/持续阴跌,1
2026-06-22,2026-06-23,aggressive,lu,603082.SH,北自科技,通用设备,京津冀一体化,1.352810679674632,9.0,85.5,"{'theme': 0.2, 'concept': 1.0, 'ladder': 0.9, 'seal': 0.7, 'time': 1.0, 'liq': 0.6, 'struct': 1.0}",涨停组: 机器人方向/京津冀一体化 2板 封单比9.7% 涨停时间09:31 题材内涨停2家 概念内涨停9家 驱动概念[京津冀一体化] 成交2.7亿,机器人+智能物流+收购穗柯智能+央企,2连板 换手承接量比0.97,"次日竞价与开盘承接: 高开幅度观察区间[-2%,+5%]; 开盘涨幅≤+3%且不破昨收-3%视为买点触发",昨收45.13,高位情绪兑现/次日低开大幅回撤/炸板断板/概念退潮,1
2026-06-22,2026-06-23,aggressive,lu,002312.SZ,川发龙蟒,农化制品,磷化工,6.253118117614931,14.0,84.0,"{'theme': 0.4, 'concept': 1.0, 'ladder': 0.55, 'seal': 1.0, 'time': 1.0, 'liq': 0.6, 'struct': 1.0}",涨停组: 磷化工方向/磷化工 1板 封单比32.3% 涨停时间09:34 题材内涨停3家 概念内涨停14家 驱动概念[磷化工] 成交2.7亿,磷化工+锂矿,1连板 换手承接量比0.89,"次日竞价与开盘承接: 高开幅度观察区间[-2%,+5%]; 开盘涨幅≤+3%且不破昨收-3%视为买点触发",昨收9.26,高位情绪兑现/次日低开大幅回撤/炸板断板/概念退潮,1
2026-06-23,2026-06-24,defensive,lu,002031.SZ,巨轮智能,专用设备,冷链物流,1.0519336108837374,3.0,82.0,"{'theme': 0.4, 'concept': 0.8, 'ladder': 0.55, 'seal': 1.0, 'time': 0.85, 'liq': 1.0, 'struct': 1.0}",涨停组: 人形机器人方向/冷链物流 1板 封单比20.5% 涨停时间10:03 题材内涨停3家 概念内涨停3家 驱动概念[冷链物流] 成交6.5亿,人形机器人+XT减速器+轮胎模具,1连板 换手承接量比1.05,"次日竞价与开盘承接: 高开幅度观察区间[-2%,+5%]; 开盘涨幅≤+3%且不破昨收-3%视为买点触发",昨收6.08,高位情绪兑现/次日低开大幅回撤/炸板断板/概念退潮,1
2026-06-23,2026-06-24,defensive,lu,600172.SH,黄河旋风,通用设备,物业管理,1.3676984170548856,11.0,81.25,"{'theme': 0.2, 'concept': 1.0, 'ladder': 0.9, 'seal': 0.15, 'time': 1.0, 'liq': 1.0, 'struct': 1.0}",涨停组: 培育钻石方向/物业管理 2板 封单比1.9% 涨停时间09:33 题材内涨停2家 概念内涨停11家 驱动概念[物业管理] 成交54.7亿,培育钻石+金刚石散热+资产划转,2连板 换手承接量比1.30,"次日竞价与开盘承接: 高开幅度观察区间[-2%,+5%]; 开盘涨幅≤+3%且不破昨收-3%视为买点触发",昨收16.95,高位情绪兑现/次日低开大幅回撤/炸板断板/概念退潮,1
2026-06-23,2026-06-24,defensive,nlu,600246.SH,万通发展,房地产,物业管理,1.3676984170548856,11.0,87.45703125,"{'sector': 0.64828125, 'trend': 1.0, 'pos': 0.85, 'mom': 1.0, 'liq': 1.0, 'recog': 1.0}","非涨停组: 趋势结构多头(MA20>MA60且上行), 处于活跃板块[房地产](当日涨幅分位70%, 板块涨停3家) 驱动概念[物业管理] 距60日高点10.2% 20日涨幅12.2%",板块[房地产]轮动延续/资金承接/概念热度,收盘17.39 MA20上方 量比0.68,"次日开盘[-2%,+3%]为观察区间; 收盘站上max(开盘,昨收)视为买点触发",昨收17.39,板块退潮补跌/概念退潮/资金承接不足/持续阴跌,1
2026-06-24,2026-06-25,defensive,lu,000566.SZ,海南海药,化学制药,脑机接口,0.5456201558805107,2.0,85.0,"{'theme': 0.4, 'concept': 0.6, 'ladder': 0.9, 'seal': 1.0, 'time': 1.0, 'liq': 0.6, 'struct': 1.0}",涨停组: 创新药方向/脑机接口 2板 封单比80.3% 涨停时间09:32 题材内涨停3家 概念内涨停2家 驱动概念[脑机接口] 成交2.2亿,创新药+脑机接口+海南自贸区+国企,2连板 换手承接量比1.58,"次日竞价与开盘承接: 高开幅度观察区间[-2%,+5%]; 开盘涨幅≤+3%且不破昨收-3%视为买点触发",昨收4.49,高位情绪兑现/次日低开大幅回撤/炸板断板/概念退潮,1
2026-06-24,2026-06-25,defensive,lu,603386.SH,骏亚科技,元件,共封装光学(CPO),2.638968570004563,15.0,85.0,"{'theme': 0.4, 'concept': 1.0, 'ladder': 0.55, 'seal': 1.0, 'time': 0.85, 'liq': 1.0, 'struct': 1.0}",涨停组: PCB方向/共封装光学(CPO) 1板 封单比23.0% 涨停时间10:02 题材内涨停3家 概念内涨停15家 驱动概念[共封装光学(CPO)] 成交4.3亿,PCB+高多层HDI+拟15.57亿投建+人形机器人,1连板 换手承接量比0.98,"次日竞价与开盘承接: 高开幅度观察区间[-2%,+5%]; 开盘涨幅≤+3%且不破昨收-3%视为买点触发",昨收20.25,高位情绪兑现/次日低开大幅回撤/炸板断板/概念退潮,1
2026-06-24,2026-06-25,defensive,nlu,002579.SZ,中京电子,元件,存储芯片,4.040181601246107,16.0,95.3203125,"{'sector': 0.9628125000000001, 'trend': 1.0, 'pos': 0.85, 'mom': 1.0, 'liq': 1.0, 'recog': 1.0}","非涨停组: 趋势结构多头(MA20>MA60且上行), 处于活跃板块[元件](当日涨幅分位96%, 板块涨停7家) 驱动概念[存储芯片] 距60日高点12.0% 20日涨幅28.7%",板块[元件]轮动延续/资金承接/概念热度,收盘19.36 MA20上方 量比0.88,"次日开盘[-2%,+3%]为观察区间; 收盘站上max(开盘,昨收)视为买点触发",昨收19.36,板块退潮补跌/概念退潮/资金承接不足/持续阴跌,1
2026-06-25,2026-06-26,defensive,lu,002254.SZ,泰和新材,化学纤维,光纤概念,1.5003278356915395,8.0,81.25,"{'theme': 0.2, 'concept': 1.0, 'ladder': 0.9, 'seal': 0.15, 'time': 1.0, 'liq': 1.0, 'struct': 1.0}",涨停组: 光纤概念方向/光纤概念 2板 封单比1.1% 涨停时间09:42 题材内涨停2家 概念内涨停8家 驱动概念[光纤概念] 成交22.2亿,光纤概念+芳纶涂覆隔膜+烟台国资,2连板 换手承接量比1.32,"次日竞价与开盘承接: 高开幅度观察区间[-2%,+5%]; 开盘涨幅≤+3%且不破昨收-3%视为买点触发",昨收20.17,高位情绪兑现/次日低开大幅回撤/炸板断板/概念退潮,1
2026-06-25,2026-06-26,defensive,lu,603335.SH,迪生力,汽车零部件,存储芯片,3.120633116226501,16.0,77.25,"{'theme': 0.8, 'concept': 1.0, 'ladder': 0.55, 'seal': 0.15, 'time': 1.0, 'liq': 1.0, 'struct': 1.0}",涨停组: 存储芯片方向/存储芯片 1板 封单比1.2% 涨停时间09:41 题材内涨停5家 概念内涨停16家 驱动概念[存储芯片] 成交9.2亿,存储芯片+收购半导体+汽车轮毂,1连板 换手承接量比1.18,"次日竞价与开盘承接: 高开幅度观察区间[-2%,+5%]; 开盘涨幅≤+3%且不破昨收-3%视为买点触发",昨收9.1,高位情绪兑现/次日低开大幅回撤/炸板断板/概念退潮,1
2026-06-25,2026-06-26,defensive,nlu,605006.SH,山东玻纤,建筑材料,风电,-1.5908459261247287,9.0,89.296875,"{'sector': 0.721875, 'trend': 1.0, 'pos': 0.85, 'mom': 1.0, 'liq': 1.0, 'recog': 1.0}","非涨停组: 趋势结构多头(MA20>MA60且上行), 处于活跃板块[建筑材料](当日涨幅分位73%, 板块涨停3家) 驱动概念[风电] 距60日高点10.1% 20日涨幅27.8%",板块[建筑材料]轮动延续/资金承接/概念热度,收盘23.71 MA20上方 量比1.12,"次日开盘[-2%,+3%]为观察区间; 收盘站上max(开盘,昨收)视为买点触发",昨收23.71,板块退潮补跌/概念退潮/资金承接不足/持续阴跌,1
2026-06-26,2026-06-29,defensive,lu,002129.SZ,TCL中环,光伏设备,中芯国际概念,1.1253508789154543,7.0,75.0,"{'theme': 0.2, 'concept': 1.0, 'ladder': 0.55, 'seal': 0.4, 'time': 0.85, 'liq': 1.0, 'struct': 1.0}",涨停组: 半导体硅片方向/中芯国际概念 1板 封单比3.2% 涨停时间09:46 题材内涨停2家 概念内涨停7家 驱动概念[中芯国际概念] 成交57.2亿,半导体硅片+光伏硅片,1连板 换手承接量比1.75,"次日竞价与开盘承接: 高开幅度观察区间[-2%,+5%]; 开盘涨幅≤+3%且不破昨收-3%视为买点触发",昨收11.19,高位情绪兑现/次日低开大幅回撤/炸板断板/概念退潮,1
2026-06-26,2026-06-29,defensive,lu,600343.SH,航天动力,通用设备,军民融合,-1.5009740363427393,8.0,74.0,"{'theme': 0.6, 'concept': 1.0, 'ladder': 0.55, 'seal': 0.4, 'time': 0.7, 'liq': 1.0, 'struct': 1.0}",涨停组: 商业航天方向/军民融合 1板 封单比5.1% 涨停时间11:04 题材内涨停4家 概念内涨停8家 驱动概念[军民融合] 成交15.7亿,商业航天+氢能+航天央企,1连板 换手承接量比1.75,"次日竞价与开盘承接: 高开幅度观察区间[-2%,+5%]; 开盘涨幅≤+3%且不破昨收-3%视为买点触发",昨收26.27,高位情绪兑现/次日低开大幅回撤/炸板断板/概念退潮,1
2026-06-26,2026-06-29,defensive,nlu,600707.SH,彩虹股份,光学光电子,OLED,-0.23088229262995252,4.0,88.5703125,"{'sector': 0.9428125, 'trend': 1.0, 'pos': 0.6, 'mom': 1.0, 'liq': 1.0, 'recog': 1.0}","非涨停组: 趋势结构多头(MA20>MA60且上行), 处于活跃板块[光学光电子](当日涨幅分位95%, 板块涨停4家) 驱动概念[OLED] 距60日高点6.4% 20日涨幅29.2%",板块[光学光电子]轮动延续/资金承接/概念热度,收盘13.96 MA20上方 量比0.96,"次日开盘[-2%,+3%]为观察区间; 收盘站上max(开盘,昨收)视为买点触发",昨收13.96,板块退潮补跌/概念退潮/资金承接不足/持续阴跌,1
2026-06-29,2026-06-30,defensive,lu,002653.SZ,海思科,化学制药,创新药,6.075002165911481,22.0,88.0,"{'theme': 1.0, 'concept': 1.0, 'ladder': 0.55, 'seal': 1.0, 'time': 0.85, 'liq': 1.0, 'struct': 1.0}",涨停组: 创新药方向/创新药 1板 封单比21.3% 涨停时间10:00 题材内涨停10家 概念内涨停22家 驱动概念[创新药] 成交4.5亿,创新药+海外授权+BRAF抑制剂,1连板 换手承接量比0.84,"次日竞价与开盘承接: 高开幅度观察区间[-2%,+5%]; 开盘涨幅≤+3%且不破昨收-3%视为买点触发",昨收61.06,高位情绪兑现/次日低开大幅回撤/炸板断板/概念退潮,1
2026-06-29,2026-06-30,defensive,lu,002255.SZ,海陆重工,其他电源设备,可控核聚变,1.1954063323967423,8.0,86.5,"{'theme': 1.0, 'concept': 1.0, 'ladder': 0.55, 'seal': 0.7, 'time': 1.0, 'liq': 1.0, 'struct': 1.0}",涨停组: 可控核聚变方向/可控核聚变 1板 封单比11.3% 涨停时间09:31 题材内涨停7家 概念内涨停8家 驱动概念[可控核聚变] 成交4.0亿,可控核聚变+核电+余热锅炉,1连板 换手承接量比1.62,"次日竞价与开盘承接: 高开幅度观察区间[-2%,+5%]; 开盘涨幅≤+3%且不破昨收-3%视为买点触发",昨收9.7,高位情绪兑现/次日低开大幅回撤/炸板断板/概念退潮,1
2026-06-29,2026-06-30,defensive,nlu,603115.SH,海星股份,电子化学品,高股息精选,1.0863194148506672,3.0,93.33203125,"{'sector': 0.88328125, 'trend': 1.0, 'pos': 0.85, 'mom': 1.0, 'liq': 1.0, 'recog': 1.0}","非涨停组: 趋势结构多头(MA20>MA60且上行), 处于活跃板块[电子化学品](当日涨幅分位81%, 板块涨停2家) 驱动概念[高股息精选] 距60日高点10.9% 20日涨幅10.4%",板块[电子化学品]轮动延续/资金承接/概念热度,收盘117.42 MA20上方 量比1.04,"次日开盘[-2%,+3%]为观察区间; 收盘站上max(开盘,昨收)视为买点触发",昨收117.42,板块退潮补跌/概念退潮/资金承接不足/持续阴跌,1
2026-06-30,2026-07-01,aggressive,lu,003043.SZ,华亚智能,半导体,光刻机,4.410974802651135,3.0,89.0,"{'theme': 0.4, 'concept': 0.8, 'ladder': 0.9, 'seal': 1.0, 'time': 0.85, 'liq': 1.0, 'struct': 1.0}",涨停组: 半导体设备方向/光刻机 2板 封单比20.9% 涨停时间09:49 题材内涨停3家 概念内涨停3家 驱动概念[光刻机] 成交7.0亿,半导体设备+精密金属结构件+转债强赎,2连板 换手承接量比0.83,"次日竞价与开盘承接: 高开幅度观察区间[-2%,+5%]; 开盘涨幅≤+3%且不破昨收-3%视为买点触发",昨收99.39,高位情绪兑现/次日低开大幅回撤/炸板断板/概念退潮,1
2026-06-30,2026-07-01,aggressive,lu,002779.SZ,中坚科技,专用设备,机器人概念,2.9033753488868275,44.0,86.5,"{'theme': 1.0, 'concept': 1.0, 'ladder': 0.55, 'seal': 0.7, 'time': 1.0, 'liq': 1.0, 'struct': 1.0}",涨停组: 机器人方向/机器人概念 1板 封单比11.9% 涨停时间09:43 题材内涨停8家 概念内涨停44家 驱动概念[机器人概念] 成交3.6亿,机器人+智能割草机+一季度营收增长,1连板 换手承接量比1.17,"次日竞价与开盘承接: 高开幅度观察区间[-2%,+5%]; 开盘涨幅≤+3%且不破昨收-3%视为买点触发",昨收78.56,高位情绪兑现/次日低开大幅回撤/炸板断板/概念退潮,1
2026-07-01,2026-07-02,aggressive,lu,600845.SH,宝信软件,IT服务,AI应用,2.7034231044362533,15.0,91.0,"{'theme': 1.0, 'concept': 1.0, 'ladder': 0.55, 'seal': 1.0, 'time': 1.0, 'liq': 1.0, 'struct': 1.0}",涨停组: 人形机器人方向/AI应用 1板 封单比36.4% 涨停时间09:37 题材内涨停9家 概念内涨停15家 驱动概念[AI应用] 成交3.6亿,人形机器人+算力租赁+工业软件,1连板 换手承接量比1.12,"次日竞价与开盘承接: 高开幅度观察区间[-2%,+5%]; 开盘涨幅≤+3%且不破昨收-3%视为买点触发",昨收18.29,高位情绪兑现/次日低开大幅回撤/炸板断板/概念退潮,1
2026-07-01,2026-07-02,aggressive,lu,000795.SZ,英洛华,金属新材料,医疗器械概念,3.092545754414555,10.0,91.0,"{'theme': 1.0, 'concept': 1.0, 'ladder': 0.55, 'seal': 1.0, 'time': 1.0, 'liq': 1.0, 'struct': 1.0}",涨停组: 机器人方向/医疗器械概念 1板 封单比23.1% 涨停时间09:36 题材内涨停9家 概念内涨停10家 驱动概念[医疗器械概念] 成交3.3亿,机器人+稀土永磁+回购注销,1连板 换手承接量比1.17,"次日竞价与开盘承接: 高开幅度观察区间[-2%,+5%]; 开盘涨幅≤+3%且不破昨收-3%视为买点触发",昨收9.52,高位情绪兑现/次日低开大幅回撤/炸板断板/概念退潮,1
2026-07-02,2026-07-03,defensive,lu,000566.SZ,海南海药,化学制药,海南自贸区,2.7184640229678703,5.0,88.5,"{'theme': 0.2, 'concept': 1.0, 'ladder': 1.0, 'seal': 1.0, 'time': 1.0, 'liq': 1.0, 'struct': 0.5}",涨停组: 创新药方向/海南自贸区 4板 封单比16.2% 涨停时间09:30 题材内涨停2家 概念内涨停5家 驱动概念[海南自贸区] 成交7.5亿,创新药+脑机接口+海南自贸区+国企,4连板 换手承接量比0.87,"次日竞价与开盘承接: 高开幅度观察区间[-2%,+5%]; 开盘涨幅≤+3%且不破昨收-3%视为买点触发",昨收6.04,高位情绪兑现/次日低开大幅回撤/炸板断板/概念退潮,1
2026-07-02,2026-07-03,defensive,lu,603416.SH,信捷电气,自动化设备,人形机器人,-0.6392965182916543,13.0,88.0,"{'theme': 1.0, 'concept': 1.0, 'ladder': 0.55, 'seal': 1.0, 'time': 0.85, 'liq': 1.0, 'struct': 1.0}",涨停组: 人形机器人方向/人形机器人 1板 封单比38.1% 涨停时间10:02 题材内涨停9家 概念内涨停13家 驱动概念[人形机器人] 成交3.1亿,人形机器人+PLC龙头+业绩增长,1连板 换手承接量比1.51,"次日竞价与开盘承接: 高开幅度观察区间[-2%,+5%]; 开盘涨幅≤+3%且不破昨收-3%视为买点触发",昨收59.87,高位情绪兑现/次日低开大幅回撤/炸板断板/概念退潮,1
2026-07-02,2026-07-03,defensive,nlu,002536.SZ,飞龙股份,汽车零部件,长安汽车概念,-0.15290906333721432,7.0,89.77734375,"{'sector': 0.7410937500000001, 'trend': 1.0, 'pos': 0.85, 'mom': 1.0, 'liq': 1.0, 'recog': 1.0}","非涨停组: 趋势结构多头(MA20>MA60且上行), 处于活跃板块[汽车零部件](当日涨幅分位74%, 板块涨停7家) 驱动概念[长安汽车概念] 距60日高点11.3% 20日涨幅21.4%",板块[汽车零部件]轮动延续/资金承接/概念热度,收盘47.24 MA20上方 量比0.82,"次日开盘[-2%,+3%]为观察区间; 收盘站上max(开盘,昨收)视为买点触发",昨收47.24,板块退潮补跌/概念退潮/资金承接不足/持续阴跌,1
2026-07-03,2026-07-06,normal,lu,603286.SH,日盈电子,汽车零部件,人形机器人,3.4645492992158244,30.0,95.0,"{'theme': 1.0, 'concept': 1.0, 'ladder': 0.9, 'seal': 1.0, 'time': 0.85, 'liq': 1.0, 'struct': 1.0}",涨停组: 人形机器人方向/人形机器人 2板 封单比16.3% 涨停时间10:17 题材内涨停18家 概念内涨停30家 驱动概念[人形机器人] 成交4.0亿,人形机器人+电子皮肤+北美工厂+传感器,2连板 换手承接量比1.55,"次日竞价与开盘承接: 高开幅度观察区间[-2%,+5%]; 开盘涨幅≤+3%且不破昨收-3%视为买点触发",昨收56.96,高位情绪兑现/次日低开大幅回撤/炸板断板/概念退潮,1
2026-07-03,2026-07-06,normal,lu,000506.SZ,招金黄金,贵金属,黄金概念,1.9914284344517252,7.0,91.0,"{'theme': 0.8, 'concept': 1.0, 'ladder': 0.9, 'seal': 1.0, 'time': 1.0, 'liq': 1.0, 'struct': 0.6}",涨停组: 黄金方向/黄金概念 2板 封单比39.8% 涨停时间09:30 题材内涨停5家 概念内涨停7家 驱动概念[黄金概念] 成交3.7亿,黄金+一季报扭亏+国企,2连板 换手承接量比0.72,"次日竞价与开盘承接: 高开幅度观察区间[-2%,+5%]; 开盘涨幅≤+3%且不破昨收-3%视为买点触发",昨收13.87,高位情绪兑现/次日低开大幅回撤/炸板断板/概念退潮,1
2026-07-03,2026-07-06,normal,nlu,603268.SH,松发股份,军工装备,高端装备,2.305407917325941,17.0,94.75390625,"{'sector': 0.94015625, 'trend': 1.0, 'pos': 0.85, 'mom': 1.0, 'liq': 1.0, 'recog': 1.0}","非涨停组: 趋势结构多头(MA20>MA60且上行), 处于活跃板块[军工装备](当日涨幅分位98%, 板块涨停2家) 驱动概念[高端装备] 距60日高点11.9% 20日涨幅6.9%",板块[军工装备]轮动延续/资金承接/概念热度,收盘148.50 MA20上方 量比1.10,"次日开盘[-2%,+3%]为观察区间; 收盘站上max(开盘,昨收)视为买点触发",昨收148.50,板块退潮补跌/概念退潮/资金承接不足/持续阴跌,1
2026-07-03,2026-07-06,normal,nlu,002272.SZ,川润股份,通用设备,机器人概念,2.3769858102653085,44.0,89.21875,"{'sector': 0.8787499999999999, 'trend': 0.8, 'pos': 0.85, 'mom': 1.0, 'liq': 1.0, 'recog': 1.0}","非涨停组: 趋势结构多头(MA20>MA60且上行), 处于活跃板块[通用设备](当日涨幅分位87%, 板块涨停11家) 驱动概念[机器人概念] 距60日高点10.5% 20日涨幅17.4%",板块[通用设备]轮动延续/资金承接/概念热度,收盘23.26 MA20上方 量比0.89,"次日开盘[-2%,+3%]为观察区间; 收盘站上max(开盘,昨收)视为买点触发",昨收23.26,板块退潮补跌/概念退潮/资金承接不足/持续阴跌,1
2026-07-06,2026-07-07,defensive,lu,603090.SH,宏盛股份,通用设备,煤化工概念,0.703953027024018,5.0,79.5,"{'theme': 0.2, 'concept': 1.0, 'ladder': 0.55, 'seal': 0.7, 'time': 0.85, 'liq': 1.0, 'struct': 1.0}",涨停组: 液冷服务器方向/煤化工概念 1板 封单比8.6% 涨停时间09:52 题材内涨停2家 概念内涨停5家 驱动概念[煤化工概念] 成交3.8亿,液冷服务器+氢能源+铝制板翅式换热器+海外扩张,1连板 换手承接量比1.88,"次日竞价与开盘承接: 高开幅度观察区间[-2%,+5%]; 开盘涨幅≤+3%且不破昨收-3%视为买点触发",昨收54.8,高位情绪兑现/次日低开大幅回撤/炸板断板/概念退潮,1
2026-07-06,2026-07-07,defensive,lu,001287.SZ,中电港,其他电子,2026中报预增,0.6087128458995839,10.0,76.5,"{'theme': 0.2, 'concept': 1.0, 'ladder': 0.55, 'seal': 0.7, 'time': 1.0, 'liq': 1.0, 'struct': 0.6}",涨停组: 中报预增方向/2026中报预增 1板 封单比10.1% 涨停时间09:31 题材内涨停2家 概念内涨停10家 驱动概念[2026中报预增] 成交9.6亿,中报预增+存储芯片分销+央企,1连板 换手承接量比0.68,"次日竞价与开盘承接: 高开幅度观察区间[-2%,+5%]; 开盘涨幅≤+3%且不破昨收-3%视为买点触发",昨收31.47,高位情绪兑现/次日低开大幅回撤/炸板断板/概念退潮,1
2026-07-08,2026-07-09,defensive,lu,603496.SH,恒为科技,计算机设备,数据安全,2.0757315572622614,7.0,89.0,"{'theme': 0.6, 'concept': 1.0, 'ladder': 0.55, 'seal': 1.0, 'time': 1.0, 'liq': 1.0, 'struct': 1.0}",涨停组: 算力租赁方向/数据安全 1板 封单比39.1% 涨停时间09:37 题材内涨停4家 概念内涨停7家 驱动概念[数据安全] 成交3.2亿,算力租赁+华为昇腾+拟收购数珩科技,1连板 换手承接量比0.89,"次日竞价与开盘承接: 高开幅度观察区间[-2%,+5%]; 开盘涨幅≤+3%且不破昨收-3%视为买点触发",昨收24.54,高位情绪兑现/次日低开大幅回撤/炸板断板/概念退潮,1
2026-07-08,2026-07-09,defensive,lu,002467.SZ,二六三,通信服务,网络安全,2.064501044993361,10.0,85.0,"{'theme': 0.4, 'concept': 1.0, 'ladder': 0.55, 'seal': 1.0, 'time': 0.85, 'liq': 1.0, 'struct': 1.0}",涨停组: 数据中心方向/网络安全 1板 封单比22.9% 涨停时间10:24 题材内涨停3家 概念内涨停10家 驱动概念[网络安全] 成交4.0亿,数据中心+云网融合+AI数字人,1连板 换手承接量比1.92,"次日竞价与开盘承接: 高开幅度观察区间[-2%,+5%]; 开盘涨幅≤+3%且不破昨收-3%视为买点触发",昨收4.69,高位情绪兑现/次日低开大幅回撤/炸板断板/概念退潮,1
2026-07-09,2026-07-10,normal,lu,002274.SZ,华昌化工,化学原料,2026中报预增,1.3743201197731425,27.0,86.0,"{'theme': 0.8, 'concept': 1.0, 'ladder': 0.55, 'seal': 1.0, 'time': 1.0, 'liq': 0.6, 'struct': 1.0}",涨停组: 中报预增方向/2026中报预增 1板 封单比16.1% 涨停时间09:30 题材内涨停5家 概念内涨停27家 驱动概念[2026中报预增] 成交2.1亿,中报预增+多元醇+煤化工,1连板 换手承接量比2.24,"次日竞价与开盘承接: 高开幅度观察区间[-2%,+5%]; 开盘涨幅≤+3%且不破昨收-3%视为买点触发",昨收5.43,高位情绪兑现/次日低开大幅回撤/炸板断板/概念退潮,1
2026-07-09,2026-07-10,normal,lu,002552.SZ,宝鼎科技,元件,PCB概念,3.1711385694561445,11.0,85.5,"{'theme': 0.8, 'concept': 1.0, 'ladder': 0.55, 'seal': 0.7, 'time': 1.0, 'liq': 1.0, 'struct': 1.0}",涨停组: 中报预增方向/PCB概念 1板 封单比9.8% 涨停时间09:31 题材内涨停5家 概念内涨停11家 驱动概念[PCB概念] 成交7.9亿,中报预增+覆铜板+黄金+国企,1连板 换手承接量比0.90,"次日竞价与开盘承接: 高开幅度观察区间[-2%,+5%]; 开盘涨幅≤+3%且不破昨收-3%视为买点触发",昨收64.54,高位情绪兑现/次日低开大幅回撤/炸板断板/概念退潮,1
2026-07-09,2026-07-10,normal,nlu,603690.SH,至纯科技,半导体,中芯国际概念,6.1187492840482305,8.0,92.0,"{'sector': 0.99, 'trend': 0.8, 'pos': 0.85, 'mom': 1.0, 'liq': 1.0, 'recog': 1.0}","非涨停组: 趋势结构多头(MA20>MA60且上行), 处于活跃板块[半导体](当日涨幅分位99%, 板块涨停13家) 驱动概念[中芯国际概念] 距60日高点12.0% 20日涨幅22.9%",板块[半导体]轮动延续/资金承接/概念热度,收盘33.62 MA20上方 量比0.87,"次日开盘[-2%,+3%]为观察区间; 收盘站上max(开盘,昨收)视为买点触发",昨收33.62,板块退潮补跌/概念退潮/资金承接不足/持续阴跌,1
2026-07-09,2026-07-10,normal,nlu,600601.SH,方正科技,元件,共封装光学(CPO),4.353379805604662,12.0,87.328125,"{'sector': 0.8031250000000001, 'trend': 0.8, 'pos': 0.85, 'mom': 1.0, 'liq': 1.0, 'recog': 1.0}","非涨停组: 趋势结构多头(MA20>MA60且上行), 处于活跃板块[元件](当日涨幅分位97%, 板块涨停6家) 驱动概念[共封装光学(CPO)] 距60日高点12.5% 20日涨幅16.7%",板块[元件]轮动延续/资金承接/概念热度,收盘13.88 MA20上方 量比0.81,"次日开盘[-2%,+3%]为观察区间; 收盘站上max(开盘,昨收)视为买点触发",昨收13.88,板块退潮补跌/概念退潮/资金承接不足/持续阴跌,1
2026-07-10,2026-07-13,normal,lu,600992.SH,贵绳股份,通用设备,国产航母,4.268277696878076,6.0,91.0,"{'theme': 1.0, 'concept': 1.0, 'ladder': 0.9, 'seal': 1.0, 'time': 0.85, 'liq': 0.6, 'struct': 1.0}",涨停组: 商业航天方向/国产航母 2板 封单比34.9% 涨停时间10:03 题材内涨停22家 概念内涨停6家 驱动概念[国产航母] 成交1.8亿,商业航天+钢丝绳龙头+国企改革,2连板 换手承接量比2.04,"次日竞价与开盘承接: 高开幅度观察区间[-2%,+5%]; 开盘涨幅≤+3%且不破昨收-3%视为买点触发",昨收10.65,高位情绪兑现/次日低开大幅回撤/炸板断板/概念退潮,1
2026-07-10,2026-07-13,normal,lu,600428.SH,中远海特,港口航运,DeepSeek概念,1.7274590257819522,14.0,91.0,"{'theme': 1.0, 'concept': 1.0, 'ladder': 0.55, 'seal': 1.0, 'time': 1.0, 'liq': 1.0, 'struct': 1.0}",涨停组: 中报预增方向/DeepSeek概念 1板 封单比29.6% 涨停时间09:30 题材内涨停7家 概念内涨停14家 驱动概念[DeepSeek概念] 成交3.6亿,中报预增+特种船运输+央企,1连板 换手承接量比1.34,"次日竞价与开盘承接: 高开幅度观察区间[-2%,+5%]; 开盘涨幅≤+3%且不破昨收-3%视为买点触发",昨收8.99,高位情绪兑现/次日低开大幅回撤/炸板断板/概念退潮,1
2026-07-10,2026-07-13,normal,nlu,603268.SH,松发股份,军工装备,海工装备,2.0697141257803198,13.0,86.6015625,"{'sector': 0.8640625, 'trend': 1.0, 'pos': 0.6, 'mom': 1.0, 'liq': 1.0, 'recog': 1.0}","非涨停组: 趋势结构多头(MA20>MA60且上行), 处于活跃板块[军工装备](当日涨幅分位97%, 板块涨停8家) 驱动概念[海工装备] 距60日高点7.7% 20日涨幅10.2%",板块[军工装备]轮动延续/资金承接/概念热度,收盘159.68 MA20上方 量比0.86,"次日开盘[-2%,+3%]为观察区间; 收盘站上max(开盘,昨收)视为买点触发",昨收159.68,板块退潮补跌/概念退潮/资金承接不足/持续阴跌,1
2026-07-10,2026-07-13,normal,nlu,001270.SZ,铖昌科技,军工电子,军工信息化,3.336651681105951,5.0,85.2109375,"{'sector': 0.8084375000000001, 'trend': 1.0, 'pos': 0.6, 'mom': 1.0, 'liq': 1.0, 'recog': 1.0}","非涨停组: 趋势结构多头(MA20>MA60且上行), 处于活跃板块[军工电子](当日涨幅分位89%, 板块涨停2家) 驱动概念[军工信息化] 距60日高点7.9% 20日涨幅28.5%",板块[军工电子]轮动延续/资金承接/概念热度,收盘166.30 MA20上方 量比1.14,"次日开盘[-2%,+3%]为观察区间; 收盘站上max(开盘,昨收)视为买点触发",昨收166.30,板块退潮补跌/概念退潮/资金承接不足/持续阴跌,1
2026-07-13,2026-07-14,defensive,lu,600664.SH,哈药股份,化学制药,医药电商,0.5898101864432181,5.0,92.5,"{'theme': 0.8, 'concept': 1.0, 'ladder': 0.9, 'seal': 0.7, 'time': 1.0, 'liq': 1.0, 'struct': 1.0}",涨停组: 中报预增方向/医药电商 2板 封单比10.9% 涨停时间09:34 题材内涨停5家 概念内涨停5家 驱动概念[医药电商] 成交7.4亿,中报预增+化学制药+创新药,2连板 换手承接量比2.37,"次日竞价与开盘承接: 高开幅度观察区间[-2%,+5%]; 开盘涨幅≤+3%且不破昨收-3%视为买点触发",昨收3.71,高位情绪兑现/次日低开大幅回撤/炸板断板/概念退潮,1
2026-07-13,2026-07-14,defensive,lu,002379.SZ,宏桥控股,工业金属,2026中报预增,-3.8229989774100637,5.0,82.5,"{'theme': 0.8, 'concept': 1.0, 'ladder': 0.55, 'seal': 0.7, 'time': 0.85, 'liq': 1.0, 'struct': 1.0}",涨停组: 中报预增方向/2026中报预增 1板 封单比8.8% 涨停时间10:17 题材内涨停5家 概念内涨停5家 驱动概念[2026中报预增] 成交9.5亿,中报预增+电解铝+铝全产业链,1连板 换手承接量比1.87,"次日竞价与开盘承接: 高开幅度观察区间[-2%,+5%]; 开盘涨幅≤+3%且不破昨收-3%视为买点触发",昨收15.9,高位情绪兑现/次日低开大幅回撤/炸板断板/概念退潮,1
2026-07-14,2026-07-15,normal,lu,600664.SH,哈药股份,化学制药,民营医院,3.1493104278341733,6.0,91.0,"{'theme': 1.0, 'concept': 1.0, 'ladder': 1.0, 'seal': 0.4, 'time': 1.0, 'liq': 1.0, 'struct': 1.0}",涨停组: 中报预增方向/民营医院 3板 封单比6.5% 涨停时间09:42 题材内涨停13家 概念内涨停6家 驱动概念[民营医院] 成交17.4亿,中报预增+基药目录+化学制药+创新药,3连板 换手承接量比2.69,"次日竞价与开盘承接: 高开幅度观察区间[-2%,+5%]; 开盘涨幅≤+3%且不破昨收-3%视为买点触发",昨收4.08,高位情绪兑现/次日低开大幅回撤/炸板断板/概念退潮,1
2026-07-14,2026-07-15,normal,lu,605189.SH,富春染织,纺织制造,2026中报预增,3.2273124449049506,31.0,88.0,"{'theme': 1.0, 'concept': 1.0, 'ladder': 0.55, 'seal': 1.0, 'time': 0.85, 'liq': 1.0, 'struct': 1.0}",涨停组: 半年报预增方向/2026中报预增 1板 封单比43.0% 涨停时间10:26 题材内涨停7家 概念内涨停31家 驱动概念[2026中报预增] 成交3.1亿,半年报预增+PEEK材料+人形机器人+筒子纱龙头,1连板 换手承接量比1.14,"次日竞价与开盘承接: 高开幅度观察区间[-2%,+5%]; 开盘涨幅≤+3%且不破昨收-3%视为买点触发",昨收14.22,高位情绪兑现/次日低开大幅回撤/炸板断板/概念退潮,1
2026-07-15,2026-07-16,defensive,lu,600664.SH,哈药股份,化学制药,仿制药一致性评价,3.706762241850603,8.0,94.0,"{'theme': 1.0, 'concept': 1.0, 'ladder': 1.0, 'seal': 1.0, 'time': 1.0, 'liq': 1.0, 'struct': 0.6}",涨停组: 中报预增方向/仿制药一致性评价 4板 封单比89.1% 涨停时间09:30 题材内涨停7家 概念内涨停8家 驱动概念[仿制药一致性评价] 成交4.9亿,中报预增+基药目录+创新药+化学制药,4连板 换手承接量比0.63,"次日竞价与开盘承接: 高开幅度观察区间[-2%,+5%]; 开盘涨幅≤+3%且不破昨收-3%视为买点触发",昨收4.49,高位情绪兑现/次日低开大幅回撤/炸板断板/概念退潮,1
2026-07-15,2026-07-16,defensive,lu,603127.SH,昭衍新药,医疗服务,CRO概念,4.743581187164447,9.0,91.0,"{'theme': 1.0, 'concept': 1.0, 'ladder': 0.55, 'seal': 1.0, 'time': 1.0, 'liq': 1.0, 'struct': 1.0}",涨停组: 中报预增方向/CRO概念 1板 封单比17.0% 涨停时间09:25 题材内涨停7家 概念内涨停9家 驱动概念[CRO概念] 成交21.9亿,中报预增+实验猴涨价+CRO,1连板 换手承接量比0.83,"次日竞价与开盘承接: 高开幅度观察区间[-2%,+5%]; 开盘涨幅≤+3%且不破昨收-3%视为买点触发",昨收50.62,高位情绪兑现/次日低开大幅回撤/炸板断板/概念退潮,1
2026-07-16,2026-07-17,defensive,lu,000676.SZ,智度股份,文化传媒,小红书概念,1.9742917201480914,2.0,85.0,"{'theme': 0.2, 'concept': 0.6, 'ladder': 0.9, 'seal': 1.0, 'time': 0.85, 'liq': 1.0, 'struct': 1.0}",涨停组: 中报预增方向/小红书概念 2板 封单比21.0% 涨停时间09:46 题材内涨停2家 概念内涨停2家 驱动概念[小红书概念] 成交4.9亿,中报预增+华为鲸鸿+互联网媒体+广告,2连板 换手承接量比1.72,"次日竞价与开盘承接: 高开幅度观察区间[-2%,+5%]; 开盘涨幅≤+3%且不破昨收-3%视为买点触发",昨收6.22,高位情绪兑现/次日低开大幅回撤/炸板断板/概念退潮,1
2026-07-16,2026-07-17,defensive,lu,603716.SH,塞力医疗,医药商业,细胞免疫治疗,1.7496199489571485,3.0,78.0,"{'theme': 0.2, 'concept': 0.8, 'ladder': 0.55, 'seal': 1.0, 'time': 0.7, 'liq': 1.0, 'struct': 1.0}",涨停组: AI医疗方向/细胞免疫治疗 1板 封单比30.2% 涨停时间11:13 题材内涨停2家 概念内涨停3家 驱动概念[细胞免疫治疗] 成交4.2亿,AI医疗+创新药+脑机接口,1连板 换手承接量比1.63,"次日竞价与开盘承接: 高开幅度观察区间[-2%,+5%]; 开盘涨幅≤+3%且不破昨收-3%视为买点触发",昨收16.12,高位情绪兑现/次日低开大幅回撤/炸板断板/概念退潮,1
2026-07-17,2026-07-20,defensive,lu,600644.SH,乐山电力,电力,天然气,-2.1458867087421174,2.0,81.0,"{'theme': 0.2, 'concept': 0.6, 'ladder': 0.55, 'seal': 1.0, 'time': 1.0, 'liq': 1.0, 'struct': 1.0}",涨停组: 电力方向/天然气 1板 封单比16.4% 涨停时间09:45 题材内涨停2家 概念内涨停2家 驱动概念[天然气] 成交3.9亿,电力+天然气+新型储能,1连板 换手承接量比2.13,"次日竞价与开盘承接: 高开幅度观察区间[-2%,+5%]; 开盘涨幅≤+3%且不破昨收-3%视为买点触发",昨收9.01,高位情绪兑现/次日低开大幅回撤/炸板断板/概念退潮,1
2026-07-17,2026-07-20,defensive,lu,605011.SH,杭州热电,电力,煤炭概念,-1.636512752062691,4.0,75.5,"{'theme': 0.2, 'concept': 1.0, 'ladder': 0.55, 'seal': 0.7, 'time': 0.85, 'liq': 0.6, 'struct': 1.0}",涨停组: 热电联产方向/煤炭概念 1板 封单比9.4% 涨停时间10:10 题材内涨停2家 概念内涨停4家 驱动概念[煤炭概念] 成交2.6亿,热电联产+绿色能源+国企改革,1连板 换手承接量比2.15,"次日竞价与开盘承接: 高开幅度观察区间[-2%,+5%]; 开盘涨幅≤+3%且不破昨收-3%视为买点触发",昨收18.48,高位情绪兑现/次日低开大幅回撤/炸板断板/概念退潮,1
2026-07-20,2026-07-21,defensive,lu,600744.SH,华银电力,电力,煤炭概念,2.716932449381826,11.0,95.0,"{'theme': 0.4, 'concept': 1.0, 'ladder': 0.9, 'seal': 1.0, 'time': 1.0, 'liq': 1.0, 'struct': 1.0}",涨停组: 火电方向/煤炭概念 2板 封单比16.9% 涨停时间09:35 题材内涨停3家 概念内涨停11家 驱动概念[煤炭概念] 成交11.3亿,火电+新能源+定增获批+央企,2连板 换手承接量比2.19,"次日竞价与开盘承接: 高开幅度观察区间[-2%,+5%]; 开盘涨幅≤+3%且不破昨收-3%视为买点触发",昨收6.56,高位情绪兑现/次日低开大幅回撤/炸板断板/概念退潮,1
2026-07-20,2026-07-21,defensive,lu,600644.SH,乐山电力,电力,绿色电力,0.34367501261083344,19.0,87.0,"{'theme': 0.6, 'concept': 1.0, 'ladder': 0.9, 'seal': 0.4, 'time': 1.0, 'liq': 1.0, 'struct': 1.0}",涨停组: 电力方向/绿色电力 2板 封单比7.2% 涨停时间09:32 题材内涨停4家 概念内涨停19家 驱动概念[绿色电力] 成交6.7亿,电力+天然气+新型储能,2连板 换手承接量比2.18,"次日竞价与开盘承接: 高开幅度观察区间[-2%,+5%]; 开盘涨幅≤+3%且不破昨收-3%视为买点触发",昨收9.91,高位情绪兑现/次日低开大幅回撤/炸板断板/概念退潮,1
2026-07-21,2026-07-22,normal,lu,002197.SZ,证通电子,IT服务,芯片概念,5.802305401494712,65.0,83.5,"{'theme': 0.4, 'concept': 1.0, 'ladder': 0.55, 'seal': 0.7, 'time': 1.0, 'liq': 1.0, 'struct': 1.0}",涨停组: 算力租赁方向/芯片概念 1板 封单比8.8% 涨停时间09:37 题材内涨停3家 概念内涨停65家 驱动概念[芯片概念] 成交4.1亿,算力租赁+数据中心REITs+金融科技+中报扭亏,1连板 换手承接量比1.73,"次日竞价与开盘承接: 高开幅度观察区间[-2%,+5%]; 开盘涨幅≤+3%且不破昨收-3%视为买点触发",昨收6.34,高位情绪兑现/次日低开大幅回撤/炸板断板/概念退潮,1
2026-07-21,2026-07-22,normal,lu,000555.SZ,神州信息,IT服务,5G,4.618133319083517,25.0,82.5,"{'theme': 0.2, 'concept': 1.0, 'ladder': 0.55, 'seal': 0.7, 'time': 1.0, 'liq': 1.0, 'struct': 1.0}",涨停组: 跨境支付方向/5G 1板 封单比9.8% 涨停时间09:43 题材内涨停2家 概念内涨停25家 驱动概念[5G] 成交4.0亿,跨境支付+银行IT龙头+AI应用,1连板 换手承接量比1.52,"次日竞价与开盘承接: 高开幅度观察区间[-2%,+5%]; 开盘涨幅≤+3%且不破昨收-3%视为买点触发",昨收10.49,高位情绪兑现/次日低开大幅回撤/炸板断板/概念退潮,1
2026-07-21,2026-07-22,normal,nlu,603893.SH,瑞芯微,半导体,国家大基金持股,10.778002965376476,12.0,85.96484375,"{'sector': 0.7485937500000002, 'trend': 0.8, 'pos': 0.85, 'mom': 1.0, 'liq': 1.0, 'recog': 1.0}","非涨停组: 趋势结构多头(MA20>MA60且上行), 处于活跃板块[半导体](当日涨幅分位99%, 板块涨停29家) 驱动概念[国家大基金持股] 距60日高点10.1% 20日涨幅15.5%",板块[半导体]轮动延续/资金承接/概念热度,收盘206.85 MA20上方 量比1.14,"次日开盘[-2%,+3%]为观察区间; 收盘站上max(开盘,昨收)视为买点触发",昨收206.85,板块退潮补跌/概念退潮/资金承接不足/持续阴跌,1
2026-07-22,2026-07-23,defensive,lu,603629.SH,利通电子,IT服务,算力租赁,-0.23609475992383278,5.0,91.0,"{'theme': 0.8, 'concept': 1.0, 'ladder': 0.9, 'seal': 1.0, 'time': 1.0, 'liq': 1.0, 'struct': 0.6}",涨停组: 算力租赁方向/算力租赁 2板 封单比26.6% 涨停时间09:32 题材内涨停5家 概念内涨停5家 驱动概念[算力租赁] 成交15.0亿,算力租赁+英伟达合作+中报预增,2连板 换手承接量比0.40,"次日竞价与开盘承接: 高开幅度观察区间[-2%,+5%]; 开盘涨幅≤+3%且不破昨收-3%视为买点触发",昨收118.34,高位情绪兑现/次日低开大幅回撤/炸板断板/概念退潮,1
2026-07-22,2026-07-23,defensive,lu,000815.SZ,美利云,通信服务,国资云,0.2965690692623868,1.0,85.5,"{'theme': 0.8, 'concept': 0.4, 'ladder': 1.0, 'seal': 0.7, 'time': 1.0, 'liq': 1.0, 'struct': 1.0}",涨停组: 算力租赁方向/国资云 3板 封单比14.3% 涨停时间09:25 题材内涨停5家 概念内涨停1家 驱动概念[国资云] 成交14.5亿,算力租赁+东数西算+中国诚通旗下,3连板 换手承接量比2.31,"次日竞价与开盘承接: 高开幅度观察区间[-2%,+5%]; 开盘涨幅≤+3%且不破昨收-3%视为买点触发",昨收16.13,高位情绪兑现/次日低开大幅回撤/炸板断板/概念退潮,1
2026-07-23,2026-07-24,defensive,lu,000815.SZ,美利云,通信服务,绿色电力,2.7702281837516107,22.0,93.5,"{'theme': 0.6, 'concept': 1.0, 'ladder': 1.0, 'seal': 0.7, 'time': 1.0, 'liq': 1.0, 'struct': 1.0}",涨停组: 算力租赁方向/绿色电力 4板 封单比10.6% 涨停时间09:37 题材内涨停4家 概念内涨停22家 驱动概念[绿色电力] 成交21.0亿,算力租赁+东数西算+中国诚通旗下,4连板 换手承接量比2.11,"次日竞价与开盘承接: 高开幅度观察区间[-2%,+5%]; 开盘涨幅≤+3%且不破昨收-3%视为买点触发",昨收17.74,高位情绪兑现/次日低开大幅回撤/炸板断板/概念退潮,1
2026-07-23,2026-07-24,defensive,lu,002412.SZ,汉森制药,中药,农业种植,2.115693500288063,4.0,90.0,"{'theme': 0.2, 'concept': 1.0, 'ladder': 0.9, 'seal': 1.0, 'time': 1.0, 'liq': 0.6, 'struct': 1.0}",涨停组: 中药方向/农业种植 2板 封单比40.6% 涨停时间09:38 题材内涨停2家 概念内涨停4家 驱动概念[农业种植] 成交2.4亿,中药+独家品种+中报预增,2连板 换手承接量比1.06,"次日竞价与开盘承接: 高开幅度观察区间[-2%,+5%]; 开盘涨幅≤+3%且不破昨收-3%视为买点触发",昨收7.38,高位情绪兑现/次日低开大幅回撤/炸板断板/概念退潮,1
2026-07-24,2026-07-27,defensive,lu,600698.SH,湖南天雁,汽车零部件,兵装重组概念,8.997333065359104,5.0,91.5,"{'theme': 0.6, 'concept': 1.0, 'ladder': 0.9, 'seal': 0.7, 'time': 1.0, 'liq': 1.0, 'struct': 1.0}",涨停组: 兵装重组方向/兵装重组概念 2板 封单比9.1% 涨停时间09:43 题材内涨停4家 概念内涨停5家 驱动概念[兵装重组概念] 成交4.6亿,兵装重组+涡轮增压器+电子水泵+国企,2连板 换手承接量比2.50,"次日竞价与开盘承接: 高开幅度观察区间[-2%,+5%]; 开盘涨幅≤+3%且不破昨收-3%视为买点触发",昨收6.84,高位情绪兑现/次日低开大幅回撤/炸板断板/概念退潮,1
2026-07-24,2026-07-27,defensive,lu,002265.SZ,建设工业,军工装备,兵装重组概念,8.997333065359104,5.0,89.0,"{'theme': 0.6, 'concept': 1.0, 'ladder': 0.55, 'seal': 1.0, 'time': 1.0, 'liq': 1.0, 'struct': 1.0}",涨停组: 兵装重组方向/兵装重组概念 1板 封单比16.3% 涨停时间09:41 题材内涨停4家 概念内涨停5家 驱动概念[兵装重组概念] 成交4.0亿,兵装重组+军工装备+机器人概念+国企,1连板 换手承接量比1.57,"次日竞价与开盘承接: 高开幅度观察区间[-2%,+5%]; 开盘涨幅≤+3%且不破昨收-3%视为买点触发",昨收19.34,高位情绪兑现/次日低开大幅回撤/炸板断板/概念退潮,1
2026-07-27,2026-07-28,aggressive,lu,603690.SH,至纯科技,半导体,光纤概念,3.790447866139024,2.0,88.0,"{'theme': 0.2, 'concept': 0.6, 'ladder': 0.9, 'seal': 1.0, 'time': 1.0, 'liq': 1.0, 'struct': 1.0}",涨停组: 存储芯片方向/光纤概念 2板 封单比16.0% 涨停时间09:32 题材内涨停2家 概念内涨停2家 驱动概念[光纤概念] 成交8.7亿,存储芯片+半导体设备+专精特新,2连板 换手承接量比1.03,"次日竞价与开盘承接: 高开幅度观察区间[-2%,+5%]; 开盘涨幅≤+3%且不破昨收-3%视为买点触发",昨收24.88,高位情绪兑现/次日低开大幅回撤/炸板断板/概念退潮,1
2026-07-27,2026-07-28,aggressive,lu,002310.SZ,东方新能,电力,股权转让(并购重组),3.3981153186513735,12.0,83.5,"{'theme': 0.4, 'concept': 1.0, 'ladder': 0.55, 'seal': 0.7, 'time': 1.0, 'liq': 1.0, 'struct': 1.0}",涨停组: 中报扭亏方向/股权转让(并购重组) 1板 封单比14.9% 涨停时间09:45 题材内涨停3家 概念内涨停12家 驱动概念[股权转让(并购重组)] 成交3.8亿,中报扭亏+重大资产重组+光伏发电+北京国资,1连板 换手承接量比0.89,"次日竞价与开盘承接: 高开幅度观察区间[-2%,+5%]; 开盘涨幅≤+3%且不破昨收-3%视为买点触发",昨收2.41,高位情绪兑现/次日低开大幅回撤/炸板断板/概念退潮,1
2026-07-28,2026-07-29,defensive,lu,603716.SH,塞力医疗,医药商业,DRG/DIP,3.3783759286183157,3.0,93.0,"{'theme': 0.6, 'concept': 0.8, 'ladder': 0.9, 'seal': 1.0, 'time': 1.0, 'liq': 1.0, 'struct': 1.0}",涨停组: 脑机接口方向/DRG/DIP 2板 封单比22.4% 涨停时间09:35 题材内涨停4家 概念内涨停3家 驱动概念[DRG/DIP] 成交3.9亿,脑机接口+AI医疗+高血压疫苗+SPD,2连板 换手承接量比1.17,"次日竞价与开盘承接: 高开幅度观察区间[-2%,+5%]; 开盘涨幅≤+3%且不破昨收-3%视为买点触发",昨收16.43,高位情绪兑现/次日低开大幅回撤/炸板断板/概念退潮,1
2026-07-28,2026-07-29,defensive,lu,002969.SZ,嘉美包装,包装印刷,啤酒概念,2.4629199561972293,3.0,91.0,"{'theme': 0.2, 'concept': 0.8, 'ladder': 0.9, 'seal': 1.0, 'time': 1.0, 'liq': 1.0, 'struct': 1.0}",涨停组: 中报预增方向/啤酒概念 2板 封单比39.5% 涨停时间09:31 题材内涨停2家 概念内涨停3家 驱动概念[啤酒概念] 成交4.1亿,中报预增+饮料包装+实控人变更,2连板 换手承接量比1.31,"次日竞价与开盘承接: 高开幅度观察区间[-2%,+5%]; 开盘涨幅≤+3%且不破昨收-3%视为买点触发",昨收12.61,高位情绪兑现/次日低开大幅回撤/炸板断板/概念退潮,1
2026-07-29,2026-07-30,aggressive,lu,603178.SH,圣龙股份,汽车零部件,减速器,1.7606193439428708,3.0,82.0,"{'theme': 0.6, 'concept': 0.8, 'ladder': 0.55, 'seal': 1.0, 'time': 1.0, 'liq': 0.6, 'struct': 1.0}",涨停组: 机器人方向/减速器 1板 封单比40.7% 涨停时间09:40 题材内涨停4家 概念内涨停3家 驱动概念[减速器] 成交1.9亿,机器人+飞行汽车+业绩扭亏+泵类龙头,1连板 换手承接量比1.03,"次日竞价与开盘承接: 高开幅度观察区间[-2%,+5%]; 开盘涨幅≤+3%且不破昨收-3%视为买点触发",昨收16.63,高位情绪兑现/次日低开大幅回撤/炸板断板/概念退潮,1
2026-07-29,2026-07-30,aggressive,lu,600228.SH,返利科技,文化传媒,拼多多概念,1.7923108868963755,3.0,77.0,"{'theme': 0.2, 'concept': 0.8, 'ladder': 0.55, 'seal': 1.0, 'time': 0.85, 'liq': 0.6, 'struct': 1.0}",涨停组: 控制权变更方向/拼多多概念 1板 封单比23.6% 涨停时间10:19 题材内涨停2家 概念内涨停3家 驱动概念[拼多多概念] 成交2.3亿,控制权变更+AI应用+在线导购,1连板 换手承接量比1.58,"次日竞价与开盘承接: 高开幅度观察区间[-2%,+5%]; 开盘涨幅≤+3%且不破昨收-3%视为买点触发",昨收6.66,高位情绪兑现/次日低开大幅回撤/炸板断板/概念退潮,1
2026-07-30,2026-07-31,defensive,lu,600228.SH,返利科技,文化传媒,AI应用,-0.9711346142969646,6.0,90.0,"{'theme': 0.2, 'concept': 1.0, 'ladder': 0.9, 'seal': 1.0, 'time': 1.0, 'liq': 0.6, 'struct': 1.0}",涨停组: 控制权变更方向/AI应用 2板 封单比36.8% 涨停时间09:37 题材内涨停2家 概念内涨停6家 驱动概念[AI应用] 成交1.7亿,控制权变更+AI应用+在线导购,2连板 换手承接量比1.02,"次日竞价与开盘承接: 高开幅度观察区间[-2%,+5%]; 开盘涨幅≤+3%且不破昨收-3%视为买点触发",昨收7.33,高位情绪兑现/次日低开大幅回撤/炸板断板/概念退潮,1
2026-07-30,2026-07-31,defensive,lu,603171.SH,税友股份,IT服务,财税数字化,0.21205332299800705,3.0,85.0,"{'theme': 0.4, 'concept': 0.8, 'ladder': 0.55, 'seal': 1.0, 'time': 1.0, 'liq': 1.0, 'struct': 1.0}",涨停组: AI应用方向/财税数字化 1板 封单比18.7% 涨停时间09:44 题材内涨停3家 概念内涨停3家 驱动概念[财税数字化] 成交3.6亿,AI应用+财税SaaS+实控人增持,1连板 换手承接量比1.67,"次日竞价与开盘承接: 高开幅度观察区间[-2%,+5%]; 开盘涨幅≤+3%且不破昨收-3%视为买点触发",昨收41.47,高位情绪兑现/次日低开大幅回撤/炸板断板/概念退潮,1
2026-07-31,2026-08-03,aggressive,lu,002896.SZ,中大力德,通用设备,人形机器人,4.350290783198729,16.0,90.0,"{'theme': 0.8, 'concept': 1.0, 'ladder': 0.55, 'seal': 1.0, 'time': 1.0, 'liq': 1.0, 'struct': 1.0}",涨停组: 人形机器人方向/人形机器人 1板 封单比15.2% 涨停时间09:42 题材内涨停5家 概念内涨停16家 驱动概念[人形机器人] 成交5.2亿,人形机器人+精密减速器+海外布局,1连板 换手承接量比1.25,"次日竞价与开盘承接: 高开幅度观察区间[-2%,+5%]; 开盘涨幅≤+3%且不破昨收-3%视为买点触发",昨收65.24,高位情绪兑现/次日低开大幅回撤/炸板断板/概念退潮,1
2026-07-31,2026-08-03,aggressive,lu,000967.SZ,盈峰环境,环保设备,云计算,5.719100566491853,13.0,85.0,"{'theme': 1.0, 'concept': 1.0, 'ladder': 0.55, 'seal': 1.0, 'time': 1.0, 'liq': 1.0, 'struct': 0.6}",涨停组: 算力租赁方向/云计算 1板 封单比22.7% 涨停时间09:30 题材内涨停8家 概念内涨停13家 驱动概念[云计算] 成交3.4亿,算力租赁+机器人+环卫装备,1连板 换手承接量比0.53,"次日竞价与开盘承接: 高开幅度观察区间[-2%,+5%]; 开盘涨幅≤+3%且不破昨收-3%视为买点触发",昨收7.85,高位情绪兑现/次日低开大幅回撤/炸板断板/概念退潮,1
2026-08-03,2026-08-04,normal,lu,002896.SZ,中大力德,通用设备,减速器,2.0514159770839147,3.0,93.0,"{'theme': 0.6, 'concept': 0.8, 'ladder': 0.9, 'seal': 1.0, 'time': 1.0, 'liq': 1.0, 'struct': 1.0}",涨停组: 人形机器人方向/减速器 2板 封单比39.6% 涨停时间09:31 题材内涨停4家 概念内涨停3家 驱动概念[减速器] 成交5.4亿,人形机器人+精密减速器+海外布局,2连板 换手承接量比1.13,"次日竞价与开盘承接: 高开幅度观察区间[-2%,+5%]; 开盘涨幅≤+3%且不破昨收-3%视为买点触发",昨收71.76,高位情绪兑现/次日低开大幅回撤/炸板断板/概念退潮,1
2026-08-03,2026-08-04,normal,lu,002354.SZ,天娱数科,文化传媒,虚拟电厂,2.6371149197427224,5.0,88.0,"{'theme': 0.2, 'concept': 1.0, 'ladder': 0.9, 'seal': 1.0, 'time': 1.0, 'liq': 1.0, 'struct': 0.6}",涨停组: AI营销方向/虚拟电厂 2板 封单比27.7% 涨停时间09:25 题材内涨停2家 概念内涨停5家 驱动概念[虚拟电厂] 成交9.0亿,AI营销+具身智能数据集+3D视觉+算力租赁,2连板 换手承接量比0.75,"次日竞价与开盘承接: 高开幅度观察区间[-2%,+5%]; 开盘涨幅≤+3%且不破昨收-3%视为买点触发",昨收7.16,高位情绪兑现/次日低开大幅回撤/炸板断板/概念退潮,1
2026-08-04,2026-08-05,aggressive,lu,000815.SZ,美利云,通信服务,算力租赁,4.6299738970372095,17.0,94.0,"{'theme': 1.0, 'concept': 1.0, 'ladder': 1.0, 'seal': 1.0, 'time': 1.0, 'liq': 1.0, 'struct': 0.6}",涨停组: 算力租赁方向/算力租赁 3板 封单比44.5% 涨停时间09:30 题材内涨停8家 概念内涨停17家 驱动概念[算力租赁] 成交6.7亿,算力租赁+东数西算+央企,3连板 换手承接量比0.48,"次日竞价与开盘承接: 高开幅度观察区间[-2%,+5%]; 开盘涨幅≤+3%且不破昨收-3%视为买点触发",昨收18.37,高位情绪兑现/次日低开大幅回撤/炸板断板/概念退潮,1
2026-08-04,2026-08-05,aggressive,lu,002792.SZ,通宇通讯,通信设备,共封装光学(CPO),6.756235633342733,22.0,94.0,"{'theme': 0.2, 'concept': 1.0, 'ladder': 0.9, 'seal': 1.0, 'time': 1.0, 'liq': 1.0, 'struct': 1.0}",涨停组: 商业航天方向/共封装光学(CPO) 2板 封单比22.6% 涨停时间09:38 题材内涨停2家 概念内涨停22家 驱动概念[共封装光学(CPO)] 成交5.2亿,商业航天+卫星通信+CPO+基站天线,2连板 换手承接量比1.04,"次日竞价与开盘承接: 高开幅度观察区间[-2%,+5%]; 开盘涨幅≤+3%且不破昨收-3%视为买点触发",昨收28.75,高位情绪兑现/次日低开大幅回撤/炸板断板/概念退潮,1
2026-08-05,2026-08-06,aggressive,lu,603186.SH,华正新材,元件,先进封装,5.542418041622876,10.0,87.5,"{'theme': 0.4, 'concept': 1.0, 'ladder': 0.9, 'seal': 0.7, 'time': 0.85, 'liq': 1.0, 'struct': 1.0}",涨停组: 覆铜板方向/先进封装 2板 封单比9.8% 涨停时间10:04 题材内涨停3家 概念内涨停10家 驱动概念[先进封装] 成交16.5亿,覆铜板+AI算力+半年报预增,2连板 换手承接量比0.99,"次日竞价与开盘承接: 高开幅度观察区间[-2%,+5%]; 开盘涨幅≤+3%且不破昨收-3%视为买点触发",昨收119.31,高位情绪兑现/次日低开大幅回撤/炸板断板/概念退潮,1
2026-08-05,2026-08-06,aggressive,lu,002990.SZ,盛视科技,计算机设备,存储芯片,6.174929983729149,11.0,85.0,"{'theme': 0.2, 'concept': 1.0, 'ladder': 0.9, 'seal': 0.4, 'time': 1.0, 'liq': 1.0, 'struct': 1.0}",涨停组: 算力方向/存储芯片 2板 封单比7.4% 涨停时间09:30 题材内涨停2家 概念内涨停11家 驱动概念[存储芯片] 成交8.5亿,算力+机器人+智慧口岸+中报预增,2连板 换手承接量比1.47,"次日竞价与开盘承接: 高开幅度观察区间[-2%,+5%]; 开盘涨幅≤+3%且不破昨收-3%视为买点触发",昨收49.29,高位情绪兑现/次日低开大幅回撤/炸板断板/概念退潮,1
2026-08-06,2026-08-07,normal,lu,601101.SH,昊华能源,煤炭开采加工,煤炭概念,1.960147262264722,8.0,90.0,"{'theme': 0.8, 'concept': 1.0, 'ladder': 0.55, 'seal': 1.0, 'time': 1.0, 'liq': 1.0, 'struct': 1.0}",涨停组: 煤炭方向/煤炭概念 1板 封单比19.4% 涨停时间09:44 题材内涨停5家 概念内涨停8家 驱动概念[煤炭概念] 成交3.9亿,煤炭+甲醇+中报预增+北京国资,1连板 换手承接量比1.08,"次日竞价与开盘承接: 高开幅度观察区间[-2%,+5%]; 开盘涨幅≤+3%且不破昨收-3%视为买点触发",昨收12.72,高位情绪兑现/次日低开大幅回撤/炸板断板/概念退潮,1
2026-08-06,2026-08-07,normal,lu,002104.SZ,恒宝股份,通信设备,电子身份证,2.072522285852285,5.0,87.0,"{'theme': 0.2, 'concept': 1.0, 'ladder': 0.55, 'seal': 1.0, 'time': 1.0, 'liq': 1.0, 'struct': 1.0}",涨停组: 数字人民币方向/电子身份证 1板 封单比36.4% 涨停时间09:36 题材内涨停2家 概念内涨停5家 驱动概念[电子身份证] 成交3.3亿,数字人民币+中标+智能卡+数据安全,1连板 换手承接量比0.82,"次日竞价与开盘承接: 高开幅度观察区间[-2%,+5%]; 开盘涨幅≤+3%且不破昨收-3%视为买点触发",昨收11.76,高位情绪兑现/次日低开大幅回撤/炸板断板/概念退潮,1
2026-08-06,2026-08-07,normal,nlu,002141.SZ,贤丰控股,元件,PCB概念,2.180698779718404,8.0,95.55078125,"{'sector': 0.9720312500000001, 'trend': 1.0, 'pos': 0.85, 'mom': 1.0, 'liq': 1.0, 'recog': 1.0}","非涨停组: 趋势结构多头(MA20>MA60且上行), 处于活跃板块[元件](当日涨幅分位96%, 板块涨停6家) 驱动概念[PCB概念] 距60日高点11.8% 20日涨幅7.1%",板块[元件]轮动延续/资金承接/概念热度,收盘5.73 MA20上方 量比0.89,"次日开盘[-2%,+3%]为观察区间; 收盘站上max(开盘,昨收)视为买点触发",昨收5.73,板块退潮补跌/概念退潮/资金承接不足/持续阴跌,1
2026-08-06,2026-08-07,normal,nlu,002648.SZ,卫星化学,化学制品,煤化工概念,1.4563465566524547,6.0,91.7421875,"{'sector': 0.8196875000000001, 'trend': 1.0, 'pos': 0.85, 'mom': 1.0, 'liq': 1.0, 'recog': 1.0}","非涨停组: 趋势结构多头(MA20>MA60且上行), 处于活跃板块[化学制品](当日涨幅分位82%, 板块涨停7家) 驱动概念[煤化工概念] 距60日高点10.2% 20日涨幅11.6%",板块[化学制品]轮动延续/资金承接/概念热度,收盘25.37 MA20上方 量比0.99,"次日开盘[-2%,+3%]为观察区间; 收盘站上max(开盘,昨收)视为买点触发",昨收25.37,板块退潮补跌/概念退潮/资金承接不足/持续阴跌,1
2026-08-07,2026-08-10,normal,lu,600721.SH,百花医药,医疗服务,CRO概念,8.04568510956809,8.0,88.5,"{'theme': 0.2, 'concept': 1.0, 'ladder': 1.0, 'seal': 1.0, 'time': 1.0, 'liq': 1.0, 'struct': 0.5}",涨停组: CRO方向/CRO概念 4板 封单比25.5% 涨停时间09:31 题材内涨停2家 概念内涨停8家 驱动概念[CRO概念] 成交6.3亿,CRO+创新药+金华国资入主,4连板 换手承接量比1.19,"次日竞价与开盘承接: 高开幅度观察区间[-2%,+5%]; 开盘涨幅≤+3%且不破昨收-3%视为买点触发",昨收10.54,高位情绪兑现/次日低开大幅回撤/炸板断板/概念退潮,1
2026-08-07,2026-08-10,normal,lu,002900.SZ,哈三联,化学制药,创新药,4.864448586807835,11.0,88.0,"{'theme': 1.0, 'concept': 1.0, 'ladder': 0.55, 'seal': 1.0, 'time': 0.85, 'liq': 1.0, 'struct': 1.0}",涨停组: 创新药方向/创新药 1板 封单比18.8% 涨停时间09:48 题材内涨停8家 概念内涨停11家 驱动概念[创新药] 成交4.1亿,创新药+化学制药+中报预计减亏,1连板 换手承接量比1.22,"次日竞价与开盘承接: 高开幅度观察区间[-2%,+5%]; 开盘涨幅≤+3%且不破昨收-3%视为买点触发",昨收13.48,高位情绪兑现/次日低开大幅回撤/炸板断板/概念退潮,1
2026-08-07,2026-08-10,normal,nlu,000566.SZ,海南海药,化学制药,细胞免疫治疗,5.982845319478303,6.0,94.15625,"{'sector': 0.91625, 'trend': 1.0, 'pos': 0.85, 'mom': 1.0, 'liq': 1.0, 'recog': 1.0}","非涨停组: 趋势结构多头(MA20>MA60且上行), 处于活跃板块[化学制药](当日涨幅分位97%, 板块涨停6家) 驱动概念[细胞免疫治疗] 距60日高点11.0% 20日涨幅21.0%",板块[化学制药]轮动延续/资金承接/概念热度,收盘5.99 MA20上方 量比1.08,"次日开盘[-2%,+3%]为观察区间; 收盘站上max(开盘,昨收)视为买点触发",昨收5.99,板块退潮补跌/概念退潮/资金承接不足/持续阴跌,1
2026-08-07,2026-08-10,normal,nlu,002648.SZ,卫星化学,化学制品,2026中报预增,2.0195694347654225,17.0,83.7421875,"{'sector': 0.7496875000000001, 'trend': 1.0, 'pos': 0.6, 'mom': 1.0, 'liq': 1.0, 'recog': 1.0}","非涨停组: 趋势结构多头(MA20>MA60且上行), 处于活跃板块[化学制品](当日涨幅分位67%, 板块涨停3家) 驱动概念[2026中报预增] 距60日高点8.7% 20日涨幅13.7%",板块[化学制品]轮动延续/资金承接/概念热度,收盘25.78 MA20上方 量比1.08,"次日开盘[-2%,+3%]为观察区间; 收盘站上max(开盘,昨收)视为买点触发",昨收25.78,板块退潮补跌/概念退潮/资金承接不足/持续阴跌,1
2026-08-10,2026-08-11,aggressive,lu,002589.SZ,瑞康医药,医药商业,牙科医疗,2.3659426320461474,3.0,95.0,"{'theme': 1.0, 'concept': 0.8, 'ladder': 0.9, 'seal': 1.0, 'time': 1.0, 'liq': 1.0, 'struct': 1.0}",涨停组: 创新药方向/牙科医疗 2板 封单比18.7% 涨停时间09:41 题材内涨停7家 概念内涨停3家 驱动概念[牙科医疗] 成交5.6亿,创新药+AI应用+医药流通,2连板 换手承接量比2.11,"次日竞价与开盘承接: 高开幅度观察区间[-2%,+5%]; 开盘涨幅≤+3%且不破昨收-3%视为买点触发",昨收3.34,高位情绪兑现/次日低开大幅回撤/炸板断板/概念退潮,1
2026-08-10,2026-08-11,aggressive,lu,600664.SH,哈药股份,化学制药,黑龙江自贸区,2.656902824268137,4.0,92.0,"{'theme': 1.0, 'concept': 1.0, 'ladder': 0.9, 'seal': 1.0, 'time': 1.0, 'liq': 1.0, 'struct': 0.6}",涨停组: 创新药方向/黑龙江自贸区 2板 封单比32.0% 涨停时间09:25 题材内涨停7家 概念内涨停4家 驱动概念[黑龙江自贸区] 成交9.9亿,创新药+集采拟中标+半年报预增,2连板 换手承接量比0.35,"次日竞价与开盘承接: 高开幅度观察区间[-2%,+5%]; 开盘涨幅≤+3%且不破昨收-3%视为买点触发",昨收7.52,高位情绪兑现/次日低开大幅回撤/炸板断板/概念退潮,1
2026-08-11,2026-08-12,defensive,lu,002329.SZ,皇氏集团,饮料制造,乳业,0.1834586144932704,2.0,84.0,"{'theme': 0.2, 'concept': 0.6, 'ladder': 0.9, 'seal': 1.0, 'time': 1.0, 'liq': 0.6, 'struct': 1.0}",涨停组: 乳业方向/乳业 2板 封单比26.4% 涨停时间09:30 题材内涨停2家 概念内涨停2家 驱动概念[乳业] 成交2.0亿,乳业+新式茶饮+代工+种源突破,2连板 换手承接量比0.85,"次日竞价与开盘承接: 高开幅度观察区间[-2%,+5%]; 开盘涨幅≤+3%且不破昨收-3%视为买点触发",昨收3.82,高位情绪兑现/次日低开大幅回撤/炸板断板/概念退潮,1
2026-08-11,2026-08-12,defensive,lu,600881.SH,亚泰集团,综合,创新药,0.6241030984320828,4.0,82.0,"{'theme': 0.4, 'concept': 1.0, 'ladder': 0.55, 'seal': 1.0, 'time': 0.7, 'liq': 1.0, 'struct': 1.0}",涨停组: 创新药方向/创新药 1板 封单比17.3% 涨停时间11:06 题材内涨停3家 概念内涨停4家 驱动概念[创新药] 成交3.1亿,创新药+预重整+重整投资人招募+长春国资,1连板 换手承接量比1.87,"次日竞价与开盘承接: 高开幅度观察区间[-2%,+5%]; 开盘涨幅≤+3%且不破昨收-3%视为买点触发",昨收1.87,高位情绪兑现/次日低开大幅回撤/炸板断板/概念退潮,1
2026-08-11,2026-08-12,defensive,nlu,600436.SH,片仔癀,中药,创新药,0.6241030984320828,4.0,79.23046875,"{'sector': 0.5692187500000001, 'trend': 1.0, 'pos': 0.6, 'mom': 1.0, 'liq': 1.0, 'recog': 1.0}","非涨停组: 趋势结构多头(MA20>MA60且上行), 处于活跃板块[中药](当日涨幅分位85%, 板块涨停0家) 驱动概念[创新药] 距60日高点7.6% 20日涨幅10.9%",板块[中药]轮动延续/资金承接/概念热度,收盘138.81 MA20上方 量比1.05,"次日开盘[-2%,+3%]为观察区间; 收盘站上max(开盘,昨收)视为买点触发",昨收138.81,板块退潮补跌/概念退潮/资金承接不足/持续阴跌,1
2026-08-12,2026-08-13,aggressive,lu,002031.SZ,巨轮智能,专用设备,工业母机,1.8101976343802617,4.0,96.0,"{'theme': 0.6, 'concept': 1.0, 'ladder': 0.9, 'seal': 1.0, 'time': 1.0, 'liq': 1.0, 'struct': 1.0}",涨停组: 人形机器人方向/工业母机 2板 封单比22.7% 涨停时间09:30 题材内涨停4家 概念内涨停4家 驱动概念[工业母机] 成交13.5亿,人形机器人+RV减速器+轮胎模具,2连板 换手承接量比1.77,"次日竞价与开盘承接: 高开幅度观察区间[-2%,+5%]; 开盘涨幅≤+3%且不破昨收-3%视为买点触发",昨收6.42,高位情绪兑现/次日低开大幅回撤/炸板断板/概念退潮,1
2026-08-12,2026-08-13,aggressive,lu,002329.SZ,皇氏集团,饮料制造,光伏概念,1.5625862942975521,9.0,91.5,"{'theme': 0.2, 'concept': 1.0, 'ladder': 1.0, 'seal': 0.7, 'time': 1.0, 'liq': 1.0, 'struct': 1.0}",涨停组: 乳业方向/光伏概念 3板 封单比14.2% 涨停时间09:35 题材内涨停2家 概念内涨停9家 驱动概念[光伏概念] 成交5.1亿,乳业+新式茶饮+奶水牛种源,3连板 换手承接量比1.76,"次日竞价与开盘承接: 高开幅度观察区间[-2%,+5%]; 开盘涨幅≤+3%且不破昨收-3%视为买点触发",昨收4.2,高位情绪兑现/次日低开大幅回撤/炸板断板/概念退潮,1
2026-08-13,2026-08-14,defensive,lu,600881.SH,亚泰集团,综合,创新药,1.7829663558929898,7.0,98.0,"{'theme': 0.6, 'concept': 1.0, 'ladder': 1.0, 'seal': 1.0, 'time': 1.0, 'liq': 1.0, 'struct': 1.0}",涨停组: 创新药方向/创新药 3板 封单比15.7% 涨停时间09:36 题材内涨停4家 概念内涨停7家 驱动概念[创新药] 成交6.4亿,创新药+预重整+重整投资人招募+长春国资,3连板 换手承接量比1.47,"次日竞价与开盘承接: 高开幅度观察区间[-2%,+5%]; 开盘涨幅≤+3%且不破昨收-3%视为买点触发",昨收2.27,高位情绪兑现/次日低开大幅回撤/炸板断板/概念退潮,1
2026-08-13,2026-08-14,defensive,lu,603912.SH,佳力图,通用设备,算力租赁,-0.3814753808591864,4.0,87.0,"{'theme': 0.2, 'concept': 1.0, 'ladder': 0.55, 'seal': 1.0, 'time': 1.0, 'liq': 1.0, 'struct': 1.0}",涨停组: 算力租赁方向/算力租赁 1板 封单比18.5% 涨停时间09:35 题材内涨停2家 概念内涨停4家 驱动概念[算力租赁] 成交3.2亿,算力租赁+液冷+数据中心,1连板 换手承接量比1.15,"次日竞价与开盘承接: 高开幅度观察区间[-2%,+5%]; 开盘涨幅≤+3%且不破昨收-3%视为买点触发",昨收8.89,高位情绪兑现/次日低开大幅回撤/炸板断板/概念退潮,1
2026-08-13,2026-08-14,defensive,nlu,002173.SZ,创新医疗,医疗服务,高压氧舱,1.0418976024423987,1.0,89.1875,"{'sector': 0.9975, 'trend': 1.0, 'pos': 0.85, 'mom': 1.0, 'liq': 1.0, 'recog': 0.3}","非涨停组: 趋势结构多头(MA20>MA60且上行), 处于活跃板块[医疗服务](当日涨幅分位100%, 板块涨停6家) 驱动概念[高压氧舱] 距60日高点11.7% 20日涨幅26.6%",板块[医疗服务]轮动延续/资金承接/概念热度,收盘22.08 MA20上方 量比1.09,"次日开盘[-2%,+3%]为观察区间; 收盘站上max(开盘,昨收)视为买点触发",昨收22.08,板块退潮补跌/概念退潮/资金承接不足/持续阴跌,1
2026-08-14,2026-08-17,normal,lu,603330.SH,天洋新材,塑料制品,共封装光学(CPO),2.9452625582259584,8.0,93.0,"{'theme': 0.4, 'concept': 1.0, 'ladder': 1.0, 'seal': 1.0, 'time': 1.0, 'liq': 0.6, 'struct': 1.0}",涨停组: CPO方向/共封装光学(CPO) 3板 封单比34.9% 涨停时间09:30 题材内涨停3家 概念内涨停8家 驱动概念[共封装光学(CPO)] 成交2.7亿,CPO+电子胶+半年报预盈,3连板 换手承接量比0.82,"次日竞价与开盘承接: 高开幅度观察区间[-2%,+5%]; 开盘涨幅≤+3%且不破昨收-3%视为买点触发",昨收10.68,高位情绪兑现/次日低开大幅回撤/炸板断板/概念退潮,1
2026-08-14,2026-08-17,normal,lu,603025.SH,大豪科技,自动化设备,5G,1.5413900915013823,14.0,82.5,"{'theme': 0.2, 'concept': 1.0, 'ladder': 0.55, 'seal': 0.7, 'time': 1.0, 'liq': 1.0, 'struct': 1.0}",涨停组: 半年报增长方向/5G 1板 封单比13.1% 涨停时间09:30 题材内涨停2家 概念内涨停14家 驱动概念[5G] 成交3.2亿,半年报增长+缝制电控龙头+机器人+算力,1连板 换手承接量比1.87,"次日竞价与开盘承接: 高开幅度观察区间[-2%,+5%]; 开盘涨幅≤+3%且不破昨收-3%视为买点触发",昨收15.18,高位情绪兑现/次日低开大幅回撤/炸板断板/概念退潮,1
2026-08-14,2026-08-17,normal,nlu,002141.SZ,贤丰控股,元件,PCB概念,2.0825713303271653,3.0,94.28515625,"{'sector': 0.92140625, 'trend': 1.0, 'pos': 0.85, 'mom': 1.0, 'liq': 1.0, 'recog': 1.0}","非涨停组: 趋势结构多头(MA20>MA60且上行), 处于活跃板块[元件](当日涨幅分位98%, 板块涨停2家) 驱动概念[PCB概念] 距60日高点12.3% 20日涨幅7.3%",板块[元件]轮动延续/资金承接/概念热度,收盘6.48 MA20上方 量比0.67,"次日开盘[-2%,+3%]为观察区间; 收盘站上max(开盘,昨收)视为买点触发",昨收6.48,板块退潮补跌/概念退潮/资金承接不足/持续阴跌,1
2026-08-14,2026-08-17,normal,nlu,000938.SZ,紫光股份,IT服务,共封装光学(CPO),2.9452625582259584,8.0,82.61328125,"{'sector': 0.6145312500000001, 'trend': 1.0, 'pos': 0.85, 'mom': 1.0, 'liq': 0.6, 'recog': 1.0}","非涨停组: 趋势结构多头(MA20>MA60且上行), 处于活跃板块[IT服务](当日涨幅分位60%, 板块涨停2家) 驱动概念[共封装光学(CPO)] 距60日高点12.8% 20日涨幅13.7%",板块[IT服务]轮动延续/资金承接/概念热度,收盘39.95 MA20上方 量比1.20,"次日开盘[-2%,+3%]为观察区间; 收盘站上max(开盘,昨收)视为买点触发",昨收39.95,板块退潮补跌/概念退潮/资金承接不足/持续阴跌,1
2026-08-17,2026-08-18,aggressive,lu,002229.SZ,鸿博股份,IT服务,数据中心(AIDC),2.215540732648469,16.0,82.5,"{'theme': 0.2, 'concept': 1.0, 'ladder': 0.55, 'seal': 0.7, 'time': 1.0, 'liq': 1.0, 'struct': 1.0}",涨停组: 算力租赁方向/数据中心(AIDC) 1板 封单比10.7% 涨停时间09:41 题材内涨停2家 概念内涨停16家 驱动概念[数据中心(AIDC)] 成交13.7亿,算力租赁+彩票印刷+成立科技公司,1连板 换手承接量比0.88,"次日竞价与开盘承接: 高开幅度观察区间[-2%,+5%]; 开盘涨幅≤+3%且不破昨收-3%视为买点触发",昨收13.82,高位情绪兑现/次日低开大幅回撤/炸板断板/概念退潮,1
2026-08-17,2026-08-18,aggressive,lu,603773.SH,沃格光电,光学光电子,玻璃基板,4.7700306224559785,4.0,81.0,"{'theme': 0.2, 'concept': 1.0, 'ladder': 0.55, 'seal': 1.0, 'time': 1.0, 'liq': 1.0, 'struct': 0.6}",涨停组: CPO方向/玻璃基板 1板 封单比31.2% 涨停时间09:34 题材内涨停2家 概念内涨停4家 驱动概念[玻璃基板] 成交6.7亿,CPO+先进封装+玻璃基Mini LED,1连板 换手承接量比0.36,"次日竞价与开盘承接: 高开幅度观察区间[-2%,+5%]; 开盘涨幅≤+3%且不破昨收-3%视为买点触发",昨收104.49,高位情绪兑现/次日低开大幅回撤/炸板断板/概念退潮,1
2026-08-18,2026-08-19,defensive,lu,600313.SH,农发种业,种植业与林业,转基因,9.301234690990889,10.0,96.0,"{'theme': 0.6, 'concept': 1.0, 'ladder': 0.9, 'seal': 1.0, 'time': 1.0, 'liq': 1.0, 'struct': 1.0}",涨停组: 种业方向/转基因 2板 封单比15.9% 涨停时间09:38 题材内涨停4家 概念内涨停10家 驱动概念[转基因] 成交6.3亿,种业+粮食概念+央企,2连板 换手承接量比2.26,"次日竞价与开盘承接: 高开幅度观察区间[-2%,+5%]; 开盘涨幅≤+3%且不破昨收-3%视为买点触发",昨收6.78,高位情绪兑现/次日低开大幅回撤/炸板断板/概念退潮,1
2026-08-18,2026-08-19,defensive,lu,000735.SZ,罗牛山,养殖业,猪肉,2.8442238220717675,3.0,91.0,"{'theme': 0.2, 'concept': 0.8, 'ladder': 0.9, 'seal': 1.0, 'time': 1.0, 'liq': 1.0, 'struct': 1.0}",涨停组: “牛”字炒作方向/猪肉 2板 封单比15.0% 涨停时间09:45 题材内涨停2家 概念内涨停3家 驱动概念[猪肉] 成交7.1亿,“牛”字炒作+生猪养殖+海南自贸区,2连板 换手承接量比2.12,"次日竞价与开盘承接: 高开幅度观察区间[-2%,+5%]; 开盘涨幅≤+3%且不破昨收-3%视为买点触发",昨收6.18,高位情绪兑现/次日低开大幅回撤/炸板断板/概念退潮,1
2026-08-18,2026-08-19,defensive,nlu,600989.SH,宝丰能源,化学原料,煤化工概念,0.7593804091991174,3.0,79.30078125,"{'sector': 0.6920312500000001, 'trend': 1.0, 'pos': 0.6, 'mom': 0.7, 'liq': 1.0, 'recog': 1.0}","非涨停组: 趋势结构多头(MA20>MA60且上行), 处于活跃板块[化学原料](当日涨幅分位70%, 板块涨停2家) 驱动概念[煤化工概念] 距60日高点7.1% 20日涨幅4.3%",板块[化学原料]轮动延续/资金承接/概念热度,收盘23.15 MA20上方 量比1.12,"次日开盘[-2%,+3%]为观察区间; 收盘站上max(开盘,昨收)视为买点触发",昨收23.15,板块退潮补跌/概念退潮/资金承接不足/持续阴跌,1
2026-08-19,2026-08-20,defensive,lu,000505.SZ,京粮控股,农产品加工,转基因,-1.789690363619978,2.0,85.5,"{'theme': 0.2, 'concept': 0.6, 'ladder': 1.0, 'seal': 0.7, 'time': 1.0, 'liq': 1.0, 'struct': 1.0}",涨停组: 粮食概念方向/转基因 3板 封单比12.0% 涨停时间09:31 题材内涨停2家 概念内涨停2家 驱动概念[转基因] 成交5.0亿,粮食概念+油脂加工+国企改革,3连板 换手承接量比1.83,"次日竞价与开盘承接: 高开幅度观察区间[-2%,+5%]; 开盘涨幅≤+3%且不破昨收-3%视为买点触发",昨收7.47,高位情绪兑现/次日低开大幅回撤/炸板断板/概念退潮,1
2026-08-19,2026-08-20,defensive,lu,002412.SZ,汉森制药,中药,仿制药一致性评价,-1.761319083480184,4.0,85.0,"{'theme': 0.6, 'concept': 1.0, 'ladder': 0.55, 'seal': 1.0, 'time': 1.0, 'liq': 0.6, 'struct': 1.0}",涨停组: 创新药方向/仿制药一致性评价 1板 封单比32.8% 涨停时间09:33 题材内涨停4家 概念内涨停4家 驱动概念[仿制药一致性评价] 成交2.6亿,创新药+中药+中报预增,1连板 换手承接量比1.06,"次日竞价与开盘承接: 高开幅度观察区间[-2%,+5%]; 开盘涨幅≤+3%且不破昨收-3%视为买点触发",昨收8.42,高位情绪兑现/次日低开大幅回撤/炸板断板/概念退潮,1
2026-08-19,2026-08-20,defensive,nlu,601225.SH,陕西煤业,煤炭开采加工,高股息精选,-0.5347568409804548,1.0,79.4296875,"{'sector': 0.9771874999999999, 'trend': 1.0, 'pos': 0.6, 'mom': 0.7, 'liq': 1.0, 'recog': 0.3}","非涨停组: 趋势结构多头(MA20>MA60且上行), 处于活跃板块[煤炭开采加工](当日涨幅分位98%, 板块涨停4家) 驱动概念[高股息精选] 距60日高点5.3% 20日涨幅2.8%",板块[煤炭开采加工]轮动延续/资金承接/概念热度,收盘25.59 MA20上方 量比1.19,"次日开盘[-2%,+3%]为观察区间; 收盘站上max(开盘,昨收)视为买点触发",昨收25.59,板块退潮补跌/概念退潮/资金承接不足/持续阴跌,1
2026-08-20,2026-08-21,aggressive,lu,600613.SH,神奇制药,化学制药,流感,4.2852767405069825,17.0,91.0,"{'theme': 1.0, 'concept': 1.0, 'ladder': 0.55, 'seal': 1.0, 'time': 1.0, 'liq': 1.0, 'struct': 1.0}",涨停组: 创新药方向/流感 1板 封单比65.9% 涨停时间09:30 题材内涨停12家 概念内涨停17家 驱动概念[流感] 成交5.1亿,创新药+抗肿瘤+品牌OTC,1连板 换手承接量比0.87,"次日竞价与开盘承接: 高开幅度观察区间[-2%,+5%]; 开盘涨幅≤+3%且不破昨收-3%视为买点触发",昨收8.56,高位情绪兑现/次日低开大幅回撤/炸板断板/概念退潮,1
2026-08-20,2026-08-21,aggressive,lu,002940.SZ,昂利康,化学制药,创新药,4.455330692763049,21.0,91.0,"{'theme': 1.0, 'concept': 1.0, 'ladder': 0.55, 'seal': 1.0, 'time': 1.0, 'liq': 1.0, 'struct': 1.0}",涨停组: 创新药方向/创新药 1板 封单比21.2% 涨停时间09:30 题材内涨停12家 概念内涨停21家 驱动概念[创新药] 成交5.2亿,创新药+仿制药获批+定增过会,1连板 换手承接量比1.90,"次日竞价与开盘承接: 高开幅度观察区间[-2%,+5%]; 开盘涨幅≤+3%且不破昨收-3%视为买点触发",昨收28.41,高位情绪兑现/次日低开大幅回撤/炸板断板/概念退潮,1
2026-08-21,2026-08-24,normal,lu,003018.SZ,金富科技,包装印刷,富士康概念,1.618248205865247,4.0,87.0,"{'theme': 0.2, 'concept': 1.0, 'ladder': 0.55, 'seal': 1.0, 'time': 1.0, 'liq': 1.0, 'struct': 1.0}",涨停组: 液冷服务器方向/富士康概念 1板 封单比15.5% 涨停时间09:45 题材内涨停2家 概念内涨停4家 驱动概念[富士康概念] 成交3.8亿,液冷服务器+定增扩产+中报预增,1连板 换手承接量比0.81,"次日竞价与开盘承接: 高开幅度观察区间[-2%,+5%]; 开盘涨幅≤+3%且不破昨收-3%视为买点触发",昨收43.02,高位情绪兑现/次日低开大幅回撤/炸板断板/概念退潮,1
2026-08-21,2026-08-24,normal,lu,002536.SZ,飞龙股份,汽车零部件,液冷服务器,1.2676220359150836,5.0,82.5,"{'theme': 0.2, 'concept': 1.0, 'ladder': 0.55, 'seal': 0.7, 'time': 1.0, 'liq': 1.0, 'struct': 1.0}",涨停组: 液冷服务器方向/液冷服务器 1板 封单比14.6% 涨停时间09:41 题材内涨停2家 概念内涨停5家 驱动概念[液冷服务器] 成交16.5亿,液冷服务器+汽车热管理+机器人,1连板 换手承接量比0.90,"次日竞价与开盘承接: 高开幅度观察区间[-2%,+5%]; 开盘涨幅≤+3%且不破昨收-3%视为买点触发",昨收46.97,高位情绪兑现/次日低开大幅回撤/炸板断板/概念退潮,1
2026-08-24,2026-08-25,defensive,lu,600508.SH,上海能源,煤炭开采加工,煤炭概念,0.6810413823150174,4.0,86.0,"{'theme': 0.6, 'concept': 1.0, 'ladder': 0.55, 'seal': 1.0, 'time': 0.85, 'liq': 1.0, 'struct': 1.0}",涨停组: 中报增长方向/煤炭概念 1板 封单比21.4% 涨停时间09:52 题材内涨停4家 概念内涨停4家 驱动概念[煤炭概念] 成交3.5亿,中报增长+煤炭+新能源,1连板 换手承接量比2.24,"次日竞价与开盘承接: 高开幅度观察区间[-2%,+5%]; 开盘涨幅≤+3%且不破昨收-3%视为买点触发",昨收9.88,高位情绪兑现/次日低开大幅回撤/炸板断板/概念退潮,1
2026-08-24,2026-08-25,defensive,lu,603032.SH,德新科技,电池,固态电池,-0.7010518638226104,6.0,85.0,"{'theme': 0.6, 'concept': 1.0, 'ladder': 0.55, 'seal': 1.0, 'time': 1.0, 'liq': 0.6, 'struct': 1.0}",涨停组: 中报增长方向/固态电池 1板 封单比28.5% 涨停时间09:37 题材内涨停4家 概念内涨停6家 驱动概念[固态电池] 成交1.7亿,中报增长+锂电模具+机器人,1连板 换手承接量比1.48,"次日竞价与开盘承接: 高开幅度观察区间[-2%,+5%]; 开盘涨幅≤+3%且不破昨收-3%视为买点触发",昨收20.22,高位情绪兑现/次日低开大幅回撤/炸板断板/概念退潮,1
2026-08-25,2026-08-26,normal,lu,600508.SH,上海能源,煤炭开采加工,储能,1.2578201426030944,9.0,85.0,"{'theme': 0.2, 'concept': 1.0, 'ladder': 0.9, 'seal': 0.4, 'time': 1.0, 'liq': 1.0, 'struct': 1.0}",涨停组: 中报增长方向/储能 2板 封单比8.0% 涨停时间09:30 题材内涨停2家 概念内涨停9家 驱动概念[储能] 成交4.2亿,中报增长+煤炭+新能源,2连板 换手承接量比1.74,"次日竞价与开盘承接: 高开幅度观察区间[-2%,+5%]; 开盘涨幅≤+3%且不破昨收-3%视为买点触发",昨收10.87,高位情绪兑现/次日低开大幅回撤/炸板断板/概念退潮,1
2026-08-25,2026-08-26,normal,lu,000566.SZ,海南海药,化学制药,维生素,3.1282143553296615,3.0,81.0,"{'theme': 0.2, 'concept': 0.8, 'ladder': 0.55, 'seal': 1.0, 'time': 0.85, 'liq': 1.0, 'struct': 1.0}",涨停组: 创新药方向/维生素 1板 封单比26.3% 涨停时间09:54 题材内涨停2家 概念内涨停3家 驱动概念[维生素] 成交4.9亿,创新药+集采药品+医药产业链+脑机接口,1连板 换手承接量比0.91,"次日竞价与开盘承接: 高开幅度观察区间[-2%,+5%]; 开盘涨幅≤+3%且不破昨收-3%视为买点触发",昨收4.97,高位情绪兑现/次日低开大幅回撤/炸板断板/概念退潮,1
2026-08-26,2026-08-27,normal,lu,603979.SH,金诚信,工业金属,金属铜,2.235695464527221,4.0,85.0,"{'theme': 0.4, 'concept': 1.0, 'ladder': 0.55, 'seal': 1.0, 'time': 0.85, 'liq': 1.0, 'struct': 1.0}",涨停组: 中报增长方向/金属铜 1板 封单比24.1% 涨停时间09:47 题材内涨停3家 概念内涨停4家 驱动概念[金属铜] 成交5.1亿,中报增长+铜矿开发+矿山服务,1连板 换手承接量比1.01,"次日竞价与开盘承接: 高开幅度观察区间[-2%,+5%]; 开盘涨幅≤+3%且不破昨收-3%视为买点触发",昨收80.71,高位情绪兑现/次日低开大幅回撤/炸板断板/概念退潮,1
2026-08-26,2026-08-27,normal,lu,605277.SH,新亚电子,消费电子,储能,0.38739503296074673,12.0,84.0,"{'theme': 0.4, 'concept': 1.0, 'ladder': 0.55, 'seal': 1.0, 'time': 1.0, 'liq': 0.6, 'struct': 1.0}",涨停组: 半年报增长方向/储能 1板 封单比36.7% 涨停时间09:30 题材内涨停3家 概念内涨停12家 驱动概念[储能] 成交1.8亿,半年报增长+高速铜缆+AI服务器,1连板 换手承接量比1.83,"次日竞价与开盘承接: 高开幅度观察区间[-2%,+5%]; 开盘涨幅≤+3%且不破昨收-3%视为买点触发",昨收16.69,高位情绪兑现/次日低开大幅回撤/炸板断板/概念退潮,1
2026-08-27,2026-08-28,aggressive,lu,000951.SZ,中国重汽,汽车整车,无人驾驶,1.7497173257567056,5.0,84.5,"{'theme': 0.6, 'concept': 1.0, 'ladder': 0.55, 'seal': 0.7, 'time': 1.0, 'liq': 1.0, 'struct': 1.0}",涨停组: 半年报增长方向/无人驾驶 1板 封单比8.4% 涨停时间09:32 题材内涨停4家 概念内涨停5家 驱动概念[无人驾驶] 成交6.9亿,半年报增长+新能源重卡+重卡出口,1连板 换手承接量比2.17,"次日竞价与开盘承接: 高开幅度观察区间[-2%,+5%]; 开盘涨幅≤+3%且不破昨收-3%视为买点触发",昨收22.39,高位情绪兑现/次日低开大幅回撤/炸板断板/概念退潮,1
2026-08-27,2026-08-28,aggressive,lu,603900.SH,莱绅通灵,服装家纺,股权转让(并购重组),1.5820671346267634,13.0,83.0,"{'theme': 0.2, 'concept': 1.0, 'ladder': 0.55, 'seal': 1.0, 'time': 1.0, 'liq': 0.6, 'struct': 1.0}",涨停组: 黄金珠宝方向/股权转让(并购重组) 1板 封单比37.8% 涨停时间09:39 题材内涨停2家 概念内涨停13家 驱动概念[股权转让(并购重组)] 成交1.9亿,黄金珠宝+艺术珠宝+黄金租赁,1连板 换手承接量比1.02,"次日竞价与开盘承接: 高开幅度观察区间[-2%,+5%]; 开盘涨幅≤+3%且不破昨收-3%视为买点触发",昨收7.14,高位情绪兑现/次日低开大幅回撤/炸板断板/概念退潮,1
2026-08-28,2026-08-31,aggressive,lu,600654.SH,中安科,其他社会服务,物业管理,1.1548641384158564,5.0,98.0,"{'theme': 1.0, 'concept': 1.0, 'ladder': 0.9, 'seal': 1.0, 'time': 1.0, 'liq': 1.0, 'struct': 1.0}",涨停组: 半年报增长方向/物业管理 2板 封单比29.7% 涨停时间09:25 题材内涨停7家 概念内涨停5家 驱动概念[物业管理] 成交4.2亿,半年报增长+安保安防+AI算力,2连板 换手承接量比1.52,"次日竞价与开盘承接: 高开幅度观察区间[-2%,+5%]; 开盘涨幅≤+3%且不破昨收-3%视为买点触发",昨收3.63,高位情绪兑现/次日低开大幅回撤/炸板断板/概念退潮,1
2026-08-28,2026-08-31,aggressive,lu,600378.SH,昊华科技,化学制品,煤化工概念,1.8896840173732832,7.0,93.5,"{'theme': 1.0, 'concept': 1.0, 'ladder': 0.9, 'seal': 0.7, 'time': 1.0, 'liq': 1.0, 'struct': 1.0}",涨停组: 半年报增长方向/煤化工概念 2板 封单比14.5% 涨停时间09:25 题材内涨停7家 概念内涨停7家 驱动概念[煤化工概念] 成交29.8亿,半年报增长+PTFE+AI液冷+氟化工,2连板 换手承接量比1.36,"次日竞价与开盘承接: 高开幅度观察区间[-2%,+5%]; 开盘涨幅≤+3%且不破昨收-3%视为买点触发",昨收53.31,高位情绪兑现/次日低开大幅回撤/炸板断板/概念退潮,1
2026-08-31,2026-09-01,aggressive,lu,601086.SH,国芳集团,零售,IP经济(谷子经济),1.9257818159239992,13.0,92.0,"{'theme': 0.6, 'concept': 1.0, 'ladder': 0.9, 'seal': 1.0, 'time': 1.0, 'liq': 0.6, 'struct': 1.0}",涨停组: 半年报增长方向/IP经济(谷子经济) 2板 封单比36.3% 涨停时间09:25 题材内涨停4家 概念内涨停13家 驱动概念[IP经济(谷子经济)] 成交2.3亿,半年报增长+新零售+连锁零售,2连板 换手承接量比1.90,"次日竞价与开盘承接: 高开幅度观察区间[-2%,+5%]; 开盘涨幅≤+3%且不破昨收-3%视为买点触发",昨收9.17,高位情绪兑现/次日低开大幅回撤/炸板断板/概念退潮,1
2026-08-31,2026-09-01,aggressive,lu,605287.SH,德才股份,建筑装饰,AI视频,5.739333211733411,10.0,88.0,"{'theme': 0.4, 'concept': 1.0, 'ladder': 0.55, 'seal': 1.0, 'time': 1.0, 'liq': 1.0, 'struct': 1.0}",涨停组: AI漫剧方向/AI视频 1板 封单比19.8% 涨停时间09:36 题材内涨停3家 概念内涨停10家 驱动概念[AI视频] 成交3.7亿,AI漫剧+AI应用+建筑装饰+股权激励,1连板 换手承接量比2.15,"次日竞价与开盘承接: 高开幅度观察区间[-2%,+5%]; 开盘涨幅≤+3%且不破昨收-3%视为买点触发",昨收41.58,高位情绪兑现/次日低开大幅回撤/炸板断板/概念退潮,1
2026-09-01,2026-09-02,aggressive,lu,002104.SZ,恒宝股份,通信设备,数字货币,2.372900030912284,4.0,82.0,"{'theme': 0.4, 'concept': 1.0, 'ladder': 0.55, 'seal': 1.0, 'time': 1.0, 'liq': 1.0, 'struct': 0.6}",涨停组: 数字人民币方向/数字货币 1板 封单比19.1% 涨停时间09:35 题材内涨停3家 概念内涨停4家 驱动概念[数字货币] 成交4.9亿,数字人民币+eSIM+数据安全,1连板 换手承接量比0.63,"次日竞价与开盘承接: 高开幅度观察区间[-2%,+5%]; 开盘涨幅≤+3%且不破昨收-3%视为买点触发",昨收12.28,高位情绪兑现/次日低开大幅回撤/炸板断板/概念退潮,1
2026-09-01,2026-09-02,aggressive,lu,000505.SZ,京粮控股,农产品加工,转基因,8.52144270830555,8.0,81.0,"{'theme': 0.2, 'concept': 1.0, 'ladder': 0.55, 'seal': 1.0, 'time': 1.0, 'liq': 1.0, 'struct': 0.6}",涨停组: 粮食概念方向/转基因 1板 封单比33.1% 涨停时间09:31 题材内涨停2家 概念内涨停8家 驱动概念[转基因] 成交3.3亿,粮食概念+油脂加工+食品加工,1连板 换手承接量比0.54,"次日竞价与开盘承接: 高开幅度观察区间[-2%,+5%]; 开盘涨幅≤+3%且不破昨收-3%视为买点触发",昨收7.74,高位情绪兑现/次日低开大幅回撤/炸板断板/概念退潮,1
2026-09-02,2026-09-03,defensive,lu,002274.SZ,华昌化工,化学原料,氢能源,-0.5431234475680391,8.0,82.5,"{'theme': 0.2, 'concept': 1.0, 'ladder': 0.55, 'seal': 0.7, 'time': 1.0, 'liq': 1.0, 'struct': 1.0}",涨停组: 控制权变更方向/氢能源 1板 封单比12.5% 涨停时间09:25 题材内涨停2家 概念内涨停8家 驱动概念[氢能源] 成交6.6亿,控制权变更+多元醇+业绩增长,1连板 换手承接量比1.51,"次日竞价与开盘承接: 高开幅度观察区间[-2%,+5%]; 开盘涨幅≤+3%且不破昨收-3%视为买点触发",昨收7.12,高位情绪兑现/次日低开大幅回撤/炸板断板/概念退潮,1
2026-09-03,2026-09-04,defensive,lu,603270.SH,金帝股份,通用设备,液冷服务器,1.8389030128751038,10.0,95.0,"{'theme': 0.4, 'concept': 1.0, 'ladder': 0.9, 'seal': 1.0, 'time': 1.0, 'liq': 1.0, 'struct': 1.0}",涨停组: 液冷散热方向/液冷服务器 2板 封单比24.8% 涨停时间09:33 题材内涨停3家 概念内涨停10家 驱动概念[液冷服务器] 成交3.1亿,液冷散热+人形机器人+电驱动定转子,2连板 换手承接量比0.89,"次日竞价与开盘承接: 高开幅度观察区间[-2%,+5%]; 开盘涨幅≤+3%且不破昨收-3%视为买点触发",昨收34.95,高位情绪兑现/次日低开大幅回撤/炸板断板/概念退潮,1
2026-09-03,2026-09-04,defensive,lu,603728.SH,鸣志电器,电机,液冷服务器,1.8389030128751038,10.0,84.5,"{'theme': 0.6, 'concept': 1.0, 'ladder': 0.55, 'seal': 0.7, 'time': 1.0, 'liq': 1.0, 'struct': 1.0}",涨停组: 人形机器人方向/液冷服务器 1板 封单比8.7% 涨停时间09:32 题材内涨停4家 概念内涨停10家 驱动概念[液冷服务器] 成交4.6亿,人形机器人+液冷服务器+运动控制,1连板 换手承接量比1.31,"次日竞价与开盘承接: 高开幅度观察区间[-2%,+5%]; 开盘涨幅≤+3%且不破昨收-3%视为买点触发",昨收53.35,高位情绪兑现/次日低开大幅回撤/炸板断板/概念退潮,1
2026-09-04,2026-09-07,defensive,lu,000735.SZ,罗牛山,养殖业,猪肉,5.8861077686386265,5.0,78.5,"{'theme': 0.6, 'concept': 1.0, 'ladder': 0.55, 'seal': 0.7, 'time': 0.7, 'liq': 1.0, 'struct': 1.0}",涨停组: 生猪养殖方向/猪肉 1板 封单比12.1% 涨停时间11:10 题材内涨停4家 概念内涨停5家 驱动概念[猪肉] 成交4.7亿,生猪养殖+黑猪育种+全产业链,1连板 换手承接量比1.36,"次日竞价与开盘承接: 高开幅度观察区间[-2%,+5%]; 开盘涨幅≤+3%且不破昨收-3%视为买点触发",昨收6.13,高位情绪兑现/次日低开大幅回撤/炸板断板/概念退潮,1
2026-09-04,2026-09-07,defensive,lu,002124.SZ,天邦食品,养殖业,猪肉,5.8861077686386265,5.0,77.0,"{'theme': 0.6, 'concept': 1.0, 'ladder': 0.55, 'seal': 0.4, 'time': 0.85, 'liq': 1.0, 'struct': 1.0}",涨停组: 生猪养殖方向/猪肉 1板 封单比4.0% 涨停时间09:54 题材内涨停4家 概念内涨停5家 驱动概念[猪肉] 成交6.9亿,生猪养殖+机器人概念+食品加工+预重整,1连板 换手承接量比2.17,"次日竞价与开盘承接: 高开幅度观察区间[-2%,+5%]; 开盘涨幅≤+3%且不破昨收-3%视为买点触发",昨收2.42,高位情绪兑现/次日低开大幅回撤/炸板断板/概念退潮,1
2026-09-04,2026-09-07,defensive,nlu,603466.SH,风语筑,文化传媒,NFT概念,2.203156803442141,2.0,89.015625,"{'sector': 0.950625, 'trend': 1.0, 'pos': 0.85, 'mom': 1.0, 'liq': 1.0, 'recog': 0.4}","非涨停组: 趋势结构多头(MA20>MA60且上行), 处于活跃板块[文化传媒](当日涨幅分位92%, 板块涨停2家) 驱动概念[NFT概念] 距60日高点12.7% 20日涨幅9.2%",板块[文化传媒]轮动延续/资金承接/概念热度,收盘12.39 MA20上方 量比0.99,"次日开盘[-2%,+3%]为观察区间; 收盘站上max(开盘,昨收)视为买点触发",昨收12.39,板块退潮补跌/概念退潮/资金承接不足/持续阴跌,1
2026-09-07,2026-09-08,aggressive,lu,002403.SZ,爱仕达,小家电,土地流转,2.1907969059324683,3.0,87.5,"{'theme': 0.6, 'concept': 0.8, 'ladder': 1.0, 'seal': 1.0, 'time': 0.85, 'liq': 1.0, 'struct': 0.7}",涨停组: 人形机器人方向/土地流转 3板 封单比19.8% 涨停时间10:07 题材内涨停4家 概念内涨停3家 驱动概念[土地流转] 成交4.7亿,人形机器人+工业机器人+炊具小家电,3连板 换手承接量比3.04,"次日竞价与开盘承接: 高开幅度观察区间[-2%,+5%]; 开盘涨幅≤+3%且不破昨收-3%视为买点触发",昨收12.41,高位情绪兑现/次日低开大幅回撤/炸板断板/概念退潮,1
2026-09-07,2026-09-08,aggressive,lu,600865.SH,百大集团,零售,创投,0.8702506864904924,9.0,87.0,"{'theme': 0.4, 'concept': 1.0, 'ladder': 1.0, 'seal': 1.0, 'time': 1.0, 'liq': 0.6, 'struct': 0.6}",涨停组: 商业零售方向/创投 3板 封单比167.5% 涨停时间09:30 题材内涨停3家 概念内涨停9家 驱动概念[创投] 成交2.2亿,商业零售+物业租赁+恒隆租约,3连板 换手承接量比0.63,"次日竞价与开盘承接: 高开幅度观察区间[-2%,+5%]; 开盘涨幅≤+3%且不破昨收-3%视为买点触发",昨收12.49,高位情绪兑现/次日低开大幅回撤/炸板断板/概念退潮,1
2026-09-08,2026-09-09,normal,lu,601949.SH,中国出版,文化传媒,知识产权保护,2.0730077907269218,5.0,96.0,"{'theme': 0.2, 'concept': 1.0, 'ladder': 1.0, 'seal': 1.0, 'time': 1.0, 'liq': 1.0, 'struct': 1.0}",涨停组: AI应用方向/知识产权保护 3板 封单比25.9% 涨停时间09:30 题材内涨停2家 概念内涨停5家 驱动概念[知识产权保护] 成交3.8亿,AI应用+图书出版+中国出版集团,3连板 换手承接量比0.98,"次日竞价与开盘承接: 高开幅度观察区间[-2%,+5%]; 开盘涨幅≤+3%且不破昨收-3%视为买点触发",昨收7.05,高位情绪兑现/次日低开大幅回撤/炸板断板/概念退潮,1
2026-09-08,2026-09-09,normal,lu,000759.SZ,中百集团,零售,农业种植,3.1210176288875235,8.0,88.0,"{'theme': 0.2, 'concept': 1.0, 'ladder': 0.9, 'seal': 1.0, 'time': 1.0, 'liq': 1.0, 'struct': 0.6}",涨停组: 商业零售方向/农业种植 2板 封单比38.2% 涨停时间09:30 题材内涨停2家 概念内涨停8家 驱动概念[农业种植] 成交4.5亿,商业零售+硬折扣+本地生活,2连板 换手承接量比0.63,"次日竞价与开盘承接: 高开幅度观察区间[-2%,+5%]; 开盘涨幅≤+3%且不破昨收-3%视为买点触发",昨收7.7,高位情绪兑现/次日低开大幅回撤/炸板断板/概念退潮,1
2026-09-08,2026-09-09,normal,nlu,600121.SH,郑州煤电,煤炭开采加工,煤炭概念,2.3691987883776466,3.0,86.67578125,"{'sector': 0.61703125, 'trend': 1.0, 'pos': 0.85, 'mom': 1.0, 'liq': 1.0, 'recog': 1.0}","非涨停组: 趋势结构多头(MA20>MA60且上行), 处于活跃板块[煤炭开采加工](当日涨幅分位92%, 板块涨停1家) 驱动概念[煤炭概念] 距60日高点12.8% 20日涨幅27.6%",板块[煤炭开采加工]轮动延续/资金承接/概念热度,收盘5.18 MA20上方 量比0.83,"次日开盘[-2%,+3%]为观察区间; 收盘站上max(开盘,昨收)视为买点触发",昨收5.18,板块退潮补跌/概念退潮/资金承接不足/持续阴跌,1
2026-09-08,2026-09-09,normal,nlu,600693.SH,东百集团,零售,物业管理,1.7937976966025948,8.0,85.08203125,"{'sector': 0.8032812500000002, 'trend': 1.0, 'pos': 0.6, 'mom': 1.0, 'liq': 1.0, 'recog': 1.0}","非涨停组: 趋势结构多头(MA20>MA60且上行), 处于活跃板块[零售](当日涨幅分位68%, 板块涨停4家) 驱动概念[物业管理] 距60日高点5.6% 20日涨幅16.1%",板块[零售]轮动延续/资金承接/概念热度,收盘11.52 MA20上方 量比0.99,"次日开盘[-2%,+3%]为观察区间; 收盘站上max(开盘,昨收)视为买点触发",昨收11.52,板块退潮补跌/概念退潮/资金承接不足/持续阴跌,1
2026-09-09,2026-09-10,defensive,lu,000759.SZ,中百集团,零售,免税店,0.4211638988215638,2.0,85.5,"{'theme': 0.2, 'concept': 0.6, 'ladder': 1.0, 'seal': 0.7, 'time': 1.0, 'liq': 1.0, 'struct': 1.0}",涨停组: 商业零售方向/免税店 3板 封单比10.9% 涨停时间09:33 题材内涨停2家 概念内涨停2家 驱动概念[免税店] 成交15.4亿,商业零售+硬折扣+本地生活,3连板 换手承接量比1.58,"次日竞价与开盘承接: 高开幅度观察区间[-2%,+5%]; 开盘涨幅≤+3%且不破昨收-3%视为买点触发",昨收8.47,高位情绪兑现/次日低开大幅回撤/炸板断板/概念退潮,1
2026-09-10,2026-09-11,defensive,lu,600744.SH,华银电力,电力,超超临界发电,-0.37013177087104054,2.0,73.5,"{'theme': 0.2, 'concept': 0.6, 'ladder': 0.55, 'seal': 0.7, 'time': 0.85, 'liq': 1.0, 'struct': 1.0}",涨停组: 电力方向/超超临界发电 1板 封单比10.7% 涨停时间10:09 题材内涨停2家 概念内涨停2家 驱动概念[超超临界发电] 成交13.4亿,电力+新能源+央企,1连板 换手承接量比2.35,"次日竞价与开盘承接: 高开幅度观察区间[-2%,+5%]; 开盘涨幅≤+3%且不破昨收-3%视为买点触发",昨收7.0,高位情绪兑现/次日低开大幅回撤/炸板断板/概念退潮,1
2026-09-10,2026-09-11,defensive,lu,600644.SH,乐山电力,电力,虚拟电厂,-0.37943062629499646,4.0,72.5,"{'theme': 0.2, 'concept': 1.0, 'ladder': 0.55, 'seal': 0.7, 'time': 0.5, 'liq': 1.0, 'struct': 1.0}",涨停组: 电力方向/虚拟电厂 1板 封单比8.5% 涨停时间13:17 题材内涨停2家 概念内涨停4家 驱动概念[虚拟电厂] 成交7.6亿,电力+虚拟电厂+水电,1连板 换手承接量比2.60,"次日竞价与开盘承接: 高开幅度观察区间[-2%,+5%]; 开盘涨幅≤+3%且不破昨收-3%视为买点触发",昨收10.12,高位情绪兑现/次日低开大幅回撤/炸板断板/概念退潮,1
