T,T1,regime,group,thscode,name,industry,score,factors,reason,catalyst,tech,watch,watch_range,risk,priority
2026-01-05,2026-01-06,aggressive,lu,002925.SZ,盈趣科技,消费电子,93.25,"{'theme': 1.0, 'ladder': 0.55, 'seal': 1.0, 'time': 1.0, 'liq': 1.0, 'struct': 1.0}",涨停组: 脑机接口方向 1板 封单比25.4% 涨停时间09:30 题材内涨停29家 成交4.3亿,脑机接口+机器人+智能制造+摩尔线程,1连板 换手承接量比1.81,"次日竞价与开盘承接: 高开幅度观察区间[-2%,+5%]; 开盘涨幅≤+3%且不破昨收-3%视为买点触发",昨收18.63,高位情绪兑现/次日低开大幅回撤/炸板断板,1
2026-01-05,2026-01-06,aggressive,lu,300753.SZ,爱朋医疗,医疗器械,93.25,"{'theme': 1.0, 'ladder': 0.55, 'seal': 1.0, 'time': 1.0, 'liq': 1.0, 'struct': 1.0}",涨停组: 脑机接口方向 1板 封单比19.8% 涨停时间09:44 题材内涨停29家 成交6.2亿,脑机接口+ADHD系统+疼痛管理,1连板 换手承接量比2.11,"次日竞价与开盘承接: 高开幅度观察区间[-2%,+5%]; 开盘涨幅≤+3%且不破昨收-3%视为买点触发",昨收33.3,高位情绪兑现/次日低开大幅回撤/炸板断板,1
2026-01-05,2026-01-06,aggressive,nlu,000975.SZ,山金国际,贵金属,94.0625,"{'sector': 0.853125, 'trend': 1.0, 'pos': 1.0, 'mom': 1.0, 'liq': 1.0, 'recog': 0.85}","非涨停组: 趋势结构多头(MA20>MA60且上行), 处于活跃板块[贵金属](当日涨幅分位94%, 板块涨停2家) 距60日高点4.7% 20日涨幅12.7%",板块[贵金属]轮动延续/资金承接,收盘24.26 MA20上方 量比1.05,"次日开盘[-2%,+3%]为观察区间; 收盘站上max(开盘,昨收)视为买点触发",昨收24.26,板块退潮补跌/资金承接不足/持续阴跌,1
2026-01-05,2026-01-06,aggressive,nlu,300416.SZ,苏试试验,其他社会服务,93.43125,"{'sector': 0.8215625, 'trend': 1.0, 'pos': 1.0, 'mom': 1.0, 'liq': 1.0, 'recog': 0.85}","非涨停组: 趋势结构多头(MA20>MA60且上行), 处于活跃板块[其他社会服务](当日涨幅分位81%, 板块涨停3家) 距60日高点3.3% 20日涨幅15.7%",板块[其他社会服务]轮动延续/资金承接,收盘18.10 MA20上方 量比1.06,"次日开盘[-2%,+3%]为观察区间; 收盘站上max(开盘,昨收)视为买点触发",昨收18.10,板块退潮补跌/资金承接不足/持续阴跌,1
2026-01-06,2026-01-07,aggressive,lu,600266.SH,城建发展,房地产,100.0,"{'theme': 1.0, 'ladder': 1.0, 'seal': 1.0, 'time': 1.0, 'liq': 1.0, 'struct': 1.0}",涨停组: 商业航天方向 3板 封单比16.3% 涨停时间09:31 题材内涨停12家 成交7.6亿,商业航天+北京国资+房地产,3连板 换手承接量比1.11,"次日竞价与开盘承接: 高开幅度观察区间[-2%,+5%]; 开盘涨幅≤+3%且不破昨收-3%视为买点触发",昨收6.14,高位情绪兑现/次日低开大幅回撤/炸板断板,1
2026-01-06,2026-01-07,aggressive,lu,002925.SZ,盈趣科技,消费电子,98.5,"{'theme': 1.0, 'ladder': 0.9, 'seal': 1.0, 'time': 1.0, 'liq': 1.0, 'struct': 1.0}",涨停组: 脑机接口方向 2板 封单比42.8% 涨停时间09:25 题材内涨停17家 成交4.7亿,脑机接口+机器人+智能制造+摩尔线程,2连板 换手承接量比1.50,"次日竞价与开盘承接: 高开幅度观察区间[-2%,+5%]; 开盘涨幅≤+3%且不破昨收-3%视为买点触发",昨收20.49,高位情绪兑现/次日低开大幅回撤/炸板断板,1
2026-01-06,2026-01-07,aggressive,nlu,600850.SH,电科数字,IT服务,94.45,"{'sector': 0.8725, 'trend': 1.0, 'pos': 1.0, 'mom': 1.0, 'liq': 1.0, 'recog': 0.85}","非涨停组: 趋势结构多头(MA20>MA60且上行), 处于活跃板块[IT服务](当日涨幅分位78%, 板块涨停4家) 距60日高点4.4% 20日涨幅15.6%",板块[IT服务]轮动延续/资金承接,收盘24.55 MA20上方 量比1.02,"次日开盘[-2%,+3%]为观察区间; 收盘站上max(开盘,昨收)视为买点触发",昨收24.55,板块退潮补跌/资金承接不足/持续阴跌,1
2026-01-06,2026-01-07,aggressive,nlu,688709.SH,成都华微,半导体,94.16875,"{'sector': 0.8584375, 'trend': 1.0, 'pos': 1.0, 'mom': 1.0, 'liq': 1.0, 'recog': 0.85}","非涨停组: 趋势结构多头(MA20>MA60且上行), 处于活跃板块[半导体](当日涨幅分位75%, 板块涨停3家) 距60日高点5.9% 20日涨幅28.4%",板块[半导体]轮动延续/资金承接,收盘49.32 MA20上方 量比1.27,"次日开盘[-2%,+3%]为观察区间; 收盘站上max(开盘,昨收)视为买点触发",昨收49.32,板块退潮补跌/资金承接不足/持续阴跌,1
2026-01-07,2026-01-08,defensive,lu,603125.SH,常青科技,化学制品,84.25,"{'theme': 0.8, 'ladder': 0.55, 'seal': 1.0, 'time': 1.0, 'liq': 0.6, 'struct': 1.0}",涨停组: 光刻胶方向 1板 封单比41.5% 涨停时间09:39 题材内涨停5家 成交2.0亿,光刻胶+风电+特种单体,1连板 换手承接量比2.22,"次日竞价与开盘承接: 高开幅度观察区间[-2%,+5%]; 开盘涨幅≤+3%且不破昨收-3%视为买点触发",昨收18.74,高位情绪兑现/次日低开大幅回撤/炸板断板,1
2026-01-07,2026-01-08,defensive,lu,603015.SH,弘讯科技,自动化设备,79.25,"{'theme': 0.6, 'ladder': 0.55, 'seal': 1.0, 'time': 1.0, 'liq': 0.6, 'struct': 1.0}",涨停组: 可控核聚变方向 1板 封单比21.6% 涨停时间09:43 题材内涨停4家 成交2.9亿,可控核聚变+注塑机控制+芯片概念,1连板 换手承接量比1.48,"次日竞价与开盘承接: 高开幅度观察区间[-2%,+5%]; 开盘涨幅≤+3%且不破昨收-3%视为买点触发",昨收14.14,高位情绪兑现/次日低开大幅回撤/炸板断板,1
2026-01-07,2026-01-08,defensive,nlu,688709.SH,成都华微,半导体,96.23125,"{'sector': 0.9615625, 'trend': 1.0, 'pos': 1.0, 'mom': 1.0, 'liq': 1.0, 'recog': 0.85}","非涨停组: 趋势结构多头(MA20>MA60且上行), 处于活跃板块[半导体](当日涨幅分位94%, 板块涨停3家) 距60日高点7.8% 20日涨幅20.7%",板块[半导体]轮动延续/资金承接,收盘48.33 MA20上方 量比0.84,"次日开盘[-2%,+3%]为观察区间; 收盘站上max(开盘,昨收)视为买点触发",昨收48.33,板块退潮补跌/资金承接不足/持续阴跌,1
2026-01-08,2026-01-09,normal,lu,001400.SZ,江顺科技,专用设备,94.0,"{'theme': 1.0, 'ladder': 1.0, 'seal': 0.7, 'time': 1.0, 'liq': 1.0, 'struct': 1.0}",涨停组: 商业航天方向 3板 封单比10.9% 涨停时间09:35 题材内涨停18家 成交3.1亿,商业航天+液冷服务器+铝挤压模具,3连板 换手承接量比0.84,"次日竞价与开盘承接: 高开幅度观察区间[-2%,+5%]; 开盘涨幅≤+3%且不破昨收-3%视为买点触发",昨收103.26,高位情绪兑现/次日低开大幅回撤/炸板断板,1
2026-01-08,2026-01-09,normal,lu,601399.SH,国机重装,专用设备,92.5,"{'theme': 1.0, 'ladder': 0.9, 'seal': 0.7, 'time': 1.0, 'liq': 1.0, 'struct': 1.0}",涨停组: 可控核聚变方向 2板 封单比14.8% 涨停时间09:34 题材内涨停6家 成交15.5亿,可控核聚变+工业母机+央企,2连板 换手承接量比0.85,"次日竞价与开盘承接: 高开幅度观察区间[-2%,+5%]; 开盘涨幅≤+3%且不破昨收-3%视为买点触发",昨收6.06,高位情绪兑现/次日低开大幅回撤/炸板断板,1
2026-01-08,2026-01-09,normal,nlu,002414.SZ,高德红外,军工电子,96.80625,"{'sector': 0.9903125, 'trend': 1.0, 'pos': 1.0, 'mom': 1.0, 'liq': 1.0, 'recog': 0.85}","非涨停组: 趋势结构多头(MA20>MA60且上行), 处于活跃板块[军工电子](当日涨幅分位98%, 板块涨停5家) 距60日高点4.4% 20日涨幅28.3%",板块[军工电子]轮动延续/资金承接,收盘16.15 MA20上方 量比0.89,"次日开盘[-2%,+3%]为观察区间; 收盘站上max(开盘,昨收)视为买点触发",昨收16.15,板块退潮补跌/资金承接不足/持续阴跌,1
2026-01-08,2026-01-09,normal,nlu,002829.SZ,星网宇达,军工装备,96.75625,"{'sector': 0.9878125, 'trend': 1.0, 'pos': 1.0, 'mom': 1.0, 'liq': 1.0, 'recog': 0.85}","非涨停组: 趋势结构多头(MA20>MA60且上行), 处于活跃板块[军工装备](当日涨幅分位99%, 板块涨停7家) 距60日高点4.3% 20日涨幅16.3%",板块[军工装备]轮动延续/资金承接,收盘32.35 MA20上方 量比0.86,"次日开盘[-2%,+3%]为观察区间; 收盘站上max(开盘,昨收)视为买点触发",昨收32.35,板块退潮补跌/资金承接不足/持续阴跌,1
2026-01-09,2026-01-12,aggressive,lu,002519.SZ,银河电子,军工电子,94.0,"{'theme': 1.0, 'ladder': 0.6, 'seal': 1.0, 'time': 1.0, 'liq': 1.0, 'struct': 1.0}",涨停组: 商业航天方向 5板 封单比37.9% 涨停时间09:31 题材内涨停16家 成交7.8亿,商业航天+军工电子+储能,5连板 换手承接量比0.83,"次日竞价与开盘承接: 高开幅度观察区间[-2%,+5%]; 开盘涨幅≤+3%且不破昨收-3%视为买点触发",昨收10.43,高位情绪兑现/次日低开大幅回撤/炸板断板,1
2026-01-09,2026-01-12,aggressive,lu,001400.SZ,江顺科技,专用设备,88.0,"{'theme': 1.0, 'ladder': 0.8, 'seal': 0.7, 'time': 0.85, 'liq': 1.0, 'struct': 1.0}",涨停组: 商业航天方向 4板 封单比10.3% 涨停时间09:49 题材内涨停16家 成交4.4亿,商业航天+液冷服务器+铝挤压模具,4连板 换手承接量比1.05,"次日竞价与开盘承接: 高开幅度观察区间[-2%,+5%]; 开盘涨幅≤+3%且不破昨收-3%视为买点触发",昨收113.59,高位情绪兑现/次日低开大幅回撤/炸板断板,1
2026-01-09,2026-01-12,aggressive,nlu,300347.SZ,泰格医药,医疗服务,96.19375,"{'sector': 0.9596875, 'trend': 1.0, 'pos': 1.0, 'mom': 1.0, 'liq': 1.0, 'recog': 0.85}","非涨停组: 趋势结构多头(MA20>MA60且上行), 处于活跃板块[医疗服务](当日涨幅分位93%, 板块涨停4家) 距60日高点2.7% 20日涨幅20.6%",板块[医疗服务]轮动延续/资金承接,收盘60.02 MA20上方 量比1.14,"次日开盘[-2%,+3%]为观察区间; 收盘站上max(开盘,昨收)视为买点触发",昨收60.02,板块退潮补跌/资金承接不足/持续阴跌,1
2026-01-09,2026-01-12,aggressive,nlu,688158.SH,优刻得-W,IT服务,95.69375,"{'sector': 0.9346875, 'trend': 1.0, 'pos': 1.0, 'mom': 1.0, 'liq': 1.0, 'recog': 0.85}","非涨停组: 趋势结构多头(MA20>MA60且上行), 处于活跃板块[IT服务](当日涨幅分位92%, 板块涨停4家) 距60日高点4.4% 20日涨幅24.5%",板块[IT服务]轮动延续/资金承接,收盘30.10 MA20上方 量比1.05,"次日开盘[-2%,+3%]为观察区间; 收盘站上max(开盘,昨收)视为买点触发",昨收30.10,板块退潮补跌/资金承接不足/持续阴跌,1
2026-01-12,2026-01-13,aggressive,lu,300244.SZ,迪安诊断,医疗服务,92.5,"{'theme': 1.0, 'ladder': 0.9, 'seal': 0.7, 'time': 1.0, 'liq': 1.0, 'struct': 1.0}",涨停组: AI智能体方向 2板 封单比11.1% 涨停时间09:30 题材内涨停21家 成交13.8亿,AI智能体+AI医疗+诊断服务,2连板 换手承接量比1.00,"次日竞价与开盘承接: 高开幅度观察区间[-2%,+5%]; 开盘涨幅≤+3%且不破昨收-3%视为买点触发",昨收26.06,高位情绪兑现/次日低开大幅回撤/炸板断板,1
2026-01-12,2026-01-13,aggressive,lu,601106.SH,中国一重,专用设备,91.0,"{'theme': 1.0, 'ladder': 0.8, 'seal': 0.7, 'time': 1.0, 'liq': 1.0, 'struct': 1.0}",涨停组: 商业航天方向 4板 封单比12.0% 涨停时间09:37 题材内涨停34家 成交22.4亿,商业航天+可控核聚变+资产出售,4连板 换手承接量比1.45,"次日竞价与开盘承接: 高开幅度观察区间[-2%,+5%]; 开盘涨幅≤+3%且不破昨收-3%视为买点触发",昨收5.95,高位情绪兑现/次日低开大幅回撤/炸板断板,1
2026-01-12,2026-01-13,aggressive,nlu,600893.SH,航发动力,军工装备,96.0875,"{'sector': 0.954375, 'trend': 1.0, 'pos': 1.0, 'mom': 1.0, 'liq': 1.0, 'recog': 0.85}","非涨停组: 趋势结构多头(MA20>MA60且上行), 处于活跃板块[军工装备](当日涨幅分位92%, 板块涨停4家) 距60日高点2.0% 20日涨幅23.4%",板块[军工装备]轮动延续/资金承接,收盘44.86 MA20上方 量比1.05,"次日开盘[-2%,+3%]为观察区间; 收盘站上max(开盘,昨收)视为买点触发",昨收44.86,板块退潮补跌/资金承接不足/持续阴跌,1
2026-01-12,2026-01-13,aggressive,nlu,600936.SH,北投科技,IT服务,95.6875,"{'sector': 0.9843749999999999, 'trend': 1.0, 'pos': 1.0, 'mom': 1.0, 'liq': 0.6, 'recog': 1.0}","非涨停组: 趋势结构多头(MA20>MA60且上行), 处于活跃板块[IT服务](当日涨幅分位98%, 板块涨停11家) 距60日高点6.7% 20日涨幅26.2%",板块[IT服务]轮动延续/资金承接,收盘4.72 MA20上方 量比0.89,"次日开盘[-2%,+3%]为观察区间; 收盘站上max(开盘,昨收)视为买点触发",昨收4.72,板块退潮补跌/资金承接不足/持续阴跌,1
2026-01-13,2026-01-14,defensive,lu,601992.SH,金隅集团,建筑材料,93.5,"{'theme': 0.8, 'ladder': 0.9, 'seal': 1.0, 'time': 1.0, 'liq': 1.0, 'struct': 1.0}",涨停组: 商业航天方向 2板 封单比86.1% 涨停时间09:30 题材内涨停5家 成交3.9亿,商业航天+可控核聚变+北京国资,2连板 换手承接量比1.10,"次日竞价与开盘承接: 高开幅度观察区间[-2%,+5%]; 开盘涨幅≤+3%且不破昨收-3%视为买点触发",昨收2.13,高位情绪兑现/次日低开大幅回撤/炸板断板,1
2026-01-13,2026-01-14,defensive,lu,002219.SZ,新里程,医疗服务,83.25,"{'theme': 0.6, 'ladder': 0.55, 'seal': 1.0, 'time': 1.0, 'liq': 1.0, 'struct': 1.0}",涨停组: AI医疗方向 1板 封单比21.5% 涨停时间09:30 题材内涨停4家 成交5.2亿,AI医疗+银发经济+资产注入+医疗服务,1连板 换手承接量比2.13,"次日竞价与开盘承接: 高开幅度观察区间[-2%,+5%]; 开盘涨幅≤+3%且不破昨收-3%视为买点触发",昨收2.5,高位情绪兑现/次日低开大幅回撤/炸板断板,1
2026-01-13,2026-01-14,defensive,nlu,002821.SZ,凯莱英,医疗服务,96.84375,"{'sector': 0.9921875, 'trend': 1.0, 'pos': 1.0, 'mom': 1.0, 'liq': 1.0, 'recog': 0.85}","非涨停组: 趋势结构多头(MA20>MA60且上行), 处于活跃板块[医疗服务](当日涨幅分位99%, 板块涨停11家) 距60日高点4.5% 20日涨幅12.5%",板块[医疗服务]轮动延续/资金承接,收盘104.96 MA20上方 量比1.20,"次日开盘[-2%,+3%]为观察区间; 收盘站上max(开盘,昨收)视为买点触发",昨收104.96,板块退潮补跌/资金承接不足/持续阴跌,1
2026-01-14,2026-01-15,normal,lu,600662.SH,外服控股,其他社会服务,98.5,"{'theme': 1.0, 'ladder': 0.9, 'seal': 1.0, 'time': 1.0, 'liq': 1.0, 'struct': 1.0}",涨停组: AI应用方向 2板 封单比23.7% 涨停时间09:38 题材内涨停7家 成交4.6亿,AI应用+人力资源服务+上海国企改革,2连板 换手承接量比2.40,"次日竞价与开盘承接: 高开幅度观察区间[-2%,+5%]; 开盘涨幅≤+3%且不破昨收-3%视为买点触发",昨收6.25,高位情绪兑现/次日低开大幅回撤/炸板断板,1
2026-01-14,2026-01-15,normal,lu,002879.SZ,长缆科技,电网设备,93.25,"{'theme': 1.0, 'ladder': 0.55, 'seal': 1.0, 'time': 1.0, 'liq': 1.0, 'struct': 1.0}",涨停组: 商业航天方向 1板 封单比23.2% 涨停时间09:25 题材内涨停11家 成交3.0亿,商业航天+超高压电缆+液冷+股份支付费用冲回,1连板 换手承接量比1.15,"次日竞价与开盘承接: 高开幅度观察区间[-2%,+5%]; 开盘涨幅≤+3%且不破昨收-3%视为买点触发",昨收20.76,高位情绪兑现/次日低开大幅回撤/炸板断板,1
2026-01-14,2026-01-15,normal,nlu,300678.SZ,中科信息,IT服务,96.63125,"{'sector': 0.9815625, 'trend': 1.0, 'pos': 1.0, 'mom': 1.0, 'liq': 1.0, 'recog': 0.85}","非涨停组: 趋势结构多头(MA20>MA60且上行), 处于活跃板块[IT服务](当日涨幅分位97%, 板块涨停8家) 距60日高点4.9% 20日涨幅25.0%",板块[IT服务]轮动延续/资金承接,收盘36.53 MA20上方 量比1.01,"次日开盘[-2%,+3%]为观察区间; 收盘站上max(开盘,昨收)视为买点触发",昨收36.53,板块退潮补跌/资金承接不足/持续阴跌,1
2026-01-14,2026-01-15,normal,nlu,300347.SZ,泰格医药,医疗服务,95.76249999999999,"{'sector': 0.9381249999999999, 'trend': 1.0, 'pos': 1.0, 'mom': 1.0, 'liq': 1.0, 'recog': 0.85}","非涨停组: 趋势结构多头(MA20>MA60且上行), 处于活跃板块[医疗服务](当日涨幅分位89%, 板块涨停3家) 距60日高点3.1% 20日涨幅27.8%",板块[医疗服务]轮动延续/资金承接,收盘62.82 MA20上方 量比1.16,"次日开盘[-2%,+3%]为观察区间; 收盘站上max(开盘,昨收)视为买点触发",昨收62.82,板块退潮补跌/资金承接不足/持续阴跌,1
2026-01-15,2026-01-16,defensive,lu,600662.SH,外服控股,其他社会服务,68.0,"{'theme': 0.2, 'ladder': 1.0, 'seal': 0.4, 'time': 1.0, 'liq': 1.0, 'struct': 1.0}",涨停组: AI应用方向 3板 封单比5.2% 涨停时间09:30 题材内涨停2家 成交9.9亿,AI应用+人力资源服务+上海国企改革,3连板 换手承接量比2.49,"次日竞价与开盘承接: 高开幅度观察区间[-2%,+5%]; 开盘涨幅≤+3%且不破昨收-3%视为买点触发",昨收6.88,高位情绪兑现/次日低开大幅回撤/炸板断板,1
2026-01-15,2026-01-16,defensive,lu,603023.SH,威帝股份,汽车零部件,65.25,"{'theme': 0.2, 'ladder': 0.55, 'seal': 1.0, 'time': 1.0, 'liq': 0.6, 'struct': 0.6}",涨停组: 重大资产重组方向 1板 封单比76.6% 涨停时间09:35 题材内涨停2家 成交1.8亿,重大资产重组+乘用车拓展+无人驾驶+国企改革,1连板 换手承接量比0.74,"次日竞价与开盘承接: 高开幅度观察区间[-2%,+5%]; 开盘涨幅≤+3%且不破昨收-3%视为买点触发",昨收5.94,高位情绪兑现/次日低开大幅回撤/炸板断板,1
2026-01-15,2026-01-16,defensive,nlu,000792.SZ,盐湖股份,农化制品,91.74375,"{'sector': 0.8871875, 'trend': 1.0, 'pos': 1.0, 'mom': 0.7, 'liq': 1.0, 'recog': 0.85}","非涨停组: 趋势结构多头(MA20>MA60且上行), 处于活跃板块[农化制品](当日涨幅分位95%, 板块涨停3家) 距60日高点3.4% 20日涨幅34.4%",板块[农化制品]轮动延续/资金承接,收盘33.62 MA20上方 量比0.80,"次日开盘[-2%,+3%]为观察区间; 收盘站上max(开盘,昨收)视为买点触发",昨收33.62,板块退潮补跌/资金承接不足/持续阴跌,1
2026-01-16,2026-01-19,defensive,lu,002339.SZ,积成电子,电网设备,90.25,"{'theme': 1.0, 'ladder': 0.55, 'seal': 1.0, 'time': 0.85, 'liq': 1.0, 'struct': 1.0}",涨停组: 电网设备方向 1板 封单比26.6% 涨停时间10:24 题材内涨停6家 成交7.2亿,电网设备+中标+特高压,1连板 换手承接量比1.58,"次日竞价与开盘承接: 高开幅度观察区间[-2%,+5%]; 开盘涨幅≤+3%且不破昨收-3%视为买点触发",昨收10.36,高位情绪兑现/次日低开大幅回撤/炸板断板,1
2026-01-16,2026-01-19,defensive,lu,603638.SH,艾迪精密,工程机械,87.25,"{'theme': 1.0, 'ladder': 0.55, 'seal': 1.0, 'time': 0.7, 'liq': 1.0, 'struct': 1.0}",涨停组: 人形机器人方向 1板 封单比17.2% 涨停时间10:36 题材内涨停7家 成交3.3亿,人形机器人+RV减速机+储能,1连板 换手承接量比1.97,"次日竞价与开盘承接: 高开幅度观察区间[-2%,+5%]; 开盘涨幅≤+3%且不破昨收-3%视为买点触发",昨收21.27,高位情绪兑现/次日低开大幅回撤/炸板断板,1
2026-01-16,2026-01-19,defensive,nlu,002281.SZ,光迅科技,通信设备,92.69375,"{'sector': 0.6346875, 'trend': 1.0, 'pos': 1.0, 'mom': 1.0, 'liq': 1.0, 'recog': 1.0}","非涨停组: 趋势结构多头(MA20>MA60且上行), 处于活跃板块[通信设备](当日涨幅分位77%, 板块涨停1家) 距60日高点5.5% 20日涨幅11.5%",板块[通信设备]轮动延续/资金承接,收盘76.50 MA20上方 量比0.82,"次日开盘[-2%,+3%]为观察区间; 收盘站上max(开盘,昨收)视为买点触发",昨收76.50,板块退潮补跌/资金承接不足/持续阴跌,1
2026-01-19,2026-01-20,normal,lu,601616.SH,广电电气,电网设备,98.5,"{'theme': 1.0, 'ladder': 0.9, 'seal': 1.0, 'time': 1.0, 'liq': 1.0, 'struct': 1.0}",涨停组: 电网设备方向 2板 封单比17.9% 涨停时间09:31 题材内涨停6家 成交6.5亿,电网设备+数据中心+出口,2连板 换手承接量比1.62,"次日竞价与开盘承接: 高开幅度观察区间[-2%,+5%]; 开盘涨幅≤+3%且不破昨收-3%视为买点触发",昨收5.04,高位情绪兑现/次日低开大幅回撤/炸板断板,1
2026-01-19,2026-01-20,normal,lu,002339.SZ,积成电子,电网设备,98.5,"{'theme': 1.0, 'ladder': 0.9, 'seal': 1.0, 'time': 1.0, 'liq': 1.0, 'struct': 1.0}",涨停组: 电网设备方向 2板 封单比15.3% 涨停时间09:34 题材内涨停6家 成交7.5亿,电网设备+中标+特高压,2连板 换手承接量比1.35,"次日竞价与开盘承接: 高开幅度观察区间[-2%,+5%]; 开盘涨幅≤+3%且不破昨收-3%视为买点触发",昨收11.4,高位情绪兑现/次日低开大幅回撤/炸板断板,1
2026-01-19,2026-01-20,normal,nlu,002707.SZ,众信旅游,旅游及酒店,96.9125,"{'sector': 0.8456250000000001, 'trend': 1.0, 'pos': 1.0, 'mom': 1.0, 'liq': 1.0, 'recog': 1.0}","非涨停组: 趋势结构多头(MA20>MA60且上行), 处于活跃板块[旅游及酒店](当日涨幅分位93%, 板块涨停2家) 距60日高点7.8% 20日涨幅19.4%",板块[旅游及酒店]轮动延续/资金承接,收盘8.38 MA20上方 量比1.08,"次日开盘[-2%,+3%]为观察区间; 收盘站上max(开盘,昨收)视为买点触发",昨收8.38,板块退潮补跌/资金承接不足/持续阴跌,1
2026-01-19,2026-01-20,normal,nlu,000792.SZ,盐湖股份,农化制品,93.925,"{'sector': 0.84625, 'trend': 1.0, 'pos': 1.0, 'mom': 1.0, 'liq': 1.0, 'recog': 0.85}","非涨停组: 趋势结构多头(MA20>MA60且上行), 处于活跃板块[农化制品](当日涨幅分位92%, 板块涨停2家) 距60日高点4.0% 20日涨幅26.3%",板块[农化制品]轮动延续/资金承接,收盘33.42 MA20上方 量比0.60,"次日开盘[-2%,+3%]为观察区间; 收盘站上max(开盘,昨收)视为买点触发",昨收33.42,板块退潮补跌/资金承接不足/持续阴跌,1
2026-01-20,2026-01-21,defensive,lu,601616.SH,广电电气,电网设备,85.0,"{'theme': 0.4, 'ladder': 1.0, 'seal': 1.0, 'time': 1.0, 'liq': 1.0, 'struct': 1.0}",涨停组: 电网设备方向 3板 封单比45.4% 涨停时间09:30 题材内涨停3家 成交4.0亿,电网设备+数据中心+出口,3连板 换手承接量比0.90,"次日竞价与开盘承接: 高开幅度观察区间[-2%,+5%]; 开盘涨幅≤+3%且不破昨收-3%视为买点触发",昨收5.54,高位情绪兑现/次日低开大幅回撤/炸板断板,1
2026-01-20,2026-01-21,defensive,lu,002165.SZ,红宝丽,化学制品,75.25,"{'theme': 0.4, 'ladder': 0.55, 'seal': 1.0, 'time': 0.85, 'liq': 1.0, 'struct': 1.0}",涨停组: 环氧丙烷方向 1板 封单比25.5% 涨停时间10:08 题材内涨停3家 成交7.3亿,环氧丙烷+硬泡聚醚+异丙醇胺,1连板 换手承接量比2.13,"次日竞价与开盘承接: 高开幅度观察区间[-2%,+5%]; 开盘涨幅≤+3%且不破昨收-3%视为买点触发",昨收8.72,高位情绪兑现/次日低开大幅回撤/炸板断板,1
2026-01-20,2026-01-21,defensive,nlu,002601.SZ,龙佰集团,化学原料,95.975,"{'sector': 0.94875, 'trend': 1.0, 'pos': 1.0, 'mom': 1.0, 'liq': 1.0, 'recog': 0.85}","非涨停组: 趋势结构多头(MA20>MA60且上行), 处于活跃板块[化学原料](当日涨幅分位95%, 板块涨停3家) 距60日高点2.5% 20日涨幅12.7%",板块[化学原料]轮动延续/资金承接,收盘20.67 MA20上方 量比1.20,"次日开盘[-2%,+3%]为观察区间; 收盘站上max(开盘,昨收)视为买点触发",昨收20.67,板块退潮补跌/资金承接不足/持续阴跌,1
2026-01-21,2026-01-22,aggressive,lu,002809.SZ,红墙股份,化学制品,78.5,"{'theme': 0.2, 'ladder': 0.9, 'seal': 1.0, 'time': 1.0, 'liq': 1.0, 'struct': 1.0}",涨停组: 环氧丙烷方向 2板 封单比16.9% 涨停时间09:30 题材内涨停2家 成交3.6亿,环氧丙烷+化工+装配式建筑,2连板 换手承接量比2.45,"次日竞价与开盘承接: 高开幅度观察区间[-2%,+5%]; 开盘涨幅≤+3%且不破昨收-3%视为买点触发",昨收13.31,高位情绪兑现/次日低开大幅回撤/炸板断板,1
2026-01-21,2026-01-22,aggressive,lu,301031.SZ,中熔电气,其他电子,78.25,"{'theme': 0.4, 'ladder': 0.55, 'seal': 1.0, 'time': 1.0, 'liq': 1.0, 'struct': 1.0}",涨停组: 2025年报预增方向 1板 封单比30.3% 涨停时间09:30 题材内涨停3家 成交7.2亿,2025年报预增+储能+数据中心+熔断器龙头,1连板 换手承接量比1.24,"次日竞价与开盘承接: 高开幅度观察区间[-2%,+5%]; 开盘涨幅≤+3%且不破昨收-3%视为买点触发",昨收143.4,高位情绪兑现/次日低开大幅回撤/炸板断板,1
2026-01-21,2026-01-22,aggressive,nlu,002130.SZ,沃尔核材,其他电子,98.66875,"{'sector': 0.9334375, 'trend': 1.0, 'pos': 1.0, 'mom': 1.0, 'liq': 1.0, 'recog': 1.0}","非涨停组: 趋势结构多头(MA20>MA60且上行), 处于活跃板块[其他电子](当日涨幅分位92%, 板块涨停3家) 距60日高点3.1% 20日涨幅16.6%",板块[其他电子]轮动延续/资金承接,收盘30.65 MA20上方 量比0.85,"次日开盘[-2%,+3%]为观察区间; 收盘站上max(开盘,昨收)视为买点触发",昨收30.65,板块退潮补跌/资金承接不足/持续阴跌,1
2026-01-21,2026-01-22,aggressive,nlu,603728.SH,鸣志电器,电机,96.2375,"{'sector': 0.961875, 'trend': 1.0, 'pos': 1.0, 'mom': 1.0, 'liq': 1.0, 'recog': 0.85}","非涨停组: 趋势结构多头(MA20>MA60且上行), 处于活跃板块[电机](当日涨幅分位94%, 板块涨停3家) 距60日高点2.0% 20日涨幅18.5%",板块[电机]轮动延续/资金承接,收盘76.28 MA20上方 量比0.97,"次日开盘[-2%,+3%]为观察区间; 收盘站上max(开盘,昨收)视为买点触发",昨收76.28,板块退潮补跌/资金承接不足/持续阴跌,1
2026-01-22,2026-01-23,normal,lu,002342.SZ,巨力索具,通用设备,94.5,"{'theme': 1.0, 'ladder': 0.9, 'seal': 1.0, 'time': 1.0, 'liq': 1.0, 'struct': 0.6}",涨停组: 商业航天方向 2板 封单比17.3% 涨停时间09:31 题材内涨停8家 成交12.7亿,商业航天+深海系泊+索具龙头,2连板 换手承接量比0.71,"次日竞价与开盘承接: 高开幅度观察区间[-2%,+5%]; 开盘涨幅≤+3%且不破昨收-3%视为买点触发",昨收12.31,高位情绪兑现/次日低开大幅回撤/炸板断板,1
2026-01-22,2026-01-23,normal,lu,002297.SZ,博云新材,军工装备,87.25,"{'theme': 1.0, 'ladder': 0.55, 'seal': 1.0, 'time': 0.7, 'liq': 1.0, 'struct': 1.0}",涨停组: 商业航天方向 1板 封单比19.4% 涨停时间10:36 题材内涨停8家 成交8.1亿,商业航天+C919+湖南国资+硬质合金,1连板 换手承接量比1.21,"次日竞价与开盘承接: 高开幅度观察区间[-2%,+5%]; 开盘涨幅≤+3%且不破昨收-3%视为买点触发",昨收13.13,高位情绪兑现/次日低开大幅回撤/炸板断板,1
2026-01-22,2026-01-23,normal,nlu,600316.SH,洪都航空,军工装备,92.175,"{'sector': 0.90875, 'trend': 1.0, 'pos': 1.0, 'mom': 0.7, 'liq': 1.0, 'recog': 0.85}","非涨停组: 趋势结构多头(MA20>MA60且上行), 处于活跃板块[军工装备](当日涨幅分位98%, 板块涨停4家) 距60日高点5.4% 20日涨幅33.1%",板块[军工装备]轮动延续/资金承接,收盘40.97 MA20上方 量比0.72,"次日开盘[-2%,+3%]为观察区间; 收盘站上max(开盘,昨收)视为买点触发",昨收40.97,板块退潮补跌/资金承接不足/持续阴跌,1
2026-01-22,2026-01-23,normal,nlu,002138.SZ,顺络电子,元件,90.825,"{'sector': 0.9412499999999999, 'trend': 1.0, 'pos': 1.0, 'mom': 1.0, 'liq': 1.0, 'recog': 0.6}","非涨停组: 趋势结构多头(MA20>MA60且上行), 处于活跃板块[元件](当日涨幅分位92%, 板块涨停5家) 距60日高点5.8% 20日涨幅14.5%",板块[元件]轮动延续/资金承接,收盘38.98 MA20上方 量比0.89,"次日开盘[-2%,+3%]为观察区间; 收盘站上max(开盘,昨收)视为买点触发",昨收38.98,板块退潮补跌/资金承接不足/持续阴跌,1
2026-01-23,2026-01-26,aggressive,lu,002342.SZ,巨力索具,通用设备,96.0,"{'theme': 1.0, 'ladder': 1.0, 'seal': 1.0, 'time': 1.0, 'liq': 1.0, 'struct': 0.6}",涨停组: 商业航天方向 3板 封单比29.9% 涨停时间09:30 题材内涨停20家 成交9.2亿,商业航天+深海系泊+索具龙头,3连板 换手承接量比0.43,"次日竞价与开盘承接: 高开幅度观察区间[-2%,+5%]; 开盘涨幅≤+3%且不破昨收-3%视为买点触发",昨收13.54,高位情绪兑现/次日低开大幅回撤/炸板断板,1
2026-01-23,2026-01-26,aggressive,lu,001316.SZ,润贝航科,石油加工贸易,95.5,"{'theme': 1.0, 'ladder': 0.9, 'seal': 1.0, 'time': 0.85, 'liq': 1.0, 'struct': 1.0}",涨停组: 商业航天方向 2板 封单比15.8% 涨停时间10:24 题材内涨停20家 成交3.7亿,商业航天+低空经济+航材分销,2连板 换手承接量比1.27,"次日竞价与开盘承接: 高开幅度观察区间[-2%,+5%]; 开盘涨幅≤+3%且不破昨收-3%视为买点触发",昨收53.0,高位情绪兑现/次日低开大幅回撤/炸板断板,1
2026-01-23,2026-01-26,aggressive,nlu,002028.SZ,思源电气,电网设备,96.3375,"{'sector': 0.816875, 'trend': 1.0, 'pos': 1.0, 'mom': 1.0, 'liq': 1.0, 'recog': 1.0}","非涨停组: 趋势结构多头(MA20>MA60且上行), 处于活跃板块[电网设备](当日涨幅分位74%, 板块涨停3家) 距60日高点7.8% 20日涨幅25.8%",板块[电网设备]轮动延续/资金承接,收盘187.76 MA20上方 量比0.65,"次日开盘[-2%,+3%]为观察区间; 收盘站上max(开盘,昨收)视为买点触发",昨收187.76,板块退潮补跌/资金承接不足/持续阴跌,1
2026-01-23,2026-01-26,aggressive,nlu,688322.SH,奥比中光-W,光学光电子,93.325,"{'sector': 0.81625, 'trend': 1.0, 'pos': 1.0, 'mom': 1.0, 'liq': 1.0, 'recog': 0.85}","非涨停组: 趋势结构多头(MA20>MA60且上行), 处于活跃板块[光学光电子](当日涨幅分位82%, 板块涨停3家) 距60日高点4.2% 20日涨幅28.6%",板块[光学光电子]轮动延续/资金承接,收盘104.35 MA20上方 量比1.01,"次日开盘[-2%,+3%]为观察区间; 收盘站上max(开盘,昨收)视为买点触发",昨收104.35,板块退潮补跌/资金承接不足/持续阴跌,1
2026-01-26,2026-01-27,defensive,lu,600916.SH,中国黄金,服装家纺,88.5,"{'theme': 0.6, 'ladder': 0.9, 'seal': 1.0, 'time': 1.0, 'liq': 1.0, 'struct': 1.0}",涨停组: 金价新高方向 2板 封单比17.2% 涨停时间09:42 题材内涨停4家 成交15.7亿,金价新高+黄金销售+央企,2连板 换手承接量比1.57,"次日竞价与开盘承接: 高开幅度观察区间[-2%,+5%]; 开盘涨幅≤+3%且不破昨收-3%视为买点触发",昨收10.14,高位情绪兑现/次日低开大幅回撤/炸板断板,1
2026-01-26,2026-01-27,defensive,lu,000603.SZ,盛达资源,工业金属,88.5,"{'theme': 1.0, 'ladder': 0.9, 'seal': 0.7, 'time': 1.0, 'liq': 1.0, 'struct': 0.6}",涨停组: 黄金方向 2板 封单比12.0% 涨停时间09:30 题材内涨停6家 成交8.1亿,黄金+白银+并购扩张,2连板 换手承接量比0.37,"次日竞价与开盘承接: 高开幅度观察区间[-2%,+5%]; 开盘涨幅≤+3%且不破昨收-3%视为买点触发",昨收56.65,高位情绪兑现/次日低开大幅回撤/炸板断板,1
2026-01-26,2026-01-27,defensive,nlu,600583.SH,海油工程,油气开采及服务,94.6875,"{'sector': 0.884375, 'trend': 1.0, 'pos': 1.0, 'mom': 1.0, 'liq': 1.0, 'recog': 0.85}","非涨停组: 趋势结构多头(MA20>MA60且上行), 处于活跃板块[油气开采及服务](当日涨幅分位98%, 板块涨停2家) 距60日高点1.6% 20日涨幅18.6%",板块[油气开采及服务]轮动延续/资金承接,收盘6.34 MA20上方 量比1.11,"次日开盘[-2%,+3%]为观察区间; 收盘站上max(开盘,昨收)视为买点触发",昨收6.34,板块退潮补跌/资金承接不足/持续阴跌,1
2026-01-27,2026-01-28,defensive,lu,002291.SZ,遥望科技,文化传媒,73.25,"{'theme': 0.2, 'ladder': 0.55, 'seal': 1.0, 'time': 1.0, 'liq': 1.0, 'struct': 1.0}",涨停组: AI应用方向 1板 封单比18.7% 涨停时间09:25 题材内涨停2家 成交12.6亿,AI应用+直播电商+剥离鞋业,1连板 换手承接量比1.02,"次日竞价与开盘承接: 高开幅度观察区间[-2%,+5%]; 开盘涨幅≤+3%且不破昨收-3%视为买点触发",昨收8.28,高位情绪兑现/次日低开大幅回撤/炸板断板,1
2026-01-27,2026-01-28,defensive,lu,003031.SZ,中瓷电子,通信设备,70.25,"{'theme': 0.2, 'ladder': 0.55, 'seal': 1.0, 'time': 0.85, 'liq': 1.0, 'struct': 1.0}",涨停组: 光模块方向 1板 封单比16.9% 涨停时间10:18 题材内涨停2家 成交9.1亿,光模块+SiC芯片+电子陶瓷+央企,1连板 换手承接量比1.21,"次日竞价与开盘承接: 高开幅度观察区间[-2%,+5%]; 开盘涨幅≤+3%且不破昨收-3%视为买点触发",昨收84.79,高位情绪兑现/次日低开大幅回撤/炸板断板,1
2026-01-27,2026-01-28,defensive,nlu,688352.SH,颀中科技,半导体,93.1125,"{'sector': 0.955625, 'trend': 1.0, 'pos': 0.7, 'mom': 1.0, 'liq': 1.0, 'recog': 1.0}","非涨停组: 趋势结构多头(MA20>MA60且上行), 处于活跃板块[半导体](当日涨幅分位98%, 板块涨停6家) 距60日高点11.7% 20日涨幅18.3%",板块[半导体]轮动延续/资金承接,收盘15.05 MA20上方 量比0.84,"次日开盘[-2%,+3%]为观察区间; 收盘站上max(开盘,昨收)视为买点触发",昨收15.05,板块退潮补跌/资金承接不足/持续阴跌,1
2026-01-28,2026-01-29,defensive,lu,601388.SH,怡球资源,工业金属,93.25,"{'theme': 1.0, 'ladder': 0.55, 'seal': 1.0, 'time': 1.0, 'liq': 1.0, 'struct': 1.0}",涨停组: 2025年报预增方向 1板 封单比24.0% 涨停时间09:34 题材内涨停10家 成交4.5亿,2025年报预增+再生铝龙头+汽车拆解,1连板 换手承接量比0.98,"次日竞价与开盘承接: 高开幅度观察区间[-2%,+5%]; 开盘涨幅≤+3%且不破昨收-3%视为买点触发",昨收3.97,高位情绪兑现/次日低开大幅回撤/炸板断板,1
2026-01-28,2026-01-29,defensive,lu,000573.SZ,粤宏远A,房地产,90.25,"{'theme': 1.0, 'ladder': 0.55, 'seal': 1.0, 'time': 0.85, 'liq': 1.0, 'struct': 1.0}",涨停组: 2025年报预增方向 1板 封单比33.5% 涨停时间10:19 题材内涨停10家 成交4.9亿,2025年报预增+金属铅+东莞地产,1连板 换手承接量比2.77,"次日竞价与开盘承接: 高开幅度观察区间[-2%,+5%]; 开盘涨幅≤+3%且不破昨收-3%视为买点触发",昨收4.85,高位情绪兑现/次日低开大幅回撤/炸板断板,1
2026-01-28,2026-01-29,defensive,nlu,002182.SZ,宝武镁业,小金属,96.45625,"{'sector': 0.9728125, 'trend': 1.0, 'pos': 1.0, 'mom': 1.0, 'liq': 1.0, 'recog': 0.85}","非涨停组: 趋势结构多头(MA20>MA60且上行), 处于活跃板块[小金属](当日涨幅分位96%, 板块涨停3家) 距60日高点5.7% 20日涨幅29.3%",板块[小金属]轮动延续/资金承接,收盘19.80 MA20上方 量比1.07,"次日开盘[-2%,+3%]为观察区间; 收盘站上max(开盘,昨收)视为买点触发",昨收19.80,板块退潮补跌/资金承接不足/持续阴跌,1
2026-01-29,2026-01-30,defensive,lu,000995.SZ,皇台酒业,白酒,83.25,"{'theme': 1.0, 'ladder': 0.55, 'seal': 1.0, 'time': 0.5, 'liq': 1.0, 'struct': 1.0}",涨停组: 白酒方向 1板 封单比34.1% 涨停时间13:26 题材内涨停16家 成交3.6亿,白酒+区域强牌+控股股东增持,1连板 换手承接量比2.33,"次日竞价与开盘承接: 高开幅度观察区间[-2%,+5%]; 开盘涨幅≤+3%且不破昨收-3%视为买点触发",昨收14.48,高位情绪兑现/次日低开大幅回撤/炸板断板,1
2026-01-29,2026-01-30,defensive,lu,600199.SH,金种子酒,白酒,79.25,"{'theme': 1.0, 'ladder': 0.55, 'seal': 1.0, 'time': 0.3, 'liq': 1.0, 'struct': 1.0}",涨停组: 白酒方向 1板 封单比16.5% 涨停时间14:06 题材内涨停16家 成交5.8亿,白酒+亏损收窄+国企改革,1连板 换手承接量比2.97,"次日竞价与开盘承接: 高开幅度观察区间[-2%,+5%]; 开盘涨幅≤+3%且不破昨收-3%视为买点触发",昨收10.3,高位情绪兑现/次日低开大幅回撤/炸板断板,1
2026-01-29,2026-01-30,defensive,nlu,603393.SH,新天然气,油气开采及服务,96.9,"{'sector': 0.995, 'trend': 1.0, 'pos': 1.0, 'mom': 1.0, 'liq': 1.0, 'recog': 0.85}","非涨停组: 趋势结构多头(MA20>MA60且上行), 处于活跃板块[油气开采及服务](当日涨幅分位99%, 板块涨停6家) 距60日高点2.2% 20日涨幅17.7%",板块[油气开采及服务]轮动延续/资金承接,收盘31.72 MA20上方 量比1.25,"次日开盘[-2%,+3%]为观察区间; 收盘站上max(开盘,昨收)视为买点触发",昨收31.72,板块退潮补跌/资金承接不足/持续阴跌,1
2026-01-30,2026-02-02,defensive,lu,002137.SZ,实益达,光学光电子,74.25,"{'theme': 0.8, 'ladder': 0.55, 'seal': 1.0, 'time': 0.3, 'liq': 1.0, 'struct': 1.0}",涨停组: 业绩预增方向 1板 封单比35.7% 涨停时间14:12 题材内涨停5家 成交4.5亿,业绩预增+半导体设备+汽车电子,1连板 换手承接量比1.55,"次日竞价与开盘承接: 高开幅度观察区间[-2%,+5%]; 开盘涨幅≤+3%且不破昨收-3%视为买点触发",昨收10.14,高位情绪兑现/次日低开大幅回撤/炸板断板,1
2026-01-30,2026-02-02,defensive,lu,300805.SZ,电声股份,文化传媒,73.25,"{'theme': 0.8, 'ladder': 0.55, 'seal': 0.4, 'time': 0.85, 'liq': 1.0, 'struct': 1.0}",涨停组: 业绩预增方向 1板 封单比7.5% 涨停时间10:11 题材内涨停5家 成交7.6亿,业绩预增+AI营销+拼多多概念,1连板 换手承接量比1.94,"次日竞价与开盘承接: 高开幅度观察区间[-2%,+5%]; 开盘涨幅≤+3%且不破昨收-3%视为买点触发",昨收15.67,高位情绪兑现/次日低开大幅回撤/炸板断板,1
2026-01-30,2026-02-02,defensive,nlu,600108.SH,亚盛集团,种植业与林业,92.78125,"{'sector': 0.9890625, 'trend': 1.0, 'pos': 1.0, 'mom': 1.0, 'liq': 0.6, 'recog': 0.85}","非涨停组: 趋势结构多头(MA20>MA60且上行), 处于活跃板块[种植业与林业](当日涨幅分位99%, 板块涨停4家) 距60日高点5.3% 20日涨幅18.7%",板块[种植业与林业]轮动延续/资金承接,收盘3.74 MA20上方 量比0.99,"次日开盘[-2%,+3%]为观察区间; 收盘站上max(开盘,昨收)视为买点触发",昨收3.74,板块退潮补跌/资金承接不足/持续阴跌,1
2026-02-02,2026-02-03,defensive,lu,601616.SH,广电电气,电网设备,85.25,"{'theme': 0.8, 'ladder': 0.55, 'seal': 1.0, 'time': 0.85, 'liq': 1.0, 'struct': 1.0}",涨停组: 电网设备方向 1板 封单比19.1% 涨停时间09:57 题材内涨停5家 成交6.1亿,电网设备+数据中心+变压器,1连板 换手承接量比1.08,"次日竞价与开盘承接: 高开幅度观察区间[-2%,+5%]; 开盘涨幅≤+3%且不破昨收-3%视为买点触发",昨收5.39,高位情绪兑现/次日低开大幅回撤/炸板断板,1
2026-02-02,2026-02-03,defensive,lu,002112.SZ,三变科技,电网设备,84.25,"{'theme': 0.8, 'ladder': 0.55, 'seal': 1.0, 'time': 1.0, 'liq': 1.0, 'struct': 0.6}",涨停组: 电网设备方向 1板 封单比46.2% 涨停时间09:30 题材内涨停5家 成交4.8亿,电网设备+变压器+欧洲设子公司+地方国资,1连板 换手承接量比0.34,"次日竞价与开盘承接: 高开幅度观察区间[-2%,+5%]; 开盘涨幅≤+3%且不破昨收-3%视为买点触发",昨收21.63,高位情绪兑现/次日低开大幅回撤/炸板断板,1
2026-02-02,2026-02-03,defensive,nlu,600059.SH,古越龙山,饮料制造,89.31875,"{'sector': 0.6159375, 'trend': 1.0, 'pos': 1.0, 'mom': 1.0, 'liq': 1.0, 'recog': 0.85}","非涨停组: 趋势结构多头(MA20>MA60且上行), 处于活跃板块[饮料制造](当日涨幅分位88%, 板块涨停0家) 距60日高点5.3% 20日涨幅10.9%",板块[饮料制造]轮动延续/资金承接,收盘10.19 MA20上方 量比0.98,"次日开盘[-2%,+3%]为观察区间; 收盘站上max(开盘,昨收)视为买点触发",昨收10.19,板块退潮补跌/资金承接不足/持续阴跌,1
2026-02-03,2026-02-04,normal,lu,600266.SH,城建发展,房地产,89.25,"{'theme': 1.0, 'ladder': 0.55, 'seal': 1.0, 'time': 1.0, 'liq': 1.0, 'struct': 0.6}",涨停组: 商业航天方向 1板 封单比38.5% 涨停时间09:25 题材内涨停10家 成交3.3亿,商业航天+北京国资+房地产,1连板 换手承接量比0.61,"次日竞价与开盘承接: 高开幅度观察区间[-2%,+5%]; 开盘涨幅≤+3%且不破昨收-3%视为买点触发",昨收6.0,高位情绪兑现/次日低开大幅回撤/炸板断板,1
2026-02-03,2026-02-04,normal,lu,001316.SZ,润贝航科,石油加工贸易,86.25,"{'theme': 1.0, 'ladder': 0.55, 'seal': 1.0, 'time': 0.85, 'liq': 0.6, 'struct': 1.0}",涨停组: 商业航天方向 1板 封单比43.8% 涨停时间10:00 题材内涨停10家 成交2.9亿,商业航天+业绩预增+低空经济,1连板 换手承接量比0.84,"次日竞价与开盘承接: 高开幅度观察区间[-2%,+5%]; 开盘涨幅≤+3%且不破昨收-3%视为买点触发",昨收56.33,高位情绪兑现/次日低开大幅回撤/炸板断板,1
2026-02-03,2026-02-04,normal,nlu,300227.SZ,光韵达,自动化设备,92.05625,"{'sector': 0.7528125, 'trend': 1.0, 'pos': 1.0, 'mom': 1.0, 'liq': 1.0, 'recog': 0.85}","非涨停组: 趋势结构多头(MA20>MA60且上行), 处于活跃板块[自动化设备](当日涨幅分位88%, 板块涨停2家) 距60日高点2.7% 20日涨幅29.7%",板块[自动化设备]轮动延续/资金承接,收盘12.75 MA20上方 量比0.93,"次日开盘[-2%,+3%]为观察区间; 收盘站上max(开盘,昨收)视为买点触发",昨收12.75,板块退潮补跌/资金承接不足/持续阴跌,1
2026-02-03,2026-02-04,normal,nlu,002985.SZ,北摩高科,军工装备,91.2875,"{'sector': 0.714375, 'trend': 1.0, 'pos': 1.0, 'mom': 1.0, 'liq': 1.0, 'recog': 0.85}","非涨停组: 趋势结构多头(MA20>MA60且上行), 处于活跃板块[军工装备](当日涨幅分位92%, 板块涨停2家) 距60日高点1.9% 20日涨幅29.4%",板块[军工装备]轮动延续/资金承接,收盘42.27 MA20上方 量比0.87,"次日开盘[-2%,+3%]为观察区间; 收盘站上max(开盘,昨收)视为买点触发",昨收42.27,板块退潮补跌/资金承接不足/持续阴跌,1
2026-02-04,2026-02-05,normal,lu,000723.SZ,美锦能源,煤炭开采加工,90.25,"{'theme': 1.0, 'ladder': 0.55, 'seal': 1.0, 'time': 0.85, 'liq': 1.0, 'struct': 1.0}",涨停组: 煤炭方向 1板 封单比17.6% 涨停时间10:04 题材内涨停6家 成交10.9亿,煤炭+氢能,1连板 换手承接量比1.11,"次日竞价与开盘承接: 高开幅度观察区间[-2%,+5%]; 开盘涨幅≤+3%且不破昨收-3%视为买点触发",昨收5.17,高位情绪兑现/次日低开大幅回撤/炸板断板,1
2026-02-04,2026-02-05,normal,lu,600188.SH,兖矿能源,煤炭开采加工,87.25,"{'theme': 1.0, 'ladder': 0.55, 'seal': 0.7, 'time': 1.0, 'liq': 1.0, 'struct': 1.0}",涨停组: 煤炭方向 1板 封单比9.4% 涨停时间09:36 题材内涨停6家 成交17.2亿,煤炭+产能扩张+国企改革,1连板 换手承接量比1.43,"次日竞价与开盘承接: 高开幅度观察区间[-2%,+5%]; 开盘涨幅≤+3%且不破昨收-3%视为买点触发",昨收15.27,高位情绪兑现/次日低开大幅回撤/炸板断板,1
2026-02-04,2026-02-05,normal,nlu,002079.SZ,苏州固锝,光伏设备,91.75,"{'sector': 0.9874999999999999, 'trend': 1.0, 'pos': 1.0, 'mom': 1.0, 'liq': 1.0, 'recog': 0.6}","非涨停组: 趋势结构多头(MA20>MA60且上行), 处于活跃板块[光伏设备](当日涨幅分位98%, 板块涨停10家) 距60日高点2.2% 20日涨幅14.0%",板块[光伏设备]轮动延续/资金承接,收盘11.09 MA20上方 量比1.21,"次日开盘[-2%,+3%]为观察区间; 收盘站上max(开盘,昨收)视为买点触发",昨收11.09,板块退潮补跌/资金承接不足/持续阴跌,1
2026-02-04,2026-02-05,normal,nlu,600938.SH,中国海油,油气开采及服务,90.0625,"{'sector': 0.6531250000000001, 'trend': 1.0, 'pos': 1.0, 'mom': 1.0, 'liq': 1.0, 'recog': 0.85}","非涨停组: 趋势结构多头(MA20>MA60且上行), 处于活跃板块[油气开采及服务](当日涨幅分位96%, 板块涨停1家) 距60日高点7.8% 20日涨幅19.0%",板块[油气开采及服务]轮动延续/资金承接,收盘33.44 MA20上方 量比0.56,"次日开盘[-2%,+3%]为观察区间; 收盘站上max(开盘,昨收)视为买点触发",昨收33.44,板块退潮补跌/资金承接不足/持续阴跌,1
2026-02-05,2026-02-06,defensive,lu,002905.SZ,金逸影视,影视院线,67.25,"{'theme': 0.2, 'ladder': 0.55, 'seal': 1.0, 'time': 0.7, 'liq': 1.0, 'struct': 1.0}",涨停组: 春节档方向 1板 封单比36.4% 涨停时间11:03 题材内涨停2家 成交3.6亿,春节档+票房增长+扭亏为盈,1连板 换手承接量比0.93,"次日竞价与开盘承接: 高开幅度观察区间[-2%,+5%]; 开盘涨幅≤+3%且不破昨收-3%视为买点触发",昨收13.33,高位情绪兑现/次日低开大幅回撤/炸板断板,1
2026-02-05,2026-02-06,defensive,lu,603103.SH,横店影视,影视院线,67.25,"{'theme': 0.2, 'ladder': 0.55, 'seal': 0.7, 'time': 1.0, 'liq': 1.0, 'struct': 1.0}",涨停组: 春节档方向 1板 封单比9.7% 涨停时间09:36 题材内涨停2家 成交9.0亿,春节档+影视院线+AI漫剧,1连板 换手承接量比1.41,"次日竞价与开盘承接: 高开幅度观察区间[-2%,+5%]; 开盘涨幅≤+3%且不破昨收-3%视为买点触发",昨收31.66,高位情绪兑现/次日低开大幅回撤/炸板断板,1
2026-02-05,2026-02-06,defensive,nlu,002181.SZ,粤传媒,文化传媒,90.50625,"{'sector': 0.8253125, 'trend': 1.0, 'pos': 1.0, 'mom': 0.7, 'liq': 1.0, 'recog': 0.85}","非涨停组: 趋势结构多头(MA20>MA60且上行), 处于活跃板块[文化传媒](当日涨幅分位87%, 板块涨停3家) 距60日高点4.4% 20日涨幅33.4%",板块[文化传媒]轮动延续/资金承接,收盘12.14 MA20上方 量比0.88,"次日开盘[-2%,+3%]为观察区间; 收盘站上max(开盘,昨收)视为买点触发",昨收12.14,板块退潮补跌/资金承接不足/持续阴跌,1
2026-02-06,2026-02-09,normal,lu,605488.SH,福莱新材,塑料制品,79.25,"{'theme': 0.8, 'ladder': 0.55, 'seal': 0.7, 'time': 0.85, 'liq': 1.0, 'struct': 1.0}",涨停组: 人形机器人方向 1板 封单比8.4% 涨停时间10:30 题材内涨停5家 成交8.0亿,人形机器人+10万套订单+柔性传感器,1连板 换手承接量比1.50,"次日竞价与开盘承接: 高开幅度观察区间[-2%,+5%]; 开盘涨幅≤+3%且不破昨收-3%视为买点触发",昨收43.05,高位情绪兑现/次日低开大幅回撤/炸板断板,1
2026-02-06,2026-02-09,normal,lu,002772.SZ,众兴菌业,种植业与林业,75.25,"{'theme': 0.4, 'ladder': 0.55, 'seal': 1.0, 'time': 0.85, 'liq': 1.0, 'struct': 1.0}",涨停组: 业绩预增方向 1板 封单比18.5% 涨停时间10:29 题材内涨停3家 成交4.2亿,业绩预增+冬虫夏草+金针菇龙头,1连板 换手承接量比1.11,"次日竞价与开盘承接: 高开幅度观察区间[-2%,+5%]; 开盘涨幅≤+3%且不破昨收-3%视为买点触发",昨收18.39,高位情绪兑现/次日低开大幅回撤/炸板断板,1
2026-02-06,2026-02-09,normal,nlu,300227.SZ,光韵达,自动化设备,94.0625,"{'sector': 0.8531249999999999, 'trend': 1.0, 'pos': 1.0, 'mom': 1.0, 'liq': 1.0, 'recog': 0.85}","非涨停组: 趋势结构多头(MA20>MA60且上行), 处于活跃板块[自动化设备](当日涨幅分位80%, 板块涨停3家) 距60日高点5.0% 20日涨幅26.4%",板块[自动化设备]轮动延续/资金承接,收盘12.68 MA20上方 量比0.89,"次日开盘[-2%,+3%]为观察区间; 收盘站上max(开盘,昨收)视为买点触发",昨收12.68,板块退潮补跌/资金承接不足/持续阴跌,1
2026-02-06,2026-02-09,normal,nlu,000039.SZ,中集集团,通用设备,92.925,"{'sector': 0.64625, 'trend': 1.0, 'pos': 1.0, 'mom': 1.0, 'liq': 1.0, 'recog': 1.0}","非涨停组: 趋势结构多头(MA20>MA60且上行), 处于活跃板块[通用设备](当日涨幅分位66%, 板块涨停2家) 距60日高点6.6% 20日涨幅13.2%",板块[通用设备]轮动延续/资金承接,收盘10.75 MA20上方 量比0.67,"次日开盘[-2%,+3%]为观察区间; 收盘站上max(开盘,昨收)视为买点触发",昨收10.75,板块退潮补跌/资金承接不足/持续阴跌,1
2026-02-09,2026-02-10,aggressive,lu,605598.SH,上海港湾,建筑装饰,81.25,"{'theme': 0.8, 'ladder': 0.55, 'seal': 1.0, 'time': 0.85, 'liq': 1.0, 'struct': 0.6}",涨停组: 商业航天方向 1板 封单比20.0% 涨停时间09:56 题材内涨停5家 成交3.4亿,商业航天+钙钛矿电池+一带一路,1连板 换手承接量比0.75,"次日竞价与开盘承接: 高开幅度观察区间[-2%,+5%]; 开盘涨幅≤+3%且不破昨收-3%视为买点触发",昨收63.89,高位情绪兑现/次日低开大幅回撤/炸板断板,1
2026-02-09,2026-02-10,aggressive,lu,603031.SH,安孚科技,电池,81.25,"{'theme': 0.8, 'ladder': 0.55, 'seal': 1.0, 'time': 0.85, 'liq': 1.0, 'struct': 0.6}",涨停组: 商业航天方向 1板 封单比16.1% 涨停时间10:14 题材内涨停5家 成交5.3亿,商业航天+CPO+南孚电池+业绩预增,1连板 换手承接量比0.65,"次日竞价与开盘承接: 高开幅度观察区间[-2%,+5%]; 开盘涨幅≤+3%且不破昨收-3%视为买点触发",昨收59.4,高位情绪兑现/次日低开大幅回撤/炸板断板,1
2026-02-09,2026-02-10,aggressive,nlu,002264.SZ,新华都,文化传媒,94.16875,"{'sector': 0.8584375000000001, 'trend': 1.0, 'pos': 1.0, 'mom': 1.0, 'liq': 1.0, 'recog': 0.85}","非涨停组: 趋势结构多头(MA20>MA60且上行), 处于活跃板块[文化传媒](当日涨幅分位95%, 板块涨停7家) 距60日高点5.9% 20日涨幅15.7%",板块[文化传媒]轮动延续/资金承接,收盘11.66 MA20上方 量比0.84,"次日开盘[-2%,+3%]为观察区间; 收盘站上max(开盘,昨收)视为买点触发",昨收11.66,板块退潮补跌/资金承接不足/持续阴跌,1
2026-02-09,2026-02-10,aggressive,nlu,600989.SH,宝丰能源,化学原料,93.575,"{'sector': 0.82875, 'trend': 1.0, 'pos': 1.0, 'mom': 1.0, 'liq': 1.0, 'recog': 0.85}","非涨停组: 趋势结构多头(MA20>MA60且上行), 处于活跃板块[化学原料](当日涨幅分位71%, 板块涨停3家) 距60日高点6.7% 20日涨幅18.7%",板块[化学原料]轮动延续/资金承接,收盘22.29 MA20上方 量比0.90,"次日开盘[-2%,+3%]为观察区间; 收盘站上max(开盘,昨收)视为买点触发",昨收22.29,板块退潮补跌/资金承接不足/持续阴跌,1
2026-02-10,2026-02-11,defensive,lu,001330.SZ,博纳影业,影视院线,79.5,"{'theme': 0.4, 'ladder': 0.9, 'seal': 1.0, 'time': 1.0, 'liq': 1.0, 'struct': 0.6}",涨停组: AI短剧方向 2板 封单比43.9% 涨停时间09:32 题材内涨停3家 成交10.2亿,AI短剧+春节档IP+影视院线,2连板 换手承接量比0.52,"次日竞价与开盘承接: 高开幅度观察区间[-2%,+5%]; 开盘涨幅≤+3%且不破昨收-3%视为买点触发",昨收12.47,高位情绪兑现/次日低开大幅回撤/炸板断板,1
2026-02-10,2026-02-11,defensive,lu,600715.SH,文投控股,影视院线,78.25,"{'theme': 0.4, 'ladder': 0.55, 'seal': 1.0, 'time': 1.0, 'liq': 1.0, 'struct': 1.0}",涨停组: AI漫剧方向 1板 封单比15.9% 涨停时间09:35 题材内涨停3家 成交3.9亿,AI漫剧+小程序游戏+北京国资,1连板 换手承接量比1.93,"次日竞价与开盘承接: 高开幅度观察区间[-2%,+5%]; 开盘涨幅≤+3%且不破昨收-3%视为买点触发",昨收2.61,高位情绪兑现/次日低开大幅回撤/炸板断板,1
2026-02-10,2026-02-11,defensive,nlu,300113.SZ,顺网科技,通信服务,93.4875,"{'sector': 0.8243750000000001, 'trend': 1.0, 'pos': 1.0, 'mom': 1.0, 'liq': 1.0, 'recog': 0.85}","非涨停组: 趋势结构多头(MA20>MA60且上行), 处于活跃板块[通信服务](当日涨幅分位96%, 板块涨停2家) 距60日高点6.0% 20日涨幅13.6%",板块[通信服务]轮动延续/资金承接,收盘26.99 MA20上方 量比1.09,"次日开盘[-2%,+3%]为观察区间; 收盘站上max(开盘,昨收)视为买点触发",昨收26.99,板块退潮补跌/资金承接不足/持续阴跌,1
2026-02-11,2026-02-12,defensive,lu,002842.SZ,翔鹭钨业,小金属,69.25,"{'theme': 0.2, 'ladder': 0.55, 'seal': 1.0, 'time': 1.0, 'liq': 1.0, 'struct': 0.6}",涨停组: 钨价上涨方向 1板 封单比22.9% 涨停时间09:39 题材内涨停2家 成交8.4亿,钨价上涨+光伏钨丝+年报预增,1连板 换手承接量比0.50,"次日竞价与开盘承接: 高开幅度观察区间[-2%,+5%]; 开盘涨幅≤+3%且不破昨收-3%视为买点触发",昨收35.01,高位情绪兑现/次日低开大幅回撤/炸板断板,1
2026-02-11,2026-02-12,defensive,lu,600186.SH,莲花控股,食品加工制造,63.25,"{'theme': 0.4, 'ladder': 0.55, 'seal': 0.4, 'time': 0.85, 'liq': 1.0, 'struct': 1.0}",涨停组: 算力租赁方向 1板 封单比6.2% 涨停时间10:02 题材内涨停3家 成交13.7亿,算力租赁+味精+业绩预增,1连板 换手承接量比2.16,"次日竞价与开盘承接: 高开幅度观察区间[-2%,+5%]; 开盘涨幅≤+3%且不破昨收-3%视为买点触发",昨收6.63,高位情绪兑现/次日低开大幅回撤/炸板断板,1
2026-02-11,2026-02-12,defensive,nlu,600392.SH,盛和资源,小金属,96.41875,"{'sector': 0.9709375, 'trend': 1.0, 'pos': 1.0, 'mom': 1.0, 'liq': 1.0, 'recog': 0.85}","非涨停组: 趋势结构多头(MA20>MA60且上行), 处于活跃板块[小金属](当日涨幅分位98%, 板块涨停4家) 距60日高点4.1% 20日涨幅23.0%",板块[小金属]轮动延续/资金承接,收盘28.41 MA20上方 量比1.08,"次日开盘[-2%,+3%]为观察区间; 收盘站上max(开盘,昨收)视为买点触发",昨收28.41,板块退潮补跌/资金承接不足/持续阴跌,1
2026-02-12,2026-02-13,defensive,lu,002975.SZ,博杰股份,自动化设备,90.25,"{'theme': 1.0, 'ladder': 0.55, 'seal': 1.0, 'time': 0.85, 'liq': 1.0, 'struct': 1.0}",涨停组: 液冷服务器方向 1板 封单比22.2% 涨停时间10:00 题材内涨停6家 成交6.9亿,液冷服务器+AI服务器测试+人形机器人+业绩预增,1连板 换手承接量比1.73,"次日竞价与开盘承接: 高开幅度观察区间[-2%,+5%]; 开盘涨幅≤+3%且不破昨收-3%视为买点触发",昨收83.03,高位情绪兑现/次日低开大幅回撤/炸板断板,1
2026-02-12,2026-02-13,defensive,lu,002272.SZ,川润股份,通用设备,89.25,"{'theme': 1.0, 'ladder': 0.55, 'seal': 1.0, 'time': 1.0, 'liq': 1.0, 'struct': 0.6}",涨停组: 液冷服务器方向 1板 封单比30.7% 涨停时间09:30 题材内涨停6家 成交6.1亿,液冷服务器+北美订单+绿色算力,1连板 换手承接量比0.60,"次日竞价与开盘承接: 高开幅度观察区间[-2%,+5%]; 开盘涨幅≤+3%且不破昨收-3%视为买点触发",昨收18.12,高位情绪兑现/次日低开大幅回撤/炸板断板,1
2026-02-12,2026-02-13,defensive,nlu,002015.SZ,协鑫能科,电力,96.425,"{'sector': 0.82125, 'trend': 1.0, 'pos': 1.0, 'mom': 1.0, 'liq': 1.0, 'recog': 1.0}","非涨停组: 趋势结构多头(MA20>MA60且上行), 处于活跃板块[电力](当日涨幅分位82%, 板块涨停4家) 距60日高点5.4% 20日涨幅15.6%",板块[电力]轮动延续/资金承接,收盘12.53 MA20上方 量比0.76,"次日开盘[-2%,+3%]为观察区间; 收盘站上max(开盘,昨收)视为买点触发",昨收12.53,板块退潮补跌/资金承接不足/持续阴跌,1
2026-02-13,2026-02-24,defensive,nlu,002985.SZ,北摩高科,军工装备,93.2625,"{'sector': 0.963125, 'trend': 1.0, 'pos': 1.0, 'mom': 0.7, 'liq': 1.0, 'recog': 0.85}","非涨停组: 趋势结构多头(MA20>MA60且上行), 处于活跃板块[军工装备](当日涨幅分位99%, 板块涨停3家) 距60日高点5.9% 20日涨幅31.5%",板块[军工装备]轮动延续/资金承接,收盘44.07 MA20上方 量比0.83,"次日开盘[-2%,+3%]为观察区间; 收盘站上max(开盘,昨收)视为买点触发",昨收44.07,板块退潮补跌/资金承接不足/持续阴跌,1
2026-02-24,2026-02-25,normal,lu,002828.SZ,贝肯能源,油气开采及服务,88.25,"{'theme': 0.8, 'ladder': 0.55, 'seal': 1.0, 'time': 1.0, 'liq': 1.0, 'struct': 1.0}",涨停组: 油气开采方向 1板 封单比21.1% 涨停时间09:33 题材内涨停5家 成交3.5亿,油气开采+海外权益+地缘冲突,1连板 换手承接量比1.43,"次日竞价与开盘承接: 高开幅度观察区间[-2%,+5%]; 开盘涨幅≤+3%且不破昨收-3%视为买点触发",昨收13.89,高位情绪兑现/次日低开大幅回撤/炸板断板,1
2026-02-24,2026-02-25,normal,lu,600078.SH,澄星股份,农化制品,80.25,"{'theme': 0.8, 'ladder': 0.55, 'seal': 1.0, 'time': 1.0, 'liq': 0.6, 'struct': 0.6}",涨停组: 磷化工方向 1板 封单比78.1% 涨停时间09:33 题材内涨停5家 成交1.8亿,磷化工+新材料+扭亏,1连板 换手承接量比0.67,"次日竞价与开盘承接: 高开幅度观察区间[-2%,+5%]; 开盘涨幅≤+3%且不破昨收-3%视为买点触发",昨收12.24,高位情绪兑现/次日低开大幅回撤/炸板断板,1
2026-02-24,2026-02-25,normal,nlu,601096.SH,宏盛华源,电网设备,95.2,"{'sector': 0.91, 'trend': 1.0, 'pos': 1.0, 'mom': 1.0, 'liq': 1.0, 'recog': 0.85}","非涨停组: 趋势结构多头(MA20>MA60且上行), 处于活跃板块[电网设备](当日涨幅分位88%, 板块涨停5家) 距60日高点6.7% 20日涨幅15.3%",板块[电网设备]轮动延续/资金承接,收盘6.09 MA20上方 量比1.13,"次日开盘[-2%,+3%]为观察区间; 收盘站上max(开盘,昨收)视为买点触发",昨收6.09,板块退潮补跌/资金承接不足/持续阴跌,1
2026-02-24,2026-02-25,normal,nlu,001267.SZ,汇绿生态,通信设备,94.65625,"{'sector': 0.7328125, 'trend': 1.0, 'pos': 1.0, 'mom': 1.0, 'liq': 1.0, 'recog': 1.0}","非涨停组: 趋势结构多头(MA20>MA60且上行), 处于活跃板块[通信设备](当日涨幅分位63%, 板块涨停4家) 距60日高点4.8% 20日涨幅23.9%",板块[通信设备]轮动延续/资金承接,收盘29.90 MA20上方 量比0.71,"次日开盘[-2%,+3%]为观察区间; 收盘站上max(开盘,昨收)视为买点触发",昨收29.90,板块退潮补跌/资金承接不足/持续阴跌,1
2026-02-25,2026-02-26,normal,lu,300437.SZ,清水源,环境治理,85.25,"{'theme': 0.8, 'ladder': 0.55, 'seal': 1.0, 'time': 0.85, 'liq': 1.0, 'struct': 1.0}",涨停组: 磷化工方向 1板 封单比17.2% 涨停时间09:52 题材内涨停5家 成交8.4亿,磷化工+水处理剂+超跌反弹,1连板 换手承接量比2.46,"次日竞价与开盘承接: 高开幅度观察区间[-2%,+5%]; 开盘涨幅≤+3%且不破昨收-3%视为买点触发",昨收18.98,高位情绪兑现/次日低开大幅回撤/炸板断板,1
2026-02-25,2026-02-26,normal,lu,600096.SH,云天化,农化制品,73.5,"{'theme': 0.8, 'ladder': 0.9, 'seal': 0.15, 'time': 0.85, 'liq': 1.0, 'struct': 1.0}",涨停组: 磷化工方向 2板 封单比0.2% 涨停时间10:06 题材内涨停5家 成交73.8亿,磷化工+聚甲醛+国企改革,2连板 换手承接量比2.38,"次日竞价与开盘承接: 高开幅度观察区间[-2%,+5%]; 开盘涨幅≤+3%且不破昨收-3%视为买点触发",昨收43.3,高位情绪兑现/次日低开大幅回撤/炸板断板,1
2026-02-25,2026-02-26,normal,nlu,603876.SH,鼎胜新材,工业金属,95.7875,"{'sector': 0.939375, 'trend': 1.0, 'pos': 1.0, 'mom': 1.0, 'liq': 1.0, 'recog': 0.85}","非涨停组: 趋势结构多头(MA20>MA60且上行), 处于活跃板块[工业金属](当日涨幅分位92%, 板块涨停4家) 距60日高点5.4% 20日涨幅24.8%",板块[工业金属]轮动延续/资金承接,收盘19.63 MA20上方 量比0.85,"次日开盘[-2%,+3%]为观察区间; 收盘站上max(开盘,昨收)视为买点触发",昨收19.63,板块退潮补跌/资金承接不足/持续阴跌,1
2026-02-25,2026-02-26,normal,nlu,002734.SZ,利民股份,农化制品,95.70625,"{'sector': 0.9353125, 'trend': 1.0, 'pos': 1.0, 'mom': 1.0, 'liq': 1.0, 'recog': 0.85}","非涨停组: 趋势结构多头(MA20>MA60且上行), 处于活跃板块[农化制品](当日涨幅分位90%, 板块涨停8家) 距60日高点7.0% 20日涨幅13.7%",板块[农化制品]轮动延续/资金承接,收盘19.55 MA20上方 量比1.14,"次日开盘[-2%,+3%]为观察区间; 收盘站上max(开盘,昨收)视为买点触发",昨收19.55,板块退潮补跌/资金承接不足/持续阴跌,1
2026-02-26,2026-02-27,normal,lu,688025.SH,杰普特,自动化设备,67.25,"{'theme': 0.2, 'ladder': 0.55, 'seal': 0.7, 'time': 1.0, 'liq': 1.0, 'struct': 1.0}",涨停组: CPO方向 1板 封单比9.7% 涨停时间09:31 题材内涨停2家 成交14.4亿,CPO+激光器+业绩预增,1连板 换手承接量比0.89,"次日竞价与开盘承接: 高开幅度观察区间[-2%,+5%]; 开盘涨幅≤+3%且不破昨收-3%视为买点触发",昨收242.46,高位情绪兑现/次日低开大幅回撤/炸板断板,1
2026-02-26,2026-02-27,normal,lu,300943.SZ,春晖智控,通用设备,66.25,"{'theme': 0.4, 'ladder': 0.55, 'seal': 0.7, 'time': 0.7, 'liq': 1.0, 'struct': 1.0}",涨停组: 商业航天方向 1板 封单比11.9% 涨停时间11:29 题材内涨停3家 成交10.0亿,商业航天+军工传感器+供货BE+流体控制阀,1连板 换手承接量比1.60,"次日竞价与开盘承接: 高开幅度观察区间[-2%,+5%]; 开盘涨幅≤+3%且不破昨收-3%视为买点触发",昨收38.64,高位情绪兑现/次日低开大幅回撤/炸板断板,1
2026-02-26,2026-02-27,normal,nlu,600292.SH,电投水电,电力,97.63125,"{'sector': 0.8815625, 'trend': 1.0, 'pos': 1.0, 'mom': 1.0, 'liq': 1.0, 'recog': 1.0}","非涨停组: 趋势结构多头(MA20>MA60且上行), 处于活跃板块[电力](当日涨幅分位85%, 板块涨停4家) 距60日高点7.2% 20日涨幅15.5%",板块[电力]轮动延续/资金承接,收盘15.39 MA20上方 量比0.78,"次日开盘[-2%,+3%]为观察区间; 收盘站上max(开盘,昨收)视为买点触发",昨收15.39,板块退潮补跌/资金承接不足/持续阴跌,1
2026-02-26,2026-02-27,normal,nlu,002636.SZ,金安国纪,元件,96.85625,"{'sector': 0.9928125, 'trend': 1.0, 'pos': 1.0, 'mom': 1.0, 'liq': 1.0, 'recog': 0.85}","非涨停组: 趋势结构多头(MA20>MA60且上行), 处于活跃板块[元件](当日涨幅分位99%, 板块涨停6家) 距60日高点3.1% 20日涨幅27.6%",板块[元件]轮动延续/资金承接,收盘26.95 MA20上方 量比1.22,"次日开盘[-2%,+3%]为观察区间; 收盘站上max(开盘,昨收)视为买点触发",昨收26.95,板块退潮补跌/资金承接不足/持续阴跌,1
2026-02-27,2026-03-02,normal,lu,002182.SZ,宝武镁业,小金属,73.25,"{'theme': 0.2, 'ladder': 0.55, 'seal': 1.0, 'time': 1.0, 'liq': 1.0, 'struct': 1.0}",涨停组: 小金属方向 1板 封单比16.8% 涨停时间09:42 题材内涨停2家 成交6.7亿,小金属+人形机器人+商业航天+央企,1连板 换手承接量比1.00,"次日竞价与开盘承接: 高开幅度观察区间[-2%,+5%]; 开盘涨幅≤+3%且不破昨收-3%视为买点触发",昨收21.79,高位情绪兑现/次日低开大幅回撤/炸板断板,1
2026-02-27,2026-03-02,normal,lu,600744.SH,华银电力,电力,72.5,"{'theme': 0.2, 'ladder': 0.9, 'seal': 0.7, 'time': 1.0, 'liq': 1.0, 'struct': 1.0}",涨停组: 电力方向 2板 封单比10.6% 涨停时间09:31 题材内涨停2家 成交17.6亿,电力+年报预增+央企,2连板 换手承接量比1.81,"次日竞价与开盘承接: 高开幅度观察区间[-2%,+5%]; 开盘涨幅≤+3%且不破昨收-3%视为买点触发",昨收7.94,高位情绪兑现/次日低开大幅回撤/炸板断板,1
2026-02-27,2026-03-02,normal,nlu,002539.SZ,云图控股,农化制品,94.16875,"{'sector': 0.8584375, 'trend': 1.0, 'pos': 1.0, 'mom': 1.0, 'liq': 1.0, 'recog': 0.85}","非涨停组: 趋势结构多头(MA20>MA60且上行), 处于活跃板块[农化制品](当日涨幅分位75%, 板块涨停3家) 距60日高点7.6% 20日涨幅16.1%",板块[农化制品]轮动延续/资金承接,收盘15.70 MA20上方 量比0.95,"次日开盘[-2%,+3%]为观察区间; 收盘站上max(开盘,昨收)视为买点触发",昨收15.70,板块退潮补跌/资金承接不足/持续阴跌,1
2026-02-27,2026-03-02,normal,nlu,300263.SZ,隆华科技,通用设备,91.5375,"{'sector': 0.726875, 'trend': 1.0, 'pos': 1.0, 'mom': 1.0, 'liq': 1.0, 'recog': 0.85}","非涨停组: 趋势结构多头(MA20>MA60且上行), 处于活跃板块[通用设备](当日涨幅分位56%, 板块涨停5家) 距60日高点2.1% 20日涨幅25.5%",板块[通用设备]轮动延续/资金承接,收盘12.24 MA20上方 量比0.86,"次日开盘[-2%,+3%]为观察区间; 收盘站上max(开盘,昨收)视为买点触发",昨收12.24,板块退潮补跌/资金承接不足/持续阴跌,1
2026-03-02,2026-03-03,defensive,lu,600227.SH,赤天化,农化制品,75.25,"{'theme': 0.4, 'ladder': 0.55, 'seal': 1.0, 'time': 0.85, 'liq': 1.0, 'struct': 1.0}",涨停组: 甲醇方向 1板 封单比15.4% 涨停时间09:47 题材内涨停3家 成交4.7亿,甲醇+化工+煤炭+化肥,1连板 换手承接量比1.04,"次日竞价与开盘承接: 高开幅度观察区间[-2%,+5%]; 开盘涨幅≤+3%且不破昨收-3%视为买点触发",昨收3.17,高位情绪兑现/次日低开大幅回撤/炸板断板,1
2026-03-02,2026-03-03,defensive,lu,600871.SH,石化油服,油气开采及服务,69.25,"{'theme': 0.2, 'ladder': 0.55, 'seal': 1.0, 'time': 1.0, 'liq': 1.0, 'struct': 0.6}",涨停组: 油服工程方向 1板 封单比30.5% 涨停时间09:25 题材内涨停2家 成交8.4亿,油服工程+海外大单+CCUS+央企,1连板 换手承接量比0.62,"次日竞价与开盘承接: 高开幅度观察区间[-2%,+5%]; 开盘涨幅≤+3%且不破昨收-3%视为买点触发",昨收3.53,高位情绪兑现/次日低开大幅回撤/炸板断板,1
2026-03-02,2026-03-03,defensive,nlu,600409.SH,三友化工,化学原料,98.50625,"{'sector': 0.9253125, 'trend': 1.0, 'pos': 1.0, 'mom': 1.0, 'liq': 1.0, 'recog': 1.0}","非涨停组: 趋势结构多头(MA20>MA60且上行), 处于活跃板块[化学原料](当日涨幅分位91%, 板块涨停6家) 距60日高点2.7% 20日涨幅18.3%",板块[化学原料]轮动延续/资金承接,收盘8.69 MA20上方 量比0.84,"次日开盘[-2%,+3%]为观察区间; 收盘站上max(开盘,昨收)视为买点触发",昨收8.69,板块退潮补跌/资金承接不足/持续阴跌,1
2026-03-03,2026-03-04,defensive,lu,600681.SH,百川能源,燃气,93.25,"{'theme': 1.0, 'ladder': 0.55, 'seal': 1.0, 'time': 1.0, 'liq': 1.0, 'struct': 1.0}",涨停组: 天然气方向 1板 封单比16.3% 涨停时间09:38 题材内涨停18家 成交4.2亿,天然气+具身智能布局+高股息,1连板 换手承接量比1.94,"次日竞价与开盘承接: 高开幅度观察区间[-2%,+5%]; 开盘涨幅≤+3%且不破昨收-3%视为买点触发",昨收4.76,高位情绪兑现/次日低开大幅回撤/炸板断板,1
2026-03-03,2026-03-04,defensive,lu,000968.SZ,蓝焰控股,油气开采及服务,92.5,"{'theme': 1.0, 'ladder': 0.9, 'seal': 0.7, 'time': 1.0, 'liq': 1.0, 'struct': 1.0}",涨停组: 天然气方向 2板 封单比8.7% 涨停时间09:30 题材内涨停18家 成交9.2亿,天然气+煤层气+山西国资,2连板 换手承接量比1.47,"次日竞价与开盘承接: 高开幅度观察区间[-2%,+5%]; 开盘涨幅≤+3%且不破昨收-3%视为买点触发",昨收10.41,高位情绪兑现/次日低开大幅回撤/炸板断板,1
2026-03-03,2026-03-04,defensive,nlu,000582.SZ,北部湾港,港口航运,96.625,"{'sector': 0.98125, 'trend': 1.0, 'pos': 1.0, 'mom': 1.0, 'liq': 1.0, 'recog': 0.85}","非涨停组: 趋势结构多头(MA20>MA60且上行), 处于活跃板块[港口航运](当日涨幅分位98%, 板块涨停8家) 距60日高点5.7% 20日涨幅12.7%",板块[港口航运]轮动延续/资金承接,收盘10.92 MA20上方 量比1.18,"次日开盘[-2%,+3%]为观察区间; 收盘站上max(开盘,昨收)视为买点触发",昨收10.92,板块退潮补跌/资金承接不足/持续阴跌,1
2026-03-04,2026-03-05,defensive,lu,002339.SZ,积成电子,电网设备,74.25,"{'theme': 0.4, 'ladder': 0.55, 'seal': 1.0, 'time': 1.0, 'liq': 1.0, 'struct': 0.6}",涨停组: 电网设备方向 1板 封单比29.8% 涨停时间09:36 题材内涨停3家 成交3.5亿,电网设备+中标+特高压,1连板 换手承接量比0.77,"次日竞价与开盘承接: 高开幅度观察区间[-2%,+5%]; 开盘涨幅≤+3%且不破昨收-3%视为买点触发",昨收11.54,高位情绪兑现/次日低开大幅回撤/炸板断板,1
2026-03-04,2026-03-05,defensive,lu,603530.SH,神马电力,电网设备,69.25,"{'theme': 0.4, 'ladder': 0.55, 'seal': 0.7, 'time': 0.85, 'liq': 1.0, 'struct': 1.0}",涨停组: 特高压方向 1板 封单比11.2% 涨停时间09:57 题材内涨停3家 成交10.2亿,特高压+越南建厂+电网设备,1连板 换手承接量比1.12,"次日竞价与开盘承接: 高开幅度观察区间[-2%,+5%]; 开盘涨幅≤+3%且不破昨收-3%视为买点触发",昨收67.21,高位情绪兑现/次日低开大幅回撤/炸板断板,1
2026-03-04,2026-03-05,defensive,nlu,600452.SH,涪陵电力,电力,98.75625,"{'sector': 0.9378124999999999, 'trend': 1.0, 'pos': 1.0, 'mom': 1.0, 'liq': 1.0, 'recog': 1.0}","非涨停组: 趋势结构多头(MA20>MA60且上行), 处于活跃板块[电力](当日涨幅分位90%, 板块涨停4家) 距60日高点6.8% 20日涨幅14.6%",板块[电力]轮动延续/资金承接,收盘13.53 MA20上方 量比1.02,"次日开盘[-2%,+3%]为观察区间; 收盘站上max(开盘,昨收)视为买点触发",昨收13.53,板块退潮补跌/资金承接不足/持续阴跌,1
2026-03-05,2026-03-06,normal,lu,300162.SZ,雷曼光电,光学光电子,83.25,"{'theme': 0.6, 'ladder': 0.55, 'seal': 1.0, 'time': 1.0, 'liq': 1.0, 'struct': 1.0}",涨停组: Micro LED方向 1板 封单比22.5% 涨停时间09:34 题材内涨停4家 成交4.6亿,Micro LED+商业航天+北美市场,1连板 换手承接量比2.18,"次日竞价与开盘承接: 高开幅度观察区间[-2%,+5%]; 开盘涨幅≤+3%且不破昨收-3%视为买点触发",昨收9.48,高位情绪兑现/次日低开大幅回撤/炸板断板,1
2026-03-05,2026-03-06,normal,lu,002339.SZ,积成电子,电网设备,81.5,"{'theme': 0.8, 'ladder': 0.9, 'seal': 0.4, 'time': 1.0, 'liq': 1.0, 'struct': 1.0}",涨停组: 电网设备方向 2板 封单比5.3% 涨停时间09:32 题材内涨停5家 成交15.0亿,电网设备+中标+特高压,2连板 换手承接量比2.14,"次日竞价与开盘承接: 高开幅度观察区间[-2%,+5%]; 开盘涨幅≤+3%且不破昨收-3%视为买点触发",昨收12.69,高位情绪兑现/次日低开大幅回撤/炸板断板,1
2026-03-05,2026-03-06,normal,nlu,301291.SZ,明阳电气,电网设备,96.5,"{'sector': 0.9749999999999999, 'trend': 1.0, 'pos': 1.0, 'mom': 1.0, 'liq': 1.0, 'recog': 0.85}","非涨停组: 趋势结构多头(MA20>MA60且上行), 处于活跃板块[电网设备](当日涨幅分位98%, 板块涨停8家) 距60日高点5.3% 20日涨幅24.1%",板块[电网设备]轮动延续/资金承接,收盘57.88 MA20上方 量比1.06,"次日开盘[-2%,+3%]为观察区间; 收盘站上max(开盘,昨收)视为买点触发",昨收57.88,板块退潮补跌/资金承接不足/持续阴跌,1
2026-03-05,2026-03-06,normal,nlu,600979.SH,广安爱众,电力,93.88125,"{'sector': 0.6940625, 'trend': 1.0, 'pos': 1.0, 'mom': 1.0, 'liq': 1.0, 'recog': 1.0}","非涨停组: 趋势结构多头(MA20>MA60且上行), 处于活跃板块[电力](当日涨幅分位81%, 板块涨停1家) 距60日高点5.0% 20日涨幅15.5%",板块[电力]轮动延续/资金承接,收盘5.28 MA20上方 量比0.97,"次日开盘[-2%,+3%]为观察区间; 收盘站上max(开盘,昨收)视为买点触发",昨收5.28,板块退潮补跌/资金承接不足/持续阴跌,1
2026-03-06,2026-03-09,normal,lu,600590.SH,泰豪科技,其他电源设备,84.5,"{'theme': 0.6, 'ladder': 0.9, 'seal': 1.0, 'time': 1.0, 'liq': 1.0, 'struct': 0.6}",涨停组: 氢能源方向 2板 封单比49.1% 涨停时间09:30 题材内涨停4家 成交5.0亿,氢能源+军工电源+扭亏为盈,2连板 换手承接量比0.44,"次日竞价与开盘承接: 高开幅度观察区间[-2%,+5%]; 开盘涨幅≤+3%且不破昨收-3%视为买点触发",昨收16.18,高位情绪兑现/次日低开大幅回撤/炸板断板,1
2026-03-06,2026-03-09,normal,lu,002015.SZ,协鑫能科,电力,84.25,"{'theme': 0.8, 'ladder': 0.55, 'seal': 1.0, 'time': 1.0, 'liq': 1.0, 'struct': 0.6}",涨停组: 算电协同方向 1板 封单比20.0% 涨停时间09:40 题材内涨停5家 成交15.1亿,算电协同+虚拟电厂+分布式光伏,1连板 换手承接量比0.69,"次日竞价与开盘承接: 高开幅度观察区间[-2%,+5%]; 开盘涨幅≤+3%且不破昨收-3%视为买点触发",昨收15.62,高位情绪兑现/次日低开大幅回撤/炸板断板,1
2026-03-06,2026-03-09,normal,nlu,000767.SZ,晋控电力,电力,92.45,"{'sector': 0.7725, 'trend': 1.0, 'pos': 1.0, 'mom': 1.0, 'liq': 1.0, 'recog': 0.85}","非涨停组: 趋势结构多头(MA20>MA60且上行), 处于活跃板块[电力](当日涨幅分位57%, 板块涨停5家) 距60日高点2.5% 20日涨幅28.1%",板块[电力]轮动延续/资金承接,收盘3.87 MA20上方 量比1.01,"次日开盘[-2%,+3%]为观察区间; 收盘站上max(开盘,昨收)视为买点触发",昨收3.87,板块退潮补跌/资金承接不足/持续阴跌,1
2026-03-06,2026-03-09,normal,nlu,000683.SZ,博源化工,化学原料,91.25625,"{'sector': 0.9628125, 'trend': 1.0, 'pos': 1.0, 'mom': 1.0, 'liq': 1.0, 'recog': 0.6}","非涨停组: 趋势结构多头(MA20>MA60且上行), 处于活跃板块[化学原料](当日涨幅分位96%, 板块涨停5家) 距60日高点1.8% 20日涨幅10.7%",板块[化学原料]轮动延续/资金承接,收盘9.12 MA20上方 量比0.81,"次日开盘[-2%,+3%]为观察区间; 收盘站上max(开盘,昨收)视为买点触发",昨收9.12,板块退潮补跌/资金承接不足/持续阴跌,1
2026-03-09,2026-03-10,defensive,lu,002575.SZ,群兴玩具,综合,82.25,"{'theme': 0.8, 'ladder': 0.55, 'seal': 1.0, 'time': 0.7, 'liq': 1.0, 'struct': 1.0}",涨停组: 算力租赁方向 1板 封单比25.0% 涨停时间11:06 题材内涨停5家 成交7.6亿,算力租赁+腾讯合作+酒类销售,1连板 换手承接量比1.74,"次日竞价与开盘承接: 高开幅度观察区间[-2%,+5%]; 开盘涨幅≤+3%且不破昨收-3%视为买点触发",昨收8.02,高位情绪兑现/次日低开大幅回撤/炸板断板,1
2026-03-09,2026-03-10,defensive,lu,002730.SZ,电光科技,专用设备,82.25,"{'theme': 0.8, 'ladder': 0.55, 'seal': 1.0, 'time': 0.7, 'liq': 1.0, 'struct': 1.0}",涨停组: 算力租赁方向 1板 封单比20.2% 涨停时间10:56 题材内涨停5家 成交5.5亿,算力租赁+智能矿山+矿用防爆电器,1连板 换手承接量比1.45,"次日竞价与开盘承接: 高开幅度观察区间[-2%,+5%]; 开盘涨幅≤+3%且不破昨收-3%视为买点触发",昨收19.17,高位情绪兑现/次日低开大幅回撤/炸板断板,1
2026-03-09,2026-03-10,defensive,nlu,000767.SZ,晋控电力,电力,96.175,"{'sector': 0.95875, 'trend': 1.0, 'pos': 1.0, 'mom': 1.0, 'liq': 1.0, 'recog': 0.85}","非涨停组: 趋势结构多头(MA20>MA60且上行), 处于活跃板块[电力](当日涨幅分位93%, 板块涨停6家) 距60日高点4.2% 20日涨幅28.5%",板块[电力]轮动延续/资金承接,收盘3.88 MA20上方 量比0.90,"次日开盘[-2%,+3%]为观察区间; 收盘站上max(开盘,昨收)视为买点触发",昨收3.88,板块退潮补跌/资金承接不足/持续阴跌,1
2026-03-10,2026-03-11,normal,lu,603017.SH,中衡设计,建筑装饰,79.25,"{'theme': 0.6, 'ladder': 0.55, 'seal': 1.0, 'time': 1.0, 'liq': 0.6, 'struct': 1.0}",涨停组: 商业航天方向 1板 封单比37.2% 涨停时间09:44 题材内涨停4家 成交1.8亿,商业航天+低空经济+工程设计,1连板 换手承接量比1.25,"次日竞价与开盘承接: 高开幅度观察区间[-2%,+5%]; 开盘涨幅≤+3%且不破昨收-3%视为买点触发",昨收13.48,高位情绪兑现/次日低开大幅回撤/炸板断板,1
2026-03-10,2026-03-11,normal,lu,002025.SZ,航天电器,军工电子,77.25,"{'theme': 0.6, 'ladder': 0.55, 'seal': 0.7, 'time': 1.0, 'liq': 1.0, 'struct': 1.0}",涨停组: 商业航天方向 1板 封单比8.5% 涨停时间09:32 题材内涨停4家 成交15.6亿,商业航天+军工电子+光模块+央企,1连板 换手承接量比1.70,"次日竞价与开盘承接: 高开幅度观察区间[-2%,+5%]; 开盘涨幅≤+3%且不破昨收-3%视为买点触发",昨收56.03,高位情绪兑现/次日低开大幅回撤/炸板断板,1
2026-03-10,2026-03-11,normal,nlu,002877.SZ,智能自控,通用设备,93.75625,"{'sector': 0.8878125, 'trend': 1.0, 'pos': 1.0, 'mom': 1.0, 'liq': 0.6, 'recog': 1.0}","非涨停组: 趋势结构多头(MA20>MA60且上行), 处于活跃板块[通用设备](当日涨幅分位88%, 板块涨停6家) 距60日高点6.5% 20日涨幅17.4%",板块[通用设备]轮动延续/资金承接,收盘10.81 MA20上方 量比0.73,"次日开盘[-2%,+3%]为观察区间; 收盘站上max(开盘,昨收)视为买点触发",昨收10.81,板块退潮补跌/资金承接不足/持续阴跌,1
2026-03-10,2026-03-11,normal,nlu,002885.SZ,京泉华,其他电子,92.05625,"{'sector': 0.7528125000000001, 'trend': 1.0, 'pos': 1.0, 'mom': 1.0, 'liq': 1.0, 'recog': 0.85}","非涨停组: 趋势结构多头(MA20>MA60且上行), 处于活跃板块[其他电子](当日涨幅分位95%, 板块涨停1家) 距60日高点1.8% 20日涨幅26.3%",板块[其他电子]轮动延续/资金承接,收盘33.13 MA20上方 量比0.85,"次日开盘[-2%,+3%]为观察区间; 收盘站上max(开盘,昨收)视为买点触发",昨收33.13,板块退潮补跌/资金承接不足/持续阴跌,1
2026-03-11,2026-03-12,defensive,lu,601868.SH,中国能建,建筑装饰,67.25,"{'theme': 0.2, 'ladder': 0.55, 'seal': 0.7, 'time': 1.0, 'liq': 1.0, 'struct': 1.0}",涨停组: 算电协同方向 1板 封单比12.1% 涨停时间09:42 题材内涨停2家 成交62.9亿,算电协同+氢能+央企,1连板 换手承接量比0.83,"次日竞价与开盘承接: 高开幅度观察区间[-2%,+5%]; 开盘涨幅≤+3%且不破昨收-3%视为买点触发",昨收3.45,高位情绪兑现/次日低开大幅回撤/炸板断板,1
2026-03-11,2026-03-12,defensive,lu,603757.SH,大元泵业,通用设备,67.25,"{'theme': 0.2, 'ladder': 0.55, 'seal': 0.7, 'time': 1.0, 'liq': 1.0, 'struct': 1.0}",涨停组: 液冷服务器方向 1板 封单比8.6% 涨停时间09:34 题材内涨停2家 成交6.8亿,液冷服务器+屏蔽泵+维谛技术,1连板 换手承接量比1.49,"次日竞价与开盘承接: 高开幅度观察区间[-2%,+5%]; 开盘涨幅≤+3%且不破昨收-3%视为买点触发",昨收47.43,高位情绪兑现/次日低开大幅回撤/炸板断板,1
2026-03-11,2026-03-12,defensive,nlu,600152.SH,维科技术,电池,92.11875,"{'sector': 0.7559374999999999, 'trend': 1.0, 'pos': 1.0, 'mom': 1.0, 'liq': 1.0, 'recog': 0.85}","非涨停组: 趋势结构多头(MA20>MA60且上行), 处于活跃板块[电池](当日涨幅分位95%, 板块涨停1家) 距60日高点4.5% 20日涨幅25.2%",板块[电池]轮动延续/资金承接,收盘9.78 MA20上方 量比1.13,"次日开盘[-2%,+3%]为观察区间; 收盘站上max(开盘,昨收)视为买点触发",昨收9.78,板块退潮补跌/资金承接不足/持续阴跌,1
2026-03-12,2026-03-13,defensive,lu,000537.SZ,绿发电力,电力,85.0,"{'theme': 0.4, 'ladder': 1.0, 'seal': 1.0, 'time': 1.0, 'liq': 1.0, 'struct': 1.0}",涨停组: 算电协同方向 3板 封单比30.7% 涨停时间09:31 题材内涨停3家 成交9.1亿,算电协同+储能+绿电交易+央企,3连板 换手承接量比1.20,"次日竞价与开盘承接: 高开幅度观察区间[-2%,+5%]; 开盘涨幅≤+3%且不破昨收-3%视为买点触发",昨收12.51,高位情绪兑现/次日低开大幅回撤/炸板断板,1
2026-03-12,2026-03-13,defensive,lu,605305.SH,中际联合,工程机械,59.25,"{'theme': 0.2, 'ladder': 0.55, 'seal': 1.0, 'time': 0.3, 'liq': 1.0, 'struct': 1.0}",涨停组: 风电设备方向 1板 封单比15.4% 涨停时间14:09 题材内涨停2家 成交7.3亿,风电设备+储能消防,1连板 换手承接量比2.56,"次日竞价与开盘承接: 高开幅度观察区间[-2%,+5%]; 开盘涨幅≤+3%且不破昨收-3%视为买点触发",昨收42.58,高位情绪兑现/次日低开大幅回撤/炸板断板,1
2026-03-12,2026-03-13,defensive,nlu,000949.SZ,新乡化纤,化学纤维,96.5125,"{'sector': 0.9756250000000001, 'trend': 1.0, 'pos': 1.0, 'mom': 1.0, 'liq': 1.0, 'recog': 0.85}","非涨停组: 趋势结构多头(MA20>MA60且上行), 处于活跃板块[化学纤维](当日涨幅分位97%, 板块涨停4家) 距60日高点5.8% 20日涨幅10.0%",板块[化学纤维]轮动延续/资金承接,收盘7.45 MA20上方 量比1.06,"次日开盘[-2%,+3%]为观察区间; 收盘站上max(开盘,昨收)视为买点触发",昨收7.45,板块退潮补跌/资金承接不足/持续阴跌,1
2026-03-13,2026-03-16,defensive,lu,603803.SH,瑞斯康达,通信设备,64.25,"{'theme': 0.2, 'ladder': 0.55, 'seal': 0.7, 'time': 0.85, 'liq': 1.0, 'struct': 1.0}",涨停组: CPO方向 1板 封单比9.1% 涨停时间09:53 题材内涨停2家 成交10.2亿,CPO+智算中心+高速光模块,1连板 换手承接量比1.44,"次日竞价与开盘承接: 高开幅度观察区间[-2%,+5%]; 开盘涨幅≤+3%且不破昨收-3%视为买点触发",昨收13.75,高位情绪兑现/次日低开大幅回撤/炸板断板,1
2026-03-13,2026-03-16,defensive,lu,002438.SZ,江苏神通,通用设备,59.25,"{'theme': 0.2, 'ladder': 0.55, 'seal': 1.0, 'time': 0.3, 'liq': 1.0, 'struct': 1.0}",涨停组: 可控核聚变方向 1板 封单比18.4% 涨停时间13:35 题材内涨停2家 成交5.8亿,可控核聚变+氢能源+商业航天,1连板 换手承接量比1.96,"次日竞价与开盘承接: 高开幅度观察区间[-2%,+5%]; 开盘涨幅≤+3%且不破昨收-3%视为买点触发",昨收19.26,高位情绪兑现/次日低开大幅回撤/炸板断板,1
2026-03-13,2026-03-16,defensive,nlu,601117.SH,中国化学,建筑装饰,94.5,"{'sector': 0.875, 'trend': 1.0, 'pos': 1.0, 'mom': 1.0, 'liq': 1.0, 'recog': 0.85}","非涨停组: 趋势结构多头(MA20>MA60且上行), 处于活跃板块[建筑装饰](当日涨幅分位83%, 板块涨停6家) 距60日高点3.2% 20日涨幅21.0%",板块[建筑装饰]轮动延续/资金承接,收盘10.00 MA20上方 量比1.19,"次日开盘[-2%,+3%]为观察区间; 收盘站上max(开盘,昨收)视为买点触发",昨收10.00,板块退潮补跌/资金承接不足/持续阴跌,1
2026-03-16,2026-03-17,defensive,lu,600667.SH,太极实业,建筑装饰,55.25,"{'theme': 0.2, 'ladder': 0.55, 'seal': 0.4, 'time': 0.7, 'liq': 1.0, 'struct': 1.0}",涨停组: 存储芯片方向 1板 封单比7.7% 涨停时间11:24 题材内涨停2家 成交23.9亿,存储芯片+先进封装+SK海力士+国企,1连板 换手承接量比1.28,"次日竞价与开盘承接: 高开幅度观察区间[-2%,+5%]; 开盘涨幅≤+3%且不破昨收-3%视为买点触发",昨收11.26,高位情绪兑现/次日低开大幅回撤/炸板断板,1
2026-03-16,2026-03-17,defensive,nlu,600527.SH,江南高纤,化学纤维,93.2125,"{'sector': 0.8106249999999999, 'trend': 1.0, 'pos': 1.0, 'mom': 1.0, 'liq': 1.0, 'recog': 0.85}","非涨停组: 趋势结构多头(MA20>MA60且上行), 处于活跃板块[化学纤维](当日涨幅分位83%, 板块涨停2家) 距60日高点4.8% 20日涨幅14.0%",板块[化学纤维]轮动延续/资金承接,收盘2.57 MA20上方 量比1.12,"次日开盘[-2%,+3%]为观察区间; 收盘站上max(开盘,昨收)视为买点触发",昨收2.57,板块退潮补跌/资金承接不足/持续阴跌,1
2026-03-17,2026-03-18,freeze,nlu,600773.SH,西藏城投,房地产,93.06875,"{'sector': 0.9534375, 'trend': 1.0, 'pos': 1.0, 'mom': 0.7, 'liq': 1.0, 'recog': 0.85}","非涨停组: 趋势结构多头(MA20>MA60且上行), 处于活跃板块[房地产](当日涨幅分位95%, 板块涨停4家) 距60日高点7.3% 20日涨幅30.5%",板块[房地产]轮动延续/资金承接,收盘17.62 MA20上方 量比0.73,"次日开盘[-2%,+3%]为观察区间; 收盘站上max(开盘,昨收)视为买点触发",昨收17.62,板块退潮补跌/资金承接不足/持续阴跌,1
2026-03-18,2026-03-19,normal,lu,600666.SH,奥瑞德,IT服务,77.25,"{'theme': 0.6, 'ladder': 0.55, 'seal': 0.7, 'time': 1.0, 'liq': 1.0, 'struct': 1.0}",涨停组: 算力租赁方向 1板 封单比11.6% 涨停时间09:33 题材内涨停4家 成交10.6亿,算力租赁+年报预增+蓝宝石,1连板 换手承接量比1.01,"次日竞价与开盘承接: 高开幅度观察区间[-2%,+5%]; 开盘涨幅≤+3%且不破昨收-3%视为买点触发",昨收4.44,高位情绪兑现/次日低开大幅回撤/炸板断板,1
2026-03-18,2026-03-19,normal,lu,603912.SH,佳力图,通用设备,75.25,"{'theme': 0.4, 'ladder': 0.55, 'seal': 1.0, 'time': 0.85, 'liq': 1.0, 'struct': 1.0}",涨停组: 液冷方向 1板 封单比18.6% 涨停时间09:51 题材内涨停3家 成交4.6亿,液冷+算力+东数西算,1连板 换手承接量比1.08,"次日竞价与开盘承接: 高开幅度观察区间[-2%,+5%]; 开盘涨幅≤+3%且不破昨收-3%视为买点触发",昨收10.24,高位情绪兑现/次日低开大幅回撤/炸板断板,1
2026-03-18,2026-03-19,normal,nlu,603606.SH,东方电缆,电网设备,91.98125,"{'sector': 0.7490625, 'trend': 1.0, 'pos': 1.0, 'mom': 1.0, 'liq': 1.0, 'recog': 0.85}","非涨停组: 趋势结构多头(MA20>MA60且上行), 处于活跃板块[电网设备](当日涨幅分位87%, 板块涨停5家) 距60日高点7.8% 20日涨幅13.6%",板块[电网设备]轮动延续/资金承接,收盘53.44 MA20上方 量比0.79,"次日开盘[-2%,+3%]为观察区间; 收盘站上max(开盘,昨收)视为买点触发",昨收53.44,板块退潮补跌/资金承接不足/持续阴跌,1
2026-03-18,2026-03-19,normal,nlu,603421.SH,鼎信通讯,通信设备,91.2125,"{'sector': 0.710625, 'trend': 1.0, 'pos': 1.0, 'mom': 1.0, 'liq': 1.0, 'recog': 0.85}","非涨停组: 趋势结构多头(MA20>MA60且上行), 处于活跃板块[通信设备](当日涨幅分位97%, 板块涨停2家) 距60日高点6.5% 20日涨幅23.5%",板块[通信设备]轮动延续/资金承接,收盘10.00 MA20上方 量比0.73,"次日开盘[-2%,+3%]为观察区间; 收盘站上max(开盘,昨收)视为买点触发",昨收10.00,板块退潮补跌/资金承接不足/持续阴跌,1
2026-03-19,2026-03-20,defensive,lu,600666.SH,奥瑞德,IT服务,88.5,"{'theme': 0.6, 'ladder': 0.9, 'seal': 1.0, 'time': 1.0, 'liq': 1.0, 'struct': 1.0}",涨停组: 算力租赁方向 2板 封单比15.5% 涨停时间09:33 题材内涨停4家 成交13.5亿,算力租赁+年报预增+蓝宝石,2连板 换手承接量比1.25,"次日竞价与开盘承接: 高开幅度观察区间[-2%,+5%]; 开盘涨幅≤+3%且不破昨收-3%视为买点触发",昨收4.88,高位情绪兑现/次日低开大幅回撤/炸板断板,1
2026-03-19,2026-03-20,defensive,lu,600996.SH,贵广网络,文化传媒,80.25,"{'theme': 0.6, 'ladder': 0.55, 'seal': 1.0, 'time': 0.85, 'liq': 1.0, 'struct': 1.0}",涨停组: 算力租赁方向 1板 封单比15.2% 涨停时间09:56 题材内涨停4家 成交6.9亿,算力租赁+广电5G+贵州国资,1连板 换手承接量比1.56,"次日竞价与开盘承接: 高开幅度观察区间[-2%,+5%]; 开盘涨幅≤+3%且不破昨收-3%视为买点触发",昨收9.5,高位情绪兑现/次日低开大幅回撤/炸板断板,1
2026-03-19,2026-03-20,defensive,nlu,002256.SZ,兆新股份,电力,89.475,"{'sector': 0.87375, 'trend': 1.0, 'pos': 1.0, 'mom': 1.0, 'liq': 1.0, 'recog': 0.6}","非涨停组: 趋势结构多头(MA20>MA60且上行), 处于活跃板块[电力](当日涨幅分位96%, 板块涨停6家) 距60日高点7.9% 20日涨幅11.8%",板块[电力]轮动延续/资金承接,收盘4.08 MA20上方 量比1.23,"次日开盘[-2%,+3%]为观察区间; 收盘站上max(开盘,昨收)视为买点触发",昨收4.08,板块退潮补跌/资金承接不足/持续阴跌,1
2026-03-20,2026-03-23,defensive,lu,002150.SZ,正泰电源,光伏设备,73.25,"{'theme': 0.2, 'ladder': 0.55, 'seal': 1.0, 'time': 1.0, 'liq': 1.0, 'struct': 1.0}",涨停组: 光伏设备方向 1板 封单比16.4% 涨停时间09:37 题材内涨停2家 成交10.3亿,光伏设备+储能一体机+外销,1连板 换手承接量比0.87,"次日竞价与开盘承接: 高开幅度观察区间[-2%,+5%]; 开盘涨幅≤+3%且不破昨收-3%视为买点触发",昨收34.88,高位情绪兑现/次日低开大幅回撤/炸板断板,1
2026-03-20,2026-03-23,defensive,lu,301658.SZ,首航新能,光伏设备,61.25,"{'theme': 0.2, 'ladder': 0.55, 'seal': 0.7, 'time': 0.7, 'liq': 1.0, 'struct': 1.0}",涨停组: 储能方向 1板 封单比14.0% 涨停时间11:16 题材内涨停2家 成交12.7亿,储能+光伏逆变器+全球化布局,1连板 换手承接量比1.22,"次日竞价与开盘承接: 高开幅度观察区间[-2%,+5%]; 开盘涨幅≤+3%且不破昨收-3%视为买点触发",昨收60.35,高位情绪兑现/次日低开大幅回撤/炸板断板,1
2026-03-20,2026-03-23,defensive,nlu,603105.SH,芯能科技,电力,91.25,"{'sector': 0.9625, 'trend': 1.0, 'pos': 1.0, 'mom': 1.0, 'liq': 1.0, 'recog': 0.6}","非涨停组: 趋势结构多头(MA20>MA60且上行), 处于活跃板块[电力](当日涨幅分位94%, 板块涨停6家) 距60日高点2.5% 20日涨幅12.0%",板块[电力]轮动延续/资金承接,收盘11.33 MA20上方 量比1.13,"次日开盘[-2%,+3%]为观察区间; 收盘站上max(开盘,昨收)视为买点触发",昨收11.33,板块退潮补跌/资金承接不足/持续阴跌,1
2026-03-23,2026-03-24,defensive,lu,600396.SH,华电辽能,电力,69.0,"{'theme': 0.2, 'ladder': 0.6, 'seal': 1.0, 'time': 1.0, 'liq': 1.0, 'struct': 0.5}",涨停组: 绿电方向 6板 封单比15.9% 涨停时间09:30 题材内涨停2家 成交11.5亿,绿电+氢能+央企,6连板 换手承接量比0.85,"次日竞价与开盘承接: 高开幅度观察区间[-2%,+5%]; 开盘涨幅≤+3%且不破昨收-3%视为买点触发",昨收6.89,高位情绪兑现/次日低开大幅回撤/炸板断板,1
2026-03-23,2026-03-24,defensive,lu,600376.SH,首开股份,房地产,64.25,"{'theme': 0.2, 'ladder': 0.55, 'seal': 0.7, 'time': 0.85, 'liq': 1.0, 'struct': 1.0}",涨停组: 间接持股宇树科技方向 1板 封单比13.2% 涨停时间09:52 题材内涨停2家 成交12.8亿,间接持股宇树科技+城市更新+北京国资,1连板 换手承接量比2.07,"次日竞价与开盘承接: 高开幅度观察区间[-2%,+5%]; 开盘涨幅≤+3%且不破昨收-3%视为买点触发",昨收5.87,高位情绪兑现/次日低开大幅回撤/炸板断板,1
2026-03-23,2026-03-24,defensive,nlu,600938.SH,中国海油,油气开采及服务,92.64375,"{'sector': 0.7821875, 'trend': 1.0, 'pos': 1.0, 'mom': 1.0, 'liq': 1.0, 'recog': 0.85}","非涨停组: 趋势结构多头(MA20>MA60且上行), 处于活跃板块[油气开采及服务](当日涨幅分位98%, 板块涨停1家) 距60日高点5.5% 20日涨幅22.4%",板块[油气开采及服务]轮动延续/资金承接,收盘41.39 MA20上方 量比1.02,"次日开盘[-2%,+3%]为观察区间; 收盘站上max(开盘,昨收)视为买点触发",昨收41.39,板块退潮补跌/资金承接不足/持续阴跌,1
2026-03-24,2026-03-25,defensive,lu,600396.SH,华电辽能,电力,78.0,"{'theme': 0.6, 'ladder': 0.6, 'seal': 0.7, 'time': 1.0, 'liq': 1.0, 'struct': 1.0}",涨停组: 绿电方向 7板 封单比8.1% 涨停时间09:38 题材内涨停4家 成交17.4亿,绿电+氢能+央企,7连板 换手承接量比1.13,"次日竞价与开盘承接: 高开幅度观察区间[-2%,+5%]; 开盘涨幅≤+3%且不破昨收-3%视为买点触发",昨收7.58,高位情绪兑现/次日低开大幅回撤/炸板断板,1
2026-03-24,2026-03-25,defensive,lu,601606.SH,长城军工,军工装备,70.25,"{'theme': 0.2, 'ladder': 0.55, 'seal': 1.0, 'time': 0.85, 'liq': 1.0, 'struct': 1.0}",涨停组: 兵装重组方向 1板 封单比31.0% 涨停时间09:53 题材内涨停2家 成交9.3亿,兵装重组+弹药装备+扭亏+央企,1连板 换手承接量比1.43,"次日竞价与开盘承接: 高开幅度观察区间[-2%,+5%]; 开盘涨幅≤+3%且不破昨收-3%视为买点触发",昨收39.34,高位情绪兑现/次日低开大幅回撤/炸板断板,1
2026-03-24,2026-03-25,defensive,nlu,603817.SH,海峡环保,环境治理,95.3375,"{'sector': 0.916875, 'trend': 1.0, 'pos': 1.0, 'mom': 1.0, 'liq': 1.0, 'recog': 0.85}","非涨停组: 趋势结构多头(MA20>MA60且上行), 处于活跃板块[环境治理](当日涨幅分位91%, 板块涨停4家) 距60日高点3.7% 20日涨幅25.9%",板块[环境治理]轮动延续/资金承接,收盘8.72 MA20上方 量比0.96,"次日开盘[-2%,+3%]为观察区间; 收盘站上max(开盘,昨收)视为买点触发",昨收8.72,板块退潮补跌/资金承接不足/持续阴跌,1
2026-03-25,2026-03-26,defensive,lu,600396.SH,华电辽能,电力,80.0,"{'theme': 0.6, 'ladder': 0.6, 'seal': 1.0, 'time': 1.0, 'liq': 1.0, 'struct': 0.6}",涨停组: 绿电方向 8板 封单比26.1% 涨停时间09:33 题材内涨停4家 成交8.2亿,绿电+氢能+央企,8连板 换手承接量比0.46,"次日竞价与开盘承接: 高开幅度观察区间[-2%,+5%]; 开盘涨幅≤+3%且不破昨收-3%视为买点触发",昨收8.34,高位情绪兑现/次日低开大幅回撤/炸板断板,1
2026-03-25,2026-03-26,defensive,lu,600589.SH,大位科技,IT服务,78.25,"{'theme': 0.8, 'ladder': 0.55, 'seal': 0.7, 'time': 1.0, 'liq': 1.0, 'struct': 0.6}",涨停组: 算力租赁方向 1板 封单比12.2% 涨停时间09:36 题材内涨停5家 成交11.9亿,算力租赁+IDC+东数西算,1连板 换手承接量比0.63,"次日竞价与开盘承接: 高开幅度观察区间[-2%,+5%]; 开盘涨幅≤+3%且不破昨收-3%视为买点触发",昨收11.14,高位情绪兑现/次日低开大幅回撤/炸板断板,1
2026-03-25,2026-03-26,defensive,nlu,301609.SZ,山大电力,电网设备,93.775,"{'sector': 0.68875, 'trend': 1.0, 'pos': 1.0, 'mom': 1.0, 'liq': 1.0, 'recog': 1.0}","非涨停组: 趋势结构多头(MA20>MA60且上行), 处于活跃板块[电网设备](当日涨幅分位48%, 板块涨停5家) 距60日高点6.7% 20日涨幅15.4%",板块[电网设备]轮动延续/资金承接,收盘56.63 MA20上方 量比1.10,"次日开盘[-2%,+3%]为观察区间; 收盘站上max(开盘,昨收)视为买点触发",昨收56.63,板块退潮补跌/资金承接不足/持续阴跌,1
2026-03-26,2026-03-27,defensive,lu,000037.SZ,深南电A,电力,61.25,"{'theme': 0.2, 'ladder': 0.55, 'seal': 0.7, 'time': 0.7, 'liq': 1.0, 'struct': 1.0}",涨停组: 电力方向 1板 封单比11.0% 涨停时间11:15 题材内涨停2家 成交7.9亿,电力+储能+业绩预增,1连板 换手承接量比1.16,"次日竞价与开盘承接: 高开幅度观察区间[-2%,+5%]; 开盘涨幅≤+3%且不破昨收-3%视为买点触发",昨收11.99,高位情绪兑现/次日低开大幅回撤/炸板断板,1
2026-03-26,2026-03-27,defensive,lu,600310.SH,广西能源,电力,61.25,"{'theme': 0.2, 'ladder': 0.55, 'seal': 0.7, 'time': 0.7, 'liq': 1.0, 'struct': 1.0}",涨停组: 电力方向 1板 封单比10.8% 涨停时间10:31 题材内涨停2家 成交11.2亿,电力+绿色电力+广西国资,1连板 换手承接量比0.86,"次日竞价与开盘承接: 高开幅度观察区间[-2%,+5%]; 开盘涨幅≤+3%且不破昨收-3%视为买点触发",昨收6.0,高位情绪兑现/次日低开大幅回撤/炸板断板,1
2026-03-26,2026-03-27,defensive,nlu,002039.SZ,黔源电力,电力,90.41875,"{'sector': 0.9209375, 'trend': 1.0, 'pos': 1.0, 'mom': 1.0, 'liq': 1.0, 'recog': 0.6}","非涨停组: 趋势结构多头(MA20>MA60且上行), 处于活跃板块[电力](当日涨幅分位85%, 板块涨停7家) 距60日高点3.2% 20日涨幅18.7%",板块[电力]轮动延续/资金承接,收盘20.43 MA20上方 量比1.26,"次日开盘[-2%,+3%]为观察区间; 收盘站上max(开盘,昨收)视为买点触发",昨收20.43,板块退潮补跌/资金承接不足/持续阴跌,1
2026-03-27,2026-03-30,normal,lu,300858.SZ,科拓生物,化学制品,86.25,"{'theme': 1.0, 'ladder': 0.55, 'seal': 1.0, 'time': 0.85, 'liq': 0.6, 'struct': 1.0}",涨停组: 创新药方向 1板 封单比17.0% 涨停时间10:07 题材内涨停7家 成交2.6亿,创新药+益生菌+国产替代,1连板 换手承接量比2.80,"次日竞价与开盘承接: 高开幅度观察区间[-2%,+5%]; 开盘涨幅≤+3%且不破昨收-3%视为买点触发",昨收18.19,高位情绪兑现/次日低开大幅回撤/炸板断板,1
2026-03-27,2026-03-30,normal,lu,600488.SH,津药药业,化学制药,80.25,"{'theme': 1.0, 'ladder': 0.55, 'seal': 0.7, 'time': 0.85, 'liq': 0.6, 'struct': 1.0}",涨停组: 创新药方向 1板 封单比14.9% 涨停时间10:19 题材内涨停7家 成交1.7亿,创新药+皮质激素+出口,1连板 换手承接量比2.43,"次日竞价与开盘承接: 高开幅度观察区间[-2%,+5%]; 开盘涨幅≤+3%且不破昨收-3%视为买点触发",昨收4.33,高位情绪兑现/次日低开大幅回撤/炸板断板,1
2026-03-27,2026-03-30,normal,nlu,002246.SZ,北化股份,化学制品,93.775,"{'sector': 0.8387500000000001, 'trend': 1.0, 'pos': 1.0, 'mom': 1.0, 'liq': 1.0, 'recog': 0.85}","非涨停组: 趋势结构多头(MA20>MA60且上行), 处于活跃板块[化学制品](当日涨幅分位78%, 板块涨停3家) 距60日高点4.5% 20日涨幅19.9%",板块[化学制品]轮动延续/资金承接,收盘25.46 MA20上方 量比1.18,"次日开盘[-2%,+3%]为观察区间; 收盘站上max(开盘,昨收)视为买点触发",昨收25.46,板块退潮补跌/资金承接不足/持续阴跌,1
2026-03-27,2026-03-30,normal,nlu,688275.SH,万润新能,电池,92.625,"{'sector': 0.93125, 'trend': 1.0, 'pos': 1.0, 'mom': 0.7, 'liq': 1.0, 'recog': 0.85}","非涨停组: 趋势结构多头(MA20>MA60且上行), 处于活跃板块[电池](当日涨幅分位88%, 板块涨停4家) 距60日高点7.2% 20日涨幅33.3%",板块[电池]轮动延续/资金承接,收盘117.95 MA20上方 量比1.05,"次日开盘[-2%,+3%]为观察区间; 收盘站上max(开盘,昨收)视为买点触发",昨收117.95,板块退潮补跌/资金承接不足/持续阴跌,1
2026-03-30,2026-03-31,normal,lu,600488.SH,津药药业,化学制药,83.5,"{'theme': 0.4, 'ladder': 0.9, 'seal': 1.0, 'time': 1.0, 'liq': 1.0, 'struct': 1.0}",涨停组: 创新药方向 2板 封单比16.2% 涨停时间09:31 题材内涨停3家 成交3.3亿,创新药+原料药+出口,2连板 换手承接量比2.61,"次日竞价与开盘承接: 高开幅度观察区间[-2%,+5%]; 开盘涨幅≤+3%且不破昨收-3%视为买点触发",昨收4.76,高位情绪兑现/次日低开大幅回撤/炸板断板,1
2026-03-30,2026-03-31,normal,lu,002361.SZ,神剑股份,塑料制品,81.0,"{'theme': 0.6, 'ladder': 1.0, 'seal': 0.7, 'time': 0.85, 'liq': 1.0, 'struct': 1.0}",涨停组: 商业航天方向 3板 封单比8.6% 涨停时间10:29 题材内涨停4家 成交33.1亿,商业航天+无人机+聚酯树脂+地方国资,3连板 换手承接量比1.50,"次日竞价与开盘承接: 高开幅度观察区间[-2%,+5%]; 开盘涨幅≤+3%且不破昨收-3%视为买点触发",昨收15.0,高位情绪兑现/次日低开大幅回撤/炸板断板,1
2026-03-30,2026-03-31,normal,nlu,002422.SZ,科伦药业,化学制药,94.55625,"{'sector': 0.8778124999999999, 'trend': 1.0, 'pos': 1.0, 'mom': 1.0, 'liq': 1.0, 'recog': 0.85}","非涨停组: 趋势结构多头(MA20>MA60且上行), 处于活跃板块[化学制药](当日涨幅分位78%, 板块涨停6家) 距60日高点2.1% 20日涨幅15.0%",板块[化学制药]轮动延续/资金承接,收盘34.24 MA20上方 量比1.24,"次日开盘[-2%,+3%]为观察区间; 收盘站上max(开盘,昨收)视为买点触发",昨收34.24,板块退潮补跌/资金承接不足/持续阴跌,1
2026-03-30,2026-03-31,normal,nlu,300502.SZ,新易盛,通信设备,90.7125,"{'sector': 0.8856249999999999, 'trend': 1.0, 'pos': 1.0, 'mom': 1.0, 'liq': 0.6, 'recog': 0.85}","非涨停组: 趋势结构多头(MA20>MA60且上行), 处于活跃板块[通信设备](当日涨幅分位86%, 板块涨停3家) 距60日高点6.8% 20日涨幅20.3%",板块[通信设备]轮动延续/资金承接,收盘326.99 MA20上方 量比0.72,"次日开盘[-2%,+3%]为观察区间; 收盘站上max(开盘,昨收)视为买点触发",昨收326.99,板块退潮补跌/资金承接不足/持续阴跌,1
2026-03-31,2026-04-01,defensive,lu,600502.SH,安徽建工,建筑装饰,84.5,"{'theme': 0.8, 'ladder': 0.9, 'seal': 0.7, 'time': 0.85, 'liq': 1.0, 'struct': 1.0}",涨停组: 年报增长方向 2板 封单比8.7% 涨停时间10:09 题材内涨停5家 成交9.5亿,年报增长+基建龙头+低空经济+国企改革,2连板 换手承接量比2.77,"次日竞价与开盘承接: 高开幅度观察区间[-2%,+5%]; 开盘涨幅≤+3%且不破昨收-3%视为买点触发",昨收5.63,高位情绪兑现/次日低开大幅回撤/炸板断板,1
2026-03-31,2026-04-01,defensive,lu,603039.SH,泛微网络,软件开发,84.25,"{'theme': 0.8, 'ladder': 0.55, 'seal': 1.0, 'time': 1.0, 'liq': 0.6, 'struct': 1.0}",涨停组: 年报增长方向 1板 封单比21.7% 涨停时间09:30 题材内涨停5家 成交2.7亿,年报增长+AI智能体+信创,1连板 换手承接量比1.88,"次日竞价与开盘承接: 高开幅度观察区间[-2%,+5%]; 开盘涨幅≤+3%且不破昨收-3%视为买点触发",昨收43.45,高位情绪兑现/次日低开大幅回撤/炸板断板,1
2026-03-31,2026-04-01,defensive,nlu,603529.SH,爱玛科技,汽车服务及其他,94.325,"{'sector': 0.86625, 'trend': 1.0, 'pos': 1.0, 'mom': 1.0, 'liq': 1.0, 'recog': 0.85}","非涨停组: 趋势结构多头(MA20>MA60且上行), 处于活跃板块[汽车服务及其他](当日涨幅分位98%, 板块涨停2家) 距60日高点4.2% 20日涨幅13.2%",板块[汽车服务及其他]轮动延续/资金承接,收盘31.52 MA20上方 量比0.94,"次日开盘[-2%,+3%]为观察区间; 收盘站上max(开盘,昨收)视为买点触发",昨收31.52,板块退潮补跌/资金承接不足/持续阴跌,1
2026-04-01,2026-04-02,normal,lu,600488.SH,津药药业,化学制药,84.0,"{'theme': 0.8, 'ladder': 0.8, 'seal': 1.0, 'time': 1.0, 'liq': 0.6, 'struct': 0.6}",涨停组: 创新药方向 4板 封单比87.0% 涨停时间09:30 题材内涨停5家 成交2.1亿,创新药+原料药+出口,4连板 换手承接量比0.76,"次日竞价与开盘承接: 高开幅度观察区间[-2%,+5%]; 开盘涨幅≤+3%且不破昨收-3%视为买点触发",昨收5.76,高位情绪兑现/次日低开大幅回撤/炸板断板,1
2026-04-01,2026-04-02,normal,lu,000788.SZ,北大医药,化学制药,82.25,"{'theme': 0.8, 'ladder': 0.55, 'seal': 1.0, 'time': 0.7, 'liq': 1.0, 'struct': 1.0}",涨停组: 创新药方向 1板 封单比24.5% 涨停时间10:36 题材内涨停5家 成交4.2亿,创新药+右酮洛芬+抗感染镇痛+原料药获上市批件,1连板 换手承接量比2.74,"次日竞价与开盘承接: 高开幅度观察区间[-2%,+5%]; 开盘涨幅≤+3%且不破昨收-3%视为买点触发",昨收6.56,高位情绪兑现/次日低开大幅回撤/炸板断板,1
2026-04-01,2026-04-02,normal,nlu,603301.SH,振德医疗,医疗器械,94.0,"{'sector': 0.8500000000000001, 'trend': 1.0, 'pos': 1.0, 'mom': 1.0, 'liq': 1.0, 'recog': 0.85}","非涨停组: 趋势结构多头(MA20>MA60且上行), 处于活跃板块[医疗器械](当日涨幅分位93%, 板块涨停2家) 距60日高点2.7% 20日涨幅10.4%",板块[医疗器械]轮动延续/资金承接,收盘99.88 MA20上方 量比1.19,"次日开盘[-2%,+3%]为观察区间; 收盘站上max(开盘,昨收)视为买点触发",昨收99.88,板块退潮补跌/资金承接不足/持续阴跌,1
2026-04-01,2026-04-02,normal,nlu,603118.SH,共进股份,通信设备,92.25,"{'sector': 0.7625, 'trend': 1.0, 'pos': 1.0, 'mom': 1.0, 'liq': 1.0, 'recog': 0.85}","非涨停组: 趋势结构多头(MA20>MA60且上行), 处于活跃板块[通信设备](当日涨幅分位78%, 板块涨停3家) 距60日高点1.6% 20日涨幅18.3%",板块[通信设备]轮动延续/资金承接,收盘13.34 MA20上方 量比1.26,"次日开盘[-2%,+3%]为观察区间; 收盘站上max(开盘,昨收)视为买点触发",昨收13.34,板块退潮补跌/资金承接不足/持续阴跌,1
2026-04-02,2026-04-03,freeze,nlu,002382.SZ,蓝帆医疗,医疗器械,90.39375,"{'sector': 0.6696875, 'trend': 1.0, 'pos': 1.0, 'mom': 1.0, 'liq': 1.0, 'recog': 0.85}","非涨停组: 趋势结构多头(MA20>MA60且上行), 处于活跃板块[医疗器械](当日涨幅分位77%, 板块涨停1家) 距60日高点3.5% 20日涨幅26.2%",板块[医疗器械]轮动延续/资金承接,收盘8.20 MA20上方 量比1.27,"次日开盘[-2%,+3%]为观察区间; 收盘站上max(开盘,昨收)视为买点触发",昨收8.20,板块退潮补跌/资金承接不足/持续阴跌,1
2026-04-03,2026-04-07,freeze,nlu,002902.SZ,铭普光磁,通信设备,90.5625,"{'sector': 0.9781249999999999, 'trend': 1.0, 'pos': 0.7, 'mom': 1.0, 'liq': 1.0, 'recog': 0.85}","非涨停组: 趋势结构多头(MA20>MA60且上行), 处于活跃板块[通信设备](当日涨幅分位98%, 板块涨停5家) 距60日高点9.6% 20日涨幅29.1%",板块[通信设备]轮动延续/资金承接,收盘27.00 MA20上方 量比1.15,"次日开盘[-2%,+3%]为观察区间; 收盘站上max(开盘,昨收)视为买点触发",昨收27.00,板块退潮补跌/资金承接不足/持续阴跌,1
2026-04-07,2026-04-08,aggressive,lu,600691.SH,潞化科技,农化制品,71.25,"{'theme': 0.4, 'ladder': 0.55, 'seal': 1.0, 'time': 0.85, 'liq': 0.6, 'struct': 1.0}",涨停组: 煤化工方向 1板 封单比26.0% 涨停时间10:30 题材内涨停3家 成交2.4亿,煤化工+氢能装备+山西国资,1连板 换手承接量比0.89,"次日竞价与开盘承接: 高开幅度观察区间[-2%,+5%]; 开盘涨幅≤+3%且不破昨收-3%视为买点触发",昨收3.34,高位情绪兑现/次日低开大幅回撤/炸板断板,1
2026-04-07,2026-04-08,aggressive,lu,600596.SH,新安股份,农化制品,70.25,"{'theme': 0.2, 'ladder': 0.55, 'seal': 1.0, 'time': 0.85, 'liq': 1.0, 'struct': 1.0}",涨停组: 草甘膦方向 1板 封单比38.8% 涨停时间09:46 题材内涨停2家 成交3.0亿,草甘膦+有机硅+硅能源+人形机器人,1连板 换手承接量比1.45,"次日竞价与开盘承接: 高开幅度观察区间[-2%,+5%]; 开盘涨幅≤+3%且不破昨收-3%视为买点触发",昨收11.5,高位情绪兑现/次日低开大幅回撤/炸板断板,1
2026-04-07,2026-04-08,aggressive,nlu,300953.SZ,震裕科技,电池,91.29375,"{'sector': 0.7146875, 'trend': 1.0, 'pos': 1.0, 'mom': 1.0, 'liq': 1.0, 'recog': 0.85}","非涨停组: 趋势结构多头(MA20>MA60且上行), 处于活跃板块[电池](当日涨幅分位79%, 板块涨停3家) 距60日高点4.7% 20日涨幅17.0%",板块[电池]轮动延续/资金承接,收盘129.83 MA20上方 量比0.95,"次日开盘[-2%,+3%]为观察区间; 收盘站上max(开盘,昨收)视为买点触发",昨收129.83,板块退潮补跌/资金承接不足/持续阴跌,1
2026-04-07,2026-04-08,aggressive,nlu,301216.SZ,万凯新材,塑料制品,89.475,"{'sector': 0.62375, 'trend': 1.0, 'pos': 1.0, 'mom': 1.0, 'liq': 1.0, 'recog': 0.85}","非涨停组: 趋势结构多头(MA20>MA60且上行), 处于活跃板块[塑料制品](当日涨幅分位75%, 板块涨停1家) 距60日高点3.0% 20日涨幅29.5%",板块[塑料制品]轮动延续/资金承接,收盘27.92 MA20上方 量比1.05,"次日开盘[-2%,+3%]为观察区间; 收盘站上max(开盘,昨收)视为买点触发",昨收27.92,板块退潮补跌/资金承接不足/持续阴跌,1
2026-04-08,2026-04-09,normal,lu,002181.SZ,粤传媒,文化传媒,94.5,"{'theme': 1.0, 'ladder': 0.9, 'seal': 1.0, 'time': 1.0, 'liq': 1.0, 'struct': 0.6}",涨停组: AI营销方向 2板 封单比18.3% 涨停时间09:31 题材内涨停6家 成交6.3亿,AI营销+全运会IP+广州国资+年报增长,2连板 换手承接量比0.70,"次日竞价与开盘承接: 高开幅度观察区间[-2%,+5%]; 开盘涨幅≤+3%且不破昨收-3%视为买点触发",昨收12.99,高位情绪兑现/次日低开大幅回撤/炸板断板,1
2026-04-08,2026-04-09,normal,lu,002995.SZ,天地在线,文化传媒,90.25,"{'theme': 1.0, 'ladder': 0.55, 'seal': 1.0, 'time': 0.85, 'liq': 1.0, 'struct': 1.0}",涨停组: AI营销方向 1板 封单比19.9% 涨停时间10:23 题材内涨停6家 成交4.8亿,AI营销+抖音概念+持股中书艺莲+VR文旅,1连板 换手承接量比0.98,"次日竞价与开盘承接: 高开幅度观察区间[-2%,+5%]; 开盘涨幅≤+3%且不破昨收-3%视为买点触发",昨收24.76,高位情绪兑现/次日低开大幅回撤/炸板断板,1
2026-04-08,2026-04-09,normal,nlu,000688.SZ,国城矿业,小金属,92.20625,"{'sector': 0.7603125, 'trend': 1.0, 'pos': 1.0, 'mom': 1.0, 'liq': 1.0, 'recog': 0.85}","非涨停组: 趋势结构多头(MA20>MA60且上行), 处于活跃板块[小金属](当日涨幅分位81%, 板块涨停2家) 距60日高点7.0% 20日涨幅15.4%",板块[小金属]轮动延续/资金承接,收盘40.26 MA20上方 量比1.00,"次日开盘[-2%,+3%]为观察区间; 收盘站上max(开盘,昨收)视为买点触发",昨收40.26,板块退潮补跌/资金承接不足/持续阴跌,1
2026-04-08,2026-04-09,normal,nlu,300489.SZ,光智科技,光学光电子,90.90625,"{'sector': 0.8953125, 'trend': 1.0, 'pos': 1.0, 'mom': 1.0, 'liq': 0.6, 'recog': 0.85}","非涨停组: 趋势结构多头(MA20>MA60且上行), 处于活跃板块[光学光电子](当日涨幅分位83%, 板块涨停4家) 距60日高点5.0% 20日涨幅10.2%",板块[光学光电子]轮动延续/资金承接,收盘51.20 MA20上方 量比1.21,"次日开盘[-2%,+3%]为观察区间; 收盘站上max(开盘,昨收)视为买点触发",昨收51.20,板块退潮补跌/资金承接不足/持续阴跌,1
2026-04-09,2026-04-10,defensive,lu,002975.SZ,博杰股份,自动化设备,77.5,"{'theme': 0.4, 'ladder': 0.9, 'seal': 0.7, 'time': 1.0, 'liq': 1.0, 'struct': 1.0}",涨停组: 液冷服务器方向 2板 封单比14.0% 涨停时间09:39 题材内涨停3家 成交9.8亿,液冷服务器+AI服务器测试+年报增长,2连板 换手承接量比1.88,"次日竞价与开盘承接: 高开幅度观察区间[-2%,+5%]; 开盘涨幅≤+3%且不破昨收-3%视为买点触发",昨收86.9,高位情绪兑现/次日低开大幅回撤/炸板断板,1
2026-04-09,2026-04-10,defensive,lu,002328.SZ,新朋股份,汽车零部件,69.25,"{'theme': 0.4, 'ladder': 0.55, 'seal': 0.7, 'time': 0.85, 'liq': 1.0, 'struct': 1.0}",涨停组: 液冷服务器方向 1板 封单比8.5% 涨停时间09:48 题材内涨停3家 成交8.2亿,液冷服务器+汽车零部件+特斯拉+回购,1连板 换手承接量比1.09,"次日竞价与开盘承接: 高开幅度观察区间[-2%,+5%]; 开盘涨幅≤+3%且不破昨收-3%视为买点触发",昨收9.19,高位情绪兑现/次日低开大幅回撤/炸板断板,1
2026-04-09,2026-04-10,defensive,nlu,300502.SZ,新易盛,通信设备,92.45625,"{'sector': 0.9728125000000001, 'trend': 1.0, 'pos': 1.0, 'mom': 1.0, 'liq': 0.6, 'recog': 0.85}","非涨停组: 趋势结构多头(MA20>MA60且上行), 处于活跃板块[通信设备](当日涨幅分位95%, 板块涨停5家) 距60日高点2.4% 20日涨幅24.6%",板块[通信设备]轮动延续/资金承接,收盘349.55 MA20上方 量比0.93,"次日开盘[-2%,+3%]为观察区间; 收盘站上max(开盘,昨收)视为买点触发",昨收349.55,板块退潮补跌/资金承接不足/持续阴跌,1
2026-04-10,2026-04-13,normal,lu,600707.SH,彩虹股份,光学光电子,78.5,"{'theme': 0.2, 'ladder': 0.9, 'seal': 1.0, 'time': 1.0, 'liq': 1.0, 'struct': 1.0}",涨停组: 玻璃基板方向 2板 封单比18.0% 涨停时间09:30 题材内涨停2家 成交6.5亿,玻璃基板+ITC胜诉+国企改革,2连板 换手承接量比2.38,"次日竞价与开盘承接: 高开幅度观察区间[-2%,+5%]; 开盘涨幅≤+3%且不破昨收-3%视为买点触发",昨收7.02,高位情绪兑现/次日低开大幅回撤/炸板断板,1
2026-04-10,2026-04-13,normal,lu,603200.SH,上海洗霸,环境治理,75.25,"{'theme': 0.4, 'ladder': 0.55, 'seal': 1.0, 'time': 0.85, 'liq': 1.0, 'struct': 1.0}",涨停组: 固态电池方向 1板 封单比35.5% 涨停时间10:02 题材内涨停3家 成交5.1亿,固态电池+液冷服务器+业绩预增,1连板 换手承接量比1.53,"次日竞价与开盘承接: 高开幅度观察区间[-2%,+5%]; 开盘涨幅≤+3%且不破昨收-3%视为买点触发",昨收61.71,高位情绪兑现/次日低开大幅回撤/炸板断板,1
2026-04-10,2026-04-13,normal,nlu,000062.SZ,深圳华强,其他电子,97.3125,"{'sector': 0.865625, 'trend': 1.0, 'pos': 1.0, 'mom': 1.0, 'liq': 1.0, 'recog': 1.0}","非涨停组: 趋势结构多头(MA20>MA60且上行), 处于活跃板块[其他电子](当日涨幅分位94%, 板块涨停2家) 距60日高点1.9% 20日涨幅10.4%",板块[其他电子]轮动延续/资金承接,收盘28.50 MA20上方 量比1.01,"次日开盘[-2%,+3%]为观察区间; 收盘站上max(开盘,昨收)视为买点触发",昨收28.50,板块退潮补跌/资金承接不足/持续阴跌,1
2026-04-10,2026-04-13,normal,nlu,600110.SH,诺德股份,电池,96.525,"{'sector': 0.9762500000000001, 'trend': 1.0, 'pos': 1.0, 'mom': 1.0, 'liq': 1.0, 'recog': 0.85}","非涨停组: 趋势结构多头(MA20>MA60且上行), 处于活跃板块[电池](当日涨幅分位99%, 板块涨停4家) 距60日高点7.2% 20日涨幅20.2%",板块[电池]轮动延续/资金承接,收盘9.88 MA20上方 量比1.03,"次日开盘[-2%,+3%]为观察区间; 收盘站上max(开盘,昨收)视为买点触发",昨收9.88,板块退潮补跌/资金承接不足/持续阴跌,1
2026-04-13,2026-04-14,defensive,lu,002439.SZ,启明星辰,软件开发,73.25,"{'theme': 0.2, 'ladder': 0.55, 'seal': 1.0, 'time': 1.0, 'liq': 1.0, 'struct': 1.0}",涨停组: 一季报预增方向 1板 封单比30.2% 涨停时间09:25 题材内涨停2家 成交3.9亿,一季报预增+AI安全+央企,1连板 换手承接量比2.01,"次日竞价与开盘承接: 高开幅度观察区间[-2%,+5%]; 开盘涨幅≤+3%且不破昨收-3%视为买点触发",昨收14.26,高位情绪兑现/次日低开大幅回撤/炸板断板,1
2026-04-13,2026-04-14,defensive,lu,002515.SZ,金字火腿,食品加工制造,69.25,"{'theme': 0.4, 'ladder': 0.55, 'seal': 0.7, 'time': 0.85, 'liq': 1.0, 'struct': 1.0}",涨停组: 光模块方向 1板 封单比9.2% 涨停时间09:57 题材内涨停3家 成交6.3亿,光模块+火腿,1连板 换手承接量比2.68,"次日竞价与开盘承接: 高开幅度观察区间[-2%,+5%]; 开盘涨幅≤+3%且不破昨收-3%视为买点触发",昨收6.24,高位情绪兑现/次日低开大幅回撤/炸板断板,1
2026-04-13,2026-04-14,defensive,nlu,603906.SH,龙蟠科技,电池,93.45,"{'sector': 0.8225, 'trend': 1.0, 'pos': 1.0, 'mom': 1.0, 'liq': 1.0, 'recog': 0.85}","非涨停组: 趋势结构多头(MA20>MA60且上行), 处于活跃板块[电池](当日涨幅分位86%, 板块涨停2家) 距60日高点5.8% 20日涨幅19.9%",板块[电池]轮动延续/资金承接,收盘22.41 MA20上方 量比1.00,"次日开盘[-2%,+3%]为观察区间; 收盘站上max(开盘,昨收)视为买点触发",昨收22.41,板块退潮补跌/资金承接不足/持续阴跌,1
2026-04-14,2026-04-15,normal,lu,000620.SZ,盈新发展,房地产,78.25,"{'theme': 0.4, 'ladder': 0.55, 'seal': 1.0, 'time': 1.0, 'liq': 1.0, 'struct': 1.0}",涨停组: 存储芯片方向 1板 封单比15.7% 涨停时间09:45 题材内涨停3家 成交6.7亿,存储芯片+拟收购长兴半导体+文旅地产,1连板 换手承接量比1.51,"次日竞价与开盘承接: 高开幅度观察区间[-2%,+5%]; 开盘涨幅≤+3%且不破昨收-3%视为买点触发",昨收3.11,高位情绪兑现/次日低开大幅回撤/炸板断板,1
2026-04-14,2026-04-15,normal,lu,002213.SZ,大为股份,半导体,74.25,"{'theme': 0.4, 'ladder': 0.55, 'seal': 1.0, 'time': 1.0, 'liq': 1.0, 'struct': 0.6}",涨停组: 存储芯片方向 1板 封单比16.9% 涨停时间09:43 题材内涨停3家 成交6.6亿,存储芯片+锂矿资源+拟定增,1连板 换手承接量比0.42,"次日竞价与开盘承接: 高开幅度观察区间[-2%,+5%]; 开盘涨幅≤+3%且不破昨收-3%视为买点触发",昨收38.08,高位情绪兑现/次日低开大幅回撤/炸板断板,1
2026-04-14,2026-04-15,normal,nlu,600110.SH,诺德股份,电池,96.56875,"{'sector': 0.9784375, 'trend': 1.0, 'pos': 1.0, 'mom': 1.0, 'liq': 1.0, 'recog': 0.85}","非涨停组: 趋势结构多头(MA20>MA60且上行), 处于活跃板块[电池](当日涨幅分位97%, 板块涨停4家) 距60日高点2.6% 20日涨幅23.9%",板块[电池]轮动延续/资金承接,收盘10.37 MA20上方 量比0.78,"次日开盘[-2%,+3%]为观察区间; 收盘站上max(开盘,昨收)视为买点触发",昨收10.37,板块退潮补跌/资金承接不足/持续阴跌,1
2026-04-14,2026-04-15,normal,nlu,688167.SH,炬光科技,半导体,94.2125,"{'sector': 0.860625, 'trend': 1.0, 'pos': 1.0, 'mom': 1.0, 'liq': 1.0, 'recog': 0.85}","非涨停组: 趋势结构多头(MA20>MA60且上行), 处于活跃板块[半导体](当日涨幅分位94%, 板块涨停2家) 距60日高点7.7% 20日涨幅18.5%",板块[半导体]轮动延续/资金承接,收盘267.85 MA20上方 量比1.26,"次日开盘[-2%,+3%]为观察区间; 收盘站上max(开盘,昨收)视为买点触发",昨收267.85,板块退潮补跌/资金承接不足/持续阴跌,1
2026-04-15,2026-04-16,defensive,lu,600267.SH,海正药业,化学制药,74.25,"{'theme': 0.6, 'ladder': 0.55, 'seal': 0.7, 'time': 0.85, 'liq': 1.0, 'struct': 1.0}",涨停组: 创新药方向 1板 封单比12.0% 涨停时间09:54 题材内涨停4家 成交5.5亿,创新药+合成生物+浙江国资,1连板 换手承接量比2.40,"次日竞价与开盘承接: 高开幅度观察区间[-2%,+5%]; 开盘涨幅≤+3%且不破昨收-3%视为买点触发",昨收11.39,高位情绪兑现/次日低开大幅回撤/炸板断板,1
2026-04-15,2026-04-16,defensive,lu,600664.SH,哈药股份,化学制药,73.5,"{'theme': 0.6, 'ladder': 0.9, 'seal': 0.4, 'time': 0.85, 'liq': 1.0, 'struct': 1.0}",涨停组: 创新药方向 2板 封单比7.2% 涨停时间09:59 题材内涨停4家 成交19.7亿,创新药+保健品+仿制药一致性评价,2连板 换手承接量比1.79,"次日竞价与开盘承接: 高开幅度观察区间[-2%,+5%]; 开盘涨幅≤+3%且不破昨收-3%视为买点触发",昨收4.44,高位情绪兑现/次日低开大幅回撤/炸板断板,1
2026-04-15,2026-04-16,defensive,nlu,300006.SZ,莱美药业,化学制药,95.05,"{'sector': 0.9024999999999999, 'trend': 1.0, 'pos': 1.0, 'mom': 1.0, 'liq': 1.0, 'recog': 0.85}","非涨停组: 趋势结构多头(MA20>MA60且上行), 处于活跃板块[化学制药](当日涨幅分位98%, 板块涨停7家) 距60日高点6.6% 20日涨幅24.2%",板块[化学制药]轮动延续/资金承接,收盘6.21 MA20上方 量比1.00,"次日开盘[-2%,+3%]为观察区间; 收盘站上max(开盘,昨收)视为买点触发",昨收6.21,板块退潮补跌/资金承接不足/持续阴跌,1
2026-04-16,2026-04-17,normal,lu,600156.SH,华升股份,纺织制造,83.25,"{'theme': 1.0, 'ladder': 0.55, 'seal': 1.0, 'time': 0.7, 'liq': 0.6, 'struct': 1.0}",涨停组: 算力租赁方向 1板 封单比36.8% 涨停时间10:32 题材内涨停6家 成交1.7亿,算力租赁+拟收购易信科技+湖南国资,1连板 换手承接量比1.21,"次日竞价与开盘承接: 高开幅度观察区间[-2%,+5%]; 开盘涨幅≤+3%且不破昨收-3%视为买点触发",昨收8.42,高位情绪兑现/次日低开大幅回撤/炸板断板,1
2026-04-16,2026-04-17,normal,lu,605060.SH,联德股份,通用设备,83.25,"{'theme': 0.6, 'ladder': 0.55, 'seal': 1.0, 'time': 1.0, 'liq': 1.0, 'struct': 1.0}",涨停组: 燃气轮机方向 1板 封单比19.2% 涨停时间09:45 题材内涨停4家 成交5.0亿,燃气轮机+液冷+年报增长,1连板 换手承接量比0.82,"次日竞价与开盘承接: 高开幅度观察区间[-2%,+5%]; 开盘涨幅≤+3%且不破昨收-3%视为买点触发",昨收58.95,高位情绪兑现/次日低开大幅回撤/炸板断板,1
2026-04-16,2026-04-17,normal,nlu,600110.SH,诺德股份,电池,95.9375,"{'sector': 0.946875, 'trend': 1.0, 'pos': 1.0, 'mom': 1.0, 'liq': 1.0, 'recog': 0.85}","非涨停组: 趋势结构多头(MA20>MA60且上行), 处于活跃板块[电池](当日涨幅分位90%, 板块涨停5家) 距60日高点7.6% 20日涨幅24.1%",板块[电池]轮动延续/资金承接,收盘10.05 MA20上方 量比0.82,"次日开盘[-2%,+3%]为观察区间; 收盘站上max(开盘,昨收)视为买点触发",昨收10.05,板块退潮补跌/资金承接不足/持续阴跌,1
2026-04-16,2026-04-17,normal,nlu,300693.SZ,盛弘股份,其他电源设备,92.11875,"{'sector': 0.7559375, 'trend': 1.0, 'pos': 1.0, 'mom': 1.0, 'liq': 1.0, 'recog': 0.85}","非涨停组: 趋势结构多头(MA20>MA60且上行), 处于活跃板块[其他电源设备](当日涨幅分位93%, 板块涨停1家) 距60日高点3.3% 20日涨幅13.2%",板块[其他电源设备]轮动延续/资金承接,收盘50.53 MA20上方 量比1.05,"次日开盘[-2%,+3%]为观察区间; 收盘站上max(开盘,昨收)视为买点触发",昨收50.53,板块退潮补跌/资金承接不足/持续阴跌,1
2026-04-17,2026-04-20,defensive,lu,688227.SH,品高股份,IT服务,88.5,"{'theme': 0.6, 'ladder': 0.9, 'seal': 1.0, 'time': 1.0, 'liq': 1.0, 'struct': 1.0}",涨停组: 算力租赁方向 2板 封单比54.0% 涨停时间09:30 题材内涨停4家 成交4.9亿,算力租赁+AI一体机+国产芯片,2连板 换手承接量比1.04,"次日竞价与开盘承接: 高开幅度观察区间[-2%,+5%]; 开盘涨幅≤+3%且不破昨收-3%视为买点触发",昨收101.36,高位情绪兑现/次日低开大幅回撤/炸板断板,1
2026-04-17,2026-04-20,defensive,lu,600156.SH,华升股份,纺织制造,82.5,"{'theme': 0.6, 'ladder': 0.9, 'seal': 0.7, 'time': 1.0, 'liq': 1.0, 'struct': 1.0}",涨停组: 算力租赁方向 2板 封单比8.8% 涨停时间09:30 题材内涨停4家 成交3.8亿,算力租赁+拟收购易信科技+湖南国资,2连板 换手承接量比1.89,"次日竞价与开盘承接: 高开幅度观察区间[-2%,+5%]; 开盘涨幅≤+3%且不破昨收-3%视为买点触发",昨收9.26,高位情绪兑现/次日低开大幅回撤/炸板断板,1
2026-04-17,2026-04-20,defensive,nlu,300408.SZ,三环集团,元件,94.45625,"{'sector': 0.8728125, 'trend': 1.0, 'pos': 1.0, 'mom': 1.0, 'liq': 1.0, 'recog': 0.85}","非涨停组: 趋势结构多头(MA20>MA60且上行), 处于活跃板块[元件](当日涨幅分位95%, 板块涨停2家) 距60日高点7.6% 20日涨幅16.5%",板块[元件]轮动延续/资金承接,收盘64.83 MA20上方 量比0.70,"次日开盘[-2%,+3%]为观察区间; 收盘站上max(开盘,昨收)视为买点触发",昨收64.83,板块退潮补跌/资金承接不足/持续阴跌,1
2026-04-20,2026-04-21,normal,lu,300540.SZ,蜀道装备,专用设备,87.25,"{'theme': 1.0, 'ladder': 0.55, 'seal': 0.7, 'time': 1.0, 'liq': 1.0, 'struct': 1.0}",涨停组: 商业航天方向 1板 封单比12.9% 涨停时间09:45 题材内涨停8家 成交6.6亿,商业航天+氢能装备+燃料电池+四川国资,1连板 换手承接量比2.27,"次日竞价与开盘承接: 高开幅度观察区间[-2%,+5%]; 开盘涨幅≤+3%且不破昨收-3%视为买点触发",昨收26.64,高位情绪兑现/次日低开大幅回撤/炸板断板,1
2026-04-20,2026-04-21,normal,lu,603017.SH,中衡设计,建筑装饰,85.25,"{'theme': 1.0, 'ladder': 0.55, 'seal': 1.0, 'time': 1.0, 'liq': 0.6, 'struct': 0.6}",涨停组: 商业航天方向 1板 封单比26.1% 涨停时间09:33 题材内涨停8家 成交1.9亿,商业航天+低空经济+工程设计,1连板 换手承接量比0.74,"次日竞价与开盘承接: 高开幅度观察区间[-2%,+5%]; 开盘涨幅≤+3%且不破昨收-3%视为买点触发",昨收14.21,高位情绪兑现/次日低开大幅回撤/炸板断板,1
2026-04-20,2026-04-21,normal,nlu,688226.SH,威腾电气,电网设备,95.71875,"{'sector': 0.9359375, 'trend': 1.0, 'pos': 1.0, 'mom': 1.0, 'liq': 1.0, 'recog': 0.85}","非涨停组: 趋势结构多头(MA20>MA60且上行), 处于活跃板块[电网设备](当日涨幅分位91%, 板块涨停5家) 距60日高点3.6% 20日涨幅26.5%",板块[电网设备]轮动延续/资金承接,收盘56.58 MA20上方 量比0.96,"次日开盘[-2%,+3%]为观察区间; 收盘站上max(开盘,昨收)视为买点触发",昨收56.58,板块退潮补跌/资金承接不足/持续阴跌,1
2026-04-20,2026-04-21,normal,nlu,000155.SZ,川能动力,电力,93.2625,"{'sector': 0.813125, 'trend': 1.0, 'pos': 1.0, 'mom': 1.0, 'liq': 1.0, 'recog': 0.85}","非涨停组: 趋势结构多头(MA20>MA60且上行), 处于活跃板块[电力](当日涨幅分位84%, 板块涨停4家) 距60日高点7.5% 20日涨幅22.4%",板块[电力]轮动延续/资金承接,收盘16.84 MA20上方 量比0.61,"次日开盘[-2%,+3%]为观察区间; 收盘站上max(开盘,昨收)视为买点触发",昨收16.84,板块退潮补跌/资金承接不足/持续阴跌,1
2026-04-21,2026-04-22,defensive,lu,603017.SH,中衡设计,建筑装饰,89.5,"{'theme': 0.8, 'ladder': 0.9, 'seal': 1.0, 'time': 1.0, 'liq': 0.6, 'struct': 1.0}",涨停组: 商业航天方向 2板 封单比40.5% 涨停时间09:30 题材内涨停5家 成交2.3亿,商业航天+低空经济+工程设计,2连板 换手承接量比0.87,"次日竞价与开盘承接: 高开幅度观察区间[-2%,+5%]; 开盘涨幅≤+3%且不破昨收-3%视为买点触发",昨收15.63,高位情绪兑现/次日低开大幅回撤/炸板断板,1
2026-04-21,2026-04-22,defensive,lu,600736.SH,苏州高新,房地产,85.25,"{'theme': 0.8, 'ladder': 0.55, 'seal': 1.0, 'time': 0.85, 'liq': 1.0, 'struct': 1.0}",涨停组: 商业航天方向 1板 封单比40.1% 涨停时间09:52 题材内涨停5家 成交3.3亿,商业航天+产业园运营+脑机接口+国企,1连板 换手承接量比2.10,"次日竞价与开盘承接: 高开幅度观察区间[-2%,+5%]; 开盘涨幅≤+3%且不破昨收-3%视为买点触发",昨收6.92,高位情绪兑现/次日低开大幅回撤/炸板断板,1
2026-04-21,2026-04-22,defensive,nlu,000155.SZ,川能动力,电力,95.76249999999999,"{'sector': 0.9381249999999999, 'trend': 1.0, 'pos': 1.0, 'mom': 1.0, 'liq': 1.0, 'recog': 0.85}","非涨停组: 趋势结构多头(MA20>MA60且上行), 处于活跃板块[电力](当日涨幅分位95%, 板块涨停5家) 距60日高点6.8% 20日涨幅26.3%",板块[电力]轮动延续/资金承接,收盘16.97 MA20上方 量比0.87,"次日开盘[-2%,+3%]为观察区间; 收盘站上max(开盘,昨收)视为买点触发",昨收16.97,板块退潮补跌/资金承接不足/持续阴跌,1
2026-04-22,2026-04-23,normal,lu,603618.SH,杭电股份,电网设备,58.25,"{'theme': 0.2, 'ladder': 0.55, 'seal': 0.4, 'time': 0.85, 'liq': 1.0, 'struct': 1.0}",涨停组: 一季报增长方向 1板 封单比5.9% 涨停时间09:49 题材内涨停2家 成交20.3亿,一季报增长+光纤涨价+特高压+锂电铜箔,1连板 换手承接量比0.85,"次日竞价与开盘承接: 高开幅度观察区间[-2%,+5%]; 开盘涨幅≤+3%且不破昨收-3%视为买点触发",昨收28.55,高位情绪兑现/次日低开大幅回撤/炸板断板,1
2026-04-22,2026-04-23,normal,nlu,002962.SZ,五方光电,光学光电子,95.56875,"{'sector': 0.9284374999999999, 'trend': 1.0, 'pos': 1.0, 'mom': 1.0, 'liq': 1.0, 'recog': 0.85}","非涨停组: 趋势结构多头(MA20>MA60且上行), 处于活跃板块[光学光电子](当日涨幅分位90%, 板块涨停4家) 距60日高点6.9% 20日涨幅28.2%",板块[光学光电子]轮动延续/资金承接,收盘17.79 MA20上方 量比0.82,"次日开盘[-2%,+3%]为观察区间; 收盘站上max(开盘,昨收)视为买点触发",昨收17.79,板块退潮补跌/资金承接不足/持续阴跌,1
2026-04-22,2026-04-23,normal,nlu,301489.SZ,思泉新材,电子化学品,94.3875,"{'sector': 0.869375, 'trend': 1.0, 'pos': 1.0, 'mom': 1.0, 'liq': 1.0, 'recog': 0.85}","非涨停组: 趋势结构多头(MA20>MA60且上行), 处于活跃板块[电子化学品](当日涨幅分位94%, 板块涨停2家) 距60日高点2.0% 20日涨幅29.4%",板块[电子化学品]轮动延续/资金承接,收盘156.52 MA20上方 量比0.98,"次日开盘[-2%,+3%]为观察区间; 收盘站上max(开盘,昨收)视为买点触发",昨收156.52,板块退潮补跌/资金承接不足/持续阴跌,1
2026-04-23,2026-04-24,defensive,lu,002793.SZ,罗欣药业,化学制药,81.25,"{'theme': 0.8, 'ladder': 0.55, 'seal': 1.0, 'time': 0.85, 'liq': 0.6, 'struct': 1.0}",涨停组: 一季报增长方向 1板 封单比28.5% 涨停时间09:50 题材内涨停5家 成交2.8亿,一季报增长+创新药+替戈拉生片+医保全覆盖,1连板 换手承接量比2.05,"次日竞价与开盘承接: 高开幅度观察区间[-2%,+5%]; 开盘涨幅≤+3%且不破昨收-3%视为买点触发",昨收5.63,高位情绪兑现/次日低开大幅回撤/炸板断板,1
2026-04-23,2026-04-24,defensive,lu,603618.SH,杭电股份,电网设备,76.5,"{'theme': 0.8, 'ladder': 0.9, 'seal': 0.15, 'time': 1.0, 'liq': 1.0, 'struct': 1.0}",涨停组: 一季报增长方向 2板 封单比2.7% 涨停时间09:35 题材内涨停5家 成交31.8亿,一季报增长+光纤涨价+特高压+锂电铜箔,2连板 换手承接量比1.14,"次日竞价与开盘承接: 高开幅度观察区间[-2%,+5%]; 开盘涨幅≤+3%且不破昨收-3%视为买点触发",昨收31.41,高位情绪兑现/次日低开大幅回撤/炸板断板,1
2026-04-23,2026-04-24,defensive,nlu,002497.SZ,雅化集团,化学制品,92.30625,"{'sector': 0.7653125000000001, 'trend': 1.0, 'pos': 1.0, 'mom': 1.0, 'liq': 1.0, 'recog': 0.85}","非涨停组: 趋势结构多头(MA20>MA60且上行), 处于活跃板块[化学制品](当日涨幅分位67%, 板块涨停3家) 距60日高点6.3% 20日涨幅26.7%",板块[化学制品]轮动延续/资金承接,收盘27.70 MA20上方 量比0.85,"次日开盘[-2%,+3%]为观察区间; 收盘站上max(开盘,昨收)视为买点触发",昨收27.70,板块退潮补跌/资金承接不足/持续阴跌,1
2026-04-24,2026-04-27,defensive,lu,603967.SH,中创物流,物流,74.25,"{'theme': 0.4, 'ladder': 0.55, 'seal': 1.0, 'time': 1.0, 'liq': 0.6, 'struct': 1.0}",涨停组: 一季报增长方向 1板 封单比60.8% 涨停时间09:39 题材内涨停3家 成交1.6亿,一季报增长+工程物流+海外布局,1连板 换手承接量比2.45,"次日竞价与开盘承接: 高开幅度观察区间[-2%,+5%]; 开盘涨幅≤+3%且不破昨收-3%视为买点触发",昨收14.73,高位情绪兑现/次日低开大幅回撤/炸板断板,1
2026-04-24,2026-04-27,defensive,lu,300422.SZ,博世科,环境治理,74.25,"{'theme': 0.4, 'ladder': 0.55, 'seal': 1.0, 'time': 1.0, 'liq': 0.6, 'struct': 1.0}",涨停组: 一季报扭亏方向 1板 封单比28.7% 涨停时间09:31 题材内涨停3家 成交2.1亿,一季报扭亏+工业环境治理+海外订单+广西国资,1连板 换手承接量比2.87,"次日竞价与开盘承接: 高开幅度观察区间[-2%,+5%]; 开盘涨幅≤+3%且不破昨收-3%视为买点触发",昨收5.56,高位情绪兑现/次日低开大幅回撤/炸板断板,1
2026-04-24,2026-04-27,defensive,nlu,600309.SH,万华化学,化学制品,94.13125,"{'sector': 0.8565624999999999, 'trend': 1.0, 'pos': 1.0, 'mom': 1.0, 'liq': 1.0, 'recog': 0.85}","非涨停组: 趋势结构多头(MA20>MA60且上行), 处于活跃板块[化学制品](当日涨幅分位81%, 板块涨停3家) 距60日高点7.7% 20日涨幅13.0%",板块[化学制品]轮动延续/资金承接,收盘88.10 MA20上方 量比1.09,"次日开盘[-2%,+3%]为观察区间; 收盘站上max(开盘,昨收)视为买点触发",昨收88.10,板块退潮补跌/资金承接不足/持续阴跌,1
2026-04-27,2026-04-28,normal,lu,002115.SZ,三维通信,通信服务,93.25,"{'theme': 1.0, 'ladder': 0.55, 'seal': 1.0, 'time': 1.0, 'liq': 1.0, 'struct': 1.0}",涨停组: 一季报增长方向 1板 封单比19.3% 涨停时间09:31 题材内涨停7家 成交8.6亿,一季报增长+商业航天+5G中标+AI营销,1连板 换手承接量比1.20,"次日竞价与开盘承接: 高开幅度观察区间[-2%,+5%]; 开盘涨幅≤+3%且不破昨收-3%视为买点触发",昨收13.33,高位情绪兑现/次日低开大幅回撤/炸板断板,1
2026-04-27,2026-04-28,normal,lu,002134.SZ,天津普林,元件,87.25,"{'theme': 1.0, 'ladder': 0.55, 'seal': 1.0, 'time': 0.7, 'liq': 1.0, 'struct': 1.0}",涨停组: 一季报增长方向 1板 封单比23.2% 涨停时间11:02 题材内涨停7家 成交4.8亿,一季报增长+PCB+玻璃芯基板+AI服务器,1连板 换手承接量比1.95,"次日竞价与开盘承接: 高开幅度观察区间[-2%,+5%]; 开盘涨幅≤+3%且不破昨收-3%视为买点触发",昨收24.98,高位情绪兑现/次日低开大幅回撤/炸板断板,1
2026-04-27,2026-04-28,normal,nlu,300821.SZ,东岳硅材,化学制品,91.96875,"{'sector': 0.7484375000000001, 'trend': 1.0, 'pos': 1.0, 'mom': 1.0, 'liq': 1.0, 'recog': 0.85}","非涨停组: 趋势结构多头(MA20>MA60且上行), 处于活跃板块[化学制品](当日涨幅分位58%, 板块涨停3家) 距60日高点2.3% 20日涨幅29.9%",板块[化学制品]轮动延续/资金承接,收盘14.83 MA20上方 量比0.91,"次日开盘[-2%,+3%]为观察区间; 收盘站上max(开盘,昨收)视为买点触发",昨收14.83,板块退潮补跌/资金承接不足/持续阴跌,1
2026-04-27,2026-04-28,normal,nlu,002213.SZ,大为股份,半导体,91.74375,"{'sector': 0.9871875, 'trend': 1.0, 'pos': 1.0, 'mom': 1.0, 'liq': 1.0, 'recog': 0.6}","非涨停组: 趋势结构多头(MA20>MA60且上行), 处于活跃板块[半导体](当日涨幅分位99%, 板块涨停3家) 距60日高点7.4% 20日涨幅19.1%",板块[半导体]轮动延续/资金承接,收盘36.52 MA20上方 量比1.22,"次日开盘[-2%,+3%]为观察区间; 收盘站上max(开盘,昨收)视为买点触发",昨收36.52,板块退潮补跌/资金承接不足/持续阴跌,1
2026-04-28,2026-04-29,defensive,lu,002412.SZ,汉森制药,中药,89.25,"{'theme': 1.0, 'ladder': 0.55, 'seal': 1.0, 'time': 1.0, 'liq': 0.6, 'struct': 1.0}",涨停组: 一季报增长方向 1板 封单比42.2% 涨停时间09:36 题材内涨停6家 成交1.9亿,一季报增长+四磨汤中选集采+中药独家品种,1连板 换手承接量比2.35,"次日竞价与开盘承接: 高开幅度观察区间[-2%,+5%]; 开盘涨幅≤+3%且不破昨收-3%视为买点触发",昨收7.14,高位情绪兑现/次日低开大幅回撤/炸板断板,1
2026-04-28,2026-04-29,defensive,lu,601177.SH,杭齿前进,通用设备,84.25,"{'theme': 1.0, 'ladder': 0.55, 'seal': 1.0, 'time': 0.7, 'liq': 1.0, 'struct': 0.7}",涨停组: 一季报增长方向 1板 封单比33.0% 涨停时间11:11 题材内涨停6家 成交3.6亿,一季报增长+船用齿轮箱+人形机器人+杭州国资,1连板 换手承接量比3.00,"次日竞价与开盘承接: 高开幅度观察区间[-2%,+5%]; 开盘涨幅≤+3%且不破昨收-3%视为买点触发",昨收16.25,高位情绪兑现/次日低开大幅回撤/炸板断板,1
2026-04-28,2026-04-29,defensive,nlu,000628.SZ,高新发展,建筑装饰,91.35,"{'sector': 0.7175, 'trend': 1.0, 'pos': 1.0, 'mom': 1.0, 'liq': 1.0, 'recog': 0.85}","非涨停组: 趋势结构多头(MA20>MA60且上行), 处于活跃板块[建筑装饰](当日涨幅分位68%, 板块涨停7家) 距60日高点6.5% 20日涨幅18.7%",板块[建筑装饰]轮动延续/资金承接,收盘61.41 MA20上方 量比0.83,"次日开盘[-2%,+3%]为观察区间; 收盘站上max(开盘,昨收)视为买点触发",昨收61.41,板块退潮补跌/资金承接不足/持续阴跌,1
2026-04-29,2026-04-30,normal,lu,000551.SZ,创元科技,环保设备,93.25,"{'theme': 1.0, 'ladder': 0.55, 'seal': 1.0, 'time': 1.0, 'liq': 1.0, 'struct': 1.0}",涨停组: 一季报增长方向 1板 封单比41.3% 涨停时间09:30 题材内涨停9家 成交3.4亿,一季报增长+商业航天+洁净环保+苏州国资,1连板 换手承接量比1.11,"次日竞价与开盘承接: 高开幅度观察区间[-2%,+5%]; 开盘涨幅≤+3%且不破昨收-3%视为买点触发",昨收15.76,高位情绪兑现/次日低开大幅回撤/炸板断板,1
2026-04-29,2026-04-30,normal,lu,002354.SZ,天娱数科,文化传媒,93.25,"{'theme': 1.0, 'ladder': 0.55, 'seal': 1.0, 'time': 1.0, 'liq': 1.0, 'struct': 1.0}",涨停组: 一季报大增方向 1板 封单比40.5% 涨停时间09:30 题材内涨停10家 成交3.1亿,一季报大增+算力租赁+AI应用,1连板 换手承接量比1.20,"次日竞价与开盘承接: 高开幅度观察区间[-2%,+5%]; 开盘涨幅≤+3%且不破昨收-3%视为买点触发",昨收5.95,高位情绪兑现/次日低开大幅回撤/炸板断板,1
2026-04-29,2026-04-30,normal,nlu,605376.SH,博迁新材,能源金属,96.8,"{'sector': 0.9899999999999999, 'trend': 1.0, 'pos': 1.0, 'mom': 1.0, 'liq': 1.0, 'recog': 0.85}","非涨停组: 趋势结构多头(MA20>MA60且上行), 处于活跃板块[能源金属](当日涨幅分位98%, 板块涨停3家) 距60日高点5.8% 20日涨幅29.7%",板块[能源金属]轮动延续/资金承接,收盘119.57 MA20上方 量比0.97,"次日开盘[-2%,+3%]为观察区间; 收盘站上max(开盘,昨收)视为买点触发",昨收119.57,板块退潮补跌/资金承接不足/持续阴跌,1
2026-04-29,2026-04-30,normal,nlu,600872.SH,中炬高新,食品加工制造,94.325,"{'sector': 0.86625, 'trend': 1.0, 'pos': 1.0, 'mom': 1.0, 'liq': 1.0, 'recog': 0.85}","非涨停组: 趋势结构多头(MA20>MA60且上行), 处于活跃板块[食品加工制造](当日涨幅分位79%, 板块涨停6家) 距60日高点3.9% 20日涨幅12.0%",板块[食品加工制造]轮动延续/资金承接,收盘20.81 MA20上方 量比1.13,"次日开盘[-2%,+3%]为观察区间; 收盘站上max(开盘,昨收)视为买点触发",昨收20.81,板块退潮补跌/资金承接不足/持续阴跌,1
2026-04-30,2026-05-06,normal,lu,601086.SH,国芳集团,零售,89.25,"{'theme': 1.0, 'ladder': 0.55, 'seal': 1.0, 'time': 1.0, 'liq': 0.6, 'struct': 1.0}",涨停组: 一季报增长方向 1板 封单比25.8% 涨停时间09:44 题材内涨停14家 成交2.2亿,一季报增长+百货零售+IP经济+参股券商,1连板 换手承接量比2.13,"次日竞价与开盘承接: 高开幅度观察区间[-2%,+5%]; 开盘涨幅≤+3%且不破昨收-3%视为买点触发",昨收8.93,高位情绪兑现/次日低开大幅回撤/炸板断板,1
2026-04-30,2026-05-06,normal,lu,002591.SZ,恒大高新,化学制品,89.25,"{'theme': 1.0, 'ladder': 0.55, 'seal': 1.0, 'time': 1.0, 'liq': 0.6, 'struct': 1.0}",涨停组: 一季报增长方向 1板 封单比17.5% 涨停时间09:25 题材内涨停14家 成交1.8亿,一季报增长+钠电材料+硅碳负极,1连板 换手承接量比1.51,"次日竞价与开盘承接: 高开幅度观察区间[-2%,+5%]; 开盘涨幅≤+3%且不破昨收-3%视为买点触发",昨收8.36,高位情绪兑现/次日低开大幅回撤/炸板断板,1
2026-04-30,2026-05-06,normal,nlu,300005.SZ,探路者,服装家纺,93.2125,"{'sector': 0.810625, 'trend': 1.0, 'pos': 1.0, 'mom': 1.0, 'liq': 1.0, 'recog': 0.85}","非涨停组: 趋势结构多头(MA20>MA60且上行), 处于活跃板块[服装家纺](当日涨幅分位85%, 板块涨停2家) 距60日高点2.3% 20日涨幅11.6%",板块[服装家纺]轮动延续/资金承接,收盘16.65 MA20上方 量比0.68,"次日开盘[-2%,+3%]为观察区间; 收盘站上max(开盘,昨收)视为买点触发",昨收16.65,板块退潮补跌/资金承接不足/持续阴跌,1
2026-04-30,2026-05-06,normal,nlu,002213.SZ,大为股份,半导体,91.56875,"{'sector': 0.9784375, 'trend': 1.0, 'pos': 1.0, 'mom': 1.0, 'liq': 1.0, 'recog': 0.6}","非涨停组: 趋势结构多头(MA20>MA60且上行), 处于活跃板块[半导体](当日涨幅分位97%, 板块涨停4家) 距60日高点5.4% 20日涨幅27.3%",板块[半导体]轮动延续/资金承接,收盘37.30 MA20上方 量比1.02,"次日开盘[-2%,+3%]为观察区间; 收盘站上max(开盘,昨收)视为买点触发",昨收37.30,板块退潮补跌/资金承接不足/持续阴跌,1
2026-05-06,2026-05-07,normal,lu,603316.SH,诚邦股份,半导体,93.25,"{'theme': 1.0, 'ladder': 0.55, 'seal': 1.0, 'time': 1.0, 'liq': 1.0, 'struct': 1.0}",涨停组: 存储芯片方向 1板 封单比16.5% 涨停时间09:40 题材内涨停7家 成交4.2亿,存储芯片+业绩暴增+定增扩产,1连板 换手承接量比1.13,"次日竞价与开盘承接: 高开幅度观察区间[-2%,+5%]; 开盘涨幅≤+3%且不破昨收-3%视为买点触发",昨收17.15,高位情绪兑现/次日低开大幅回撤/炸板断板,1
2026-05-06,2026-05-07,normal,lu,001309.SZ,德明利,半导体,89.25,"{'theme': 1.0, 'ladder': 0.55, 'seal': 1.0, 'time': 1.0, 'liq': 1.0, 'struct': 0.6}",涨停组: 存储芯片方向 1板 封单比20.7% 涨停时间09:36 题材内涨停7家 成交45.2亿,存储芯片+业绩暴增+国产替代,1连板 换手承接量比0.57,"次日竞价与开盘承接: 高开幅度观察区间[-2%,+5%]; 开盘涨幅≤+3%且不破昨收-3%视为买点触发",昨收577.29,高位情绪兑现/次日低开大幅回撤/炸板断板,1
2026-05-06,2026-05-07,normal,nlu,603031.SH,安孚科技,电池,96.04375,"{'sector': 0.9521875, 'trend': 1.0, 'pos': 1.0, 'mom': 1.0, 'liq': 1.0, 'recog': 0.85}","非涨停组: 趋势结构多头(MA20>MA60且上行), 处于活跃板块[电池](当日涨幅分位93%, 板块涨停3家) 距60日高点2.2% 20日涨幅27.3%",板块[电池]轮动延续/资金承接,收盘42.39 MA20上方 量比1.13,"次日开盘[-2%,+3%]为观察区间; 收盘站上max(开盘,昨收)视为买点触发",昨收42.39,板块退潮补跌/资金承接不足/持续阴跌,1
2026-05-06,2026-05-07,normal,nlu,002859.SZ,洁美科技,其他电子,94.5875,"{'sector': 0.879375, 'trend': 1.0, 'pos': 1.0, 'mom': 1.0, 'liq': 1.0, 'recog': 0.85}","非涨停组: 趋势结构多头(MA20>MA60且上行), 处于活跃板块[其他电子](当日涨幅分位98%, 板块涨停2家) 距60日高点3.6% 20日涨幅25.5%",板块[其他电子]轮动延续/资金承接,收盘49.84 MA20上方 量比1.08,"次日开盘[-2%,+3%]为观察区间; 收盘站上max(开盘,昨收)视为买点触发",昨收49.84,板块退潮补跌/资金承接不足/持续阴跌,1
2026-05-07,2026-05-08,aggressive,lu,000889.SZ,中嘉博创,通信服务,90.5,"{'theme': 1.0, 'ladder': 0.9, 'seal': 1.0, 'time': 1.0, 'liq': 0.6, 'struct': 0.6}",涨停组: 算力租赁方向 2板 封单比50.6% 涨停时间09:30 题材内涨停6家 成交2.6亿,算力租赁+通信运维+5G消息+亏损收窄,2连板 换手承接量比0.30,"次日竞价与开盘承接: 高开幅度观察区间[-2%,+5%]; 开盘涨幅≤+3%且不破昨收-3%视为买点触发",昨收5.35,高位情绪兑现/次日低开大幅回撤/炸板断板,1
2026-05-07,2026-05-08,aggressive,lu,002031.SZ,巨轮智能,专用设备,90.25,"{'theme': 1.0, 'ladder': 0.55, 'seal': 1.0, 'time': 0.85, 'liq': 1.0, 'struct': 1.0}",涨停组: 人形机器人方向 1板 封单比33.2% 涨停时间09:51 题材内涨停8家 成交4.9亿,人形机器人+RV减速器+XT减速器,1连板 换手承接量比1.34,"次日竞价与开盘承接: 高开幅度观察区间[-2%,+5%]; 开盘涨幅≤+3%且不破昨收-3%视为买点触发",昨收6.42,高位情绪兑现/次日低开大幅回撤/炸板断板,1
2026-05-07,2026-05-08,aggressive,nlu,301165.SZ,锐捷网络,通信设备,95.6625,"{'sector': 0.933125, 'trend': 1.0, 'pos': 1.0, 'mom': 1.0, 'liq': 1.0, 'recog': 0.85}","非涨停组: 趋势结构多头(MA20>MA60且上行), 处于活跃板块[通信设备](当日涨幅分位96%, 板块涨停5家) 距60日高点4.5% 20日涨幅22.8%",板块[通信设备]轮动延续/资金承接,收盘70.34 MA20上方 量比0.94,"次日开盘[-2%,+3%]为观察区间; 收盘站上max(开盘,昨收)视为买点触发",昨收70.34,板块退潮补跌/资金承接不足/持续阴跌,1
2026-05-07,2026-05-08,aggressive,nlu,603296.SH,华勤技术,消费电子,95.43125,"{'sector': 0.9215625, 'trend': 1.0, 'pos': 1.0, 'mom': 1.0, 'liq': 1.0, 'recog': 0.85}","非涨停组: 趋势结构多头(MA20>MA60且上行), 处于活跃板块[消费电子](当日涨幅分位93%, 板块涨停3家) 距60日高点1.6% 20日涨幅23.4%",板块[消费电子]轮动延续/资金承接,收盘79.22 MA20上方 量比0.80,"次日开盘[-2%,+3%]为观察区间; 收盘站上max(开盘,昨收)视为买点触发",昨收79.22,板块退潮补跌/资金承接不足/持续阴跌,1
2026-05-08,2026-05-11,aggressive,lu,603278.SH,大业股份,通用设备,91.0,"{'theme': 1.0, 'ladder': 1.0, 'seal': 0.7, 'time': 0.85, 'liq': 1.0, 'struct': 1.0}",涨停组: 人形机器人方向 3板 封单比11.1% 涨停时间10:15 题材内涨停11家 成交8.7亿,人形机器人+腱绳+商业航天+胎圈钢丝,3连板 换手承接量比1.88,"次日竞价与开盘承接: 高开幅度观察区间[-2%,+5%]; 开盘涨幅≤+3%且不破昨收-3%视为买点触发",昨收14.91,高位情绪兑现/次日低开大幅回撤/炸板断板,1
2026-05-08,2026-05-11,aggressive,lu,002009.SZ,天奇股份,专用设备,90.25,"{'theme': 1.0, 'ladder': 0.55, 'seal': 1.0, 'time': 0.85, 'liq': 1.0, 'struct': 1.0}",涨停组: 人形机器人方向 1板 封单比17.2% 涨停时间10:26 题材内涨停11家 成交13.3亿,人形机器人+锂电循环+智能装备,1连板 换手承接量比1.95,"次日竞价与开盘承接: 高开幅度观察区间[-2%,+5%]; 开盘涨幅≤+3%且不破昨收-3%视为买点触发",昨收26.96,高位情绪兑现/次日低开大幅回撤/炸板断板,1
2026-05-08,2026-05-11,aggressive,nlu,688158.SH,优刻得-W,IT服务,93.725,"{'sector': 0.8362499999999999, 'trend': 1.0, 'pos': 1.0, 'mom': 1.0, 'liq': 1.0, 'recog': 0.85}","非涨停组: 趋势结构多头(MA20>MA60且上行), 处于活跃板块[IT服务](当日涨幅分位76%, 板块涨停6家) 距60日高点4.0% 20日涨幅27.0%",板块[IT服务]轮动延续/资金承接,收盘51.25 MA20上方 量比0.85,"次日开盘[-2%,+3%]为观察区间; 收盘站上max(开盘,昨收)视为买点触发",昨收51.25,板块退潮补跌/资金承接不足/持续阴跌,1
2026-05-08,2026-05-11,aggressive,nlu,000628.SZ,高新发展,建筑装饰,91.4875,"{'sector': 0.724375, 'trend': 1.0, 'pos': 1.0, 'mom': 1.0, 'liq': 1.0, 'recog': 0.85}","非涨停组: 趋势结构多头(MA20>MA60且上行), 处于活跃板块[建筑装饰](当日涨幅分位62%, 板块涨停3家) 距60日高点4.9% 20日涨幅29.3%",板块[建筑装饰]轮动延续/资金承接,收盘64.60 MA20上方 量比0.86,"次日开盘[-2%,+3%]为观察区间; 收盘站上max(开盘,昨收)视为买点触发",昨收64.60,板块退潮补跌/资金承接不足/持续阴跌,1
2026-05-11,2026-05-12,aggressive,lu,688328.SH,深科达,专用设备,81.25,"{'theme': 1.0, 'ladder': 0.55, 'seal': 0.7, 'time': 0.7, 'liq': 1.0, 'struct': 1.0}",涨停组: 存储芯片方向 1板 封单比11.4% 涨停时间10:58 题材内涨停6家 成交7.3亿,存储芯片+半导体设备+业绩高增,1连板 换手承接量比1.04,"次日竞价与开盘承接: 高开幅度观察区间[-2%,+5%]; 开盘涨幅≤+3%且不破昨收-3%视为买点触发",昨收70.31,高位情绪兑现/次日低开大幅回撤/炸板断板,1
2026-05-11,2026-05-12,aggressive,lu,300302.SZ,同有科技,计算机设备,81.25,"{'theme': 1.0, 'ladder': 0.55, 'seal': 0.4, 'time': 1.0, 'liq': 1.0, 'struct': 1.0}",涨停组: 存储芯片方向 1板 封单比4.2% 涨停时间09:33 题材内涨停6家 成交27.7亿,存储芯片+AI智算+业绩暴增,1连板 换手承接量比1.00,"次日竞价与开盘承接: 高开幅度观察区间[-2%,+5%]; 开盘涨幅≤+3%且不破昨收-3%视为买点触发",昨收42.6,高位情绪兑现/次日低开大幅回撤/炸板断板,1
2026-05-11,2026-05-12,aggressive,nlu,300747.SZ,锐科激光,自动化设备,95.13125,"{'sector': 0.9065624999999999, 'trend': 1.0, 'pos': 1.0, 'mom': 1.0, 'liq': 1.0, 'recog': 0.85}","非涨停组: 趋势结构多头(MA20>MA60且上行), 处于活跃板块[自动化设备](当日涨幅分位85%, 板块涨停5家) 距60日高点2.3% 20日涨幅24.9%",板块[自动化设备]轮动延续/资金承接,收盘38.21 MA20上方 量比1.17,"次日开盘[-2%,+3%]为观察区间; 收盘站上max(开盘,昨收)视为买点触发",昨收38.21,板块退潮补跌/资金承接不足/持续阴跌,1
2026-05-11,2026-05-12,aggressive,nlu,300548.SZ,长芯博创,通信设备,92.95625,"{'sector': 0.9478125000000001, 'trend': 1.0, 'pos': 1.0, 'mom': 0.7, 'liq': 1.0, 'recog': 0.85}","非涨停组: 趋势结构多头(MA20>MA60且上行), 处于活跃板块[通信设备](当日涨幅分位92%, 板块涨停5家) 距60日高点4.9% 20日涨幅33.6%",板块[通信设备]轮动延续/资金承接,收盘275.28 MA20上方 量比0.85,"次日开盘[-2%,+3%]为观察区间; 收盘站上max(开盘,昨收)视为买点触发",昨收275.28,板块退潮补跌/资金承接不足/持续阴跌,1
2026-05-12,2026-05-13,defensive,lu,603331.SH,百达精工,通用设备,74.25,"{'theme': 0.4, 'ladder': 0.55, 'seal': 1.0, 'time': 1.0, 'liq': 0.6, 'struct': 1.0}",涨停组: 人形机器人方向 1板 封单比28.0% 涨停时间09:39 题材内涨停3家 成交2.2亿,人形机器人+银河通用合作+汽车零部件,1连板 换手承接量比0.98,"次日竞价与开盘承接: 高开幅度观察区间[-2%,+5%]; 开盘涨幅≤+3%且不破昨收-3%视为买点触发",昨收16.28,高位情绪兑现/次日低开大幅回撤/炸板断板,1
2026-05-12,2026-05-13,defensive,lu,603211.SH,晋拓股份,汽车零部件,71.25,"{'theme': 0.4, 'ladder': 0.55, 'seal': 1.0, 'time': 0.85, 'liq': 0.6, 'struct': 1.0}",涨停组: 人形机器人方向 1板 封单比28.2% 涨停时间09:46 题材内涨停3家 成交2.9亿,人形机器人+机器人零部件+定增扩产,1连板 换手承接量比0.96,"次日竞价与开盘承接: 高开幅度观察区间[-2%,+5%]; 开盘涨幅≤+3%且不破昨收-3%视为买点触发",昨收30.89,高位情绪兑现/次日低开大幅回撤/炸板断板,1
2026-05-12,2026-05-13,defensive,nlu,601016.SH,节能风电,电力,93.25625,"{'sector': 0.9628125, 'trend': 1.0, 'pos': 0.7, 'mom': 1.0, 'liq': 1.0, 'recog': 1.0}","非涨停组: 趋势结构多头(MA20>MA60且上行), 处于活跃板块[电力](当日涨幅分位97%, 板块涨停6家) 距60日高点10.6% 20日涨幅27.4%",板块[电力]轮动延续/资金承接,收盘5.12 MA20上方 量比1.07,"次日开盘[-2%,+3%]为观察区间; 收盘站上max(开盘,昨收)视为买点触发",昨收5.12,板块退潮补跌/资金承接不足/持续阴跌,1
2026-05-13,2026-05-14,aggressive,lu,000601.SZ,韶能股份,电力,88.5,"{'theme': 0.6, 'ladder': 0.9, 'seal': 1.0, 'time': 1.0, 'liq': 1.0, 'struct': 1.0}",涨停组: 算电协同方向 2板 封单比40.9% 涨停时间09:30 题材内涨停4家 成交6.6亿,算电协同+储能+绿电直供,2连板 换手承接量比0.81,"次日竞价与开盘承接: 高开幅度观察区间[-2%,+5%]; 开盘涨幅≤+3%且不破昨收-3%视为买点触发",昨收8.9,高位情绪兑现/次日低开大幅回撤/炸板断板,1
2026-05-13,2026-05-14,aggressive,lu,000889.SZ,中嘉博创,通信服务,87.25,"{'theme': 1.0, 'ladder': 0.55, 'seal': 1.0, 'time': 0.7, 'liq': 1.0, 'struct': 1.0}",涨停组: 算力租赁方向 1板 封单比16.7% 涨停时间10:43 题材内涨停9家 成交8.3亿,算力租赁+5G消息+通信运维+亏损收窄,1连板 换手承接量比0.95,"次日竞价与开盘承接: 高开幅度观察区间[-2%,+5%]; 开盘涨幅≤+3%且不破昨收-3%视为买点触发",昨收5.57,高位情绪兑现/次日低开大幅回撤/炸板断板,1
2026-05-13,2026-05-14,aggressive,nlu,002115.SZ,三维通信,通信服务,95.825,"{'sector': 0.94125, 'trend': 1.0, 'pos': 1.0, 'mom': 1.0, 'liq': 1.0, 'recog': 0.85}","非涨停组: 趋势结构多头(MA20>MA60且上行), 处于活跃板块[通信服务](当日涨幅分位94%, 板块涨停4家) 距60日高点6.9% 20日涨幅23.9%",板块[通信服务]轮动延续/资金承接,收盘15.08 MA20上方 量比0.75,"次日开盘[-2%,+3%]为观察区间; 收盘站上max(开盘,昨收)视为买点触发",昨收15.08,板块退潮补跌/资金承接不足/持续阴跌,1
2026-05-13,2026-05-14,aggressive,nlu,002947.SZ,恒铭达,消费电子,95.64375,"{'sector': 0.9321875, 'trend': 1.0, 'pos': 1.0, 'mom': 1.0, 'liq': 1.0, 'recog': 0.85}","非涨停组: 趋势结构多头(MA20>MA60且上行), 处于活跃板块[消费电子](当日涨幅分位90%, 板块涨停4家) 距60日高点5.2% 20日涨幅25.5%",板块[消费电子]轮动延续/资金承接,收盘84.02 MA20上方 量比0.76,"次日开盘[-2%,+3%]为观察区间; 收盘站上max(开盘,昨收)视为买点触发",昨收84.02,板块退潮补跌/资金承接不足/持续阴跌,1
2026-05-14,2026-05-15,defensive,lu,688478.SH,晶升股份,半导体,69.25,"{'theme': 0.2, 'ladder': 0.55, 'seal': 1.0, 'time': 1.0, 'liq': 1.0, 'struct': 0.6}",涨停组: 碳化硅方向 1板 封单比19.7% 涨停时间09:38 题材内涨停2家 成交4.4亿,碳化硅+半导体设备+并购为准智能,1连板 换手承接量比0.67,"次日竞价与开盘承接: 高开幅度观察区间[-2%,+5%]; 开盘涨幅≤+3%且不破昨收-3%视为买点触发",昨收68.65,高位情绪兑现/次日低开大幅回撤/炸板断板,1
2026-05-14,2026-05-15,defensive,lu,002809.SZ,红墙股份,化学制品,66.25,"{'theme': 0.2, 'ladder': 0.55, 'seal': 1.0, 'time': 0.85, 'liq': 0.6, 'struct': 1.0}",涨停组: 环氧丙烷方向 1板 封单比20.1% 涨停时间10:22 题材内涨停2家 成交2.9亿,环氧丙烷+精细化工+产能爬坡,1连板 换手承接量比2.39,"次日竞价与开盘承接: 高开幅度观察区间[-2%,+5%]; 开盘涨幅≤+3%且不破昨收-3%视为买点触发",昨收11.46,高位情绪兑现/次日低开大幅回撤/炸板断板,1
2026-05-14,2026-05-15,defensive,nlu,605077.SH,华康股份,化学制品,94.24375,"{'sector': 0.8621874999999999, 'trend': 1.0, 'pos': 1.0, 'mom': 1.0, 'liq': 1.0, 'recog': 0.85}","非涨停组: 趋势结构多头(MA20>MA60且上行), 处于活跃板块[化学制品](当日涨幅分位84%, 板块涨停5家) 距60日高点3.3% 20日涨幅28.6%",板块[化学制品]轮动延续/资金承接,收盘18.26 MA20上方 量比1.15,"次日开盘[-2%,+3%]为观察区间; 收盘站上max(开盘,昨收)视为买点触发",昨收18.26,板块退潮补跌/资金承接不足/持续阴跌,1
2026-05-15,2026-05-18,defensive,lu,603386.SH,骏亚科技,元件,93.25,"{'theme': 1.0, 'ladder': 0.55, 'seal': 1.0, 'time': 1.0, 'liq': 1.0, 'struct': 1.0}",涨停组: 人形机器人方向 1板 封单比32.5% 涨停时间09:37 题材内涨停9家 成交3.7亿,人形机器人+PCB+光模块HDI,1连板 换手承接量比0.91,"次日竞价与开盘承接: 高开幅度观察区间[-2%,+5%]; 开盘涨幅≤+3%且不破昨收-3%视为买点触发",昨收16.92,高位情绪兑现/次日低开大幅回撤/炸板断板,1
2026-05-15,2026-05-18,defensive,lu,603082.SH,北自科技,通用设备,86.5,"{'theme': 1.0, 'ladder': 0.9, 'seal': 0.7, 'time': 0.85, 'liq': 1.0, 'struct': 0.7}",涨停组: 人形机器人方向 2板 封单比13.5% 涨停时间09:51 题材内涨停9家 成交5.3亿,人形机器人+智能物流+拟收购穗柯智能+央企,2连板 换手承接量比3.01,"次日竞价与开盘承接: 高开幅度观察区间[-2%,+5%]; 开盘涨幅≤+3%且不破昨收-3%视为买点触发",昨收42.3,高位情绪兑现/次日低开大幅回撤/炸板断板,1
2026-05-15,2026-05-18,defensive,nlu,300861.SZ,美畅股份,通用设备,91.525,"{'sector': 0.92625, 'trend': 1.0, 'pos': 1.0, 'mom': 1.0, 'liq': 0.6, 'recog': 0.85}","非涨停组: 趋势结构多头(MA20>MA60且上行), 处于活跃板块[通用设备](当日涨幅分位92%, 板块涨停4家) 距60日高点4.9% 20日涨幅25.2%",板块[通用设备]轮动延续/资金承接,收盘20.42 MA20上方 量比0.90,"次日开盘[-2%,+3%]为观察区间; 收盘站上max(开盘,昨收)视为买点触发",昨收20.42,板块退潮补跌/资金承接不足/持续阴跌,1
2026-05-18,2026-05-19,defensive,lu,603938.SH,三孚股份,化学原料,89.25,"{'theme': 1.0, 'ladder': 0.55, 'seal': 1.0, 'time': 1.0, 'liq': 1.0, 'struct': 0.6}",涨停组: 存储芯片方向 1板 封单比16.7% 涨停时间09:32 题材内涨停7家 成交5.7亿,存储芯片+光纤材料+电子特气,1连板 换手承接量比0.43,"次日竞价与开盘承接: 高开幅度观察区间[-2%,+5%]; 开盘涨幅≤+3%且不破昨收-3%视为买点触发",昨收44.43,高位情绪兑现/次日低开大幅回撤/炸板断板,1
2026-05-18,2026-05-19,defensive,lu,000021.SZ,深科技,消费电子,89.25,"{'theme': 1.0, 'ladder': 0.55, 'seal': 1.0, 'time': 1.0, 'liq': 1.0, 'struct': 0.6}",涨停组: 存储芯片方向 1板 封单比16.1% 涨停时间09:37 题材内涨停7家 成交34.6亿,存储芯片+先进封装+央企,1连板 换手承接量比0.67,"次日竞价与开盘承接: 高开幅度观察区间[-2%,+5%]; 开盘涨幅≤+3%且不破昨收-3%视为买点触发",昨收37.03,高位情绪兑现/次日低开大幅回撤/炸板断板,1
2026-05-18,2026-05-19,defensive,nlu,688392.SH,骄成超声,电池,91.94375,"{'sector': 0.7471875000000001, 'trend': 1.0, 'pos': 1.0, 'mom': 1.0, 'liq': 1.0, 'recog': 0.85}","非涨停组: 趋势结构多头(MA20>MA60且上行), 处于活跃板块[电池](当日涨幅分位73%, 板块涨停3家) 距60日高点5.8% 20日涨幅27.3%",板块[电池]轮动延续/资金承接,收盘161.79 MA20上方 量比0.78,"次日开盘[-2%,+3%]为观察区间; 收盘站上max(开盘,昨收)视为买点触发",昨收161.79,板块退潮补跌/资金承接不足/持续阴跌,1
2026-05-19,2026-05-20,normal,lu,605488.SH,福莱新材,塑料制品,79.25,"{'theme': 0.6, 'ladder': 0.55, 'seal': 1.0, 'time': 1.0, 'liq': 0.6, 'struct': 1.0}",涨停组: 人形机器人方向 1板 封单比71.1% 涨停时间09:31 题材内涨停4家 成交2.7亿,人形机器人+柔性传感器+定增扩产,1连板 换手承接量比0.86,"次日竞价与开盘承接: 高开幅度观察区间[-2%,+5%]; 开盘涨幅≤+3%且不破昨收-3%视为买点触发",昨收38.52,高位情绪兑现/次日低开大幅回撤/炸板断板,1
2026-05-19,2026-05-20,normal,lu,603082.SH,北自科技,通用设备,79.0,"{'theme': 0.6, 'ladder': 0.8, 'seal': 1.0, 'time': 1.0, 'liq': 0.6, 'struct': 0.6}",涨停组: 人形机器人方向 4板 封单比61.3% 涨停时间09:30 题材内涨停4家 成交2.6亿,人形机器人+智能物流+拟收购穗柯智能+央企,4连板 换手承接量比0.58,"次日竞价与开盘承接: 高开幅度观察区间[-2%,+5%]; 开盘涨幅≤+3%且不破昨收-3%视为买点触发",昨收51.18,高位情绪兑现/次日低开大幅回撤/炸板断板,1
2026-05-19,2026-05-20,normal,nlu,000938.SZ,紫光股份,IT服务,95.8875,"{'sector': 0.944375, 'trend': 1.0, 'pos': 1.0, 'mom': 1.0, 'liq': 1.0, 'recog': 0.85}","非涨停组: 趋势结构多头(MA20>MA60且上行), 处于活跃板块[IT服务](当日涨幅分位94%, 板块涨停5家) 距60日高点5.8% 20日涨幅15.7%",板块[IT服务]轮动延续/资金承接,收盘32.41 MA20上方 量比0.91,"次日开盘[-2%,+3%]为观察区间; 收盘站上max(开盘,昨收)视为买点触发",昨收32.41,板块退潮补跌/资金承接不足/持续阴跌,1
2026-05-19,2026-05-20,normal,nlu,002407.SZ,多氟多,化学制品,93.38125,"{'sector': 0.6690625, 'trend': 1.0, 'pos': 1.0, 'mom': 1.0, 'liq': 1.0, 'recog': 1.0}","非涨停组: 趋势结构多头(MA20>MA60且上行), 处于活跃板块[化学制品](当日涨幅分位42%, 板块涨停3家) 距60日高点6.4% 20日涨幅23.5%",板块[化学制品]轮动延续/资金承接,收盘36.98 MA20上方 量比1.10,"次日开盘[-2%,+3%]为观察区间; 收盘站上max(开盘,昨收)视为买点触发",昨收36.98,板块退潮补跌/资金承接不足/持续阴跌,1
2026-05-20,2026-05-21,defensive,lu,603316.SH,诚邦股份,半导体,80.0,"{'theme': 0.6, 'ladder': 1.0, 'seal': 0.7, 'time': 1.0, 'liq': 1.0, 'struct': 0.6}",涨停组: 存储芯片方向 3板 封单比11.6% 涨停时间09:31 题材内涨停4家 成交3.6亿,存储芯片+定增扩产+业绩暴增,3连板 换手承接量比0.66,"次日竞价与开盘承接: 高开幅度观察区间[-2%,+5%]; 开盘涨幅≤+3%且不破昨收-3%视为买点触发",昨收24.77,高位情绪兑现/次日低开大幅回撤/炸板断板,1
2026-05-20,2026-05-21,defensive,lu,002272.SZ,川润股份,通用设备,79.0,"{'theme': 0.4, 'ladder': 1.0, 'seal': 0.7, 'time': 1.0, 'liq': 1.0, 'struct': 1.0}",涨停组: 液冷服务器方向 3板 封单比8.7% 涨停时间09:25 题材内涨停3家 成交15.1亿,液冷服务器+机器人+定增扩产,3连板 换手承接量比1.12,"次日竞价与开盘承接: 高开幅度观察区间[-2%,+5%]; 开盘涨幅≤+3%且不破昨收-3%视为买点触发",昨收24.94,高位情绪兑现/次日低开大幅回撤/炸板断板,1
2026-05-20,2026-05-21,defensive,nlu,300782.SZ,卓胜微,半导体,93.76875,"{'sector': 0.9884375000000001, 'trend': 1.0, 'pos': 0.7, 'mom': 1.0, 'liq': 1.0, 'recog': 1.0}","非涨停组: 趋势结构多头(MA20>MA60且上行), 处于活跃板块[半导体](当日涨幅分位98%, 板块涨停7家) 距60日高点10.3% 20日涨幅22.6%",板块[半导体]轮动延续/资金承接,收盘130.00 MA20上方 量比0.77,"次日开盘[-2%,+3%]为观察区间; 收盘站上max(开盘,昨收)视为买点触发",昨收130.00,板块退潮补跌/资金承接不足/持续阴跌,1
2026-05-21,2026-05-22,freeze,nlu,300863.SZ,卡倍亿,汽车零部件,92.1,"{'sector': 0.905, 'trend': 1.0, 'pos': 1.0, 'mom': 0.7, 'liq': 1.0, 'recog': 0.85}","非涨停组: 趋势结构多头(MA20>MA60且上行), 处于活跃板块[汽车零部件](当日涨幅分位86%, 板块涨停4家) 距60日高点5.7% 20日涨幅31.4%",板块[汽车零部件]轮动延续/资金承接,收盘55.05 MA20上方 量比1.05,"次日开盘[-2%,+3%]为观察区间; 收盘站上max(开盘,昨收)视为买点触发",昨收55.05,板块退潮补跌/资金承接不足/持续阴跌,1
2026-05-22,2026-05-25,normal,lu,300907.SZ,康平科技,电机,72.25,"{'theme': 0.4, 'ladder': 0.55, 'seal': 1.0, 'time': 0.7, 'liq': 1.0, 'struct': 1.0}",涨停组: 机器人方向 1板 封单比15.2% 涨停时间10:54 题材内涨停3家 成交4.5亿,机器人+电机+股权激励,1连板 换手承接量比1.49,"次日竞价与开盘承接: 高开幅度观察区间[-2%,+5%]; 开盘涨幅≤+3%且不破昨收-3%视为买点触发",昨收41.11,高位情绪兑现/次日低开大幅回撤/炸板断板,1
2026-05-22,2026-05-25,normal,lu,603960.SH,克来机电,汽车零部件,66.25,"{'theme': 0.4, 'ladder': 0.55, 'seal': 0.7, 'time': 0.7, 'liq': 1.0, 'struct': 1.0}",涨停组: 机器人方向 1板 封单比14.1% 涨停时间11:16 题材内涨停3家 成交3.3亿,机器人+AI应用+汽车电子,1连板 换手承接量比1.44,"次日竞价与开盘承接: 高开幅度观察区间[-2%,+5%]; 开盘涨幅≤+3%且不破昨收-3%视为买点触发",昨收23.67,高位情绪兑现/次日低开大幅回撤/炸板断板,1
2026-05-22,2026-05-25,normal,nlu,002947.SZ,恒铭达,消费电子,95.18125,"{'sector': 0.9090624999999999, 'trend': 1.0, 'pos': 1.0, 'mom': 1.0, 'liq': 1.0, 'recog': 0.85}","非涨停组: 趋势结构多头(MA20>MA60且上行), 处于活跃板块[消费电子](当日涨幅分位87%, 板块涨停3家) 距60日高点6.0% 20日涨幅23.6%",板块[消费电子]轮动延续/资金承接,收盘89.40 MA20上方 量比0.72,"次日开盘[-2%,+3%]为观察区间; 收盘站上max(开盘,昨收)视为买点触发",昨收89.40,板块退潮补跌/资金承接不足/持续阴跌,1
2026-05-22,2026-05-25,normal,nlu,002196.SZ,方正电机,电机,92.51875,"{'sector': 0.9259375, 'trend': 1.0, 'pos': 0.7, 'mom': 1.0, 'liq': 1.0, 'recog': 1.0}","非涨停组: 趋势结构多头(MA20>MA60且上行), 处于活跃板块[电机](当日涨幅分位88%, 板块涨停3家) 距60日高点9.5% 20日涨幅15.4%",板块[电机]轮动延续/资金承接,收盘16.74 MA20上方 量比0.81,"次日开盘[-2%,+3%]为观察区间; 收盘站上max(开盘,昨收)视为买点触发",昨收16.74,板块退潮补跌/资金承接不足/持续阴跌,1
2026-05-25,2026-05-26,defensive,lu,600520.SH,三佳科技,专用设备,85.25,"{'theme': 0.8, 'ladder': 0.55, 'seal': 1.0, 'time': 0.85, 'liq': 1.0, 'struct': 1.0}",涨停组: 先进封装方向 1板 封单比17.2% 涨停时间10:21 题材内涨停5家 成交4.5亿,先进封装+半导体设备+合肥国资,1连板 换手承接量比0.89,"次日竞价与开盘承接: 高开幅度观察区间[-2%,+5%]; 开盘涨幅≤+3%且不破昨收-3%视为买点触发",昨收33.47,高位情绪兑现/次日低开大幅回撤/炸板断板,1
2026-05-25,2026-05-26,defensive,lu,002388.SZ,新亚制程,其他电子,71.25,"{'theme': 0.4, 'ladder': 0.55, 'seal': 1.0, 'time': 0.85, 'liq': 0.6, 'struct': 1.0}",涨停组: 人形机器人方向 1板 封单比35.3% 涨停时间10:04 题材内涨停3家 成交2.1亿,人形机器人+六氟磷酸锂+锂电池+华为客户,1连板 换手承接量比1.76,"次日竞价与开盘承接: 高开幅度观察区间[-2%,+5%]; 开盘涨幅≤+3%且不破昨收-3%视为买点触发",昨收5.85,高位情绪兑现/次日低开大幅回撤/炸板断板,1
2026-05-25,2026-05-26,defensive,nlu,001389.SZ,广合科技,元件,96.325,"{'sector': 0.96625, 'trend': 1.0, 'pos': 1.0, 'mom': 1.0, 'liq': 1.0, 'recog': 0.85}","非涨停组: 趋势结构多头(MA20>MA60且上行), 处于活跃板块[元件](当日涨幅分位94%, 板块涨停4家) 距60日高点3.5% 20日涨幅20.5%",板块[元件]轮动延续/资金承接,收盘190.33 MA20上方 量比1.19,"次日开盘[-2%,+3%]为观察区间; 收盘站上max(开盘,昨收)视为买点触发",昨收190.33,板块退潮补跌/资金承接不足/持续阴跌,1
2026-05-26,2026-05-27,defensive,lu,600520.SH,三佳科技,专用设备,70.5,"{'theme': 0.2, 'ladder': 0.9, 'seal': 1.0, 'time': 1.0, 'liq': 0.6, 'struct': 0.6}",涨停组: 先进封装方向 2板 封单比47.0% 涨停时间09:25 题材内涨停2家 成交3.0亿,先进封装+半导体设备+合肥国资+一季报扭亏,2连板 换手承接量比0.56,"次日竞价与开盘承接: 高开幅度观察区间[-2%,+5%]; 开盘涨幅≤+3%且不破昨收-3%视为买点触发",昨收36.82,高位情绪兑现/次日低开大幅回撤/炸板断板,1
2026-05-26,2026-05-27,defensive,lu,002185.SZ,华天科技,半导体,62.5,"{'theme': 0.2, 'ladder': 0.9, 'seal': 0.4, 'time': 1.0, 'liq': 0.6, 'struct': 1.0}",涨停组: 先进封装方向 2板 封单比7.4% 涨停时间09:25 题材内涨停2家 成交112.4亿,先进封装+30亿扩产+存储封测,2连板 换手承接量比1.37,"次日竞价与开盘承接: 高开幅度观察区间[-2%,+5%]; 开盘涨幅≤+3%且不破昨收-3%视为买点触发",昨收18.67,高位情绪兑现/次日低开大幅回撤/炸板断板,1
2026-05-26,2026-05-27,defensive,nlu,002273.SZ,水晶光电,光学光电子,97.8125,"{'sector': 0.890625, 'trend': 1.0, 'pos': 1.0, 'mom': 1.0, 'liq': 1.0, 'recog': 1.0}","非涨停组: 趋势结构多头(MA20>MA60且上行), 处于活跃板块[光学光电子](当日涨幅分位81%, 板块涨停3家) 距60日高点6.3% 20日涨幅17.4%",板块[光学光电子]轮动延续/资金承接,收盘39.09 MA20上方 量比0.73,"次日开盘[-2%,+3%]为观察区间; 收盘站上max(开盘,昨收)视为买点触发",昨收39.09,板块退潮补跌/资金承接不足/持续阴跌,1
2026-05-27,2026-05-28,defensive,lu,600758.SH,辽宁能源,煤炭开采加工,69.25,"{'theme': 0.4, 'ladder': 0.55, 'seal': 0.7, 'time': 0.85, 'liq': 1.0, 'struct': 1.0}",涨停组: 电力方向 1板 封单比8.7% 涨停时间10:23 题材内涨停3家 成交6.4亿,电力+煤炭+国企,1连板 换手承接量比0.88,"次日竞价与开盘承接: 高开幅度观察区间[-2%,+5%]; 开盘涨幅≤+3%且不破昨收-3%视为买点触发",昨收4.64,高位情绪兑现/次日低开大幅回撤/炸板断板,1
2026-05-27,2026-05-28,defensive,lu,000892.SZ,欢瑞世纪,影视院线,66.25,"{'theme': 0.2, 'ladder': 0.55, 'seal': 1.0, 'time': 0.85, 'liq': 0.6, 'struct': 1.0}",涨停组: 短剧游戏方向 1板 封单比29.6% 涨停时间09:49 题材内涨停2家 成交2.7亿,短剧游戏+互动影游+AIGC,1连板 换手承接量比1.74,"次日竞价与开盘承接: 高开幅度观察区间[-2%,+5%]; 开盘涨幅≤+3%且不破昨收-3%视为买点触发",昨收4.5,高位情绪兑现/次日低开大幅回撤/炸板断板,1
2026-05-27,2026-05-28,defensive,nlu,002436.SZ,兴森科技,元件,93.93125,"{'sector': 0.8465625, 'trend': 1.0, 'pos': 1.0, 'mom': 1.0, 'liq': 1.0, 'recog': 0.85}","非涨停组: 趋势结构多头(MA20>MA60且上行), 处于活跃板块[元件](当日涨幅分位70%, 板块涨停3家) 距60日高点6.3% 20日涨幅29.8%",板块[元件]轮动延续/资金承接,收盘36.99 MA20上方 量比0.84,"次日开盘[-2%,+3%]为观察区间; 收盘站上max(开盘,昨收)视为买点触发",昨收36.99,板块退潮补跌/资金承接不足/持续阴跌,1
2026-05-28,2026-05-29,normal,lu,000539.SZ,粤电力A,电力,83.5,"{'theme': 0.4, 'ladder': 0.9, 'seal': 1.0, 'time': 1.0, 'liq': 1.0, 'struct': 1.0}",涨停组: 电力方向 2板 封单比15.6% 涨停时间09:30 题材内涨停3家 成交12.0亿,电力+业绩减亏+广东国资,2连板 换手承接量比1.31,"次日竞价与开盘承接: 高开幅度观察区间[-2%,+5%]; 开盘涨幅≤+3%且不破昨收-3%视为买点触发",昨收8.07,高位情绪兑现/次日低开大幅回撤/炸板断板,1
2026-05-28,2026-05-29,normal,lu,603861.SH,白云电器,电网设备,73.25,"{'theme': 0.2, 'ladder': 0.55, 'seal': 1.0, 'time': 1.0, 'liq': 1.0, 'struct': 1.0}",涨停组: HVDC方向 1板 封单比31.4% 涨停时间09:43 题材内涨停2家 成交3.9亿,HVDC+数据中心+变压器出海,1连板 换手承接量比1.48,"次日竞价与开盘承接: 高开幅度观察区间[-2%,+5%]; 开盘涨幅≤+3%且不破昨收-3%视为买点触发",昨收16.72,高位情绪兑现/次日低开大幅回撤/炸板断板,1
2026-05-28,2026-05-29,normal,nlu,002851.SZ,麦格米特,其他电源设备,94.0625,"{'sector': 0.703125, 'trend': 1.0, 'pos': 1.0, 'mom': 1.0, 'liq': 1.0, 'recog': 1.0}","非涨停组: 趋势结构多头(MA20>MA60且上行), 处于活跃板块[其他电源设备](当日涨幅分位86%, 板块涨停1家) 距60日高点6.8% 20日涨幅25.4%",板块[其他电源设备]轮动延续/资金承接,收盘135.46 MA20上方 量比0.75,"次日开盘[-2%,+3%]为观察区间; 收盘站上max(开盘,昨收)视为买点触发",昨收135.46,板块退潮补跌/资金承接不足/持续阴跌,1
2026-05-28,2026-05-29,normal,nlu,300809.SZ,华辰装备,通用设备,93.9625,"{'sector': 0.848125, 'trend': 1.0, 'pos': 1.0, 'mom': 1.0, 'liq': 1.0, 'recog': 0.85}","非涨停组: 趋势结构多头(MA20>MA60且上行), 处于活跃板块[通用设备](当日涨幅分位85%, 板块涨停7家) 距60日高点8.0% 20日涨幅24.7%",板块[通用设备]轮动延续/资金承接,收盘39.89 MA20上方 量比0.75,"次日开盘[-2%,+3%]为观察区间; 收盘站上max(开盘,昨收)视为买点触发",昨收39.89,板块退潮补跌/资金承接不足/持续阴跌,1
2026-05-29,2026-06-01,defensive,lu,000539.SZ,粤电力A,电力,95.0,"{'theme': 0.8, 'ladder': 1.0, 'seal': 1.0, 'time': 1.0, 'liq': 1.0, 'struct': 1.0}",涨停组: 电力方向 3板 封单比18.8% 涨停时间09:31 题材内涨停5家 成交10.2亿,电力+业绩减亏+广东国资,3连板 换手承接量比0.94,"次日竞价与开盘承接: 高开幅度观察区间[-2%,+5%]; 开盘涨幅≤+3%且不破昨收-3%视为买点触发",昨收8.88,高位情绪兑现/次日低开大幅回撤/炸板断板,1
2026-05-29,2026-06-01,defensive,lu,000037.SZ,深南电A,电力,88.25,"{'theme': 0.8, 'ladder': 0.55, 'seal': 1.0, 'time': 1.0, 'liq': 1.0, 'struct': 1.0}",涨停组: 电力方向 1板 封单比16.1% 涨停时间09:35 题材内涨停5家 成交3.6亿,电力+综合能源+储能+一季报扭亏,1连板 换手承接量比1.26,"次日竞价与开盘承接: 高开幅度观察区间[-2%,+5%]; 开盘涨幅≤+3%且不破昨收-3%视为买点触发",昨收11.5,高位情绪兑现/次日低开大幅回撤/炸板断板,1
2026-05-29,2026-06-01,defensive,nlu,600236.SH,桂冠电力,电力,87.53125,"{'sector': 0.9765625, 'trend': 1.0, 'pos': 1.0, 'mom': 1.0, 'liq': 0.6, 'recog': 0.6}","非涨停组: 趋势结构多头(MA20>MA60且上行), 处于活跃板块[电力](当日涨幅分位96%, 板块涨停7家) 距60日高点8.0% 20日涨幅14.6%",板块[电力]轮动延续/资金承接,收盘11.36 MA20上方 量比1.17,"次日开盘[-2%,+3%]为观察区间; 收盘站上max(开盘,昨收)视为买点触发",昨收11.36,板块退潮补跌/资金承接不足/持续阴跌,1
2026-06-01,2026-06-02,normal,lu,603341.SH,龙旗科技,消费电子,88.25,"{'theme': 0.8, 'ladder': 0.55, 'seal': 1.0, 'time': 1.0, 'liq': 1.0, 'struct': 1.0}",涨停组: AI PC方向 1板 封单比16.6% 涨停时间09:42 题材内涨停5家 成交5.1亿,AI PC+AI眼镜+机器人,1连板 换手承接量比1.34,"次日竞价与开盘承接: 高开幅度观察区间[-2%,+5%]; 开盘涨幅≤+3%且不破昨收-3%视为买点触发",昨收37.91,高位情绪兑现/次日低开大幅回撤/炸板断板,1
2026-06-01,2026-06-02,normal,lu,600403.SH,大有能源,煤炭开采加工,83.25,"{'theme': 1.0, 'ladder': 0.55, 'seal': 1.0, 'time': 0.7, 'liq': 0.6, 'struct': 1.0}",涨停组: 煤炭方向 1板 封单比27.2% 涨停时间10:57 题材内涨停6家 成交2.4亿,煤炭+河南国资重组+国企改革,1连板 换手承接量比1.79,"次日竞价与开盘承接: 高开幅度观察区间[-2%,+5%]; 开盘涨幅≤+3%且不破昨收-3%视为买点触发",昨收5.56,高位情绪兑现/次日低开大幅回撤/炸板断板,1
2026-06-01,2026-06-02,normal,nlu,000582.SZ,北部湾港,港口航运,88.94375,"{'sector': 0.5971875, 'trend': 1.0, 'pos': 1.0, 'mom': 1.0, 'liq': 1.0, 'recog': 0.85}","非涨停组: 趋势结构多头(MA20>MA60且上行), 处于活跃板块[港口航运](当日涨幅分位72%, 板块涨停1家) 距60日高点7.2% 20日涨幅17.7%",板块[港口航运]轮动延续/资金承接,收盘13.22 MA20上方 量比0.86,"次日开盘[-2%,+3%]为观察区间; 收盘站上max(开盘,昨收)视为买点触发",昨收13.22,板块退潮补跌/资金承接不足/持续阴跌,1
2026-06-01,2026-06-02,normal,nlu,000887.SZ,中鼎股份,汽车零部件,87.2125,"{'sector': 0.510625, 'trend': 1.0, 'pos': 1.0, 'mom': 1.0, 'liq': 1.0, 'recog': 0.85}","非涨停组: 趋势结构多头(MA20>MA60且上行), 处于活跃板块[汽车零部件](当日涨幅分位36%, 板块涨停5家) 距60日高点2.9% 20日涨幅20.7%",板块[汽车零部件]轮动延续/资金承接,收盘20.98 MA20上方 量比0.80,"次日开盘[-2%,+3%]为观察区间; 收盘站上max(开盘,昨收)视为买点触发",昨收20.98,板块退潮补跌/资金承接不足/持续阴跌,1
2026-06-02,2026-06-03,defensive,lu,600403.SH,大有能源,煤炭开采加工,74.5,"{'theme': 0.2, 'ladder': 0.9, 'seal': 1.0, 'time': 1.0, 'liq': 0.6, 'struct': 1.0}",涨停组: 煤炭方向 2板 封单比120.4% 涨停时间09:30 题材内涨停2家 成交1.5亿,煤炭+河南国资重组+国企改革,2连板 换手承接量比0.99,"次日竞价与开盘承接: 高开幅度观察区间[-2%,+5%]; 开盘涨幅≤+3%且不破昨收-3%视为买点触发",昨收6.12,高位情绪兑现/次日低开大幅回撤/炸板断板,1
2026-06-02,2026-06-03,defensive,lu,600121.SH,郑州煤电,煤炭开采加工,72.5,"{'theme': 0.2, 'ladder': 0.9, 'seal': 0.7, 'time': 1.0, 'liq': 1.0, 'struct': 1.0}",涨停组: 煤炭方向 2板 封单比8.2% 涨停时间09:31 题材内涨停2家 成交10.4亿,煤炭+机器人+算力中心+郑州国资,2连板 换手承接量比1.93,"次日竞价与开盘承接: 高开幅度观察区间[-2%,+5%]; 开盘涨幅≤+3%且不破昨收-3%视为买点触发",昨收5.17,高位情绪兑现/次日低开大幅回撤/炸板断板,1
2026-06-02,2026-06-03,defensive,nlu,002636.SZ,金安国纪,元件,93.4,"{'sector': 0.97, 'trend': 1.0, 'pos': 0.7, 'mom': 1.0, 'liq': 1.0, 'recog': 1.0}","非涨停组: 趋势结构多头(MA20>MA60且上行), 处于活跃板块[元件](当日涨幅分位99%, 板块涨停3家) 距60日高点10.9% 20日涨幅13.1%",板块[元件]轮动延续/资金承接,收盘50.63 MA20上方 量比0.84,"次日开盘[-2%,+3%]为观察区间; 收盘站上max(开盘,昨收)视为买点触发",昨收50.63,板块退潮补跌/资金承接不足/持续阴跌,1
2026-06-03,2026-06-04,defensive,lu,002137.SZ,实益达,光学光电子,78.5,"{'theme': 0.2, 'ladder': 0.9, 'seal': 1.0, 'time': 1.0, 'liq': 1.0, 'struct': 1.0}",涨停组: 先进封装方向 2板 封单比53.1% 涨停时间09:30 题材内涨停2家 成交3.1亿,先进封装+间接投资宇树科技+智能硬件,2连板 换手承接量比0.97,"次日竞价与开盘承接: 高开幅度观察区间[-2%,+5%]; 开盘涨幅≤+3%且不破昨收-3%视为买点触发",昨收10.4,高位情绪兑现/次日低开大幅回撤/炸板断板,1
2026-06-03,2026-06-04,defensive,lu,600403.SH,大有能源,煤炭开采加工,74.0,"{'theme': 0.2, 'ladder': 1.0, 'seal': 0.7, 'time': 1.0, 'liq': 1.0, 'struct': 1.0}",涨停组: 煤炭方向 3板 封单比8.7% 涨停时间09:43 题材内涨停2家 成交6.4亿,煤炭+河南国资重组+国企改革,3连板 换手承接量比2.37,"次日竞价与开盘承接: 高开幅度观察区间[-2%,+5%]; 开盘涨幅≤+3%且不破昨收-3%视为买点触发",昨收6.73,高位情绪兑现/次日低开大幅回撤/炸板断板,1
2026-06-03,2026-06-04,defensive,nlu,600575.SH,淮河能源,电力,95.54375,"{'sector': 0.9271874999999999, 'trend': 1.0, 'pos': 1.0, 'mom': 1.0, 'liq': 1.0, 'recog': 0.85}","非涨停组: 趋势结构多头(MA20>MA60且上行), 处于活跃板块[电力](当日涨幅分位87%, 板块涨停7家) 距60日高点5.7% 20日涨幅17.4%",板块[电力]轮动延续/资金承接,收盘4.11 MA20上方 量比1.20,"次日开盘[-2%,+3%]为观察区间; 收盘站上max(开盘,昨收)视为买点触发",昨收4.11,板块退潮补跌/资金承接不足/持续阴跌,1
2026-06-04,2026-06-05,defensive,lu,603135.SH,中重科技,专用设备,74.5,"{'theme': 0.2, 'ladder': 0.9, 'seal': 1.0, 'time': 1.0, 'liq': 0.6, 'struct': 1.0}",涨停组: 机器人方向 2板 封单比24.9% 涨停时间09:34 题材内涨停2家 成交1.9亿,机器人+出海+新增订单+到期赎回,2连板 换手承接量比1.85,"次日竞价与开盘承接: 高开幅度观察区间[-2%,+5%]; 开盘涨幅≤+3%且不破昨收-3%视为买点触发",昨收12.75,高位情绪兑现/次日低开大幅回撤/炸板断板,1
2026-06-04,2026-06-05,defensive,lu,002590.SZ,万安科技,汽车零部件,69.25,"{'theme': 0.2, 'ladder': 0.55, 'seal': 1.0, 'time': 1.0, 'liq': 0.6, 'struct': 1.0}",涨停组: 机器人方向 1板 封单比101.2% 涨停时间09:38 题材内涨停2家 成交1.9亿,机器人+智能驾驶+底盘系统,1连板 换手承接量比1.39,"次日竞价与开盘承接: 高开幅度观察区间[-2%,+5%]; 开盘涨幅≤+3%且不破昨收-3%视为买点触发",昨收12.44,高位情绪兑现/次日低开大幅回撤/炸板断板,1
2026-06-04,2026-06-05,defensive,nlu,300221.SZ,银禧科技,塑料制品,93.425,"{'sector': 0.82125, 'trend': 1.0, 'pos': 1.0, 'mom': 1.0, 'liq': 1.0, 'recog': 0.85}","非涨停组: 趋势结构多头(MA20>MA60且上行), 处于活跃板块[塑料制品](当日涨幅分位87%, 板块涨停3家) 距60日高点4.8% 20日涨幅26.4%",板块[塑料制品]轮动延续/资金承接,收盘14.47 MA20上方 量比0.92,"次日开盘[-2%,+3%]为观察区间; 收盘站上max(开盘,昨收)视为买点触发",昨收14.47,板块退潮补跌/资金承接不足/持续阴跌,1
2026-06-05,2026-06-08,normal,lu,300626.SZ,华瑞股份,电机,90.25,"{'theme': 1.0, 'ladder': 0.55, 'seal': 1.0, 'time': 0.85, 'liq': 1.0, 'struct': 1.0}",涨停组: 机器人方向 1板 封单比26.5% 涨停时间10:16 题材内涨停7家 成交4.8亿,机器人+换向器+地方国企+控股股东股权转让,1连板 换手承接量比1.14,"次日竞价与开盘承接: 高开幅度观察区间[-2%,+5%]; 开盘涨幅≤+3%且不破昨收-3%视为买点触发",昨收40.3,高位情绪兑现/次日低开大幅回撤/炸板断板,1
2026-06-05,2026-06-08,normal,lu,002194.SZ,武汉凡谷,通信设备,88.25,"{'theme': 0.8, 'ladder': 0.55, 'seal': 1.0, 'time': 1.0, 'liq': 1.0, 'struct': 1.0}",涨停组: 商业航天方向 1板 封单比36.4% 涨停时间09:39 题材内涨停5家 成交4.3亿,商业航天+6G预研+射频器件,1连板 换手承接量比0.94,"次日竞价与开盘承接: 高开幅度观察区间[-2%,+5%]; 开盘涨幅≤+3%且不破昨收-3%视为买点触发",昨收12.14,高位情绪兑现/次日低开大幅回撤/炸板断板,1
2026-06-05,2026-06-08,normal,nlu,605020.SH,永和股份,化学制品,92.18125,"{'sector': 0.7590625, 'trend': 1.0, 'pos': 1.0, 'mom': 1.0, 'liq': 1.0, 'recog': 0.85}","非涨停组: 趋势结构多头(MA20>MA60且上行), 处于活跃板块[化学制品](当日涨幅分位66%, 板块涨停3家) 距60日高点6.6% 20日涨幅27.2%",板块[化学制品]轮动延续/资金承接,收盘34.46 MA20上方 量比1.00,"次日开盘[-2%,+3%]为观察区间; 收盘站上max(开盘,昨收)视为买点触发",昨收34.46,板块退潮补跌/资金承接不足/持续阴跌,1
2026-06-05,2026-06-08,normal,nlu,002456.SZ,欧菲光,光学光电子,89.49375,"{'sector': 0.8746875, 'trend': 1.0, 'pos': 1.0, 'mom': 1.0, 'liq': 1.0, 'recog': 0.6}","非涨停组: 趋势结构多头(MA20>MA60且上行), 处于活跃板块[光学光电子](当日涨幅分位77%, 板块涨停4家) 距60日高点3.5% 20日涨幅10.0%",板块[光学光电子]轮动延续/资金承接,收盘9.86 MA20上方 量比0.95,"次日开盘[-2%,+3%]为观察区间; 收盘站上max(开盘,昨收)视为买点触发",昨收9.86,板块退潮补跌/资金承接不足/持续阴跌,1
2026-06-08,2026-06-09,defensive,lu,002354.SZ,天娱数科,文化传媒,84.5,"{'theme': 0.6, 'ladder': 0.9, 'seal': 1.0, 'time': 1.0, 'liq': 1.0, 'struct': 0.6}",涨停组: 物理AI方向 2板 封单比31.9% 涨停时间09:30 题材内涨停4家 成交8.0亿,物理AI+具身智能+算力租赁+AI应用,2连板 换手承接量比0.64,"次日竞价与开盘承接: 高开幅度观察区间[-2%,+5%]; 开盘涨幅≤+3%且不破昨收-3%视为买点触发",昨收7.33,高位情绪兑现/次日低开大幅回撤/炸板断板,1
2026-06-08,2026-06-09,defensive,lu,301302.SZ,华如科技,军工电子,74.25,"{'theme': 0.6, 'ladder': 0.55, 'seal': 0.7, 'time': 0.85, 'liq': 1.0, 'struct': 1.0}",涨停组: 物理AI方向 1板 封单比10.9% 涨停时间10:26 题材内涨停4家 成交4.6亿,物理AI+模训器材+军事大模型+航天复合材料,1连板 换手承接量比1.92,"次日竞价与开盘承接: 高开幅度观察区间[-2%,+5%]; 开盘涨幅≤+3%且不破昨收-3%视为买点触发",昨收30.12,高位情绪兑现/次日低开大幅回撤/炸板断板,1
2026-06-08,2026-06-09,defensive,nlu,601101.SH,昊华能源,煤炭开采加工,90.51875,"{'sector': 0.6759375, 'trend': 1.0, 'pos': 1.0, 'mom': 1.0, 'liq': 1.0, 'recog': 0.85}","非涨停组: 趋势结构多头(MA20>MA60且上行), 处于活跃板块[煤炭开采加工](当日涨幅分位78%, 板块涨停1家) 距60日高点8.0% 20日涨幅19.9%",板块[煤炭开采加工]轮动延续/资金承接,收盘13.21 MA20上方 量比0.68,"次日开盘[-2%,+3%]为观察区间; 收盘站上max(开盘,昨收)视为买点触发",昨收13.21,板块退潮补跌/资金承接不足/持续阴跌,1
2026-06-09,2026-06-10,normal,lu,603211.SH,晋拓股份,汽车零部件,83.25,"{'theme': 0.6, 'ladder': 0.55, 'seal': 1.0, 'time': 1.0, 'liq': 1.0, 'struct': 1.0}",涨停组: 人形机器人方向 1板 封单比15.5% 涨停时间09:30 题材内涨停4家 成交3.3亿,人形机器人+机器人零部件+定增扩产,1连板 换手承接量比1.40,"次日竞价与开盘承接: 高开幅度观察区间[-2%,+5%]; 开盘涨幅≤+3%且不破昨收-3%视为买点触发",昨收31.43,高位情绪兑现/次日低开大幅回撤/炸板断板,1
2026-06-09,2026-06-10,normal,lu,001696.SZ,宗申动力,通用设备,78.5,"{'theme': 0.2, 'ladder': 0.9, 'seal': 1.0, 'time': 1.0, 'liq': 1.0, 'struct': 1.0}",涨停组: 低空经济方向 2板 封单比16.2% 涨停时间09:37 题材内涨停2家 成交11.9亿,低空经济+航空发动机+资产置换+通用机械,2连板 换手承接量比2.05,"次日竞价与开盘承接: 高开幅度观察区间[-2%,+5%]; 开盘涨幅≤+3%且不破昨收-3%视为买点触发",昨收17.55,高位情绪兑现/次日低开大幅回撤/炸板断板,1
2026-06-09,2026-06-10,normal,nlu,002106.SZ,莱宝高科,光学光电子,94.875,"{'sector': 0.8937499999999999, 'trend': 1.0, 'pos': 1.0, 'mom': 1.0, 'liq': 1.0, 'recog': 0.85}","非涨停组: 趋势结构多头(MA20>MA60且上行), 处于活跃板块[光学光电子](当日涨幅分位82%, 板块涨停3家) 距60日高点5.8% 20日涨幅20.4%",板块[光学光电子]轮动延续/资金承接,收盘13.14 MA20上方 量比0.80,"次日开盘[-2%,+3%]为观察区间; 收盘站上max(开盘,昨收)视为买点触发",昨收13.14,板块退潮补跌/资金承接不足/持续阴跌,1
2026-06-09,2026-06-10,normal,nlu,600255.SH,鑫科材料,金属新材料,94.4125,"{'sector': 0.720625, 'trend': 1.0, 'pos': 1.0, 'mom': 1.0, 'liq': 1.0, 'recog': 1.0}","非涨停组: 趋势结构多头(MA20>MA60且上行), 处于活跃板块[金属新材料](当日涨幅分位86%, 板块涨停1家) 距60日高点7.7% 20日涨幅21.2%",板块[金属新材料]轮动延续/资金承接,收盘4.46 MA20上方 量比0.91,"次日开盘[-2%,+3%]为观察区间; 收盘站上max(开盘,昨收)视为买点触发",昨收4.46,板块退潮补跌/资金承接不足/持续阴跌,1
2026-06-10,2026-06-11,defensive,lu,002971.SZ,和远气体,化学制品,74.5,"{'theme': 0.2, 'ladder': 0.9, 'seal': 1.0, 'time': 1.0, 'liq': 1.0, 'struct': 0.6}",涨停组: 六氟化钨方向 2板 封单比81.0% 涨停时间09:30 题材内涨停2家 成交3.6亿,六氟化钨+电子特气+硅基新材料,2连板 换手承接量比0.34,"次日竞价与开盘承接: 高开幅度观察区间[-2%,+5%]; 开盘涨幅≤+3%且不破昨收-3%视为买点触发",昨收47.95,高位情绪兑现/次日低开大幅回撤/炸板断板,1
2026-06-10,2026-06-11,defensive,lu,002165.SZ,红宝丽,化学制品,73.25,"{'theme': 0.2, 'ladder': 0.55, 'seal': 1.0, 'time': 1.0, 'liq': 1.0, 'struct': 1.0}",涨停组: 环氧丙烷方向 1板 封单比51.1% 涨停时间09:35 题材内涨停2家 成交3.1亿,环氧丙烷+技改临近+绿色建材+出海,1连板 换手承接量比0.95,"次日竞价与开盘承接: 高开幅度观察区间[-2%,+5%]; 开盘涨幅≤+3%且不破昨收-3%视为买点触发",昨收7.3,高位情绪兑现/次日低开大幅回撤/炸板断板,1
2026-06-10,2026-06-11,defensive,nlu,603466.SH,风语筑,文化传媒,90.425,"{'sector': 0.67125, 'trend': 1.0, 'pos': 1.0, 'mom': 1.0, 'liq': 1.0, 'recog': 0.85}","非涨停组: 趋势结构多头(MA20>MA60且上行), 处于活跃板块[文化传媒](当日涨幅分位64%, 板块涨停2家) 距60日高点4.9% 20日涨幅16.2%",板块[文化传媒]轮动延续/资金承接,收盘12.03 MA20上方 量比0.90,"次日开盘[-2%,+3%]为观察区间; 收盘站上max(开盘,昨收)视为买点触发",昨收12.03,板块退潮补跌/资金承接不足/持续阴跌,1
2026-06-11,2026-06-12,defensive,lu,002971.SZ,和远气体,化学制品,79.0,"{'theme': 0.4, 'ladder': 1.0, 'seal': 0.7, 'time': 1.0, 'liq': 1.0, 'struct': 1.0}",涨停组: 六氟化钨方向 3板 封单比14.9% 涨停时间09:25 题材内涨停3家 成交12.5亿,六氟化钨+电子特气+硅基新材料,3连板 换手承接量比1.00,"次日竞价与开盘承接: 高开幅度观察区间[-2%,+5%]; 开盘涨幅≤+3%且不破昨收-3%视为买点触发",昨收52.75,高位情绪兑现/次日低开大幅回撤/炸板断板,1
2026-06-11,2026-06-12,defensive,lu,600378.SH,昊华科技,化学制品,71.5,"{'theme': 0.4, 'ladder': 0.9, 'seal': 0.4, 'time': 1.0, 'liq': 1.0, 'struct': 1.0}",涨停组: 六氟化钨方向 2板 封单比3.8% 涨停时间09:25 题材内涨停3家 成交50.6亿,六氟化钨+PCB概念+氟化工+央企,2连板 换手承接量比0.94,"次日竞价与开盘承接: 高开幅度观察区间[-2%,+5%]; 开盘涨幅≤+3%且不破昨收-3%视为买点触发",昨收63.89,高位情绪兑现/次日低开大幅回撤/炸板断板,1
2026-06-11,2026-06-12,defensive,nlu,688625.SH,呈和科技,化学制品,93.69375,"{'sector': 0.8346875, 'trend': 1.0, 'pos': 1.0, 'mom': 1.0, 'liq': 1.0, 'recog': 0.85}","非涨停组: 趋势结构多头(MA20>MA60且上行), 处于活跃板块[化学制品](当日涨幅分位72%, 板块涨停7家) 距60日高点6.5% 20日涨幅19.5%",板块[化学制品]轮动延续/资金承接,收盘80.40 MA20上方 量比1.08,"次日开盘[-2%,+3%]为观察区间; 收盘站上max(开盘,昨收)视为买点触发",昨收80.40,板块退潮补跌/资金承接不足/持续阴跌,1
2026-06-12,2026-06-15,normal,lu,003009.SZ,中天火箭,军工装备,79.25,"{'theme': 0.6, 'ladder': 0.55, 'seal': 1.0, 'time': 1.0, 'liq': 1.0, 'struct': 0.6}",涨停组: 商业航天方向 1板 封单比19.8% 涨停时间09:43 题材内涨停4家 成交3.4亿,商业航天+小型制导火箭+一季度扭亏+央企,1连板 换手承接量比0.59,"次日竞价与开盘承接: 高开幅度观察区间[-2%,+5%]; 开盘涨幅≤+3%且不破昨收-3%视为买点触发",昨收60.62,高位情绪兑现/次日低开大幅回撤/炸板断板,1
2026-06-12,2026-06-15,normal,lu,002935.SZ,天奥电子,军工电子,79.25,"{'theme': 0.6, 'ladder': 0.55, 'seal': 1.0, 'time': 1.0, 'liq': 0.6, 'struct': 1.0}",涨停组: 商业航天方向 1板 封单比16.4% 涨停时间09:39 题材内涨停4家 成交2.5亿,商业航天+原子钟+央企,1连板 换手承接量比1.27,"次日竞价与开盘承接: 高开幅度观察区间[-2%,+5%]; 开盘涨幅≤+3%且不破昨收-3%视为买点触发",昨收22.2,高位情绪兑现/次日低开大幅回撤/炸板断板,1
2026-06-12,2026-06-15,normal,nlu,002125.SZ,湘潭电化,电池,92.39375,"{'sector': 0.7696875, 'trend': 1.0, 'pos': 1.0, 'mom': 1.0, 'liq': 1.0, 'recog': 0.85}","非涨停组: 趋势结构多头(MA20>MA60且上行), 处于活跃板块[电池](当日涨幅分位87%, 板块涨停2家) 距60日高点6.8% 20日涨幅26.5%",板块[电池]轮动延续/资金承接,收盘18.06 MA20上方 量比1.04,"次日开盘[-2%,+3%]为观察区间; 收盘站上max(开盘,昨收)视为买点触发",昨收18.06,板块退潮补跌/资金承接不足/持续阴跌,1
2026-06-12,2026-06-15,normal,nlu,603500.SH,祥和实业,轨交设备,88.2625,"{'sector': 0.413125, 'trend': 1.0, 'pos': 1.0, 'mom': 1.0, 'liq': 1.0, 'recog': 1.0}","非涨停组: 趋势结构多头(MA20>MA60且上行), 处于活跃板块[轨交设备](当日涨幅分位45%, 板块涨停1家) 距60日高点7.5% 20日涨幅26.5%",板块[轨交设备]轮动延续/资金承接,收盘12.66 MA20上方 量比0.73,"次日开盘[-2%,+3%]为观察区间; 收盘站上max(开盘,昨收)视为买点触发",昨收12.66,板块退潮补跌/资金承接不足/持续阴跌,1
2026-06-15,2026-06-16,aggressive,lu,301176.SZ,逸豪新材,元件,74.5,"{'theme': 0.2, 'ladder': 0.9, 'seal': 1.0, 'time': 1.0, 'liq': 1.0, 'struct': 0.6}",涨停组: PCB铜箔方向 2板 封单比38.8% 涨停时间09:32 题材内涨停2家 成交4.3亿,PCB铜箔+AI算力+产能扩张,2连板 换手承接量比0.55,"次日竞价与开盘承接: 高开幅度观察区间[-2%,+5%]; 开盘涨幅≤+3%且不破昨收-3%视为买点触发",昨收67.92,高位情绪兑现/次日低开大幅回撤/炸板断板,1
2026-06-15,2026-06-16,aggressive,lu,300588.SZ,熙菱信息,计算机设备,69.25,"{'theme': 0.2, 'ladder': 0.55, 'seal': 1.0, 'time': 1.0, 'liq': 0.6, 'struct': 1.0}",涨停组: AI应用方向 1板 封单比34.5% 涨停时间09:37 题材内涨停2家 成交1.6亿,AI应用+智慧政务+运营商业务+控制权变更进展,1连板 换手承接量比1.93,"次日竞价与开盘承接: 高开幅度观察区间[-2%,+5%]; 开盘涨幅≤+3%且不破昨收-3%视为买点触发",昨收22.09,高位情绪兑现/次日低开大幅回撤/炸板断板,1
2026-06-15,2026-06-16,aggressive,nlu,002171.SZ,楚江新材,工业金属,94.78125,"{'sector': 0.8890624999999999, 'trend': 1.0, 'pos': 1.0, 'mom': 1.0, 'liq': 1.0, 'recog': 0.85}","非涨停组: 趋势结构多头(MA20>MA60且上行), 处于活跃板块[工业金属](当日涨幅分位81%, 板块涨停3家) 距60日高点1.9% 20日涨幅19.5%",板块[工业金属]轮动延续/资金承接,收盘13.77 MA20上方 量比1.26,"次日开盘[-2%,+3%]为观察区间; 收盘站上max(开盘,昨收)视为买点触发",昨收13.77,板块退潮补跌/资金承接不足/持续阴跌,1
2026-06-15,2026-06-16,aggressive,nlu,301468.SZ,博盈特焊,专用设备,91.71875,"{'sector': 0.7359375, 'trend': 1.0, 'pos': 1.0, 'mom': 1.0, 'liq': 1.0, 'recog': 0.85}","非涨停组: 趋势结构多头(MA20>MA60且上行), 处于活跃板块[专用设备](当日涨幅分位68%, 板块涨停10家) 距60日高点5.9% 20日涨幅15.8%",板块[专用设备]轮动延续/资金承接,收盘50.81 MA20上方 量比0.89,"次日开盘[-2%,+3%]为观察区间; 收盘站上max(开盘,昨收)视为买点触发",昨收50.81,板块退潮补跌/资金承接不足/持续阴跌,1
2026-06-16,2026-06-17,normal,lu,603186.SH,华正新材,元件,79.5,"{'theme': 0.4, 'ladder': 0.9, 'seal': 1.0, 'time': 1.0, 'liq': 1.0, 'struct': 0.6}",涨停组: 覆铜板方向 2板 封单比17.9% 涨停时间09:32 题材内涨停3家 成交11.8亿,覆铜板+AI算力+定增扩产,2连板 换手承接量比0.39,"次日竞价与开盘承接: 高开幅度观察区间[-2%,+5%]; 开盘涨幅≤+3%且不破昨收-3%视为买点触发",昨收206.06,高位情绪兑现/次日低开大幅回撤/炸板断板,1
2026-06-16,2026-06-17,normal,lu,002552.SZ,宝鼎科技,元件,75.5,"{'theme': 0.4, 'ladder': 0.9, 'seal': 1.0, 'time': 1.0, 'liq': 0.6, 'struct': 0.6}",涨停组: 覆铜板方向 2板 封单比16.1% 涨停时间09:34 题材内涨停3家 成交2.9亿,覆铜板+电子铜箔+黄金采选+Q1业绩大增,2连板 换手承接量比0.29,"次日竞价与开盘承接: 高开幅度观察区间[-2%,+5%]; 开盘涨幅≤+3%且不破昨收-3%视为买点触发",昨收70.93,高位情绪兑现/次日低开大幅回撤/炸板断板,1
2026-06-16,2026-06-17,normal,nlu,300120.SZ,经纬辉开,光学光电子,95.2125,"{'sector': 0.910625, 'trend': 1.0, 'pos': 1.0, 'mom': 1.0, 'liq': 1.0, 'recog': 0.85}","非涨停组: 趋势结构多头(MA20>MA60且上行), 处于活跃板块[光学光电子](当日涨幅分位91%, 板块涨停5家) 距60日高点4.0% 20日涨幅26.1%",板块[光学光电子]轮动延续/资金承接,收盘9.24 MA20上方 量比0.88,"次日开盘[-2%,+3%]为观察区间; 收盘站上max(开盘,昨收)视为买点触发",昨收9.24,板块退潮补跌/资金承接不足/持续阴跌,1
2026-06-16,2026-06-17,normal,nlu,001301.SZ,尚太科技,电池,92.2125,"{'sector': 0.9606250000000001, 'trend': 1.0, 'pos': 1.0, 'mom': 1.0, 'liq': 0.6, 'recog': 0.85}","非涨停组: 趋势结构多头(MA20>MA60且上行), 处于活跃板块[电池](当日涨幅分位96%, 板块涨停4家) 距60日高点4.2% 20日涨幅17.5%",板块[电池]轮动延续/资金承接,收盘66.62 MA20上方 量比0.97,"次日开盘[-2%,+3%]为观察区间; 收盘站上max(开盘,昨收)视为买点触发",昨收66.62,板块退潮补跌/资金承接不足/持续阴跌,1
2026-06-17,2026-06-18,defensive,lu,688079.SH,美迪凯,光学光电子,79.25,"{'theme': 0.6, 'ladder': 0.55, 'seal': 1.0, 'time': 1.0, 'liq': 1.0, 'struct': 0.6}",涨停组: 玻璃基板方向 1板 封单比25.0% 涨停时间09:35 题材内涨停4家 成交4.9亿,玻璃基板+先进封装+三星供应链,1连板 换手承接量比0.49,"次日竞价与开盘承接: 高开幅度观察区间[-2%,+5%]; 开盘涨幅≤+3%且不破昨收-3%视为买点触发",昨收31.94,高位情绪兑现/次日低开大幅回撤/炸板断板,1
2026-06-17,2026-06-18,defensive,lu,002106.SZ,莱宝高科,光学光电子,77.25,"{'theme': 0.6, 'ladder': 0.55, 'seal': 0.7, 'time': 1.0, 'liq': 1.0, 'struct': 1.0}",涨停组: 玻璃基板方向 1板 封单比14.6% 涨停时间09:43 题材内涨停4家 成交6.0亿,玻璃基板+MED+AI PC,1连板 换手承接量比0.96,"次日竞价与开盘承接: 高开幅度观察区间[-2%,+5%]; 开盘涨幅≤+3%且不破昨收-3%视为买点触发",昨收14.78,高位情绪兑现/次日低开大幅回撤/炸板断板,1
2026-06-17,2026-06-18,defensive,nlu,003043.SZ,华亚智能,半导体,99.4875,"{'sector': 0.974375, 'trend': 1.0, 'pos': 1.0, 'mom': 1.0, 'liq': 1.0, 'recog': 1.0}","非涨停组: 趋势结构多头(MA20>MA60且上行), 处于活跃板块[半导体](当日涨幅分位97%, 板块涨停3家) 距60日高点5.7% 20日涨幅23.5%",板块[半导体]轮动延续/资金承接,收盘80.99 MA20上方 量比0.95,"次日开盘[-2%,+3%]为观察区间; 收盘站上max(开盘,昨收)视为买点触发",昨收80.99,板块退潮补跌/资金承接不足/持续阴跌,1
2026-06-18,2026-06-22,defensive,lu,603211.SH,晋拓股份,汽车零部件,71.25,"{'theme': 0.4, 'ladder': 0.55, 'seal': 1.0, 'time': 0.85, 'liq': 1.0, 'struct': 0.6}",涨停组: 人形机器人方向 1板 封单比33.5% 涨停时间09:49 题材内涨停3家 成交3.3亿,人形机器人+机器人零部件+汽车零部件,1连板 换手承接量比0.74,"次日竞价与开盘承接: 高开幅度观察区间[-2%,+5%]; 开盘涨幅≤+3%且不破昨收-3%视为买点触发",昨收36.44,高位情绪兑现/次日低开大幅回撤/炸板断板,1
2026-06-18,2026-06-22,defensive,lu,600353.SH,旭光电子,其他电子,70.0,"{'theme': 0.2, 'ladder': 0.8, 'seal': 1.0, 'time': 1.0, 'liq': 1.0, 'struct': 0.3}",涨停组: 氮化铝方向 4板 封单比25.6% 涨停时间09:31 题材内涨停2家 成交13.6亿,氮化铝+可控核聚变+定增受理,4连板 换手承接量比0.80,"次日竞价与开盘承接: 高开幅度观察区间[-2%,+5%]; 开盘涨幅≤+3%且不破昨收-3%视为买点触发",昨收42.01,高位情绪兑现/次日低开大幅回撤/炸板断板,1
2026-06-18,2026-06-22,defensive,nlu,603688.SH,石英股份,非金属材料,99.58125,"{'sector': 0.9790625, 'trend': 1.0, 'pos': 1.0, 'mom': 1.0, 'liq': 1.0, 'recog': 1.0}","非涨停组: 趋势结构多头(MA20>MA60且上行), 处于活跃板块[非金属材料](当日涨幅分位99%, 板块涨停4家) 距60日高点3.0% 20日涨幅11.1%",板块[非金属材料]轮动延续/资金承接,收盘80.55 MA20上方 量比0.77,"次日开盘[-2%,+3%]为观察区间; 收盘站上max(开盘,昨收)视为买点触发",昨收80.55,板块退潮补跌/资金承接不足/持续阴跌,1
2026-06-22,2026-06-23,normal,lu,002312.SZ,川发龙蟒,农化制品,74.25,"{'theme': 0.4, 'ladder': 0.55, 'seal': 1.0, 'time': 1.0, 'liq': 0.6, 'struct': 1.0}",涨停组: 磷化工方向 1板 封单比32.3% 涨停时间09:34 题材内涨停3家 成交2.7亿,磷化工+锂矿,1连板 换手承接量比0.89,"次日竞价与开盘承接: 高开幅度观察区间[-2%,+5%]; 开盘涨幅≤+3%且不破昨收-3%视为买点触发",昨收9.26,高位情绪兑现/次日低开大幅回撤/炸板断板,1
2026-06-22,2026-06-23,normal,lu,002805.SZ,丰元股份,电池,73.5,"{'theme': 0.6, 'ladder': 0.9, 'seal': 0.4, 'time': 0.85, 'liq': 1.0, 'struct': 1.0}",涨停组: 磷酸铁锂方向 2板 封单比6.2% 涨停时间10:27 题材内涨停4家 成交10.5亿,磷酸铁锂+固态电池+定增扩产+一季报扭亏,2连板 换手承接量比1.11,"次日竞价与开盘承接: 高开幅度观察区间[-2%,+5%]; 开盘涨幅≤+3%且不破昨收-3%视为买点触发",昨收29.57,高位情绪兑现/次日低开大幅回撤/炸板断板,1
2026-06-22,2026-06-23,normal,nlu,002733.SZ,雄韬股份,电池,92.7,"{'sector': 0.7849999999999999, 'trend': 1.0, 'pos': 1.0, 'mom': 1.0, 'liq': 1.0, 'recog': 0.85}","非涨停组: 趋势结构多头(MA20>MA60且上行), 处于活跃板块[电池](当日涨幅分位82%, 板块涨停2家) 距60日高点7.8% 20日涨幅26.5%",板块[电池]轮动延续/资金承接,收盘35.00 MA20上方 量比0.73,"次日开盘[-2%,+3%]为观察区间; 收盘站上max(开盘,昨收)视为买点触发",昨收35.00,板块退潮补跌/资金承接不足/持续阴跌,1
2026-06-22,2026-06-23,normal,nlu,603078.SH,江化微,电子化学品,91.8,"{'sector': 0.74, 'trend': 1.0, 'pos': 1.0, 'mom': 0.7, 'liq': 1.0, 'recog': 1.0}","非涨停组: 趋势结构多头(MA20>MA60且上行), 处于活跃板块[电子化学品](当日涨幅分位89%, 板块涨停1家) 距60日高点7.1% 20日涨幅34.1%",板块[电子化学品]轮动延续/资金承接,收盘45.87 MA20上方 量比0.81,"次日开盘[-2%,+3%]为观察区间; 收盘站上max(开盘,昨收)视为买点触发",昨收45.87,板块退潮补跌/资金承接不足/持续阴跌,1
2026-06-23,2026-06-24,defensive,lu,000813.SZ,德展健康,化学制药,81.25,"{'theme': 0.8, 'ladder': 0.55, 'seal': 1.0, 'time': 0.85, 'liq': 0.6, 'struct': 1.0}",涨停组: 创新药方向 1板 封单比15.9% 涨停时间09:49 题材内涨停5家 成交1.9亿,创新药+重组胶原蛋白+降血脂药,1连板 换手承接量比1.72,"次日竞价与开盘承接: 高开幅度观察区间[-2%,+5%]; 开盘涨幅≤+3%且不破昨收-3%视为买点触发",昨收3.19,高位情绪兑现/次日低开大幅回撤/炸板断板,1
2026-06-23,2026-06-24,defensive,lu,002031.SZ,巨轮智能,专用设备,75.25,"{'theme': 0.4, 'ladder': 0.55, 'seal': 1.0, 'time': 0.85, 'liq': 1.0, 'struct': 1.0}",涨停组: 人形机器人方向 1板 封单比20.5% 涨停时间10:03 题材内涨停3家 成交6.5亿,人形机器人+XT减速器+轮胎模具,1连板 换手承接量比1.05,"次日竞价与开盘承接: 高开幅度观察区间[-2%,+5%]; 开盘涨幅≤+3%且不破昨收-3%视为买点触发",昨收6.08,高位情绪兑现/次日低开大幅回撤/炸板断板,1
2026-06-23,2026-06-24,defensive,nlu,300145.SZ,南方泵业,通用设备,94.2875,"{'sector': 0.714375, 'trend': 1.0, 'pos': 1.0, 'mom': 1.0, 'liq': 1.0, 'recog': 1.0}","非涨停组: 趋势结构多头(MA20>MA60且上行), 处于活跃板块[通用设备](当日涨幅分位51%, 板块涨停3家) 距60日高点7.1% 20日涨幅17.7%",板块[通用设备]轮动延续/资金承接,收盘5.79 MA20上方 量比1.20,"次日开盘[-2%,+3%]为观察区间; 收盘站上max(开盘,昨收)视为买点触发",昨收5.79,板块退潮补跌/资金承接不足/持续阴跌,1
2026-06-24,2026-06-25,defensive,lu,000566.SZ,海南海药,化学制药,79.5,"{'theme': 0.4, 'ladder': 0.9, 'seal': 1.0, 'time': 1.0, 'liq': 0.6, 'struct': 1.0}",涨停组: 创新药方向 2板 封单比80.3% 涨停时间09:32 题材内涨停3家 成交2.2亿,创新药+脑机接口+海南自贸区+国企,2连板 换手承接量比1.58,"次日竞价与开盘承接: 高开幅度观察区间[-2%,+5%]; 开盘涨幅≤+3%且不破昨收-3%视为买点触发",昨收4.49,高位情绪兑现/次日低开大幅回撤/炸板断板,1
2026-06-24,2026-06-25,defensive,lu,603386.SH,骏亚科技,元件,75.25,"{'theme': 0.4, 'ladder': 0.55, 'seal': 1.0, 'time': 0.85, 'liq': 1.0, 'struct': 1.0}",涨停组: PCB方向 1板 封单比23.0% 涨停时间10:02 题材内涨停3家 成交4.3亿,PCB+高多层HDI+拟15.57亿投建+人形机器人,1连板 换手承接量比0.98,"次日竞价与开盘承接: 高开幅度观察区间[-2%,+5%]; 开盘涨幅≤+3%且不破昨收-3%视为买点触发",昨收20.25,高位情绪兑现/次日低开大幅回撤/炸板断板,1
2026-06-24,2026-06-25,defensive,nlu,600237.SH,铜峰电子,元件,99.35625,"{'sector': 0.9678125, 'trend': 1.0, 'pos': 1.0, 'mom': 1.0, 'liq': 1.0, 'recog': 1.0}","非涨停组: 趋势结构多头(MA20>MA60且上行), 处于活跃板块[元件](当日涨幅分位96%, 板块涨停7家) 距60日高点6.3% 20日涨幅18.4%",板块[元件]轮动延续/资金承接,收盘11.81 MA20上方 量比0.78,"次日开盘[-2%,+3%]为观察区间; 收盘站上max(开盘,昨收)视为买点触发",昨收11.81,板块退潮补跌/资金承接不足/持续阴跌,1
2026-06-25,2026-06-26,defensive,lu,300650.SZ,太龙股份,其他电子,85.25,"{'theme': 0.8, 'ladder': 0.55, 'seal': 1.0, 'time': 0.85, 'liq': 1.0, 'struct': 1.0}",涨停组: 存储芯片方向 1板 封单比16.8% 涨停时间09:54 题材内涨停5家 成交3.9亿,存储芯片+半导体分销+一季报增长,1连板 换手承接量比2.04,"次日竞价与开盘承接: 高开幅度观察区间[-2%,+5%]; 开盘涨幅≤+3%且不破昨收-3%视为买点触发",昨收14.86,高位情绪兑现/次日低开大幅回撤/炸板断板,1
2026-06-25,2026-06-26,defensive,lu,603335.SH,迪生力,汽车零部件,71.25,"{'theme': 0.8, 'ladder': 0.55, 'seal': 0.15, 'time': 1.0, 'liq': 1.0, 'struct': 1.0}",涨停组: 存储芯片方向 1板 封单比1.2% 涨停时间09:41 题材内涨停5家 成交9.2亿,存储芯片+收购半导体+汽车轮毂,1连板 换手承接量比1.18,"次日竞价与开盘承接: 高开幅度观察区间[-2%,+5%]; 开盘涨幅≤+3%且不破昨收-3%视为买点触发",昨收9.1,高位情绪兑现/次日低开大幅回撤/炸板断板,1
2026-06-25,2026-06-26,defensive,nlu,688605.SH,先锋精科,半导体,93.48125,"{'sector': 0.9740625, 'trend': 1.0, 'pos': 1.0, 'mom': 0.7, 'liq': 1.0, 'recog': 0.85}","非涨停组: 趋势结构多头(MA20>MA60且上行), 处于活跃板块[半导体](当日涨幅分位96%, 板块涨停6家) 距60日高点2.9% 20日涨幅30.6%",板块[半导体]轮动延续/资金承接,收盘92.47 MA20上方 量比1.14,"次日开盘[-2%,+3%]为观察区间; 收盘站上max(开盘,昨收)视为买点触发",昨收92.47,板块退潮补跌/资金承接不足/持续阴跌,1
2026-06-26,2026-06-29,defensive,lu,001270.SZ,铖昌科技,军工电子,68.25,"{'theme': 0.6, 'ladder': 0.55, 'seal': 0.4, 'time': 0.85, 'liq': 1.0, 'struct': 1.0}",涨停组: 商业航天方向 1板 封单比5.9% 涨停时间10:21 题材内涨停4家 成交20.2亿,商业航天+相控阵T/R芯片+卫星通信+摘帽,1连板 换手承接量比1.42,"次日竞价与开盘承接: 高开幅度观察区间[-2%,+5%]; 开盘涨幅≤+3%且不破昨收-3%视为买点触发",昨收139.43,高位情绪兑现/次日低开大幅回撤/炸板断板,1
2026-06-26,2026-06-29,defensive,lu,600343.SH,航天动力,通用设备,65.25,"{'theme': 0.6, 'ladder': 0.55, 'seal': 0.4, 'time': 0.7, 'liq': 1.0, 'struct': 1.0}",涨停组: 商业航天方向 1板 封单比5.1% 涨停时间11:04 题材内涨停4家 成交15.7亿,商业航天+氢能+航天央企,1连板 换手承接量比1.75,"次日竞价与开盘承接: 高开幅度观察区间[-2%,+5%]; 开盘涨幅≤+3%且不破昨收-3%视为买点触发",昨收26.27,高位情绪兑现/次日低开大幅回撤/炸板断板,1
2026-06-26,2026-06-29,defensive,nlu,002876.SZ,三利谱,光学光电子,96.025,"{'sector': 0.9512499999999999, 'trend': 1.0, 'pos': 1.0, 'mom': 1.0, 'liq': 1.0, 'recog': 0.85}","非涨停组: 趋势结构多头(MA20>MA60且上行), 处于活跃板块[光学光电子](当日涨幅分位95%, 板块涨停4家) 距60日高点4.3% 20日涨幅16.3%",板块[光学光电子]轮动延续/资金承接,收盘34.02 MA20上方 量比1.05,"次日开盘[-2%,+3%]为观察区间; 收盘站上max(开盘,昨收)视为买点触发",昨收34.02,板块退潮补跌/资金承接不足/持续阴跌,1
2026-06-29,2026-06-30,defensive,lu,002653.SZ,海思科,化学制药,90.25,"{'theme': 1.0, 'ladder': 0.55, 'seal': 1.0, 'time': 0.85, 'liq': 1.0, 'struct': 1.0}",涨停组: 创新药方向 1板 封单比21.3% 涨停时间10:00 题材内涨停10家 成交4.5亿,创新药+海外授权+BRAF抑制剂,1连板 换手承接量比0.84,"次日竞价与开盘承接: 高开幅度观察区间[-2%,+5%]; 开盘涨幅≤+3%且不破昨收-3%视为买点触发",昨收61.06,高位情绪兑现/次日低开大幅回撤/炸板断板,1
2026-06-29,2026-06-30,defensive,lu,002639.SZ,雪人集团,通用设备,89.25,"{'theme': 1.0, 'ladder': 0.55, 'seal': 1.0, 'time': 1.0, 'liq': 1.0, 'struct': 0.6}",涨停组: 可控核聚变方向 1板 封单比42.0% 涨停时间09:32 题材内涨停7家 成交3.7亿,可控核聚变+压缩机龙头+氢能,1连板 换手承接量比0.61,"次日竞价与开盘承接: 高开幅度观察区间[-2%,+5%]; 开盘涨幅≤+3%且不破昨收-3%视为买点触发",昨收14.06,高位情绪兑现/次日低开大幅回撤/炸板断板,1
2026-06-29,2026-06-30,defensive,nlu,688478.SH,晶升股份,半导体,93.10625,"{'sector': 0.9553125, 'trend': 1.0, 'pos': 0.7, 'mom': 1.0, 'liq': 1.0, 'recog': 1.0}","非涨停组: 趋势结构多头(MA20>MA60且上行), 处于活跃板块[半导体](当日涨幅分位92%, 板块涨停7家) 距60日高点10.5% 20日涨幅26.8%",板块[半导体]轮动延续/资金承接,收盘83.85 MA20上方 量比0.86,"次日开盘[-2%,+3%]为观察区间; 收盘站上max(开盘,昨收)视为买点触发",昨收83.85,板块退潮补跌/资金承接不足/持续阴跌,1
2026-06-30,2026-07-01,aggressive,lu,002779.SZ,中坚科技,专用设备,87.25,"{'theme': 1.0, 'ladder': 0.55, 'seal': 0.7, 'time': 1.0, 'liq': 1.0, 'struct': 1.0}",涨停组: 机器人方向 1板 封单比11.9% 涨停时间09:43 题材内涨停8家 成交3.6亿,机器人+智能割草机+一季度营收增长,1连板 换手承接量比1.17,"次日竞价与开盘承接: 高开幅度观察区间[-2%,+5%]; 开盘涨幅≤+3%且不破昨收-3%视为买点触发",昨收78.56,高位情绪兑现/次日低开大幅回撤/炸板断板,1
2026-06-30,2026-07-01,aggressive,lu,300980.SZ,祥源新材,塑料制品,86.25,"{'theme': 1.0, 'ladder': 0.55, 'seal': 1.0, 'time': 0.85, 'liq': 0.6, 'struct': 1.0}",涨停组: 人形机器人方向 1板 封单比49.7% 涨停时间09:53 题材内涨停11家 成交2.2亿,人形机器人+电子皮肤+聚烯烃发泡,1连板 换手承接量比1.32,"次日竞价与开盘承接: 高开幅度观察区间[-2%,+5%]; 开盘涨幅≤+3%且不破昨收-3%视为买点触发",昨收29.41,高位情绪兑现/次日低开大幅回撤/炸板断板,1
2026-06-30,2026-07-01,aggressive,nlu,001339.SZ,智微智能,计算机设备,94.01875,"{'sector': 0.8509375, 'trend': 1.0, 'pos': 1.0, 'mom': 1.0, 'liq': 1.0, 'recog': 0.85}","非涨停组: 趋势结构多头(MA20>MA60且上行), 处于活跃板块[计算机设备](当日涨幅分位83%, 板块涨停3家) 距60日高点6.7% 20日涨幅25.3%",板块[计算机设备]轮动延续/资金承接,收盘102.28 MA20上方 量比1.10,"次日开盘[-2%,+3%]为观察区间; 收盘站上max(开盘,昨收)视为买点触发",昨收102.28,板块退潮补跌/资金承接不足/持续阴跌,1
2026-06-30,2026-07-01,aggressive,nlu,301348.SZ,蓝箭电子,半导体,91.81875,"{'sector': 0.9909375, 'trend': 1.0, 'pos': 1.0, 'mom': 1.0, 'liq': 1.0, 'recog': 0.6}","非涨停组: 趋势结构多头(MA20>MA60且上行), 处于活跃板块[半导体](当日涨幅分位98%, 板块涨停15家) 距60日高点3.8% 20日涨幅24.9%",板块[半导体]轮动延续/资金承接,收盘31.58 MA20上方 量比0.93,"次日开盘[-2%,+3%]为观察区间; 收盘站上max(开盘,昨收)视为买点触发",昨收31.58,板块退潮补跌/资金承接不足/持续阴跌,1
2026-07-01,2026-07-02,aggressive,lu,600845.SH,宝信软件,IT服务,93.25,"{'theme': 1.0, 'ladder': 0.55, 'seal': 1.0, 'time': 1.0, 'liq': 1.0, 'struct': 1.0}",涨停组: 人形机器人方向 1板 封单比36.4% 涨停时间09:37 题材内涨停9家 成交3.6亿,人形机器人+算力租赁+工业软件,1连板 换手承接量比1.12,"次日竞价与开盘承接: 高开幅度观察区间[-2%,+5%]; 开盘涨幅≤+3%且不破昨收-3%视为买点触发",昨收18.29,高位情绪兑现/次日低开大幅回撤/炸板断板,1
2026-07-01,2026-07-02,aggressive,lu,000795.SZ,英洛华,金属新材料,93.25,"{'theme': 1.0, 'ladder': 0.55, 'seal': 1.0, 'time': 1.0, 'liq': 1.0, 'struct': 1.0}",涨停组: 机器人方向 1板 封单比23.1% 涨停时间09:36 题材内涨停9家 成交3.3亿,机器人+稀土永磁+回购注销,1连板 换手承接量比1.17,"次日竞价与开盘承接: 高开幅度观察区间[-2%,+5%]; 开盘涨幅≤+3%且不破昨收-3%视为买点触发",昨收9.52,高位情绪兑现/次日低开大幅回撤/炸板断板,1
2026-07-01,2026-07-02,aggressive,nlu,688690.SH,纳微科技,化学制药,96.3,"{'sector': 0.965, 'trend': 1.0, 'pos': 1.0, 'mom': 1.0, 'liq': 1.0, 'recog': 0.85}","非涨停组: 趋势结构多头(MA20>MA60且上行), 处于活跃板块[化学制药](当日涨幅分位98%, 板块涨停8家) 距60日高点6.2% 20日涨幅13.4%",板块[化学制药]轮动延续/资金承接,收盘45.03 MA20上方 量比1.10,"次日开盘[-2%,+3%]为观察区间; 收盘站上max(开盘,昨收)视为买点触发",昨收45.03,板块退潮补跌/资金承接不足/持续阴跌,1
2026-07-01,2026-07-02,aggressive,nlu,000759.SZ,中百集团,零售,93.425,"{'sector': 0.82125, 'trend': 1.0, 'pos': 1.0, 'mom': 1.0, 'liq': 1.0, 'recog': 0.85}","非涨停组: 趋势结构多头(MA20>MA60且上行), 处于活跃板块[零售](当日涨幅分位78%, 板块涨停5家) 距60日高点7.4% 20日涨幅10.2%",板块[零售]轮动延续/资金承接,收盘6.46 MA20上方 量比0.98,"次日开盘[-2%,+3%]为观察区间; 收盘站上max(开盘,昨收)视为买点触发",昨收6.46,板块退潮补跌/资金承接不足/持续阴跌,1
2026-07-02,2026-07-03,defensive,lu,603416.SH,信捷电气,自动化设备,90.25,"{'theme': 1.0, 'ladder': 0.55, 'seal': 1.0, 'time': 0.85, 'liq': 1.0, 'struct': 1.0}",涨停组: 人形机器人方向 1板 封单比38.1% 涨停时间10:02 题材内涨停9家 成交3.1亿,人形机器人+PLC龙头+业绩增长,1连板 换手承接量比1.51,"次日竞价与开盘承接: 高开幅度观察区间[-2%,+5%]; 开盘涨幅≤+3%且不破昨收-3%视为买点触发",昨收59.87,高位情绪兑现/次日低开大幅回撤/炸板断板,1
2026-07-02,2026-07-03,defensive,lu,603337.SH,杰克科技,专用设备,86.25,"{'theme': 1.0, 'ladder': 0.55, 'seal': 1.0, 'time': 0.85, 'liq': 0.6, 'struct': 1.0}",涨停组: 人形机器人方向 1板 封单比41.9% 涨停时间10:16 题材内涨停9家 成交2.2亿,人形机器人+AI数字成套+缝制机械,1连板 换手承接量比1.22,"次日竞价与开盘承接: 高开幅度观察区间[-2%,+5%]; 开盘涨幅≤+3%且不破昨收-3%视为买点触发",昨收39.55,高位情绪兑现/次日低开大幅回撤/炸板断板,1
2026-07-02,2026-07-03,defensive,nlu,603733.SH,仙鹤股份,造纸,90.875,"{'sector': 0.69375, 'trend': 1.0, 'pos': 1.0, 'mom': 1.0, 'liq': 1.0, 'recog': 0.85}","非涨停组: 趋势结构多头(MA20>MA60且上行), 处于活跃板块[造纸](当日涨幅分位88%, 板块涨停1家) 距60日高点5.3% 20日涨幅11.1%",板块[造纸]轮动延续/资金承接,收盘27.55 MA20上方 量比1.07,"次日开盘[-2%,+3%]为观察区间; 收盘站上max(开盘,昨收)视为买点触发",昨收27.55,板块退潮补跌/资金承接不足/持续阴跌,1
2026-07-03,2026-07-06,normal,lu,603286.SH,日盈电子,汽车零部件,95.5,"{'theme': 1.0, 'ladder': 0.9, 'seal': 1.0, 'time': 0.85, 'liq': 1.0, 'struct': 1.0}",涨停组: 人形机器人方向 2板 封单比16.3% 涨停时间10:17 题材内涨停18家 成交4.0亿,人形机器人+电子皮肤+北美工厂+传感器,2连板 换手承接量比1.55,"次日竞价与开盘承接: 高开幅度观察区间[-2%,+5%]; 开盘涨幅≤+3%且不破昨收-3%视为买点触发",昨收56.96,高位情绪兑现/次日低开大幅回撤/炸板断板,1
2026-07-03,2026-07-06,normal,lu,000506.SZ,招金黄金,贵金属,89.5,"{'theme': 0.8, 'ladder': 0.9, 'seal': 1.0, 'time': 1.0, 'liq': 1.0, 'struct': 0.6}",涨停组: 黄金方向 2板 封单比39.8% 涨停时间09:30 题材内涨停5家 成交3.7亿,黄金+一季报扭亏+国企,2连板 换手承接量比0.72,"次日竞价与开盘承接: 高开幅度观察区间[-2%,+5%]; 开盘涨幅≤+3%且不破昨收-3%视为买点触发",昨收13.87,高位情绪兑现/次日低开大幅回撤/炸板断板,1
2026-07-03,2026-07-06,normal,nlu,300907.SZ,康平科技,电机,92.64375,"{'sector': 0.9821875, 'trend': 1.0, 'pos': 1.0, 'mom': 1.0, 'liq': 0.6, 'recog': 0.85}","非涨停组: 趋势结构多头(MA20>MA60且上行), 处于活跃板块[电机](当日涨幅分位99%, 板块涨停3家) 距60日高点6.1% 20日涨幅22.0%",板块[电机]轮动延续/资金承接,收盘59.09 MA20上方 量比1.13,"次日开盘[-2%,+3%]为观察区间; 收盘站上max(开盘,昨收)视为买点触发",昨收59.09,板块退潮补跌/资金承接不足/持续阴跌,1
2026-07-03,2026-07-06,normal,nlu,600520.SH,三佳科技,专用设备,90.675,"{'sector': 0.83375, 'trend': 1.0, 'pos': 0.7, 'mom': 1.0, 'liq': 1.0, 'recog': 1.0}","非涨停组: 趋势结构多头(MA20>MA60且上行), 处于活跃板块[专用设备](当日涨幅分位83%, 板块涨停3家) 距60日高点10.6% 20日涨幅24.8%",板块[专用设备]轮动延续/资金承接,收盘36.10 MA20上方 量比0.61,"次日开盘[-2%,+3%]为观察区间; 收盘站上max(开盘,昨收)视为买点触发",昨收36.10,板块退潮补跌/资金承接不足/持续阴跌,1
2026-07-06,2026-07-07,defensive,lu,603090.SH,宏盛股份,通用设备,64.25,"{'theme': 0.2, 'ladder': 0.55, 'seal': 0.7, 'time': 0.85, 'liq': 1.0, 'struct': 1.0}",涨停组: 液冷服务器方向 1板 封单比8.6% 涨停时间09:52 题材内涨停2家 成交3.8亿,液冷服务器+氢能源+铝制板翅式换热器+海外扩张,1连板 换手承接量比1.88,"次日竞价与开盘承接: 高开幅度观察区间[-2%,+5%]; 开盘涨幅≤+3%且不破昨收-3%视为买点触发",昨收54.8,高位情绪兑现/次日低开大幅回撤/炸板断板,1
2026-07-06,2026-07-07,defensive,lu,001287.SZ,中电港,其他电子,63.25,"{'theme': 0.2, 'ladder': 0.55, 'seal': 0.7, 'time': 1.0, 'liq': 1.0, 'struct': 0.6}",涨停组: 中报预增方向 1板 封单比10.1% 涨停时间09:31 题材内涨停2家 成交9.6亿,中报预增+存储芯片分销+央企,1连板 换手承接量比0.68,"次日竞价与开盘承接: 高开幅度观察区间[-2%,+5%]; 开盘涨幅≤+3%且不破昨收-3%视为买点触发",昨收31.47,高位情绪兑现/次日低开大幅回撤/炸板断板,1
2026-07-06,2026-07-07,defensive,nlu,603358.SH,华达科技,汽车零部件,85.325,"{'sector': 0.41625, 'trend': 1.0, 'pos': 1.0, 'mom': 1.0, 'liq': 1.0, 'recog': 0.85}","非涨停组: 趋势结构多头(MA20>MA60且上行), 处于活跃板块[汽车零部件](当日涨幅分位27%, 板块涨停1家) 距60日高点3.6% 20日涨幅15.8%",板块[汽车零部件]轮动延续/资金承接,收盘44.23 MA20上方 量比1.00,"次日开盘[-2%,+3%]为观察区间; 收盘站上max(开盘,昨收)视为买点触发",昨收44.23,板块退潮补跌/资金承接不足/持续阴跌,1
2026-07-07,2026-07-08,defensive,nlu,002415.SZ,海康威视,计算机设备,89.86875,"{'sector': 0.6434374999999999, 'trend': 1.0, 'pos': 1.0, 'mom': 1.0, 'liq': 1.0, 'recog': 0.85}","非涨停组: 趋势结构多头(MA20>MA60且上行), 处于活跃板块[计算机设备](当日涨幅分位59%, 板块涨停3家) 距60日高点6.6% 20日涨幅11.7%",板块[计算机设备]轮动延续/资金承接,收盘33.33 MA20上方 量比0.85,"次日开盘[-2%,+3%]为观察区间; 收盘站上max(开盘,昨收)视为买点触发",昨收33.33,板块退潮补跌/资金承接不足/持续阴跌,1
2026-07-08,2026-07-09,defensive,lu,603496.SH,恒为科技,计算机设备,83.25,"{'theme': 0.6, 'ladder': 0.55, 'seal': 1.0, 'time': 1.0, 'liq': 1.0, 'struct': 1.0}",涨停组: 算力租赁方向 1板 封单比39.1% 涨停时间09:37 题材内涨停4家 成交3.2亿,算力租赁+华为昇腾+拟收购数珩科技,1连板 换手承接量比0.89,"次日竞价与开盘承接: 高开幅度观察区间[-2%,+5%]; 开盘涨幅≤+3%且不破昨收-3%视为买点触发",昨收24.54,高位情绪兑现/次日低开大幅回撤/炸板断板,1
2026-07-08,2026-07-09,defensive,lu,603881.SH,数据港,通信服务,77.25,"{'theme': 0.6, 'ladder': 0.55, 'seal': 1.0, 'time': 0.7, 'liq': 1.0, 'struct': 1.0}",涨停组: 算力租赁方向 1板 封单比16.4% 涨停时间10:31 题材内涨停4家 成交9.9亿,算力租赁+智算业务+上海国资,1连板 换手承接量比1.29,"次日竞价与开盘承接: 高开幅度观察区间[-2%,+5%]; 开盘涨幅≤+3%且不破昨收-3%视为买点触发",昨收24.21,高位情绪兑现/次日低开大幅回撤/炸板断板,1
2026-07-08,2026-07-09,defensive,nlu,002415.SZ,海康威视,计算机设备,94.2875,"{'sector': 0.864375, 'trend': 1.0, 'pos': 1.0, 'mom': 1.0, 'liq': 1.0, 'recog': 0.85}","非涨停组: 趋势结构多头(MA20>MA60且上行), 处于活跃板块[计算机设备](当日涨幅分位93%, 板块涨停4家) 距60日高点5.3% 20日涨幅12.7%",板块[计算机设备]轮动延续/资金承接,收盘33.81 MA20上方 量比1.11,"次日开盘[-2%,+3%]为观察区间; 收盘站上max(开盘,昨收)视为买点触发",昨收33.81,板块退潮补跌/资金承接不足/持续阴跌,1
2026-07-09,2026-07-10,defensive,lu,002274.SZ,华昌化工,化学原料,84.25,"{'theme': 0.8, 'ladder': 0.55, 'seal': 1.0, 'time': 1.0, 'liq': 0.6, 'struct': 1.0}",涨停组: 中报预增方向 1板 封单比16.1% 涨停时间09:30 题材内涨停5家 成交2.1亿,中报预增+多元醇+煤化工,1连板 换手承接量比2.24,"次日竞价与开盘承接: 高开幅度观察区间[-2%,+5%]; 开盘涨幅≤+3%且不破昨收-3%视为买点触发",昨收5.43,高位情绪兑现/次日低开大幅回撤/炸板断板,1
2026-07-09,2026-07-10,defensive,lu,002552.SZ,宝鼎科技,元件,82.25,"{'theme': 0.8, 'ladder': 0.55, 'seal': 0.7, 'time': 1.0, 'liq': 1.0, 'struct': 1.0}",涨停组: 中报预增方向 1板 封单比9.8% 涨停时间09:31 题材内涨停5家 成交7.9亿,中报预增+覆铜板+黄金+国企,1连板 换手承接量比0.90,"次日竞价与开盘承接: 高开幅度观察区间[-2%,+5%]; 开盘涨幅≤+3%且不破昨收-3%视为买点触发",昨收64.54,高位情绪兑现/次日低开大幅回撤/炸板断板,1
2026-07-09,2026-07-10,defensive,nlu,301070.SZ,开勒股份,通用设备,92.41875,"{'sector': 0.7709374999999999, 'trend': 1.0, 'pos': 1.0, 'mom': 1.0, 'liq': 1.0, 'recog': 0.85}","非涨停组: 趋势结构多头(MA20>MA60且上行), 处于活跃板块[通用设备](当日涨幅分位81%, 板块涨停5家) 距60日高点4.1% 20日涨幅29.8%",板块[通用设备]轮动延续/资金承接,收盘89.19 MA20上方 量比1.13,"次日开盘[-2%,+3%]为观察区间; 收盘站上max(开盘,昨收)视为买点触发",昨收89.19,板块退潮补跌/资金承接不足/持续阴跌,1
2026-07-10,2026-07-13,normal,lu,600428.SH,中远海特,港口航运,93.25,"{'theme': 1.0, 'ladder': 0.55, 'seal': 1.0, 'time': 1.0, 'liq': 1.0, 'struct': 1.0}",涨停组: 中报预增方向 1板 封单比29.6% 涨停时间09:30 题材内涨停7家 成交3.6亿,中报预增+特种船运输+央企,1连板 换手承接量比1.34,"次日竞价与开盘承接: 高开幅度观察区间[-2%,+5%]; 开盘涨幅≤+3%且不破昨收-3%视为买点触发",昨收8.99,高位情绪兑现/次日低开大幅回撤/炸板断板,1
2026-07-10,2026-07-13,normal,lu,600664.SH,哈药股份,化学制药,93.25,"{'theme': 1.0, 'ladder': 0.55, 'seal': 1.0, 'time': 1.0, 'liq': 1.0, 'struct': 1.0}",涨停组: 中报预增方向 1板 封单比21.6% 涨停时间09:30 题材内涨停7家 成交3.4亿,中报预增+创新药+医药工业,1连板 换手承接量比1.77,"次日竞价与开盘承接: 高开幅度观察区间[-2%,+5%]; 开盘涨幅≤+3%且不破昨收-3%视为买点触发",昨收3.37,高位情绪兑现/次日低开大幅回撤/炸板断板,1
2026-07-10,2026-07-13,normal,nlu,603268.SH,松发股份,军工装备,94.7875,"{'sector': 0.889375, 'trend': 1.0, 'pos': 1.0, 'mom': 1.0, 'liq': 1.0, 'recog': 0.85}","非涨停组: 趋势结构多头(MA20>MA60且上行), 处于活跃板块[军工装备](当日涨幅分位97%, 板块涨停8家) 距60日高点7.7% 20日涨幅10.2%",板块[军工装备]轮动延续/资金承接,收盘159.68 MA20上方 量比0.86,"次日开盘[-2%,+3%]为观察区间; 收盘站上max(开盘,昨收)视为买点触发",昨收159.68,板块退潮补跌/资金承接不足/持续阴跌,1
2026-07-10,2026-07-13,normal,nlu,603259.SH,药明康德,医疗服务,92.575,"{'sector': 0.97875, 'trend': 1.0, 'pos': 1.0, 'mom': 1.0, 'liq': 0.6, 'recog': 0.85}","非涨停组: 趋势结构多头(MA20>MA60且上行), 处于活跃板块[医疗服务](当日涨幅分位99%, 板块涨停3家) 距60日高点4.5% 20日涨幅27.0%",板块[医疗服务]轮动延续/资金承接,收盘123.30 MA20上方 量比1.02,"次日开盘[-2%,+3%]为观察区间; 收盘站上max(开盘,昨收)视为买点触发",昨收123.30,板块退潮补跌/资金承接不足/持续阴跌,1
2026-07-13,2026-07-14,defensive,lu,600664.SH,哈药股份,化学制药,87.5,"{'theme': 0.8, 'ladder': 0.9, 'seal': 0.7, 'time': 1.0, 'liq': 1.0, 'struct': 1.0}",涨停组: 中报预增方向 2板 封单比10.9% 涨停时间09:34 题材内涨停5家 成交7.4亿,中报预增+化学制药+创新药,2连板 换手承接量比2.37,"次日竞价与开盘承接: 高开幅度观察区间[-2%,+5%]; 开盘涨幅≤+3%且不破昨收-3%视为买点触发",昨收3.71,高位情绪兑现/次日低开大幅回撤/炸板断板,1
2026-07-13,2026-07-14,defensive,lu,000989.SZ,九芝堂,中药,79.25,"{'theme': 0.8, 'ladder': 0.55, 'seal': 0.7, 'time': 1.0, 'liq': 1.0, 'struct': 0.7}",涨停组: 中报预增方向 1板 封单比9.4% 涨停时间09:40 题材内涨停5家 成交6.7亿,中报预增+中药+多肽+黑龙江国资,1连板 换手承接量比3.05,"次日竞价与开盘承接: 高开幅度观察区间[-2%,+5%]; 开盘涨幅≤+3%且不破昨收-3%视为买点触发",昨收8.98,高位情绪兑现/次日低开大幅回撤/炸板断板,1
2026-07-13,2026-07-14,defensive,nlu,600276.SH,恒瑞医药,化学制药,90.10625,"{'sector': 0.9053125, 'trend': 1.0, 'pos': 1.0, 'mom': 1.0, 'liq': 1.0, 'recog': 0.6}","非涨停组: 趋势结构多头(MA20>MA60且上行), 处于活跃板块[化学制药](当日涨幅分位90%, 板块涨停4家) 距60日高点4.9% 20日涨幅15.0%",板块[化学制药]轮动延续/资金承接,收盘55.75 MA20上方 量比0.86,"次日开盘[-2%,+3%]为观察区间; 收盘站上max(开盘,昨收)视为买点触发",昨收55.75,板块退潮补跌/资金承接不足/持续阴跌,1
2026-07-14,2026-07-15,normal,lu,605189.SH,富春染织,纺织制造,90.25,"{'theme': 1.0, 'ladder': 0.55, 'seal': 1.0, 'time': 0.85, 'liq': 1.0, 'struct': 1.0}",涨停组: 半年报预增方向 1板 封单比43.0% 涨停时间10:26 题材内涨停7家 成交3.1亿,半年报预增+PEEK材料+人形机器人+筒子纱龙头,1连板 换手承接量比1.14,"次日竞价与开盘承接: 高开幅度观察区间[-2%,+5%]; 开盘涨幅≤+3%且不破昨收-3%视为买点触发",昨收14.22,高位情绪兑现/次日低开大幅回撤/炸板断板,1
2026-07-14,2026-07-15,normal,lu,603806.SH,福斯特,光伏设备,89.25,"{'theme': 1.0, 'ladder': 0.55, 'seal': 1.0, 'time': 1.0, 'liq': 1.0, 'struct': 0.6}",涨停组: 半年报预增方向 1板 封单比21.2% 涨停时间09:35 题材内涨停7家 成交4.1亿,半年报预增+光伏胶膜+感光干膜,1连板 换手承接量比0.78,"次日竞价与开盘承接: 高开幅度观察区间[-2%,+5%]; 开盘涨幅≤+3%且不破昨收-3%视为买点触发",昨收14.91,高位情绪兑现/次日低开大幅回撤/炸板断板,1
2026-07-14,2026-07-15,normal,nlu,300434.SZ,金石亚药,化学制药,90.93125,"{'sector': 0.8965624999999999, 'trend': 1.0, 'pos': 1.0, 'mom': 1.0, 'liq': 0.6, 'recog': 0.85}","非涨停组: 趋势结构多头(MA20>MA60且上行), 处于活跃板块[化学制药](当日涨幅分位82%, 板块涨停3家) 距60日高点4.9% 20日涨幅29.3%",板块[化学制药]轮动延续/资金承接,收盘11.85 MA20上方 量比1.11,"次日开盘[-2%,+3%]为观察区间; 收盘站上max(开盘,昨收)视为买点触发",昨收11.85,板块退潮补跌/资金承接不足/持续阴跌,1
2026-07-14,2026-07-15,normal,nlu,600673.SH,东阳光,综合,79.94375,"{'sector': 0.44718750000000007, 'trend': 1.0, 'pos': 0.7, 'mom': 1.0, 'liq': 1.0, 'recog': 0.85}","非涨停组: 趋势结构多头(MA20>MA60且上行), 处于活跃板块[综合](当日涨幅分位60%, 板块涨停0家) 距60日高点9.5% 20日涨幅17.1%",板块[综合]轮动延续/资金承接,收盘38.75 MA20上方 量比1.07,"次日开盘[-2%,+3%]为观察区间; 收盘站上max(开盘,昨收)视为买点触发",昨收38.75,板块退潮补跌/资金承接不足/持续阴跌,1
2026-07-15,2026-07-16,defensive,lu,603127.SH,昭衍新药,医疗服务,93.25,"{'theme': 1.0, 'ladder': 0.55, 'seal': 1.0, 'time': 1.0, 'liq': 1.0, 'struct': 1.0}",涨停组: 中报预增方向 1板 封单比17.0% 涨停时间09:25 题材内涨停7家 成交21.9亿,中报预增+实验猴涨价+CRO,1连板 换手承接量比0.83,"次日竞价与开盘承接: 高开幅度观察区间[-2%,+5%]; 开盘涨幅≤+3%且不破昨收-3%视为买点触发",昨收50.62,高位情绪兑现/次日低开大幅回撤/炸板断板,1
2026-07-15,2026-07-16,defensive,lu,600664.SH,哈药股份,化学制药,93.0,"{'theme': 1.0, 'ladder': 0.8, 'seal': 1.0, 'time': 1.0, 'liq': 1.0, 'struct': 0.6}",涨停组: 中报预增方向 4板 封单比89.1% 涨停时间09:30 题材内涨停7家 成交4.9亿,中报预增+基药目录+创新药+化学制药,4连板 换手承接量比0.63,"次日竞价与开盘承接: 高开幅度观察区间[-2%,+5%]; 开盘涨幅≤+3%且不破昨收-3%视为买点触发",昨收4.49,高位情绪兑现/次日低开大幅回撤/炸板断板,1
2026-07-15,2026-07-16,defensive,nlu,605208.SH,永茂泰,工业金属,81.23125,"{'sector': 0.21156250000000001, 'trend': 1.0, 'pos': 1.0, 'mom': 1.0, 'liq': 1.0, 'recog': 0.85}","非涨停组: 趋势结构多头(MA20>MA60且上行), 处于活跃板块[工业金属](当日涨幅分位22%, 板块涨停0家) 距60日高点4.9% 20日涨幅20.9%",板块[工业金属]轮动延续/资金承接,收盘18.94 MA20上方 量比0.96,"次日开盘[-2%,+3%]为观察区间; 收盘站上max(开盘,昨收)视为买点触发",昨收18.94,板块退潮补跌/资金承接不足/持续阴跌,1
2026-07-16,2026-07-17,defensive,lu,000676.SZ,智度股份,文化传媒,75.5,"{'theme': 0.2, 'ladder': 0.9, 'seal': 1.0, 'time': 0.85, 'liq': 1.0, 'struct': 1.0}",涨停组: 中报预增方向 2板 封单比21.0% 涨停时间09:46 题材内涨停2家 成交4.9亿,中报预增+华为鲸鸿+互联网媒体+广告,2连板 换手承接量比1.72,"次日竞价与开盘承接: 高开幅度观察区间[-2%,+5%]; 开盘涨幅≤+3%且不破昨收-3%视为买点触发",昨收6.22,高位情绪兑现/次日低开大幅回撤/炸板断板,1
2026-07-16,2026-07-17,defensive,lu,300968.SZ,格林精密,消费电子,69.25,"{'theme': 0.2, 'ladder': 0.55, 'seal': 1.0, 'time': 1.0, 'liq': 0.6, 'struct': 1.0}",涨停组: AI手机方向 1板 封单比47.9% 涨停时间09:36 题材内涨停2家 成交1.6亿,AI手机+AI眼镜+联想供应链+精密结构件,1连板 换手承接量比1.97,"次日竞价与开盘承接: 高开幅度观察区间[-2%,+5%]; 开盘涨幅≤+3%且不破昨收-3%视为买点触发",昨收10.24,高位情绪兑现/次日低开大幅回撤/炸板断板,1
2026-07-16,2026-07-17,defensive,nlu,000759.SZ,中百集团,零售,95.11875,"{'sector': 0.9059375, 'trend': 1.0, 'pos': 1.0, 'mom': 1.0, 'liq': 1.0, 'recog': 0.85}","非涨停组: 趋势结构多头(MA20>MA60且上行), 处于活跃板块[零售](当日涨幅分位87%, 板块涨停3家) 距60日高点7.8% 20日涨幅10.1%",板块[零售]轮动延续/资金承接,收盘6.66 MA20上方 量比0.91,"次日开盘[-2%,+3%]为观察区间; 收盘站上max(开盘,昨收)视为买点触发",昨收6.66,板块退潮补跌/资金承接不足/持续阴跌,1
2026-07-17,2026-07-20,defensive,lu,600644.SH,乐山电力,电力,73.25,"{'theme': 0.2, 'ladder': 0.55, 'seal': 1.0, 'time': 1.0, 'liq': 1.0, 'struct': 1.0}",涨停组: 电力方向 1板 封单比16.4% 涨停时间09:45 题材内涨停2家 成交3.9亿,电力+天然气+新型储能,1连板 换手承接量比2.13,"次日竞价与开盘承接: 高开幅度观察区间[-2%,+5%]; 开盘涨幅≤+3%且不破昨收-3%视为买点触发",昨收9.01,高位情绪兑现/次日低开大幅回撤/炸板断板,1
2026-07-17,2026-07-20,defensive,lu,000037.SZ,深南电A,电力,64.25,"{'theme': 0.2, 'ladder': 0.55, 'seal': 0.7, 'time': 0.85, 'liq': 1.0, 'struct': 1.0}",涨停组: 电力方向 1板 封单比10.2% 涨停时间10:00 题材内涨停2家 成交3.3亿,电力+储能+综合能源服务+中报扭亏,1连板 换手承接量比2.25,"次日竞价与开盘承接: 高开幅度观察区间[-2%,+5%]; 开盘涨幅≤+3%且不破昨收-3%视为买点触发",昨收9.2,高位情绪兑现/次日低开大幅回撤/炸板断板,1
2026-07-17,2026-07-20,defensive,nlu,601162.SH,天风证券,证券,91.19375,"{'sector': 0.7096875, 'trend': 1.0, 'pos': 1.0, 'mom': 1.0, 'liq': 1.0, 'recog': 0.85}","非涨停组: 趋势结构多头(MA20>MA60且上行), 处于活跃板块[证券](当日涨幅分位90%, 板块涨停1家) 距60日高点6.7% 20日涨幅19.2%",板块[证券]轮动延续/资金承接,收盘3.78 MA20上方 量比1.26,"次日开盘[-2%,+3%]为观察区间; 收盘站上max(开盘,昨收)视为买点触发",昨收3.78,板块退潮补跌/资金承接不足/持续阴跌,1
2026-07-20,2026-07-21,defensive,lu,600744.SH,华银电力,电力,83.5,"{'theme': 0.4, 'ladder': 0.9, 'seal': 1.0, 'time': 1.0, 'liq': 1.0, 'struct': 1.0}",涨停组: 火电方向 2板 封单比16.9% 涨停时间09:35 题材内涨停3家 成交11.3亿,火电+新能源+定增获批+央企,2连板 换手承接量比2.19,"次日竞价与开盘承接: 高开幅度观察区间[-2%,+5%]; 开盘涨幅≤+3%且不破昨收-3%视为买点触发",昨收6.56,高位情绪兑现/次日低开大幅回撤/炸板断板,1
2026-07-20,2026-07-21,defensive,lu,600121.SH,郑州煤电,煤炭开采加工,81.25,"{'theme': 0.8, 'ladder': 0.55, 'seal': 1.0, 'time': 0.85, 'liq': 0.6, 'struct': 1.0}",涨停组: 煤炭方向 1板 封单比21.1% 涨停时间09:48 题材内涨停5家 成交2.2亿,煤炭+算力+国企改革,1连板 换手承接量比1.00,"次日竞价与开盘承接: 高开幅度观察区间[-2%,+5%]; 开盘涨幅≤+3%且不破昨收-3%视为买点触发",昨收3.76,高位情绪兑现/次日低开大幅回撤/炸板断板,1
2026-07-20,2026-07-21,defensive,nlu,601162.SH,天风证券,证券,89.5875,"{'sector': 0.629375, 'trend': 1.0, 'pos': 1.0, 'mom': 1.0, 'liq': 1.0, 'recog': 0.85}","非涨停组: 趋势结构多头(MA20>MA60且上行), 处于活跃板块[证券](当日涨幅分位92%, 板块涨停0家) 距60日高点6.4% 20日涨幅12.1%",板块[证券]轮动延续/资金承接,收盘3.79 MA20上方 量比0.88,"次日开盘[-2%,+3%]为观察区间; 收盘站上max(开盘,昨收)视为买点触发",昨收3.79,板块退潮补跌/资金承接不足/持续阴跌,1
2026-07-21,2026-07-22,defensive,lu,002371.SZ,北方华创,半导体,77.25,"{'theme': 1.0, 'ladder': 0.55, 'seal': 0.7, 'time': 0.7, 'liq': 0.6, 'struct': 1.0}",涨停组: 半导体设备方向 1板 封单比10.3% 涨停时间10:36 题材内涨停6家 成交105.9亿,半导体设备+平台型龙头+北京国资,1连板 换手承接量比0.99,"次日竞价与开盘承接: 高开幅度观察区间[-2%,+5%]; 开盘涨幅≤+3%且不破昨收-3%视为买点触发",昨收744.6,高位情绪兑现/次日低开大幅回撤/炸板断板,1
2026-07-21,2026-07-22,defensive,lu,002197.SZ,证通电子,IT服务,72.25,"{'theme': 0.4, 'ladder': 0.55, 'seal': 0.7, 'time': 1.0, 'liq': 1.0, 'struct': 1.0}",涨停组: 算力租赁方向 1板 封单比8.8% 涨停时间09:37 题材内涨停3家 成交4.1亿,算力租赁+数据中心REITs+金融科技+中报扭亏,1连板 换手承接量比1.73,"次日竞价与开盘承接: 高开幅度观察区间[-2%,+5%]; 开盘涨幅≤+3%且不破昨收-3%视为买点触发",昨收6.34,高位情绪兑现/次日低开大幅回撤/炸板断板,1
2026-07-21,2026-07-22,defensive,nlu,600352.SH,浙江龙盛,化学制品,90.4125,"{'sector': 0.6706249999999999, 'trend': 1.0, 'pos': 1.0, 'mom': 1.0, 'liq': 1.0, 'recog': 0.85}","非涨停组: 趋势结构多头(MA20>MA60且上行), 处于活跃板块[化学制品](当日涨幅分位64%, 板块涨停3家) 距60日高点4.1% 20日涨幅12.8%",板块[化学制品]轮动延续/资金承接,收盘13.20 MA20上方 量比1.28,"次日开盘[-2%,+3%]为观察区间; 收盘站上max(开盘,昨收)视为买点触发",昨收13.20,板块退潮补跌/资金承接不足/持续阴跌,1
2026-07-22,2026-07-23,defensive,lu,603629.SH,利通电子,IT服务,89.5,"{'theme': 0.8, 'ladder': 0.9, 'seal': 1.0, 'time': 1.0, 'liq': 1.0, 'struct': 0.6}",涨停组: 算力租赁方向 2板 封单比26.6% 涨停时间09:32 题材内涨停5家 成交15.0亿,算力租赁+英伟达合作+中报预增,2连板 换手承接量比0.40,"次日竞价与开盘承接: 高开幅度观察区间[-2%,+5%]; 开盘涨幅≤+3%且不破昨收-3%视为买点触发",昨收118.34,高位情绪兑现/次日低开大幅回撤/炸板断板,1
2026-07-22,2026-07-23,defensive,lu,000815.SZ,美利云,通信服务,89.0,"{'theme': 0.8, 'ladder': 1.0, 'seal': 0.7, 'time': 1.0, 'liq': 1.0, 'struct': 1.0}",涨停组: 算力租赁方向 3板 封单比14.3% 涨停时间09:25 题材内涨停5家 成交14.5亿,算力租赁+东数西算+中国诚通旗下,3连板 换手承接量比2.31,"次日竞价与开盘承接: 高开幅度观察区间[-2%,+5%]; 开盘涨幅≤+3%且不破昨收-3%视为买点触发",昨收16.13,高位情绪兑现/次日低开大幅回撤/炸板断板,1
2026-07-22,2026-07-23,defensive,nlu,600025.SH,华能水电,电力,92.40625,"{'sector': 0.9703125, 'trend': 1.0, 'pos': 1.0, 'mom': 1.0, 'liq': 0.6, 'recog': 0.85}","非涨停组: 趋势结构多头(MA20>MA60且上行), 处于活跃板块[电力](当日涨幅分位95%, 板块涨停7家) 距60日高点1.5% 20日涨幅14.4%",板块[电力]轮动延续/资金承接,收盘10.22 MA20上方 量比0.80,"次日开盘[-2%,+3%]为观察区间; 收盘站上max(开盘,昨收)视为买点触发",昨收10.22,板块退潮补跌/资金承接不足/持续阴跌,1
2026-07-23,2026-07-24,aggressive,lu,600550.SH,保变电气,电网设备,84.25,"{'theme': 1.0, 'ladder': 0.55, 'seal': 0.7, 'time': 0.85, 'liq': 1.0, 'struct': 1.0}",涨停组: 电网设备方向 1板 封单比13.2% 涨停时间10:19 题材内涨停6家 成交7.0亿,电网设备+中报预增+央企,1连板 换手承接量比1.34,"次日竞价与开盘承接: 高开幅度观察区间[-2%,+5%]; 开盘涨幅≤+3%且不破昨收-3%视为买点触发",昨收11.65,高位情绪兑现/次日低开大幅回撤/炸板断板,1
2026-07-23,2026-07-24,aggressive,lu,002560.SZ,通达股份,电网设备,83.25,"{'theme': 1.0, 'ladder': 0.55, 'seal': 1.0, 'time': 0.5, 'liq': 1.0, 'struct': 1.0}",涨停组: 电网设备方向 1板 封单比20.0% 涨停时间13:07 题材内涨停6家 成交3.2亿,电网设备+机器人线束+航空零部件,1连板 换手承接量比1.41,"次日竞价与开盘承接: 高开幅度观察区间[-2%,+5%]; 开盘涨幅≤+3%且不破昨收-3%视为买点触发",昨收5.96,高位情绪兑现/次日低开大幅回撤/炸板断板,1
2026-07-23,2026-07-24,aggressive,nlu,600886.SH,国投电力,电力,91.3125,"{'sector': 0.715625, 'trend': 1.0, 'pos': 1.0, 'mom': 1.0, 'liq': 1.0, 'recog': 0.85}","非涨停组: 趋势结构多头(MA20>MA60且上行), 处于活跃板块[电力](当日涨幅分位44%, 板块涨停8家) 距60日高点2.2% 20日涨幅16.4%",板块[电力]轮动延续/资金承接,收盘14.60 MA20上方 量比0.77,"次日开盘[-2%,+3%]为观察区间; 收盘站上max(开盘,昨收)视为买点触发",昨收14.60,板块退潮补跌/资金承接不足/持续阴跌,1
2026-07-23,2026-07-24,aggressive,nlu,600028.SH,中国石化,石油加工贸易,88.03125,"{'sector': 0.5515625, 'trend': 1.0, 'pos': 1.0, 'mom': 1.0, 'liq': 1.0, 'recog': 0.85}","非涨停组: 趋势结构多头(MA20>MA60且上行), 处于活跃板块[石油加工贸易](当日涨幅分位77%, 板块涨停0家) 距60日高点3.5% 20日涨幅14.1%",板块[石油加工贸易]轮动延续/资金承接,收盘5.19 MA20上方 量比0.65,"次日开盘[-2%,+3%]为观察区间; 收盘站上max(开盘,昨收)视为买点触发",昨收5.19,板块退潮补跌/资金承接不足/持续阴跌,1
2026-07-24,2026-07-27,defensive,lu,002265.SZ,建设工业,军工装备,83.25,"{'theme': 0.6, 'ladder': 0.55, 'seal': 1.0, 'time': 1.0, 'liq': 1.0, 'struct': 1.0}",涨停组: 兵装重组方向 1板 封单比16.3% 涨停时间09:41 题材内涨停4家 成交4.0亿,兵装重组+军工装备+机器人概念+国企,1连板 换手承接量比1.57,"次日竞价与开盘承接: 高开幅度观察区间[-2%,+5%]; 开盘涨幅≤+3%且不破昨收-3%视为买点触发",昨收19.34,高位情绪兑现/次日低开大幅回撤/炸板断板,1
2026-07-24,2026-07-27,defensive,lu,600698.SH,湖南天雁,汽车零部件,82.5,"{'theme': 0.6, 'ladder': 0.9, 'seal': 0.7, 'time': 1.0, 'liq': 1.0, 'struct': 1.0}",涨停组: 兵装重组方向 2板 封单比9.1% 涨停时间09:43 题材内涨停4家 成交4.6亿,兵装重组+涡轮增压器+电子水泵+国企,2连板 换手承接量比2.50,"次日竞价与开盘承接: 高开幅度观察区间[-2%,+5%]; 开盘涨幅≤+3%且不破昨收-3%视为买点触发",昨收6.84,高位情绪兑现/次日低开大幅回撤/炸板断板,1
2026-07-24,2026-07-27,defensive,nlu,600690.SH,海尔智家,白色家电,90.01875,"{'sector': 0.6509375, 'trend': 1.0, 'pos': 1.0, 'mom': 1.0, 'liq': 1.0, 'recog': 0.85}","非涨停组: 趋势结构多头(MA20>MA60且上行), 处于活跃板块[白色家电](当日涨幅分位90%, 板块涨停1家) 距60日高点2.5% 20日涨幅10.3%",板块[白色家电]轮动延续/资金承接,收盘20.87 MA20上方 量比0.79,"次日开盘[-2%,+3%]为观察区间; 收盘站上max(开盘,昨收)视为买点触发",昨收20.87,板块退潮补跌/资金承接不足/持续阴跌,1
2026-07-27,2026-07-28,aggressive,lu,603630.SH,拉芳家化,美容护理,81.25,"{'theme': 0.8, 'ladder': 0.55, 'seal': 1.0, 'time': 0.85, 'liq': 0.6, 'struct': 1.0}",涨停组: 中报预增方向 1板 封单比19.1% 涨停时间10:01 题材内涨停5家 成交1.8亿,中报预增+洗护用品+降本增效,1连板 换手承接量比1.23,"次日竞价与开盘承接: 高开幅度观察区间[-2%,+5%]; 开盘涨幅≤+3%且不破昨收-3%视为买点触发",昨收14.43,高位情绪兑现/次日低开大幅回撤/炸板断板,1
2026-07-27,2026-07-28,aggressive,lu,002969.SZ,嘉美包装,包装印刷,80.25,"{'theme': 0.8, 'ladder': 0.55, 'seal': 1.0, 'time': 1.0, 'liq': 0.6, 'struct': 0.6}",涨停组: 中报预增方向 1板 封单比59.7% 涨停时间09:37 题材内涨停5家 成交2.1亿,中报预增+饮料包装+实控人变更,1连板 换手承接量比0.69,"次日竞价与开盘承接: 高开幅度观察区间[-2%,+5%]; 开盘涨幅≤+3%且不破昨收-3%视为买点触发",昨收11.46,高位情绪兑现/次日低开大幅回撤/炸板断板,1
2026-07-27,2026-07-28,aggressive,nlu,603296.SH,华勤技术,消费电子,90.75625,"{'sector': 0.6878124999999999, 'trend': 1.0, 'pos': 1.0, 'mom': 1.0, 'liq': 1.0, 'recog': 0.85}","非涨停组: 趋势结构多头(MA20>MA60且上行), 处于活跃板块[消费电子](当日涨幅分位84%, 板块涨停1家) 距60日高点5.4% 20日涨幅27.0%",板块[消费电子]轮动延续/资金承接,收盘86.93 MA20上方 量比0.99,"次日开盘[-2%,+3%]为观察区间; 收盘站上max(开盘,昨收)视为买点触发",昨收86.93,板块退潮补跌/资金承接不足/持续阴跌,1
2026-07-27,2026-07-28,aggressive,nlu,002440.SZ,闰土股份,化学制品,89.29375,"{'sector': 0.7646875, 'trend': 1.0, 'pos': 0.7, 'mom': 1.0, 'liq': 1.0, 'recog': 1.0}","非涨停组: 趋势结构多头(MA20>MA60且上行), 处于活跃板块[化学制品](当日涨幅分位68%, 板块涨停5家) 距60日高点10.0% 20日涨幅12.8%",板块[化学制品]轮动延续/资金承接,收盘11.91 MA20上方 量比0.61,"次日开盘[-2%,+3%]为观察区间; 收盘站上max(开盘,昨收)视为买点触发",昨收11.91,板块退潮补跌/资金承接不足/持续阴跌,1
2026-07-28,2026-07-29,defensive,lu,603716.SH,塞力医疗,医药商业,88.5,"{'theme': 0.6, 'ladder': 0.9, 'seal': 1.0, 'time': 1.0, 'liq': 1.0, 'struct': 1.0}",涨停组: 脑机接口方向 2板 封单比22.4% 涨停时间09:35 题材内涨停4家 成交3.9亿,脑机接口+AI医疗+高血压疫苗+SPD,2连板 换手承接量比1.17,"次日竞价与开盘承接: 高开幅度观察区间[-2%,+5%]; 开盘涨幅≤+3%且不破昨收-3%视为买点触发",昨收16.43,高位情绪兑现/次日低开大幅回撤/炸板断板,1
2026-07-28,2026-07-29,defensive,lu,002173.SZ,创新医疗,医疗服务,84.5,"{'theme': 0.6, 'ladder': 0.9, 'seal': 1.0, 'time': 1.0, 'liq': 1.0, 'struct': 0.6}",涨停组: 脑机接口方向 2板 封单比29.5% 涨停时间09:30 题材内涨停4家 成交8.4亿,脑机接口+医疗器械注册证+医疗服务,2连板 换手承接量比0.69,"次日竞价与开盘承接: 高开幅度观察区间[-2%,+5%]; 开盘涨幅≤+3%且不破昨收-3%视为买点触发",昨收22.76,高位情绪兑现/次日低开大幅回撤/炸板断板,1
2026-07-28,2026-07-29,defensive,nlu,603129.SH,春风动力,汽车服务及其他,88.20625,"{'sector': 0.5603125, 'trend': 1.0, 'pos': 1.0, 'mom': 1.0, 'liq': 1.0, 'recog': 0.85}","非涨停组: 趋势结构多头(MA20>MA60且上行), 处于活跃板块[汽车服务及其他](当日涨幅分位78%, 板块涨停0家) 距60日高点1.5% 20日涨幅17.5%",板块[汽车服务及其他]轮动延续/资金承接,收盘300.45 MA20上方 量比1.25,"次日开盘[-2%,+3%]为观察区间; 收盘站上max(开盘,昨收)视为买点触发",昨收300.45,板块退潮补跌/资金承接不足/持续阴跌,1
2026-07-29,2026-07-30,aggressive,lu,603178.SH,圣龙股份,汽车零部件,79.25,"{'theme': 0.6, 'ladder': 0.55, 'seal': 1.0, 'time': 1.0, 'liq': 0.6, 'struct': 1.0}",涨停组: 机器人方向 1板 封单比40.7% 涨停时间09:40 题材内涨停4家 成交1.9亿,机器人+飞行汽车+业绩扭亏+泵类龙头,1连板 换手承接量比1.03,"次日竞价与开盘承接: 高开幅度观察区间[-2%,+5%]; 开盘涨幅≤+3%且不破昨收-3%视为买点触发",昨收16.63,高位情绪兑现/次日低开大幅回撤/炸板断板,1
2026-07-29,2026-07-30,aggressive,lu,600429.SH,三元股份,饮料制造,79.25,"{'theme': 1.0, 'ladder': 0.55, 'seal': 1.0, 'time': 0.5, 'liq': 0.6, 'struct': 1.0}",涨停组: 乳业方向 1板 封单比18.9% 涨停时间13:16 题材内涨停6家 成交1.6亿,乳业+供应链优化+北京国资,1连板 换手承接量比1.94,"次日竞价与开盘承接: 高开幅度观察区间[-2%,+5%]; 开盘涨幅≤+3%且不破昨收-3%视为买点触发",昨收4.69,高位情绪兑现/次日低开大幅回撤/炸板断板,1
2026-07-29,2026-07-30,aggressive,nlu,002292.SZ,奥飞娱乐,影视院线,90.66875,"{'sector': 0.6834375, 'trend': 1.0, 'pos': 1.0, 'mom': 1.0, 'liq': 1.0, 'recog': 0.85}","非涨停组: 趋势结构多头(MA20>MA60且上行), 处于活跃板块[影视院线](当日涨幅分位91%, 板块涨停1家) 距60日高点3.7% 20日涨幅21.3%",板块[影视院线]轮动延续/资金承接,收盘8.08 MA20上方 量比1.11,"次日开盘[-2%,+3%]为观察区间; 收盘站上max(开盘,昨收)视为买点触发",昨收8.08,板块退潮补跌/资金承接不足/持续阴跌,1
2026-07-29,2026-07-30,aggressive,nlu,601668.SH,中国建筑,建筑装饰,88.3,"{'sector': 0.565, 'trend': 1.0, 'pos': 1.0, 'mom': 1.0, 'liq': 1.0, 'recog': 0.85}","非涨停组: 趋势结构多头(MA20>MA60且上行), 处于活跃板块[建筑装饰](当日涨幅分位47%, 板块涨停2家) 距60日高点2.3% 20日涨幅11.6%",板块[建筑装饰]轮动延续/资金承接,收盘4.64 MA20上方 量比1.14,"次日开盘[-2%,+3%]为观察区间; 收盘站上max(开盘,昨收)视为买点触发",昨收4.64,板块退潮补跌/资金承接不足/持续阴跌,1
2026-07-30,2026-07-31,defensive,lu,603171.SH,税友股份,IT服务,78.25,"{'theme': 0.4, 'ladder': 0.55, 'seal': 1.0, 'time': 1.0, 'liq': 1.0, 'struct': 1.0}",涨停组: AI应用方向 1板 封单比18.7% 涨停时间09:44 题材内涨停3家 成交3.6亿,AI应用+财税SaaS+实控人增持,1连板 换手承接量比1.67,"次日竞价与开盘承接: 高开幅度观察区间[-2%,+5%]; 开盘涨幅≤+3%且不破昨收-3%视为买点触发",昨收41.47,高位情绪兑现/次日低开大幅回撤/炸板断板,1
2026-07-30,2026-07-31,defensive,lu,600228.SH,返利科技,文化传媒,74.5,"{'theme': 0.2, 'ladder': 0.9, 'seal': 1.0, 'time': 1.0, 'liq': 0.6, 'struct': 1.0}",涨停组: 控制权变更方向 2板 封单比36.8% 涨停时间09:37 题材内涨停2家 成交1.7亿,控制权变更+AI应用+在线导购,2连板 换手承接量比1.02,"次日竞价与开盘承接: 高开幅度观察区间[-2%,+5%]; 开盘涨幅≤+3%且不破昨收-3%视为买点触发",昨收7.33,高位情绪兑现/次日低开大幅回撤/炸板断板,1
2026-07-30,2026-07-31,defensive,nlu,002594.SZ,比亚迪,汽车整车,92.7125,"{'sector': 0.785625, 'trend': 1.0, 'pos': 1.0, 'mom': 1.0, 'liq': 1.0, 'recog': 0.85}","非涨停组: 趋势结构多头(MA20>MA60且上行), 处于活跃板块[汽车整车](当日涨幅分位98%, 板块涨停1家) 距60日高点5.0% 20日涨幅15.1%",板块[汽车整车]轮动延续/资金承接,收盘95.84 MA20上方 量比1.29,"次日开盘[-2%,+3%]为观察区间; 收盘站上max(开盘,昨收)视为买点触发",昨收95.84,板块退潮补跌/资金承接不足/持续阴跌,1
2026-07-31,2026-08-03,aggressive,lu,688095.SH,福昕软件,软件开发,90.25,"{'theme': 1.0, 'ladder': 0.55, 'seal': 1.0, 'time': 0.85, 'liq': 1.0, 'struct': 1.0}",涨停组: AI应用方向 1板 封单比20.2% 涨停时间10:03 题材内涨停15家 成交4.6亿,AI应用+引入战投+PDF软件,1连板 换手承接量比1.68,"次日竞价与开盘承接: 高开幅度观察区间[-2%,+5%]; 开盘涨幅≤+3%且不破昨收-3%视为买点触发",昨收67.03,高位情绪兑现/次日低开大幅回撤/炸板断板,1
2026-07-31,2026-08-03,aggressive,lu,603039.SH,泛微网络,软件开发,89.5,"{'theme': 1.0, 'ladder': 0.9, 'seal': 0.7, 'time': 0.85, 'liq': 1.0, 'struct': 1.0}",涨停组: AI应用方向 2板 封单比12.5% 涨停时间10:09 题材内涨停15家 成交8.6亿,AI应用+半年报预增+协同办公,2连板 换手承接量比1.63,"次日竞价与开盘承接: 高开幅度观察区间[-2%,+5%]; 开盘涨幅≤+3%且不破昨收-3%视为买点触发",昨收37.42,高位情绪兑现/次日低开大幅回撤/炸板断板,1
2026-07-31,2026-08-03,aggressive,nlu,600887.SH,伊利股份,饮料制造,92.25,"{'sector': 0.7625, 'trend': 1.0, 'pos': 1.0, 'mom': 1.0, 'liq': 1.0, 'recog': 0.85}","非涨停组: 趋势结构多头(MA20>MA60且上行), 处于活跃板块[饮料制造](当日涨幅分位54%, 板块涨停3家) 距60日高点2.2% 20日涨幅10.2%",板块[饮料制造]轮动延续/资金承接,收盘27.10 MA20上方 量比0.87,"次日开盘[-2%,+3%]为观察区间; 收盘站上max(开盘,昨收)视为买点触发",昨收27.10,板块退潮补跌/资金承接不足/持续阴跌,1
2026-07-31,2026-08-03,aggressive,nlu,601058.SH,赛轮轮胎,汽车零部件,90.53125,"{'sector': 0.6765625, 'trend': 1.0, 'pos': 1.0, 'mom': 1.0, 'liq': 1.0, 'recog': 0.85}","非涨停组: 趋势结构多头(MA20>MA60且上行), 处于活跃板块[汽车零部件](当日涨幅分位72%, 板块涨停2家) 距60日高点1.7% 20日涨幅15.3%",板块[汽车零部件]轮动延续/资金承接,收盘14.16 MA20上方 量比0.79,"次日开盘[-2%,+3%]为观察区间; 收盘站上max(开盘,昨收)视为买点触发",昨收14.16,板块退潮补跌/资金承接不足/持续阴跌,1
2026-08-03,2026-08-04,normal,lu,002896.SZ,中大力德,通用设备,88.5,"{'theme': 0.6, 'ladder': 0.9, 'seal': 1.0, 'time': 1.0, 'liq': 1.0, 'struct': 1.0}",涨停组: 人形机器人方向 2板 封单比39.6% 涨停时间09:31 题材内涨停4家 成交5.4亿,人形机器人+精密减速器+海外布局,2连板 换手承接量比1.13,"次日竞价与开盘承接: 高开幅度观察区间[-2%,+5%]; 开盘涨幅≤+3%且不破昨收-3%视为买点触发",昨收71.76,高位情绪兑现/次日低开大幅回撤/炸板断板,1
2026-08-03,2026-08-04,normal,lu,003001.SZ,中岩大地,建筑装饰,85.5,"{'theme': 0.8, 'ladder': 0.9, 'seal': 1.0, 'time': 1.0, 'liq': 0.6, 'struct': 0.6}",涨停组: 核电方向 2板 封单比43.1% 涨停时间09:30 题材内涨停5家 成交1.8亿,核电+可控核聚变+拟收购PCB刀具+岩土工程,2连板 换手承接量比0.49,"次日竞价与开盘承接: 高开幅度观察区间[-2%,+5%]; 开盘涨幅≤+3%且不破昨收-3%视为买点触发",昨收21.16,高位情绪兑现/次日低开大幅回撤/炸板断板,1
2026-08-03,2026-08-04,normal,nlu,600941.SH,中国移动,通信服务,90.63125,"{'sector': 0.6815625000000001, 'trend': 1.0, 'pos': 1.0, 'mom': 1.0, 'liq': 1.0, 'recog': 0.85}","非涨停组: 趋势结构多头(MA20>MA60且上行), 处于活跃板块[通信服务](当日涨幅分位91%, 板块涨停1家) 距60日高点2.1% 20日涨幅12.5%",板块[通信服务]轮动延续/资金承接,收盘98.97 MA20上方 量比0.91,"次日开盘[-2%,+3%]为观察区间; 收盘站上max(开盘,昨收)视为买点触发",昨收98.97,板块退潮补跌/资金承接不足/持续阴跌,1
2026-08-03,2026-08-04,normal,nlu,601857.SH,中国石油,石油加工贸易,89.68125,"{'sector': 0.6340625, 'trend': 1.0, 'pos': 1.0, 'mom': 1.0, 'liq': 1.0, 'recog': 0.85}","非涨停组: 趋势结构多头(MA20>MA60且上行), 处于活跃板块[石油加工贸易](当日涨幅分位83%, 板块涨停1家) 距60日高点3.3% 20日涨幅21.6%",板块[石油加工贸易]轮动延续/资金承接,收盘11.05 MA20上方 量比0.74,"次日开盘[-2%,+3%]为观察区间; 收盘站上max(开盘,昨收)视为买点触发",昨收11.05,板块退潮补跌/资金承接不足/持续阴跌,1
2026-08-04,2026-08-05,aggressive,lu,000815.SZ,美利云,通信服务,96.0,"{'theme': 1.0, 'ladder': 1.0, 'seal': 1.0, 'time': 1.0, 'liq': 1.0, 'struct': 0.6}",涨停组: 算力租赁方向 3板 封单比44.5% 涨停时间09:30 题材内涨停8家 成交6.7亿,算力租赁+东数西算+央企,3连板 换手承接量比0.48,"次日竞价与开盘承接: 高开幅度观察区间[-2%,+5%]; 开盘涨幅≤+3%且不破昨收-3%视为买点触发",昨收18.37,高位情绪兑现/次日低开大幅回撤/炸板断板,1
2026-08-04,2026-08-05,aggressive,lu,600666.SH,奥瑞德,IT服务,93.25,"{'theme': 1.0, 'ladder': 0.55, 'seal': 1.0, 'time': 1.0, 'liq': 1.0, 'struct': 1.0}",涨停组: 算力租赁方向 1板 封单比26.1% 涨停时间09:37 题材内涨停8家 成交4.0亿,算力租赁+AI应用+蓝宝石,1连板 换手承接量比0.92,"次日竞价与开盘承接: 高开幅度观察区间[-2%,+5%]; 开盘涨幅≤+3%且不破昨收-3%视为买点触发",昨收3.78,高位情绪兑现/次日低开大幅回撤/炸板断板,1
2026-08-04,2026-08-05,aggressive,nlu,300628.SZ,亿联网络,通信设备,94.6625,"{'sector': 0.8831249999999999, 'trend': 1.0, 'pos': 1.0, 'mom': 1.0, 'liq': 1.0, 'recog': 0.85}","非涨停组: 趋势结构多头(MA20>MA60且上行), 处于活跃板块[通信设备](当日涨幅分位94%, 板块涨停9家) 距60日高点3.0% 20日涨幅17.1%",板块[通信设备]轮动延续/资金承接,收盘39.65 MA20上方 量比1.06,"次日开盘[-2%,+3%]为观察区间; 收盘站上max(开盘,昨收)视为买点触发",昨收39.65,板块退潮补跌/资金承接不足/持续阴跌,1
2026-08-04,2026-08-05,aggressive,nlu,600756.SH,浪潮软件,IT服务,92.56875,"{'sector': 0.9284374999999999, 'trend': 1.0, 'pos': 1.0, 'mom': 0.7, 'liq': 1.0, 'recog': 0.85}","非涨停组: 趋势结构多头(MA20>MA60且上行), 处于活跃板块[IT服务](当日涨幅分位87%, 板块涨停6家) 距60日高点6.1% 20日涨幅34.5%",板块[IT服务]轮动延续/资金承接,收盘16.18 MA20上方 量比0.76,"次日开盘[-2%,+3%]为观察区间; 收盘站上max(开盘,昨收)视为买点触发",昨收16.18,板块退潮补跌/资金承接不足/持续阴跌,1
2026-08-05,2026-08-06,aggressive,lu,300248.SZ,新开普,IT服务,80.25,"{'theme': 0.6, 'ladder': 0.55, 'seal': 1.0, 'time': 0.85, 'liq': 1.0, 'struct': 1.0}",涨停组: AI应用方向 1板 封单比19.0% 涨停时间09:50 题材内涨停4家 成交3.4亿,AI应用+星普大模型备案+智慧校园,1连板 换手承接量比2.13,"次日竞价与开盘承接: 高开幅度观察区间[-2%,+5%]; 开盘涨幅≤+3%且不破昨收-3%视为买点触发",昨收10.07,高位情绪兑现/次日低开大幅回撤/炸板断板,1
2026-08-05,2026-08-06,aggressive,lu,603186.SH,华正新材,元件,74.5,"{'theme': 0.4, 'ladder': 0.9, 'seal': 0.7, 'time': 0.85, 'liq': 1.0, 'struct': 1.0}",涨停组: 覆铜板方向 2板 封单比9.8% 涨停时间10:04 题材内涨停3家 成交16.5亿,覆铜板+AI算力+半年报预增,2连板 换手承接量比0.99,"次日竞价与开盘承接: 高开幅度观察区间[-2%,+5%]; 开盘涨幅≤+3%且不破昨收-3%视为买点触发",昨收119.31,高位情绪兑现/次日低开大幅回撤/炸板断板,1
2026-08-05,2026-08-06,aggressive,nlu,300628.SZ,亿联网络,通信设备,95.01875,"{'sector': 0.9009375, 'trend': 1.0, 'pos': 1.0, 'mom': 1.0, 'liq': 1.0, 'recog': 0.85}","非涨停组: 趋势结构多头(MA20>MA60且上行), 处于活跃板块[通信设备](当日涨幅分位85%, 板块涨停5家) 距60日高点3.5% 20日涨幅13.9%",板块[通信设备]轮动延续/资金承接,收盘39.43 MA20上方 量比0.90,"次日开盘[-2%,+3%]为观察区间; 收盘站上max(开盘,昨收)视为买点触发",昨收39.43,板块退潮补跌/资金承接不足/持续阴跌,1
2026-08-05,2026-08-06,aggressive,nlu,002415.SZ,海康威视,计算机设备,92.06875,"{'sector': 0.7534375, 'trend': 1.0, 'pos': 1.0, 'mom': 1.0, 'liq': 1.0, 'recog': 0.85}","非涨停组: 趋势结构多头(MA20>MA60且上行), 处于活跃板块[计算机设备](当日涨幅分位75%, 板块涨停2家) 距60日高点1.9% 20日涨幅11.9%",板块[计算机设备]轮动延续/资金承接,收盘37.84 MA20上方 量比0.82,"次日开盘[-2%,+3%]为观察区间; 收盘站上max(开盘,昨收)视为买点触发",昨收37.84,板块退潮补跌/资金承接不足/持续阴跌,1
2026-08-06,2026-08-07,normal,lu,601101.SH,昊华能源,煤炭开采加工,88.25,"{'theme': 0.8, 'ladder': 0.55, 'seal': 1.0, 'time': 1.0, 'liq': 1.0, 'struct': 1.0}",涨停组: 煤炭方向 1板 封单比19.4% 涨停时间09:44 题材内涨停5家 成交3.9亿,煤炭+甲醇+中报预增+北京国资,1连板 换手承接量比1.08,"次日竞价与开盘承接: 高开幅度观察区间[-2%,+5%]; 开盘涨幅≤+3%且不破昨收-3%视为买点触发",昨收12.72,高位情绪兑现/次日低开大幅回撤/炸板断板,1
2026-08-06,2026-08-07,normal,lu,600403.SH,大有能源,煤炭开采加工,82.25,"{'theme': 0.8, 'ladder': 0.55, 'seal': 1.0, 'time': 0.7, 'liq': 1.0, 'struct': 1.0}",涨停组: 煤炭方向 1板 封单比17.3% 涨停时间11:27 题材内涨停5家 成交6.3亿,煤炭+中报减亏+河南国资,1连板 换手承接量比1.25,"次日竞价与开盘承接: 高开幅度观察区间[-2%,+5%]; 开盘涨幅≤+3%且不破昨收-3%视为买点触发",昨收6.41,高位情绪兑现/次日低开大幅回撤/炸板断板,1
2026-08-06,2026-08-07,normal,nlu,300628.SZ,亿联网络,通信设备,96.46875,"{'sector': 0.9734375, 'trend': 1.0, 'pos': 1.0, 'mom': 1.0, 'liq': 1.0, 'recog': 0.85}","非涨停组: 趋势结构多头(MA20>MA60且上行), 处于活跃板块[通信设备](当日涨幅分位96%, 板块涨停8家) 距60日高点3.0% 20日涨幅15.7%",板块[通信设备]轮动延续/资金承接,收盘39.65 MA20上方 量比0.93,"次日开盘[-2%,+3%]为观察区间; 收盘站上max(开盘,昨收)视为买点触发",昨收39.65,板块退潮补跌/资金承接不足/持续阴跌,1
2026-08-06,2026-08-07,normal,nlu,600352.SH,浙江龙盛,化学制品,88.89375,"{'sector': 0.8446874999999999, 'trend': 1.0, 'pos': 1.0, 'mom': 1.0, 'liq': 1.0, 'recog': 0.6}","非涨停组: 趋势结构多头(MA20>MA60且上行), 处于活跃板块[化学制品](当日涨幅分位82%, 板块涨停7家) 距60日高点5.6% 20日涨幅13.0%",板块[化学制品]轮动延续/资金承接,收盘13.10 MA20上方 量比0.92,"次日开盘[-2%,+3%]为观察区间; 收盘站上max(开盘,昨收)视为买点触发",昨收13.10,板块退潮补跌/资金承接不足/持续阴跌,1
2026-08-07,2026-08-10,normal,lu,002900.SZ,哈三联,化学制药,90.25,"{'theme': 1.0, 'ladder': 0.55, 'seal': 1.0, 'time': 0.85, 'liq': 1.0, 'struct': 1.0}",涨停组: 创新药方向 1板 封单比18.8% 涨停时间09:48 题材内涨停8家 成交4.1亿,创新药+化学制药+中报预计减亏,1连板 换手承接量比1.22,"次日竞价与开盘承接: 高开幅度观察区间[-2%,+5%]; 开盘涨幅≤+3%且不破昨收-3%视为买点触发",昨收13.48,高位情绪兑现/次日低开大幅回撤/炸板断板,1
2026-08-07,2026-08-10,normal,lu,600664.SH,哈药股份,化学制药,89.25,"{'theme': 1.0, 'ladder': 0.55, 'seal': 1.0, 'time': 1.0, 'liq': 1.0, 'struct': 0.6}",涨停组: 创新药方向 1板 封单比19.8% 涨停时间09:33 题材内涨停8家 成交18.1亿,创新药+拟中标集采+业绩预增,1连板 换手承接量比0.62,"次日竞价与开盘承接: 高开幅度观察区间[-2%,+5%]; 开盘涨幅≤+3%且不破昨收-3%视为买点触发",昨收6.84,高位情绪兑现/次日低开大幅回撤/炸板断板,1
2026-08-07,2026-08-10,normal,nlu,600988.SH,赤峰黄金,贵金属,92.38125,"{'sector': 0.7690625, 'trend': 1.0, 'pos': 1.0, 'mom': 1.0, 'liq': 1.0, 'recog': 0.85}","非涨停组: 趋势结构多头(MA20>MA60且上行), 处于活跃板块[贵金属](当日涨幅分位96%, 板块涨停1家) 距60日高点3.5% 20日涨幅28.2%",板块[贵金属]轮动延续/资金承接,收盘42.09 MA20上方 量比1.09,"次日开盘[-2%,+3%]为观察区间; 收盘站上max(开盘,昨收)视为买点触发",昨收42.09,板块退潮补跌/资金承接不足/持续阴跌,1
2026-08-07,2026-08-10,normal,nlu,603979.SH,金诚信,工业金属,90.55,"{'sector': 0.6775, 'trend': 1.0, 'pos': 1.0, 'mom': 1.0, 'liq': 1.0, 'recog': 0.85}","非涨停组: 趋势结构多头(MA20>MA60且上行), 处于活跃板块[工业金属](当日涨幅分位86%, 板块涨停1家) 距60日高点2.4% 20日涨幅21.4%",板块[工业金属]轮动延续/资金承接,收盘79.19 MA20上方 量比1.15,"次日开盘[-2%,+3%]为观察区间; 收盘站上max(开盘,昨收)视为买点触发",昨收79.19,板块退潮补跌/资金承接不足/持续阴跌,1
2026-08-10,2026-08-11,aggressive,lu,002589.SZ,瑞康医药,医药商业,98.5,"{'theme': 1.0, 'ladder': 0.9, 'seal': 1.0, 'time': 1.0, 'liq': 1.0, 'struct': 1.0}",涨停组: 创新药方向 2板 封单比18.7% 涨停时间09:41 题材内涨停7家 成交5.6亿,创新药+AI应用+医药流通,2连板 换手承接量比2.11,"次日竞价与开盘承接: 高开幅度观察区间[-2%,+5%]; 开盘涨幅≤+3%且不破昨收-3%视为买点触发",昨收3.34,高位情绪兑现/次日低开大幅回撤/炸板断板,1
2026-08-10,2026-08-11,aggressive,lu,600664.SH,哈药股份,化学制药,94.5,"{'theme': 1.0, 'ladder': 0.9, 'seal': 1.0, 'time': 1.0, 'liq': 1.0, 'struct': 0.6}",涨停组: 创新药方向 2板 封单比32.0% 涨停时间09:25 题材内涨停7家 成交9.9亿,创新药+集采拟中标+半年报预增,2连板 换手承接量比0.35,"次日竞价与开盘承接: 高开幅度观察区间[-2%,+5%]; 开盘涨幅≤+3%且不破昨收-3%视为买点触发",昨收7.52,高位情绪兑现/次日低开大幅回撤/炸板断板,1
2026-08-10,2026-08-11,aggressive,nlu,000408.SZ,藏格矿业,农化制品,87.4875,"{'sector': 0.674375, 'trend': 1.0, 'pos': 1.0, 'mom': 0.7, 'liq': 1.0, 'recog': 0.85}","非涨停组: 趋势结构多头(MA20>MA60且上行), 处于活跃板块[农化制品](当日涨幅分位79%, 板块涨停2家) 距60日高点2.0% 20日涨幅32.4%",板块[农化制品]轮动延续/资金承接,收盘89.20 MA20上方 量比0.81,"次日开盘[-2%,+3%]为观察区间; 收盘站上max(开盘,昨收)视为买点触发",昨收89.20,板块退潮补跌/资金承接不足/持续阴跌,1
2026-08-10,2026-08-11,aggressive,nlu,002064.SZ,华峰化学,化学纤维,86.975,"{'sector': 0.49875, 'trend': 1.0, 'pos': 1.0, 'mom': 1.0, 'liq': 1.0, 'recog': 0.85}","非涨停组: 趋势结构多头(MA20>MA60且上行), 处于活跃板块[化学纤维](当日涨幅分位58%, 板块涨停1家) 距60日高点3.4% 20日涨幅20.7%",板块[化学纤维]轮动延续/资金承接,收盘11.83 MA20上方 量比0.95,"次日开盘[-2%,+3%]为观察区间; 收盘站上max(开盘,昨收)视为买点触发",昨收11.83,板块退潮补跌/资金承接不足/持续阴跌,1
2026-08-11,2026-08-12,defensive,lu,002329.SZ,皇氏集团,饮料制造,74.5,"{'theme': 0.2, 'ladder': 0.9, 'seal': 1.0, 'time': 1.0, 'liq': 0.6, 'struct': 1.0}",涨停组: 乳业方向 2板 封单比26.4% 涨停时间09:30 题材内涨停2家 成交2.0亿,乳业+新式茶饮+代工+种源突破,2连板 换手承接量比0.85,"次日竞价与开盘承接: 高开幅度观察区间[-2%,+5%]; 开盘涨幅≤+3%且不破昨收-3%视为买点触发",昨收3.82,高位情绪兑现/次日低开大幅回撤/炸板断板,1
2026-08-11,2026-08-12,defensive,lu,605288.SH,凯迪股份,自动化设备,73.25,"{'theme': 0.6, 'ladder': 0.55, 'seal': 1.0, 'time': 0.7, 'liq': 0.6, 'struct': 1.0}",涨停组: 机器人方向 1板 封单比24.2% 涨停时间11:16 题材内涨停4家 成交2.2亿,机器人+智能线性驱动+新能源汽车,1连板 换手承接量比1.22,"次日竞价与开盘承接: 高开幅度观察区间[-2%,+5%]; 开盘涨幅≤+3%且不破昨收-3%视为买点触发",昨收63.39,高位情绪兑现/次日低开大幅回撤/炸板断板,1
2026-08-11,2026-08-12,defensive,nlu,002832.SZ,比音勒芬,服装家纺,90.2125,"{'sector': 0.860625, 'trend': 1.0, 'pos': 1.0, 'mom': 1.0, 'liq': 0.6, 'recog': 0.85}","非涨停组: 趋势结构多头(MA20>MA60且上行), 处于活跃板块[服装家纺](当日涨幅分位84%, 板块涨停3家) 距60日高点3.5% 20日涨幅24.1%",板块[服装家纺]轮动延续/资金承接,收盘26.25 MA20上方 量比0.98,"次日开盘[-2%,+3%]为观察区间; 收盘站上max(开盘,昨收)视为买点触发",昨收26.25,板块退潮补跌/资金承接不足/持续阴跌,1
2026-08-12,2026-08-13,aggressive,lu,002031.SZ,巨轮智能,专用设备,88.5,"{'theme': 0.6, 'ladder': 0.9, 'seal': 1.0, 'time': 1.0, 'liq': 1.0, 'struct': 1.0}",涨停组: 人形机器人方向 2板 封单比22.7% 涨停时间09:30 题材内涨停4家 成交13.5亿,人形机器人+RV减速器+轮胎模具,2连板 换手承接量比1.77,"次日竞价与开盘承接: 高开幅度观察区间[-2%,+5%]; 开盘涨幅≤+3%且不破昨收-3%视为买点触发",昨收6.42,高位情绪兑现/次日低开大幅回撤/炸板断板,1
2026-08-12,2026-08-13,aggressive,lu,000887.SZ,中鼎股份,汽车零部件,83.25,"{'theme': 0.6, 'ladder': 0.55, 'seal': 1.0, 'time': 1.0, 'liq': 1.0, 'struct': 1.0}",涨停组: 人形机器人方向 1板 封单比16.5% 涨停时间09:34 题材内涨停4家 成交11.8亿,人形机器人+液冷服务器+汽车零部件,1连板 换手承接量比1.54,"次日竞价与开盘承接: 高开幅度观察区间[-2%,+5%]; 开盘涨幅≤+3%且不破昨收-3%视为买点触发",昨收21.54,高位情绪兑现/次日低开大幅回撤/炸板断板,1
2026-08-12,2026-08-13,aggressive,nlu,600629.SH,华建集团,建筑装饰,94.325,"{'sector': 0.7162499999999999, 'trend': 1.0, 'pos': 1.0, 'mom': 1.0, 'liq': 1.0, 'recog': 1.0}","非涨停组: 趋势结构多头(MA20>MA60且上行), 处于活跃板块[建筑装饰](当日涨幅分位64%, 板块涨停5家) 距60日高点5.5% 20日涨幅19.4%",板块[建筑装饰]轮动延续/资金承接,收盘16.42 MA20上方 量比0.97,"次日开盘[-2%,+3%]为观察区间; 收盘站上max(开盘,昨收)视为买点触发",昨收16.42,板块退潮补跌/资金承接不足/持续阴跌,1
2026-08-12,2026-08-13,aggressive,nlu,600588.SH,用友网络,软件开发,88.3875,"{'sector': 0.5693750000000001, 'trend': 1.0, 'pos': 1.0, 'mom': 1.0, 'liq': 1.0, 'recog': 0.85}","非涨停组: 趋势结构多头(MA20>MA60且上行), 处于活跃板块[软件开发](当日涨幅分位47%, 板块涨停4家) 距60日高点5.5% 20日涨幅26.4%",板块[软件开发]轮动延续/资金承接,收盘11.77 MA20上方 量比0.70,"次日开盘[-2%,+3%]为观察区间; 收盘站上max(开盘,昨收)视为买点触发",昨收11.77,板块退潮补跌/资金承接不足/持续阴跌,1
2026-08-13,2026-08-14,defensive,lu,600881.SH,亚泰集团,综合,90.0,"{'theme': 0.6, 'ladder': 1.0, 'seal': 1.0, 'time': 1.0, 'liq': 1.0, 'struct': 1.0}",涨停组: 创新药方向 3板 封单比15.7% 涨停时间09:36 题材内涨停4家 成交6.4亿,创新药+预重整+重整投资人招募+长春国资,3连板 换手承接量比1.47,"次日竞价与开盘承接: 高开幅度观察区间[-2%,+5%]; 开盘涨幅≤+3%且不破昨收-3%视为买点触发",昨收2.27,高位情绪兑现/次日低开大幅回撤/炸板断板,1
2026-08-13,2026-08-14,defensive,lu,002219.SZ,新里程,医疗服务,74.25,"{'theme': 0.6, 'ladder': 0.55, 'seal': 0.7, 'time': 0.85, 'liq': 1.0, 'struct': 1.0}",涨停组: 创新药方向 1板 封单比10.6% 涨停时间10:02 题材内涨停4家 成交6.0亿,创新药+智能机器人+脑机接口+银发经济,1连板 换手承接量比1.78,"次日竞价与开盘承接: 高开幅度观察区间[-2%,+5%]; 开盘涨幅≤+3%且不破昨收-3%视为买点触发",昨收2.5,高位情绪兑现/次日低开大幅回撤/炸板断板,1
2026-08-13,2026-08-14,defensive,nlu,002173.SZ,创新医疗,医疗服务,93.95625,"{'sector': 0.9978124999999999, 'trend': 1.0, 'pos': 0.7, 'mom': 1.0, 'liq': 1.0, 'recog': 1.0}","非涨停组: 趋势结构多头(MA20>MA60且上行), 处于活跃板块[医疗服务](当日涨幅分位100%, 板块涨停6家) 距60日高点11.7% 20日涨幅26.6%",板块[医疗服务]轮动延续/资金承接,收盘22.08 MA20上方 量比1.09,"次日开盘[-2%,+3%]为观察区间; 收盘站上max(开盘,昨收)视为买点触发",昨收22.08,板块退潮补跌/资金承接不足/持续阴跌,1
2026-08-14,2026-08-17,defensive,lu,603330.SH,天洋新材,塑料制品,81.0,"{'theme': 0.4, 'ladder': 1.0, 'seal': 1.0, 'time': 1.0, 'liq': 0.6, 'struct': 1.0}",涨停组: CPO方向 3板 封单比34.9% 涨停时间09:30 题材内涨停3家 成交2.7亿,CPO+电子胶+半年报预盈,3连板 换手承接量比0.82,"次日竞价与开盘承接: 高开幅度观察区间[-2%,+5%]; 开盘涨幅≤+3%且不破昨收-3%视为买点触发",昨收10.68,高位情绪兑现/次日低开大幅回撤/炸板断板,1
2026-08-14,2026-08-17,defensive,lu,301419.SZ,阿莱德,通信设备,72.25,"{'theme': 0.4, 'ladder': 0.55, 'seal': 1.0, 'time': 0.7, 'liq': 1.0, 'struct': 1.0}",涨停组: CPO方向 1板 封单比38.0% 涨停时间10:31 题材内涨停3家 成交4.4亿,CPO+存储芯片+导热材料,1连板 换手承接量比2.58,"次日竞价与开盘承接: 高开幅度观察区间[-2%,+5%]; 开盘涨幅≤+3%且不破昨收-3%视为买点触发",昨收37.62,高位情绪兑现/次日低开大幅回撤/炸板断板,1
2026-08-14,2026-08-17,defensive,nlu,603883.SH,老百姓,医药商业,91.20625,"{'sector': 0.9103125000000001, 'trend': 1.0, 'pos': 1.0, 'mom': 1.0, 'liq': 0.6, 'recog': 0.85}","非涨停组: 趋势结构多头(MA20>MA60且上行), 处于活跃板块[医药商业](当日涨幅分位83%, 板块涨停3家) 距60日高点4.3% 20日涨幅10.7%",板块[医药商业]轮动延续/资金承接,收盘13.58 MA20上方 量比1.14,"次日开盘[-2%,+3%]为观察区间; 收盘站上max(开盘,昨收)视为买点触发",昨收13.58,板块退潮补跌/资金承接不足/持续阴跌,1
2026-08-17,2026-08-18,aggressive,lu,002448.SZ,中原内配,汽车零部件,70.25,"{'theme': 0.2, 'ladder': 0.55, 'seal': 1.0, 'time': 0.85, 'liq': 1.0, 'struct': 1.0}",涨停组: 人形机器人方向 1板 封单比17.1% 涨停时间09:58 题材内涨停2家 成交5.2亿,人形机器人+AIDC+气缸套龙头+中报预增,1连板 换手承接量比1.65,"次日竞价与开盘承接: 高开幅度观察区间[-2%,+5%]; 开盘涨幅≤+3%且不破昨收-3%视为买点触发",昨收13.63,高位情绪兑现/次日低开大幅回撤/炸板断板,1
2026-08-17,2026-08-18,aggressive,lu,600127.SH,金健米业,农产品加工,69.25,"{'theme': 0.2, 'ladder': 0.55, 'seal': 1.0, 'time': 1.0, 'liq': 0.6, 'struct': 1.0}",涨停组: 粮食概念方向 1板 封单比62.9% 涨停时间09:30 题材内涨停2家 成交2.5亿,粮食概念+大健康食品+湖南国资,1连板 换手承接量比1.21,"次日竞价与开盘承接: 高开幅度观察区间[-2%,+5%]; 开盘涨幅≤+3%且不破昨收-3%视为买点触发",昨收6.46,高位情绪兑现/次日低开大幅回撤/炸板断板,1
2026-08-17,2026-08-18,aggressive,nlu,603296.SH,华勤技术,消费电子,93.0875,"{'sector': 0.804375, 'trend': 1.0, 'pos': 1.0, 'mom': 1.0, 'liq': 1.0, 'recog': 0.85}","非涨停组: 趋势结构多头(MA20>MA60且上行), 处于活跃板块[消费电子](当日涨幅分位86%, 板块涨停2家) 距60日高点5.4% 20日涨幅18.6%",板块[消费电子]轮动延续/资金承接,收盘86.90 MA20上方 量比0.87,"次日开盘[-2%,+3%]为观察区间; 收盘站上max(开盘,昨收)视为买点触发",昨收86.90,板块退潮补跌/资金承接不足/持续阴跌,1
2026-08-17,2026-08-18,aggressive,nlu,688002.SH,睿创微纳,半导体,91.58125,"{'sector': 0.8790625000000001, 'trend': 1.0, 'pos': 1.0, 'mom': 0.7, 'liq': 1.0, 'recog': 0.85}","非涨停组: 趋势结构多头(MA20>MA60且上行), 处于活跃板块[半导体](当日涨幅分位98%, 板块涨停2家) 距60日高点3.8% 20日涨幅34.4%",板块[半导体]轮动延续/资金承接,收盘168.78 MA20上方 量比1.15,"次日开盘[-2%,+3%]为观察区间; 收盘站上max(开盘,昨收)视为买点触发",昨收168.78,板块退潮补跌/资金承接不足/持续阴跌,1
2026-08-18,2026-08-19,defensive,lu,600313.SH,农发种业,种植业与林业,88.5,"{'theme': 0.6, 'ladder': 0.9, 'seal': 1.0, 'time': 1.0, 'liq': 1.0, 'struct': 1.0}",涨停组: 种业方向 2板 封单比15.9% 涨停时间09:38 题材内涨停4家 成交6.3亿,种业+粮食概念+央企,2连板 换手承接量比2.26,"次日竞价与开盘承接: 高开幅度观察区间[-2%,+5%]; 开盘涨幅≤+3%且不破昨收-3%视为买点触发",昨收6.78,高位情绪兑现/次日低开大幅回撤/炸板断板,1
2026-08-18,2026-08-19,defensive,lu,600108.SH,亚盛集团,种植业与林业,79.25,"{'theme': 0.6, 'ladder': 0.55, 'seal': 1.0, 'time': 1.0, 'liq': 0.6, 'struct': 1.0}",涨停组: 粮食概念方向 1板 封单比44.8% 涨停时间09:36 题材内涨停4家 成交3.0亿,粮食概念+玉米制种+甘肃国资,1连板 换手承接量比1.22,"次日竞价与开盘承接: 高开幅度观察区间[-2%,+5%]; 开盘涨幅≤+3%且不破昨收-3%视为买点触发",昨收3.56,高位情绪兑现/次日低开大幅回撤/炸板断板,1
2026-08-18,2026-08-19,defensive,nlu,300083.SZ,创世纪,通用设备,93.00625,"{'sector': 0.8003125, 'trend': 1.0, 'pos': 1.0, 'mom': 1.0, 'liq': 1.0, 'recog': 0.85}","非涨停组: 趋势结构多头(MA20>MA60且上行), 处于活跃板块[通用设备](当日涨幅分位68%, 板块涨停4家) 距60日高点7.4% 20日涨幅21.5%",板块[通用设备]轮动延续/资金承接,收盘13.98 MA20上方 量比1.01,"次日开盘[-2%,+3%]为观察区间; 收盘站上max(开盘,昨收)视为买点触发",昨收13.98,板块退潮补跌/资金承接不足/持续阴跌,1
2026-08-19,2026-08-20,defensive,lu,002900.SZ,哈三联,化学制药,79.25,"{'theme': 0.6, 'ladder': 0.55, 'seal': 1.0, 'time': 1.0, 'liq': 1.0, 'struct': 0.6}",涨停组: 创新药方向 1板 封单比46.1% 涨停时间09:31 题材内涨停4家 成交3.2亿,创新药+化学制药+中报预计减亏,1连板 换手承接量比0.70,"次日竞价与开盘承接: 高开幅度观察区间[-2%,+5%]; 开盘涨幅≤+3%且不破昨收-3%视为买点触发",昨收15.63,高位情绪兑现/次日低开大幅回撤/炸板断板,1
2026-08-19,2026-08-20,defensive,lu,002412.SZ,汉森制药,中药,79.25,"{'theme': 0.6, 'ladder': 0.55, 'seal': 1.0, 'time': 1.0, 'liq': 0.6, 'struct': 1.0}",涨停组: 创新药方向 1板 封单比32.8% 涨停时间09:33 题材内涨停4家 成交2.6亿,创新药+中药+中报预增,1连板 换手承接量比1.06,"次日竞价与开盘承接: 高开幅度观察区间[-2%,+5%]; 开盘涨幅≤+3%且不破昨收-3%视为买点触发",昨收8.42,高位情绪兑现/次日低开大幅回撤/炸板断板,1
2026-08-19,2026-08-20,defensive,nlu,600985.SH,淮北矿业,煤炭开采加工,96.6125,"{'sector': 0.9806249999999999, 'trend': 1.0, 'pos': 1.0, 'mom': 1.0, 'liq': 1.0, 'recog': 0.85}","非涨停组: 趋势结构多头(MA20>MA60且上行), 处于活跃板块[煤炭开采加工](当日涨幅分位98%, 板块涨停4家) 距60日高点4.2% 20日涨幅11.4%",板块[煤炭开采加工]轮动延续/资金承接,收盘17.14 MA20上方 量比1.13,"次日开盘[-2%,+3%]为观察区间; 收盘站上max(开盘,昨收)视为买点触发",昨收17.14,板块退潮补跌/资金承接不足/持续阴跌,1
2026-08-20,2026-08-21,aggressive,lu,600613.SH,神奇制药,化学制药,93.25,"{'theme': 1.0, 'ladder': 0.55, 'seal': 1.0, 'time': 1.0, 'liq': 1.0, 'struct': 1.0}",涨停组: 创新药方向 1板 封单比65.9% 涨停时间09:30 题材内涨停12家 成交5.1亿,创新药+抗肿瘤+品牌OTC,1连板 换手承接量比0.87,"次日竞价与开盘承接: 高开幅度观察区间[-2%,+5%]; 开盘涨幅≤+3%且不破昨收-3%视为买点触发",昨收8.56,高位情绪兑现/次日低开大幅回撤/炸板断板,1
2026-08-20,2026-08-21,aggressive,lu,002940.SZ,昂利康,化学制药,93.25,"{'theme': 1.0, 'ladder': 0.55, 'seal': 1.0, 'time': 1.0, 'liq': 1.0, 'struct': 1.0}",涨停组: 创新药方向 1板 封单比21.2% 涨停时间09:30 题材内涨停12家 成交5.2亿,创新药+仿制药获批+定增过会,1连板 换手承接量比1.90,"次日竞价与开盘承接: 高开幅度观察区间[-2%,+5%]; 开盘涨幅≤+3%且不破昨收-3%视为买点触发",昨收28.41,高位情绪兑现/次日低开大幅回撤/炸板断板,1
2026-08-20,2026-08-21,aggressive,nlu,603236.SH,移远通信,通信设备,97.99375,"{'sector': 0.8996875, 'trend': 1.0, 'pos': 1.0, 'mom': 1.0, 'liq': 1.0, 'recog': 1.0}","非涨停组: 趋势结构多头(MA20>MA60且上行), 处于活跃板块[通信设备](当日涨幅分位94%, 板块涨停3家) 距60日高点5.7% 20日涨幅21.2%",板块[通信设备]轮动延续/资金承接,收盘59.37 MA20上方 量比0.56,"次日开盘[-2%,+3%]为观察区间; 收盘站上max(开盘,昨收)视为买点触发",昨收59.37,板块退潮补跌/资金承接不足/持续阴跌,1
2026-08-20,2026-08-21,aggressive,nlu,600267.SH,海正药业,化学制药,90.8125,"{'sector': 0.9406249999999999, 'trend': 1.0, 'pos': 1.0, 'mom': 1.0, 'liq': 1.0, 'recog': 0.6}","非涨停组: 趋势结构多头(MA20>MA60且上行), 处于活跃板块[化学制药](当日涨幅分位95%, 板块涨停12家) 距60日高点6.5% 20日涨幅16.3%",板块[化学制药]轮动延续/资金承接,收盘14.02 MA20上方 量比1.07,"次日开盘[-2%,+3%]为观察区间; 收盘站上max(开盘,昨收)视为买点触发",昨收14.02,板块退潮补跌/资金承接不足/持续阴跌,1
2026-08-21,2026-08-24,normal,lu,003018.SZ,金富科技,包装印刷,73.25,"{'theme': 0.2, 'ladder': 0.55, 'seal': 1.0, 'time': 1.0, 'liq': 1.0, 'struct': 1.0}",涨停组: 液冷服务器方向 1板 封单比15.5% 涨停时间09:45 题材内涨停2家 成交3.8亿,液冷服务器+定增扩产+中报预增,1连板 换手承接量比0.81,"次日竞价与开盘承接: 高开幅度观察区间[-2%,+5%]; 开盘涨幅≤+3%且不破昨收-3%视为买点触发",昨收43.02,高位情绪兑现/次日低开大幅回撤/炸板断板,1
2026-08-21,2026-08-24,normal,lu,002209.SZ,达意隆,专用设备,73.25,"{'theme': 0.6, 'ladder': 0.55, 'seal': 0.7, 'time': 1.0, 'liq': 0.6, 'struct': 1.0}",涨停组: 半年报增长方向 1板 封单比11.6% 涨停时间09:25 题材内涨停4家 成交2.1亿,半年报增长+机器人+液态包装装备,1连板 换手承接量比1.99,"次日竞价与开盘承接: 高开幅度观察区间[-2%,+5%]; 开盘涨幅≤+3%且不破昨收-3%视为买点触发",昨收13.16,高位情绪兑现/次日低开大幅回撤/炸板断板,1
2026-08-21,2026-08-24,normal,nlu,002493.SZ,荣盛石化,石油加工贸易,91.85625,"{'sector': 0.7428125, 'trend': 1.0, 'pos': 1.0, 'mom': 1.0, 'liq': 1.0, 'recog': 0.85}","非涨停组: 趋势结构多头(MA20>MA60且上行), 处于活跃板块[石油加工贸易](当日涨幅分位91%, 板块涨停1家) 距60日高点1.6% 20日涨幅18.7%",板块[石油加工贸易]轮动延续/资金承接,收盘13.76 MA20上方 量比0.81,"次日开盘[-2%,+3%]为观察区间; 收盘站上max(开盘,昨收)视为买点触发",昨收13.76,板块退潮补跌/资金承接不足/持续阴跌,1
2026-08-21,2026-08-24,normal,nlu,002648.SZ,卫星化学,化学制品,90.98125,"{'sector': 0.6990624999999999, 'trend': 1.0, 'pos': 1.0, 'mom': 1.0, 'liq': 1.0, 'recog': 0.85}","非涨停组: 趋势结构多头(MA20>MA60且上行), 处于活跃板块[化学制品](当日涨幅分位53%, 板块涨停4家) 距60日高点1.8% 20日涨幅12.0%",板块[化学制品]轮动延续/资金承接,收盘27.00 MA20上方 量比0.62,"次日开盘[-2%,+3%]为观察区间; 收盘站上max(开盘,昨收)视为买点触发",昨收27.00,板块退潮补跌/资金承接不足/持续阴跌,1
2026-08-24,2026-08-25,defensive,lu,600508.SH,上海能源,煤炭开采加工,80.25,"{'theme': 0.6, 'ladder': 0.55, 'seal': 1.0, 'time': 0.85, 'liq': 1.0, 'struct': 1.0}",涨停组: 中报增长方向 1板 封单比21.4% 涨停时间09:52 题材内涨停4家 成交3.5亿,中报增长+煤炭+新能源,1连板 换手承接量比2.24,"次日竞价与开盘承接: 高开幅度观察区间[-2%,+5%]; 开盘涨幅≤+3%且不破昨收-3%视为买点触发",昨收9.88,高位情绪兑现/次日低开大幅回撤/炸板断板,1
2026-08-24,2026-08-25,defensive,lu,603032.SH,德新科技,电池,79.25,"{'theme': 0.6, 'ladder': 0.55, 'seal': 1.0, 'time': 1.0, 'liq': 0.6, 'struct': 1.0}",涨停组: 中报增长方向 1板 封单比28.5% 涨停时间09:37 题材内涨停4家 成交1.7亿,中报增长+锂电模具+机器人,1连板 换手承接量比1.48,"次日竞价与开盘承接: 高开幅度观察区间[-2%,+5%]; 开盘涨幅≤+3%且不破昨收-3%视为买点触发",昨收20.22,高位情绪兑现/次日低开大幅回撤/炸板断板,1
2026-08-24,2026-08-25,defensive,nlu,601666.SH,平煤股份,煤炭开采加工,92.7375,"{'sector': 0.986875, 'trend': 1.0, 'pos': 1.0, 'mom': 1.0, 'liq': 0.6, 'recog': 0.85}","非涨停组: 趋势结构多头(MA20>MA60且上行), 处于活跃板块[煤炭开采加工](当日涨幅分位98%, 板块涨停3家) 距60日高点3.2% 20日涨幅25.8%",板块[煤炭开采加工]轮动延续/资金承接,收盘9.80 MA20上方 量比1.00,"次日开盘[-2%,+3%]为观察区间; 收盘站上max(开盘,昨收)视为买点触发",昨收9.80,板块退潮补跌/资金承接不足/持续阴跌,1
2026-08-25,2026-08-26,defensive,lu,000566.SZ,海南海药,化学制药,70.25,"{'theme': 0.2, 'ladder': 0.55, 'seal': 1.0, 'time': 0.85, 'liq': 1.0, 'struct': 1.0}",涨停组: 创新药方向 1板 封单比26.3% 涨停时间09:54 题材内涨停2家 成交4.9亿,创新药+集采药品+医药产业链+脑机接口,1连板 换手承接量比0.91,"次日竞价与开盘承接: 高开幅度观察区间[-2%,+5%]; 开盘涨幅≤+3%且不破昨收-3%视为买点触发",昨收4.97,高位情绪兑现/次日低开大幅回撤/炸板断板,1
2026-08-25,2026-08-26,defensive,lu,600371.SH,万向德农,种植业与林业,67.25,"{'theme': 0.2, 'ladder': 0.55, 'seal': 0.7, 'time': 1.0, 'liq': 1.0, 'struct': 1.0}",涨停组: 粮食概念方向 1板 封单比11.5% 涨停时间09:33 题材内涨停2家 成交4.1亿,粮食概念+转基因玉米+玉米种业,1连板 换手承接量比1.08,"次日竞价与开盘承接: 高开幅度观察区间[-2%,+5%]; 开盘涨幅≤+3%且不破昨收-3%视为买点触发",昨收8.67,高位情绪兑现/次日低开大幅回撤/炸板断板,1
2026-08-25,2026-08-26,defensive,nlu,600250.SH,南京商旅,旅游及酒店,89.875,"{'sector': 0.84375, 'trend': 1.0, 'pos': 1.0, 'mom': 1.0, 'liq': 0.6, 'recog': 0.85}","非涨停组: 趋势结构多头(MA20>MA60且上行), 处于活跃板块[旅游及酒店](当日涨幅分位91%, 板块涨停2家) 距60日高点6.4% 20日涨幅19.3%",板块[旅游及酒店]轮动延续/资金承接,收盘9.51 MA20上方 量比1.23,"次日开盘[-2%,+3%]为观察区间; 收盘站上max(开盘,昨收)视为买点触发",昨收9.51,板块退潮补跌/资金承接不足/持续阴跌,1
2026-08-26,2026-08-27,normal,lu,603979.SH,金诚信,工业金属,75.25,"{'theme': 0.4, 'ladder': 0.55, 'seal': 1.0, 'time': 0.85, 'liq': 1.0, 'struct': 1.0}",涨停组: 中报增长方向 1板 封单比24.1% 涨停时间09:47 题材内涨停3家 成交5.1亿,中报增长+铜矿开发+矿山服务,1连板 换手承接量比1.01,"次日竞价与开盘承接: 高开幅度观察区间[-2%,+5%]; 开盘涨幅≤+3%且不破昨收-3%视为买点触发",昨收80.71,高位情绪兑现/次日低开大幅回撤/炸板断板,1
2026-08-26,2026-08-27,normal,lu,605277.SH,新亚电子,消费电子,74.25,"{'theme': 0.4, 'ladder': 0.55, 'seal': 1.0, 'time': 1.0, 'liq': 0.6, 'struct': 1.0}",涨停组: 半年报增长方向 1板 封单比36.7% 涨停时间09:30 题材内涨停3家 成交1.8亿,半年报增长+高速铜缆+AI服务器,1连板 换手承接量比1.83,"次日竞价与开盘承接: 高开幅度观察区间[-2%,+5%]; 开盘涨幅≤+3%且不破昨收-3%视为买点触发",昨收16.69,高位情绪兑现/次日低开大幅回撤/炸板断板,1
2026-08-26,2026-08-27,normal,nlu,601609.SH,金田股份,工业金属,93.50625,"{'sector': 0.9753125, 'trend': 1.0, 'pos': 1.0, 'mom': 0.7, 'liq': 1.0, 'recog': 0.85}","非涨停组: 趋势结构多头(MA20>MA60且上行), 处于活跃板块[工业金属](当日涨幅分位97%, 板块涨停4家) 距60日高点3.9% 20日涨幅30.8%",板块[工业金属]轮动延续/资金承接,收盘13.17 MA20上方 量比0.60,"次日开盘[-2%,+3%]为观察区间; 收盘站上max(开盘,昨收)视为买点触发",昨收13.17,板块退潮补跌/资金承接不足/持续阴跌,1
2026-08-26,2026-08-27,normal,nlu,601101.SH,昊华能源,煤炭开采加工,86.225,"{'sector': 0.46125000000000005, 'trend': 1.0, 'pos': 1.0, 'mom': 1.0, 'liq': 1.0, 'recog': 0.85}","非涨停组: 趋势结构多头(MA20>MA60且上行), 处于活跃板块[煤炭开采加工](当日涨幅分位64%, 板块涨停0家) 距60日高点7.2% 20日涨幅17.7%",板块[煤炭开采加工]轮动延续/资金承接,收盘13.33 MA20上方 量比0.67,"次日开盘[-2%,+3%]为观察区间; 收盘站上max(开盘,昨收)视为买点触发",昨收13.33,板块退潮补跌/资金承接不足/持续阴跌,1
2026-08-27,2026-08-28,normal,lu,600654.SH,中安科,其他社会服务,83.25,"{'theme': 0.6, 'ladder': 0.55, 'seal': 1.0, 'time': 1.0, 'liq': 1.0, 'struct': 1.0}",涨停组: 半年报增长方向 1板 封单比24.7% 涨停时间09:38 题材内涨停4家 成交3.3亿,半年报增长+安保安防+AI算力,1连板 换手承接量比1.70,"次日竞价与开盘承接: 高开幅度观察区间[-2%,+5%]; 开盘涨幅≤+3%且不破昨收-3%视为买点触发",昨收3.3,高位情绪兑现/次日低开大幅回撤/炸板断板,1
2026-08-27,2026-08-28,normal,lu,000951.SZ,中国重汽,汽车整车,77.25,"{'theme': 0.6, 'ladder': 0.55, 'seal': 0.7, 'time': 1.0, 'liq': 1.0, 'struct': 1.0}",涨停组: 半年报增长方向 1板 封单比8.4% 涨停时间09:32 题材内涨停4家 成交6.9亿,半年报增长+新能源重卡+重卡出口,1连板 换手承接量比2.17,"次日竞价与开盘承接: 高开幅度观察区间[-2%,+5%]; 开盘涨幅≤+3%且不破昨收-3%视为买点触发",昨收22.39,高位情绪兑现/次日低开大幅回撤/炸板断板,1
2026-08-27,2026-08-28,normal,nlu,000426.SZ,兴业银锡,贵金属,91.7375,"{'sector': 0.736875, 'trend': 1.0, 'pos': 1.0, 'mom': 1.0, 'liq': 1.0, 'recog': 0.85}","非涨停组: 趋势结构多头(MA20>MA60且上行), 处于活跃板块[贵金属](当日涨幅分位89%, 板块涨停1家) 距60日高点5.2% 20日涨幅29.5%",板块[贵金属]轮动延续/资金承接,收盘40.69 MA20上方 量比0.73,"次日开盘[-2%,+3%]为观察区间; 收盘站上max(开盘,昨收)视为买点触发",昨收40.69,板块退潮补跌/资金承接不足/持续阴跌,1
2026-08-27,2026-08-28,normal,nlu,603268.SH,松发股份,军工装备,91.35625,"{'sector': 0.7178125, 'trend': 1.0, 'pos': 1.0, 'mom': 1.0, 'liq': 1.0, 'recog': 0.85}","非涨停组: 趋势结构多头(MA20>MA60且上行), 处于活跃板块[军工装备](当日涨幅分位75%, 板块涨停2家) 距60日高点3.0% 20日涨幅27.2%",板块[军工装备]轮动延续/资金承接,收盘187.00 MA20上方 量比0.52,"次日开盘[-2%,+3%]为观察区间; 收盘站上max(开盘,昨收)视为买点触发",昨收187.00,板块退潮补跌/资金承接不足/持续阴跌,1
2026-08-28,2026-08-31,normal,lu,600654.SH,中安科,其他社会服务,98.5,"{'theme': 1.0, 'ladder': 0.9, 'seal': 1.0, 'time': 1.0, 'liq': 1.0, 'struct': 1.0}",涨停组: 半年报增长方向 2板 封单比29.7% 涨停时间09:25 题材内涨停7家 成交4.2亿,半年报增长+安保安防+AI算力,2连板 换手承接量比1.52,"次日竞价与开盘承接: 高开幅度观察区间[-2%,+5%]; 开盘涨幅≤+3%且不破昨收-3%视为买点触发",昨收3.63,高位情绪兑现/次日低开大幅回撤/炸板断板,1
2026-08-28,2026-08-31,normal,lu,600378.SH,昊华科技,化学制品,92.5,"{'theme': 1.0, 'ladder': 0.9, 'seal': 0.7, 'time': 1.0, 'liq': 1.0, 'struct': 1.0}",涨停组: 半年报增长方向 2板 封单比14.5% 涨停时间09:25 题材内涨停7家 成交29.8亿,半年报增长+PTFE+AI液冷+氟化工,2连板 换手承接量比1.36,"次日竞价与开盘承接: 高开幅度观察区间[-2%,+5%]; 开盘涨幅≤+3%且不破昨收-3%视为买点触发",昨收53.31,高位情绪兑现/次日低开大幅回撤/炸板断板,1
2026-08-28,2026-08-31,normal,nlu,000998.SZ,隆平高科,种植业与林业,91.6125,"{'sector': 0.980625, 'trend': 1.0, 'pos': 1.0, 'mom': 1.0, 'liq': 1.0, 'recog': 0.6}","非涨停组: 趋势结构多头(MA20>MA60且上行), 处于活跃板块[种植业与林业](当日涨幅分位96%, 板块涨停4家) 距60日高点6.6% 20日涨幅10.1%",板块[种植业与林业]轮动延续/资金承接,收盘9.25 MA20上方 量比1.06,"次日开盘[-2%,+3%]为观察区间; 收盘站上max(开盘,昨收)视为买点触发",昨收9.25,板块退潮补跌/资金承接不足/持续阴跌,1
2026-08-28,2026-08-31,normal,nlu,000703.SZ,恒逸石化,化学纤维,90.1625,"{'sector': 0.6581250000000001, 'trend': 1.0, 'pos': 1.0, 'mom': 1.0, 'liq': 1.0, 'recog': 0.85}","非涨停组: 趋势结构多头(MA20>MA60且上行), 处于活跃板块[化学纤维](当日涨幅分位81%, 板块涨停1家) 距60日高点7.0% 20日涨幅21.1%",板块[化学纤维]轮动延续/资金承接,收盘19.49 MA20上方 量比0.79,"次日开盘[-2%,+3%]为观察区间; 收盘站上max(开盘,昨收)视为买点触发",昨收19.49,板块退潮补跌/资金承接不足/持续阴跌,1
2026-08-31,2026-09-01,aggressive,lu,601086.SH,国芳集团,零售,84.5,"{'theme': 0.6, 'ladder': 0.9, 'seal': 1.0, 'time': 1.0, 'liq': 0.6, 'struct': 1.0}",涨停组: 半年报增长方向 2板 封单比36.3% 涨停时间09:25 题材内涨停4家 成交2.3亿,半年报增长+新零售+连锁零售,2连板 换手承接量比1.90,"次日竞价与开盘承接: 高开幅度观察区间[-2%,+5%]; 开盘涨幅≤+3%且不破昨收-3%视为买点触发",昨收9.17,高位情绪兑现/次日低开大幅回撤/炸板断板,1
2026-08-31,2026-09-01,aggressive,lu,601330.SH,绿色动力,环境治理,79.25,"{'theme': 0.6, 'ladder': 0.55, 'seal': 1.0, 'time': 1.0, 'liq': 0.6, 'struct': 1.0}",涨停组: 中报增长方向 1板 封单比21.8% 涨停时间09:36 题材内涨停4家 成交2.1亿,中报增长+绿色电力+垃圾焚烧+北京国资,1连板 换手承接量比2.56,"次日竞价与开盘承接: 高开幅度观察区间[-2%,+5%]; 开盘涨幅≤+3%且不破昨收-3%视为买点触发",昨收7.81,高位情绪兑现/次日低开大幅回撤/炸板断板,1
2026-08-31,2026-09-01,aggressive,nlu,002703.SZ,浙江世宝,汽车零部件,94.7625,"{'sector': 0.738125, 'trend': 1.0, 'pos': 1.0, 'mom': 1.0, 'liq': 1.0, 'recog': 1.0}","非涨停组: 趋势结构多头(MA20>MA60且上行), 处于活跃板块[汽车零部件](当日涨幅分位68%, 板块涨停5家) 距60日高点5.7% 20日涨幅12.9%",板块[汽车零部件]轮动延续/资金承接,收盘16.58 MA20上方 量比0.69,"次日开盘[-2%,+3%]为观察区间; 收盘站上max(开盘,昨收)视为买点触发",昨收16.58,板块退潮补跌/资金承接不足/持续阴跌,1
2026-08-31,2026-09-01,aggressive,nlu,002017.SZ,东信和平,通信设备,90.70625,"{'sector': 0.8353124999999999, 'trend': 1.0, 'pos': 0.7, 'mom': 1.0, 'liq': 1.0, 'recog': 1.0}","非涨停组: 趋势结构多头(MA20>MA60且上行), 处于活跃板块[通信设备](当日涨幅分位75%, 板块涨停3家) 距60日高点8.1% 20日涨幅14.2%",板块[通信设备]轮动延续/资金承接,收盘15.87 MA20上方 量比0.56,"次日开盘[-2%,+3%]为观察区间; 收盘站上max(开盘,昨收)视为买点触发",昨收15.87,板块退潮补跌/资金承接不足/持续阴跌,1
2026-09-01,2026-09-02,aggressive,lu,603123.SH,翠微股份,多元金融,75.25,"{'theme': 0.4, 'ladder': 0.55, 'seal': 1.0, 'time': 0.85, 'liq': 1.0, 'struct': 1.0}",涨停组: 数字人民币方向 1板 封单比17.0% 涨停时间09:57 题材内涨停3家 成交5.5亿,数字人民币+跨境支付+AI应用+北京国资,1连板 换手承接量比1.37,"次日竞价与开盘承接: 高开幅度观察区间[-2%,+5%]; 开盘涨幅≤+3%且不破昨收-3%视为买点触发",昨收10.44,高位情绪兑现/次日低开大幅回撤/炸板断板,1
2026-09-01,2026-09-02,aggressive,lu,002104.SZ,恒宝股份,通信设备,74.25,"{'theme': 0.4, 'ladder': 0.55, 'seal': 1.0, 'time': 1.0, 'liq': 1.0, 'struct': 0.6}",涨停组: 数字人民币方向 1板 封单比19.1% 涨停时间09:35 题材内涨停3家 成交4.9亿,数字人民币+eSIM+数据安全,1连板 换手承接量比0.63,"次日竞价与开盘承接: 高开幅度观察区间[-2%,+5%]; 开盘涨幅≤+3%且不破昨收-3%视为买点触发",昨收12.28,高位情绪兑现/次日低开大幅回撤/炸板断板,1
2026-09-01,2026-09-02,aggressive,nlu,601118.SH,海南橡胶,种植业与林业,96.94375,"{'sector': 0.9971874999999999, 'trend': 1.0, 'pos': 1.0, 'mom': 1.0, 'liq': 1.0, 'recog': 0.85}","非涨停组: 趋势结构多头(MA20>MA60且上行), 处于活跃板块[种植业与林业](当日涨幅分位100%, 板块涨停9家) 距60日高点5.1% 20日涨幅24.8%",板块[种植业与林业]轮动延续/资金承接,收盘6.55 MA20上方 量比0.97,"次日开盘[-2%,+3%]为观察区间; 收盘站上max(开盘,昨收)视为买点触发",昨收6.55,板块退潮补跌/资金承接不足/持续阴跌,1
2026-09-01,2026-09-02,aggressive,nlu,600737.SH,中粮糖业,农产品加工,95.775,"{'sector': 0.93875, 'trend': 1.0, 'pos': 1.0, 'mom': 1.0, 'liq': 1.0, 'recog': 0.85}","非涨停组: 趋势结构多头(MA20>MA60且上行), 处于活跃板块[农产品加工](当日涨幅分位91%, 板块涨停4家) 距60日高点7.9% 20日涨幅18.6%",板块[农产品加工]轮动延续/资金承接,收盘15.19 MA20上方 量比1.00,"次日开盘[-2%,+3%]为观察区间; 收盘站上max(开盘,昨收)视为买点触发",昨收15.19,板块退潮补跌/资金承接不足/持续阴跌,1
2026-09-02,2026-09-03,defensive,lu,002274.SZ,华昌化工,化学原料,67.25,"{'theme': 0.2, 'ladder': 0.55, 'seal': 0.7, 'time': 1.0, 'liq': 1.0, 'struct': 1.0}",涨停组: 控制权变更方向 1板 封单比12.5% 涨停时间09:25 题材内涨停2家 成交6.6亿,控制权变更+多元醇+业绩增长,1连板 换手承接量比1.51,"次日竞价与开盘承接: 高开幅度观察区间[-2%,+5%]; 开盘涨幅≤+3%且不破昨收-3%视为买点触发",昨收7.12,高位情绪兑现/次日低开大幅回撤/炸板断板,1
2026-09-02,2026-09-03,defensive,nlu,600316.SH,洪都航空,军工装备,96.51875,"{'sector': 0.9759375, 'trend': 1.0, 'pos': 1.0, 'mom': 1.0, 'liq': 1.0, 'recog': 0.85}","非涨停组: 趋势结构多头(MA20>MA60且上行), 处于活跃板块[军工装备](当日涨幅分位98%, 板块涨停4家) 距60日高点1.7% 20日涨幅25.9%",板块[军工装备]轮动延续/资金承接,收盘32.16 MA20上方 量比1.01,"次日开盘[-2%,+3%]为观察区间; 收盘站上max(开盘,昨收)视为买点触发",昨收32.16,板块退潮补跌/资金承接不足/持续阴跌,1
